return_number,return_date,status,progress,sales_order_number,channel,customer_number,payment_method,product_number,product_name,variant_size,variant_color,quantity_returned,return_reason,return_reason_category,refund_amount,return_type
RT-2026-4201,2026-01-14,freigegeben,eingegangen,AB-2026-10004,Eigener Shop,K-17860,PayPal,JKT-RN-XS-SCH,Regenjacke Tech,XS,Schwarz,1,Gefaellt nicht,Gutschrift,119.9,kundenretoure
RT-2026-4202,2026-03-06,freigegeben,eingegangen,AB-2026-10011,Amazon,K-16014,PayPal,HOOD-CL-L-WEI,Hoodie Classic,L,Weiss,1,Gefaellt nicht,Gutschrift,69.9,kundenretoure
RT-2026-4203,2026-06-03,freigegeben,eingegangen,AB-2026-10014,Eigener Shop,K-13118,PayPal,JKT-RN-XS-WEI,Regenjacke Tech,XS,Weiss,1,Zu klein,Gutschrift,119.9,kundenretoure
RT-2026-4204,2026-06-21,freigegeben,eingegangen,AB-2026-10025,Amazon,K-11564,Kreditkarte,TEE-OVS-XS-OLI,T-Shirt Oversized,XS,Oliv,1,Gefaellt nicht,Gutschrift,34.9,kundenretoure
RT-2026-4205,2026-06-17,freigegeben,eingegangen,AB-2026-10036,Eigener Shop,K-12351,PayPal,JKT-RN-S-SCH,Regenjacke Tech,S,Schwarz,1,Zu spaet geliefert,Gutschrift,119.9,kundenretoure
RT-2026-4206,2026-06-20,freigegeben,eingegangen,AB-2026-10036,Eigener Shop,K-12351,PayPal,TEE-BAS-XS-OLI,T-Shirt Basic,XS,Oliv,1,Nicht mehr benoetigt,Gutschrift,29.9,kundenretoure
RT-2026-4207,2026-05-18,freigegeben,eingegangen,AB-2026-10039,Eigener Shop,K-13095,Vorkasse,JKT-RN-XL-SCH,Regenjacke Tech,XL,Schwarz,1,Zu spaet geliefert,Gutschrift,119.9,kundenretoure
RT-2026-4208,2026-04-16,freigegeben,eingegangen,AB-2026-10040,Amazon,K-15874,Rechnungskauf,JOG-CL-L-OLI,Jogger Classic,L,Oliv,1,Zu klein,Gutschrift,64.9,kundenretoure
RT-2026-4209,2026-04-06,freigegeben,eingegangen,AB-2026-10043,Eigener Shop,K-16101,Kreditkarte,HOOD-CL-L-OLI,Hoodie Classic,L,Oliv,1,Zu klein,Gutschrift,69.9,kundenretoure
RT-2026-4210,2026-06-19,freigegeben,eingegangen,AB-2026-10057,Zalando,K-13231,PayPal,HOOD-CL-M-WEI,Hoodie Classic,M,Weiss,1,Zu klein,Gutschrift,69.9,kundenretoure
RT-2026-4211,2026-02-27,freigegeben,eingegangen,AB-2026-10061,Amazon,K-14102,Kreditkarte,KLEID-PR-L-OLI,Sommerkleid Print,L,Oliv,1,Gefaellt nicht,Gutschrift,79.9,kundenretoure
RT-2026-4212,2026-02-12,freigegeben,eingegangen,AB-2026-10062,Eigener Shop,K-19648,PayPal,HOOD-CL-XS-OLI,Hoodie Classic,XS,Oliv,1,,Gutschrift,69.9,kundenretoure
RT-2026-4213,2026-05-18,freigegeben,eingegangen,AB-2026-10064,Eigener Shop,K-18254,Rechnungskauf,KLEID-PR-L-OLI,Sommerkleid Print,L,Oliv,1,,Sonstiges,79.9,nicht_abgeholt
RT-2026-4214,2026-06-26,freigegeben,eingegangen,AB-2026-10067,Amazon,K-13054,Rechnungskauf,JOG-CL-S-WEI,Jogger Classic,S,Weiss,1,Gefaellt nicht,Gutschrift,64.9,kundenretoure
RT-2026-4215,2026-05-03,freigegeben,eingegangen,AB-2026-10072,Eigener Shop,K-16813,Vorkasse,JKT-RN-XS-SCH,Regenjacke Tech,XS,Schwarz,1,Zu klein,Gutschrift,119.9,kundenretoure
RT-2026-4216,2026-06-18,freigegeben,eingegangen,AB-2026-10076,Eigener Shop,K-15724,Kreditkarte,JKT-RN-M-WEI,Regenjacke Tech,M,Weiss,1,Beschaedigt angekommen,Ersatzlieferung,119.9,kundenretoure
RT-2026-4217,2026-05-11,freigegeben,eingegangen,AB-2026-10082,Eigener Shop,K-17804,PayPal,HOOD-CL-XS-WEI,Hoodie Classic,XS,Weiss,1,Zu klein,Gutschrift,69.9,kundenretoure
RT-2026-4218,2026-03-17,freigegeben,eingegangen,AB-2026-10084,Eigener Shop,K-13258,PayPal,HOOD-CL-S-NAV,Hoodie Classic,S,Navy,1,Gefaellt nicht,Gutschrift,69.9,kundenretoure
RT-2026-4219,2026-05-27,freigegeben,eingegangen,AB-2026-10087,Eigener Shop,K-16453,Kreditkarte,TEE-BAS-S-NAV,T-Shirt Basic,S,Navy,1,,Sonstiges,29.9,nicht_abgeholt
RT-2026-4220,2026-04-15,freigegeben,eingegangen,AB-2026-10089,Eigener Shop,K-10937,Rechnungskauf,JKT-RN-XS-WEI,Regenjacke Tech,XS,Weiss,1,,Gutschrift,119.9,kundenretoure
RT-2026-4221,2026-05-31,freigegeben,eingegangen,AB-2026-10102,Eigener Shop,K-13762,Rechnungskauf,TEE-OVS-M-NAV,T-Shirt Oversized,M,Navy,1,Zu gross,Gutschrift,34.9,kundenretoure
RT-2026-4222,2026-03-17,freigegeben,eingegangen,AB-2026-10113,Eigener Shop,K-16977,Vorkasse,JKT-RN-L-SCH,Regenjacke Tech,L,Schwarz,1,,Gutschrift,119.9,kundenretoure
RT-2026-4223,2026-04-15,freigegeben,eingegangen,AB-2026-10118,Eigener Shop,K-12652,PayPal,JKT-RN-L-WEI,Regenjacke Tech,L,Weiss,1,,Gutschrift,119.9,kundenretoure
RT-2026-4224,2026-02-23,freigegeben,eingegangen,AB-2026-10124,Zalando,K-16847,Kreditkarte,HOOD-ZP-L-WEI,Zip-Hoodie Heavy,L,Weiss,1,Entspricht nicht dem Foto,Gutschrift,89.9,kundenretoure
RT-2026-4225,2026-05-14,freigegeben,eingegangen,AB-2026-10125,Eigener Shop,K-17613,Rechnungskauf,JKT-RN-M-WEI,Regenjacke Tech,M,Weiss,1,,Gutschrift,119.9,kundenretoure
RT-2026-4226,2026-05-28,freigegeben,eingegangen,AB-2026-10126,Amazon,K-14935,Vorkasse,KLEID-PR-M-SCH,Sommerkleid Print,M,Schwarz,1,Gefaellt nicht,Gutschrift,79.9,kundenretoure
RT-2026-4227,2026-04-20,freigegeben,eingegangen,AB-2026-10128,Eigener Shop,K-13979,PayPal,HOOD-ZP-XS-SCH,Zip-Hoodie Heavy,XS,Schwarz,1,Zu gross,Gutschrift,89.9,kundenretoure
RT-2026-4228,2026-04-09,freigegeben,eingegangen,AB-2026-10138,Eigener Shop,K-12404,PayPal,KLEID-PR-L-WEI,Sommerkleid Print,L,Weiss,1,Zu klein,Gutschrift,79.9,kundenretoure
RT-2026-4229,2026-04-04,freigegeben,eingegangen,AB-2026-10141,Eigener Shop,K-10594,Rechnungskauf,KLEID-PR-XS-OLI,Sommerkleid Print,XS,Oliv,1,,Sonstiges,79.9,nicht_abgeholt
RT-2026-4229,2026-04-04,freigegeben,eingegangen,AB-2026-10141,Eigener Shop,K-10594,Rechnungskauf,HOOD-ZP-XS-WEI,Zip-Hoodie Heavy,XS,Weiss,1,,Sonstiges,89.9,nicht_abgeholt
RT-2026-4230,2026-05-29,freigegeben,eingegangen,AB-2026-10145,Amazon,K-17935,PayPal,HOOD-ZP-XS-SCH,Zip-Hoodie Heavy,XS,Schwarz,1,Entspricht nicht dem Foto,Gutschrift,89.9,kundenretoure
RT-2026-4231,2026-05-29,freigegeben,eingegangen,AB-2026-10159,Eigener Shop,K-15232,Rechnungskauf,HOOD-ZP-M-WEI,Zip-Hoodie Heavy,M,Weiss,1,,Sonstiges,89.9,nicht_abgeholt
RT-2026-4232,2026-04-24,freigegeben,eingegangen,AB-2026-10160,Eigener Shop,K-17516,Kreditkarte,HOOD-CL-L-SCH,Hoodie Classic,L,Schwarz,1,Zu klein,Gutschrift,69.9,kundenretoure
RT-2026-4233,2026-04-15,freigegeben,eingegangen,AB-2026-10163,Eigener Shop,K-17670,Rechnungskauf,JOG-CL-M-NAV,Jogger Classic,M,Navy,1,Gefaellt nicht,Gutschrift,64.9,kundenretoure
RT-2026-4234,2026-04-20,freigegeben,eingegangen,AB-2026-10164,Eigener Shop,K-14457,Rechnungskauf,HOOD-ZP-M-WEI,Zip-Hoodie Heavy,M,Weiss,1,,Sonstiges,89.9,nicht_abgeholt
RT-2026-4234,2026-04-20,freigegeben,eingegangen,AB-2026-10164,Eigener Shop,K-14457,Rechnungskauf,SOCK-3P-XS-SCH,Sneaker Socken 3er-Pack,XS,Schwarz,1,,Sonstiges,19.9,nicht_abgeholt
RT-2026-4235,2026-06-20,freigegeben,eingegangen,AB-2026-10165,Zalando,K-16995,Kreditkarte,KLEID-PR-L-OLI,Sommerkleid Print,L,Oliv,1,Entspricht nicht dem Foto,Gutschrift,79.9,kundenretoure
RT-2026-4236,2026-03-19,freigegeben,eingegangen,AB-2026-10166,Eigener Shop,K-10250,Rechnungskauf,HOOD-ZP-S-SCH,Zip-Hoodie Heavy,S,Schwarz,1,Falscher Artikel,Ersatzlieferung,89.9,kundenretoure
RT-2026-4237,2026-02-03,freigegeben,eingegangen,AB-2026-10171,Amazon,K-12642,PayPal,JKT-RN-XL-SCH,Regenjacke Tech,XL,Schwarz,1,Beschaedigt angekommen,Ersatzlieferung,119.9,kundenretoure
RT-2026-4238,2026-06-15,freigegeben,eingegangen,AB-2026-10174,Eigener Shop,K-19306,PayPal,TEE-BAS-XL-NAV,T-Shirt Basic,XL,Navy,1,,Gutschrift,29.9,kundenretoure
RT-2026-4239,2026-02-14,freigegeben,eingegangen,AB-2026-10175,Eigener Shop,K-11206,Vorkasse,JKT-RN-XL-WEI,Regenjacke Tech,XL,Weiss,1,Zu gross,Gutschrift,119.9,kundenretoure
RT-2026-4240,2026-05-31,freigegeben,eingegangen,AB-2026-10181,Eigener Shop,K-10391,Vorkasse,TEE-BAS-M-NAV,T-Shirt Basic,M,Navy,1,Beschaedigt angekommen,Ersatzlieferung,29.9,kundenretoure
RT-2026-4241,2026-02-13,freigegeben,eingegangen,AB-2026-10187,Amazon,K-15599,Vorkasse,HOOD-ZP-L-SCH,Zip-Hoodie Heavy,L,Schwarz,1,Zu klein,Gutschrift,89.9,kundenretoure
RT-2026-4242,2026-04-24,freigegeben,eingegangen,AB-2026-10192,Eigener Shop,K-11352,Vorkasse,HOOD-CL-S-NAV,Hoodie Classic,S,Navy,1,Zu klein,Gutschrift,69.9,kundenretoure
RT-2026-4243,2026-02-12,freigegeben,eingegangen,AB-2026-10193,Eigener Shop,K-12103,Kreditkarte,JKT-RN-S-WEI,Regenjacke Tech,S,Weiss,1,Gefaellt nicht,Gutschrift,119.9,kundenretoure
RT-2026-4244,2026-03-05,freigegeben,eingegangen,AB-2026-10195,Amazon,K-11847,PayPal,CAP-LG-XL-NAV,Cap Logo,XL,Navy,1,,Gutschrift,24.9,kundenretoure
RT-2026-4245,2026-03-13,freigegeben,eingegangen,AB-2026-10198,Eigener Shop,K-11962,PayPal,TEE-OVS-S-NAV,T-Shirt Oversized,S,Navy,1,Gefaellt nicht,Gutschrift,34.9,kundenretoure
RT-2026-4246,2026-01-29,freigegeben,eingegangen,AB-2026-10202,Zalando,K-12128,PayPal,TEE-OVS-XS-WEI,T-Shirt Oversized,XS,Weiss,1,Zu gross,Gutschrift,34.9,kundenretoure
RT-2026-4247,2026-04-19,freigegeben,eingegangen,AB-2026-10203,Amazon,K-10464,Rechnungskauf,TEE-BAS-M-SCH,T-Shirt Basic,M,Schwarz,1,,Sonstiges,29.9,nicht_abgeholt
RT-2026-4247,2026-04-19,freigegeben,eingegangen,AB-2026-10203,Amazon,K-10464,Rechnungskauf,SOCK-3P-M-SCH,Sneaker Socken 3er-Pack,M,Schwarz,1,,Sonstiges,19.9,nicht_abgeholt
RT-2026-4248,2026-04-28,freigegeben,eingegangen,AB-2026-10206,Eigener Shop,K-16081,PayPal,KLEID-PR-S-SCH,Sommerkleid Print,S,Schwarz,1,,Gutschrift,79.9,kundenretoure
RT-2026-4249,2026-06-15,freigegeben,eingegangen,AB-2026-10210,Eigener Shop,K-19238,Rechnungskauf,HOOD-ZP-S-WEI,Zip-Hoodie Heavy,S,Weiss,1,Entspricht nicht dem Foto,Gutschrift,89.9,kundenretoure
RT-2026-4250,2026-02-04,freigegeben,eingegangen,AB-2026-10214,Eigener Shop,K-10054,Rechnungskauf,HOOD-ZP-S-SCH,Zip-Hoodie Heavy,S,Schwarz,1,Zu klein,Gutschrift,89.9,kundenretoure
RT-2026-4251,2026-01-17,freigegeben,eingegangen,AB-2026-10219,Amazon,K-11370,Kreditkarte,HOOD-ZP-XS-WEI,Zip-Hoodie Heavy,XS,Weiss,1,Zu gross,Gutschrift,89.9,kundenretoure
RT-2026-4252,2026-06-20,freigegeben,eingegangen,AB-2026-10221,Eigener Shop,K-17623,Kreditkarte,JKT-RN-M-SCH,Regenjacke Tech,M,Schwarz,1,Zu klein,Gutschrift,119.9,kundenretoure
RT-2026-4253,2026-07-04,freigegeben,eingegangen,AB-2026-10222,Eigener Shop,K-13087,PayPal,HOOD-CL-M-OLI,Hoodie Classic,M,Oliv,1,Zu klein,Gutschrift,69.9,kundenretoure
RT-2026-4254,2026-02-10,freigegeben,eingegangen,AB-2026-10231,Amazon,K-12958,Rechnungskauf,HOOD-CL-XS-SCH,Hoodie Classic,XS,Schwarz,1,Zu klein,Gutschrift,69.9,kundenretoure
RT-2026-4255,2026-05-12,freigegeben,eingegangen,AB-2026-10236,Amazon,K-12067,Rechnungskauf,JOG-CL-XL-OLI,Jogger Classic,XL,Oliv,1,,Sonstiges,64.9,nicht_abgeholt
RT-2026-4256,2026-06-18,freigegeben,eingegangen,AB-2026-10237,Amazon,K-18813,PayPal,TEE-BAS-XS-SCH,T-Shirt Basic,XS,Schwarz,1,,Sonstiges,29.9,nicht_abgeholt
RT-2026-4256,2026-06-18,freigegeben,eingegangen,AB-2026-10237,Amazon,K-18813,PayPal,KLEID-PR-L-OLI,Sommerkleid Print,L,Oliv,1,,Sonstiges,79.9,nicht_abgeholt
RT-2026-4257,2026-05-27,freigegeben,eingegangen,AB-2026-10238,Eigener Shop,K-14309,Kreditkarte,TEE-OVS-XS-SCH,T-Shirt Oversized,XS,Schwarz,1,Entspricht nicht dem Foto,Gutschrift,34.9,kundenretoure
RT-2026-4258,2026-03-30,freigegeben,eingegangen,AB-2026-10239,Eigener Shop,K-15648,Vorkasse,HOOD-CL-L-OLI,Hoodie Classic,L,Oliv,1,Zu klein,Gutschrift,69.9,kundenretoure
RT-2026-4259,2026-06-07,freigegeben,eingegangen,AB-2026-10247,Eigener Shop,K-13418,Vorkasse,HOOD-CL-M-WEI,Hoodie Classic,M,Weiss,1,,Gutschrift,69.9,kundenretoure
RT-2026-4260,2026-04-12,freigegeben,eingegangen,AB-2026-10249,Eigener Shop,K-12352,Rechnungskauf,HOOD-ZP-M-SCH,Zip-Hoodie Heavy,M,Schwarz,1,Nicht mehr benoetigt,Gutschrift,89.9,kundenretoure
RT-2026-4261,2026-01-13,freigegeben,eingegangen,AB-2026-10250,Eigener Shop,K-11546,PayPal,KLEID-PR-S-OLI,Sommerkleid Print,S,Oliv,1,,Gutschrift,79.9,kundenretoure
RT-2026-4262,2026-06-10,freigegeben,eingegangen,AB-2026-10253,Eigener Shop,K-18328,Rechnungskauf,TEE-OVS-XS-NAV,T-Shirt Oversized,XS,Navy,1,Zu klein,Gutschrift,34.9,kundenretoure
RT-2026-4263,2026-04-21,freigegeben,eingegangen,AB-2026-10255,Eigener Shop,K-15841,PayPal,JKT-RN-M-SCH,Regenjacke Tech,M,Schwarz,1,Falscher Artikel,Ersatzlieferung,119.9,kundenretoure
RT-2026-4264,2026-04-17,freigegeben,eingegangen,AB-2026-10256,Eigener Shop,K-14210,Rechnungskauf,JOG-CL-L-SCH,Jogger Classic,L,Schwarz,1,Beschaedigt angekommen,Ersatzlieferung,64.9,kundenretoure
RT-2026-4265,2026-05-15,freigegeben,eingegangen,AB-2026-10257,Eigener Shop,K-12482,PayPal,TEE-BAS-L-OLI,T-Shirt Basic,L,Oliv,1,Zu klein,Gutschrift,29.9,kundenretoure
RT-2026-4266,2026-03-22,freigegeben,eingegangen,AB-2026-10259,Eigener Shop,K-16510,Vorkasse,TEE-BAS-L-WEI,T-Shirt Basic,L,Weiss,1,Zu klein,Gutschrift,29.9,kundenretoure
RT-2026-4267,2026-03-03,freigegeben,eingegangen,AB-2026-10265,Eigener Shop,K-10267,PayPal,JKT-RN-M-SCH,Regenjacke Tech,M,Schwarz,1,Zu klein,Gutschrift,119.9,kundenretoure
RT-2026-4268,2026-05-12,freigegeben,eingegangen,AB-2026-10266,Eigener Shop,K-18924,PayPal,KLEID-PR-XS-OLI,Sommerkleid Print,XS,Oliv,1,Entspricht nicht dem Foto,Gutschrift,79.9,kundenretoure
RT-2026-4269,2026-03-29,freigegeben,eingegangen,AB-2026-10274,Eigener Shop,K-11594,Rechnungskauf,HOOD-ZP-S-SCH,Zip-Hoodie Heavy,S,Schwarz,1,Zu klein,Gutschrift,89.9,kundenretoure
RT-2026-4270,2026-03-24,freigegeben,eingegangen,AB-2026-10274,Eigener Shop,K-11594,Rechnungskauf,HOOD-ZP-L-SCH,Zip-Hoodie Heavy,L,Schwarz,1,Nicht mehr benoetigt,Gutschrift,89.9,kundenretoure
RT-2026-4271,2026-05-11,freigegeben,eingegangen,AB-2026-10279,Amazon,K-16508,PayPal,HOOD-CL-S-WEI,Hoodie Classic,S,Weiss,1,,Gutschrift,69.9,kundenretoure
RT-2026-4272,2026-04-19,freigegeben,eingegangen,AB-2026-10281,Amazon,K-11578,PayPal,HOOD-ZP-XS-SCH,Zip-Hoodie Heavy,XS,Schwarz,1,Zu gross,Gutschrift,89.9,kundenretoure
RT-2026-4273,2026-05-24,freigegeben,eingegangen,AB-2026-10284,Eigener Shop,K-15261,PayPal,KLEID-PR-M-NAV,Sommerkleid Print,M,Navy,1,Entspricht nicht dem Foto,Gutschrift,79.9,kundenretoure
RT-2026-4274,2026-03-03,freigegeben,eingegangen,AB-2026-10289,Zalando,K-14632,PayPal,JKT-RN-S-WEI,Regenjacke Tech,S,Weiss,1,,Gutschrift,119.9,kundenretoure
RT-2026-4275,2026-04-06,freigegeben,eingegangen,AB-2026-10296,Eigener Shop,K-15176,Rechnungskauf,HOOD-CL-L-SCH,Hoodie Classic,L,Schwarz,1,Zu klein,Gutschrift,69.9,kundenretoure
RT-2026-4276,2026-04-12,freigegeben,eingegangen,AB-2026-10298,Eigener Shop,K-11826,Rechnungskauf,KLEID-PR-XL-SCH,Sommerkleid Print,XL,Schwarz,1,Zu gross,Gutschrift,79.9,kundenretoure
RT-2026-4277,2026-05-13,freigegeben,eingegangen,AB-2026-10305,Eigener Shop,K-11435,PayPal,JOG-CL-XL-NAV,Jogger Classic,XL,Navy,1,,Sonstiges,64.9,nicht_abgeholt
RT-2026-4277,2026-05-13,freigegeben,eingegangen,AB-2026-10305,Eigener Shop,K-11435,PayPal,JKT-RN-M-SCH,Regenjacke Tech,M,Schwarz,1,,Sonstiges,119.9,nicht_abgeholt
RT-2026-4278,2026-06-06,freigegeben,eingegangen,AB-2026-10311,Eigener Shop,K-15207,PayPal,JKT-RN-XS-WEI,Regenjacke Tech,XS,Weiss,1,Zu gross,Gutschrift,119.9,kundenretoure
RT-2026-4279,2026-01-29,freigegeben,eingegangen,AB-2026-10320,Amazon,K-16171,Rechnungskauf,SOCK-3P-M-WEI,Sneaker Socken 3er-Pack,M,Weiss,1,,Gutschrift,19.9,kundenretoure
RT-2026-4280,2026-02-27,freigegeben,eingegangen,AB-2026-10326,Eigener Shop,K-13244,Rechnungskauf,HOOD-ZP-S-WEI,Zip-Hoodie Heavy,S,Weiss,1,Entspricht nicht dem Foto,Gutschrift,89.9,kundenretoure
RT-2026-4281,2026-05-16,freigegeben,eingegangen,AB-2026-10331,Eigener Shop,K-11663,Kreditkarte,HOOD-ZP-XS-WEI,Zip-Hoodie Heavy,XS,Weiss,1,Gefaellt nicht,Gutschrift,89.9,kundenretoure
RT-2026-4282,2026-03-28,freigegeben,eingegangen,AB-2026-10341,Eigener Shop,K-19209,Rechnungskauf,TEE-OVS-M-WEI,T-Shirt Oversized,M,Weiss,1,,Sonstiges,34.9,nicht_abgeholt
RT-2026-4283,2026-07-04,freigegeben,eingegangen,AB-2026-10346,Eigener Shop,K-17161,Vorkasse,HOOD-CL-M-SCH,Hoodie Classic,M,Schwarz,1,Zu klein,Gutschrift,69.9,kundenretoure
RT-2026-4284,2026-02-09,freigegeben,eingegangen,AB-2026-10347,Eigener Shop,K-18077,PayPal,TEE-BAS-S-NAV,T-Shirt Basic,S,Navy,1,Zu spaet geliefert,Gutschrift,29.9,kundenretoure
RT-2026-4285,2026-05-06,freigegeben,eingegangen,AB-2026-10348,Eigener Shop,K-12559,Kreditkarte,HOOD-CL-M-NAV,Hoodie Classic,M,Navy,1,Zu klein,Gutschrift,69.9,kundenretoure
RT-2026-4286,2026-03-04,freigegeben,eingegangen,AB-2026-10351,Eigener Shop,K-16128,Kreditkarte,SOCK-3P-M-NAV,Sneaker Socken 3er-Pack,M,Navy,1,Nicht mehr benoetigt,Gutschrift,19.9,kundenretoure
RT-2026-4287,2026-02-26,freigegeben,eingegangen,AB-2026-10352,Eigener Shop,K-17893,PayPal,TEE-OVS-XS-OLI,T-Shirt Oversized,XS,Oliv,1,Gefaellt nicht,Gutschrift,34.9,kundenretoure
RT-2026-4288,2026-02-28,freigegeben,eingegangen,AB-2026-10358,Eigener Shop,K-19297,PayPal,HOOD-ZP-XL-SCH,Zip-Hoodie Heavy,XL,Schwarz,1,Nicht mehr benoetigt,Gutschrift,89.9,kundenretoure
RT-2026-4289,2026-04-28,freigegeben,eingegangen,AB-2026-10359,Eigener Shop,K-12383,Rechnungskauf,HOOD-ZP-M-WEI,Zip-Hoodie Heavy,M,Weiss,1,Gefaellt nicht,Gutschrift,89.9,kundenretoure
RT-2026-4290,2026-07-02,freigegeben,eingegangen,AB-2026-10360,Eigener Shop,K-18355,Rechnungskauf,JOG-CL-L-WEI,Jogger Classic,L,Weiss,1,,Sonstiges,64.9,nicht_abgeholt
RT-2026-4291,2026-04-24,freigegeben,eingegangen,AB-2026-10362,Eigener Shop,K-15500,Kreditkarte,TEE-OVS-M-NAV,T-Shirt Oversized,M,Navy,1,Zu spaet geliefert,Gutschrift,34.9,kundenretoure
RT-2026-4292,2026-05-28,freigegeben,eingegangen,AB-2026-10363,Amazon,K-10409,PayPal,JOG-CL-XL-SCH,Jogger Classic,XL,Schwarz,1,,Sonstiges,64.9,nicht_abgeholt
RT-2026-4292,2026-05-28,freigegeben,eingegangen,AB-2026-10363,Amazon,K-10409,PayPal,JOG-CL-S-SCH,Jogger Classic,S,Schwarz,1,,Sonstiges,64.9,nicht_abgeholt
RT-2026-4293,2026-04-25,freigegeben,eingegangen,AB-2026-10365,Eigener Shop,K-14994,PayPal,HOOD-CL-L-SCH,Hoodie Classic,L,Schwarz,1,Zu klein,Gutschrift,69.9,kundenretoure
RT-2026-4294,2026-03-02,freigegeben,eingegangen,AB-2026-10373,Amazon,K-12168,Vorkasse,TEE-OVS-M-OLI,T-Shirt Oversized,M,Oliv,1,Mangelhafte Qualitaet,Gutschrift,34.9,kundenretoure
RT-2026-4295,2026-06-16,freigegeben,eingegangen,AB-2026-10380,Amazon,K-17503,Vorkasse,JKT-RN-XS-SCH,Regenjacke Tech,XS,Schwarz,1,Gefaellt nicht,Gutschrift,119.9,kundenretoure
RT-2026-4296,2026-02-05,freigegeben,eingegangen,AB-2026-10388,Eigener Shop,K-19323,PayPal,JKT-RN-XL-SCH,Regenjacke Tech,XL,Schwarz,1,Beschaedigt angekommen,Ersatzlieferung,119.9,kundenretoure
RT-2026-4297,2026-02-08,freigegeben,eingegangen,AB-2026-10391,Zalando,K-14482,PayPal,TEE-OVS-XL-SCH,T-Shirt Oversized,XL,Schwarz,1,Zu klein,Gutschrift,34.9,kundenretoure
RT-2026-4298,2026-04-28,freigegeben,eingegangen,AB-2026-10395,Amazon,K-15739,Kreditkarte,TEE-OVS-M-SCH,T-Shirt Oversized,M,Schwarz,1,Falscher Artikel,Ersatzlieferung,34.9,kundenretoure
RT-2026-4299,2026-02-27,freigegeben,eingegangen,AB-2026-10396,Eigener Shop,K-10829,Rechnungskauf,JOG-CL-L-WEI,Jogger Classic,L,Weiss,1,Gefaellt nicht,Gutschrift,64.9,kundenretoure
RT-2026-4300,2026-01-16,freigegeben,eingegangen,AB-2026-10402,Eigener Shop,K-18642,Rechnungskauf,JKT-RN-S-SCH,Regenjacke Tech,S,Schwarz,1,Falscher Artikel,Ersatzlieferung,119.9,kundenretoure
RT-2026-4301,2026-02-26,freigegeben,eingegangen,AB-2026-10406,Zalando,K-10916,Vorkasse,KLEID-PR-XS-WEI,Sommerkleid Print,XS,Weiss,1,Entspricht nicht dem Foto,Gutschrift,79.9,kundenretoure
RT-2026-4302,2026-06-01,freigegeben,eingegangen,AB-2026-10409,Zalando,K-19471,Kreditkarte,KLEID-PR-XL-SCH,Sommerkleid Print,XL,Schwarz,1,,Gutschrift,79.9,kundenretoure
RT-2026-4303,2026-06-16,freigegeben,eingegangen,AB-2026-10410,Amazon,K-13104,Vorkasse,SOCK-3P-XL-OLI,Sneaker Socken 3er-Pack,XL,Oliv,1,Gefaellt nicht,Gutschrift,19.9,kundenretoure
RT-2026-4304,2026-02-03,freigegeben,eingegangen,AB-2026-10413,Zalando,K-12694,PayPal,HOOD-ZP-S-WEI,Zip-Hoodie Heavy,S,Weiss,1,Zu gross,Gutschrift,89.9,kundenretoure
RT-2026-4305,2026-04-17,freigegeben,eingegangen,AB-2026-10416,Amazon,K-19923,Rechnungskauf,HOOD-CL-XS-SCH,Hoodie Classic,XS,Schwarz,1,Gefaellt nicht,Gutschrift,69.9,kundenretoure
RT-2026-4306,2026-06-28,freigegeben,eingegangen,AB-2026-10420,Amazon,K-11020,PayPal,JOG-CL-M-WEI,Jogger Classic,M,Weiss,1,Gefaellt nicht,Gutschrift,64.9,kundenretoure
RT-2026-4307,2026-03-29,freigegeben,eingegangen,AB-2026-10422,Amazon,K-11391,Vorkasse,TEE-OVS-M-OLI,T-Shirt Oversized,M,Oliv,1,Gefaellt nicht,Gutschrift,34.9,kundenretoure
RT-2026-4308,2026-05-23,freigegeben,eingegangen,AB-2026-10430,Eigener Shop,K-11621,Kreditkarte,JOG-CL-S-OLI,Jogger Classic,S,Oliv,1,,Sonstiges,64.9,nicht_abgeholt
RT-2026-4309,2026-05-05,freigegeben,eingegangen,AB-2026-10434,Eigener Shop,K-15011,Rechnungskauf,TEE-BAS-M-NAV,T-Shirt Basic,M,Navy,1,Zu klein,Gutschrift,29.9,kundenretoure
RT-2026-4310,2026-02-15,freigegeben,eingegangen,AB-2026-10437,Eigener Shop,K-15037,Kreditkarte,TEE-OVS-XS-SCH,T-Shirt Oversized,XS,Schwarz,1,Gefaellt nicht,Gutschrift,34.9,kundenretoure
RT-2026-4311,2026-06-04,freigegeben,eingegangen,AB-2026-10450,Eigener Shop,K-11629,Rechnungskauf,HOOD-ZP-XS-SCH,Zip-Hoodie Heavy,XS,Schwarz,1,Mangelhafte Qualitaet,Gutschrift,89.9,kundenretoure
RT-2026-4312,2026-06-22,freigegeben,eingegangen,AB-2026-10455,Eigener Shop,K-11114,Kreditkarte,HOOD-ZP-XS-SCH,Zip-Hoodie Heavy,XS,Schwarz,1,Gefaellt nicht,Gutschrift,89.9,kundenretoure
RT-2026-4313,2026-03-16,freigegeben,eingegangen,AB-2026-10457,Eigener Shop,K-18088,Rechnungskauf,HOOD-ZP-S-SCH,Zip-Hoodie Heavy,S,Schwarz,1,Zu gross,Gutschrift,89.9,kundenretoure
RT-2026-4314,2026-03-02,freigegeben,eingegangen,AB-2026-10461,Amazon,K-14918,Rechnungskauf,HOOD-ZP-M-WEI,Zip-Hoodie Heavy,M,Weiss,1,Zu gross,Gutschrift,89.9,kundenretoure
RT-2026-4315,2026-02-05,freigegeben,eingegangen,AB-2026-10465,Amazon,K-14706,PayPal,HOOD-ZP-L-SCH,Zip-Hoodie Heavy,L,Schwarz,1,Nicht mehr benoetigt,Gutschrift,89.9,kundenretoure
RT-2026-4316,2026-04-09,freigegeben,eingegangen,AB-2026-10476,Amazon,K-10229,Kreditkarte,TEE-BAS-XL-OLI,T-Shirt Basic,XL,Oliv,1,Entspricht nicht dem Foto,Gutschrift,29.9,kundenretoure
RT-2026-4317,2026-07-05,freigegeben,eingegangen,AB-2026-10477,Eigener Shop,K-14154,Rechnungskauf,KLEID-PR-XS-OLI,Sommerkleid Print,XS,Oliv,1,Farbe weicht ab,Gutschrift,79.9,kundenretoure
RT-2026-4318,2026-04-14,freigegeben,eingegangen,AB-2026-10488,Zalando,K-19989,Rechnungskauf,TEE-OVS-M-WEI,T-Shirt Oversized,M,Weiss,1,Gefaellt nicht,Gutschrift,34.9,kundenretoure
RT-2026-4319,2026-05-14,freigegeben,eingegangen,AB-2026-10488,Zalando,K-19989,Rechnungskauf,TEE-OVS-S-NAV,T-Shirt Oversized,S,Navy,1,Zu gross,Gutschrift,34.9,kundenretoure
RT-2026-4320,2026-05-30,freigegeben,eingegangen,AB-2026-10491,Eigener Shop,K-11155,Rechnungskauf,JKT-RN-XS-WEI,Regenjacke Tech,XS,Weiss,1,Gefaellt nicht,Gutschrift,119.9,kundenretoure
RT-2026-4321,2026-05-05,freigegeben,eingegangen,AB-2026-10496,Eigener Shop,K-15537,Vorkasse,HOOD-ZP-XS-WEI,Zip-Hoodie Heavy,XS,Weiss,1,Gefaellt nicht,Gutschrift,89.9,kundenretoure
RT-2026-4322,2026-02-05,freigegeben,eingegangen,AB-2026-10500,Eigener Shop,K-18611,PayPal,TEE-BAS-L-OLI,T-Shirt Basic,L,Oliv,1,Entspricht nicht dem Foto,Gutschrift,29.9,kundenretoure
RT-2026-4323,2026-03-15,freigegeben,eingegangen,AB-2026-10502,Eigener Shop,K-11573,Rechnungskauf,JKT-RN-M-SCH,Regenjacke Tech,M,Schwarz,1,Mangelhafte Qualitaet,Gutschrift,119.9,kundenretoure
RT-2026-4324,2026-03-19,freigegeben,eingegangen,AB-2026-10504,Amazon,K-12188,Kreditkarte,TEE-OVS-S-SCH,T-Shirt Oversized,S,Schwarz,1,,Gutschrift,34.9,kundenretoure
RT-2026-4325,2026-04-15,freigegeben,eingegangen,AB-2026-10505,Amazon,K-10709,Rechnungskauf,JOG-CL-L-OLI,Jogger Classic,L,Oliv,1,Nicht mehr benoetigt,Gutschrift,64.9,kundenretoure
RT-2026-4326,2026-05-23,freigegeben,eingegangen,AB-2026-10514,Amazon,K-12918,PayPal,KLEID-PR-XS-SCH,Sommerkleid Print,XS,Schwarz,1,Zu gross,Gutschrift,79.9,kundenretoure
RT-2026-4327,2026-03-15,freigegeben,eingegangen,AB-2026-10516,Zalando,K-10973,PayPal,TEE-OVS-XL-NAV,T-Shirt Oversized,XL,Navy,1,,Gutschrift,34.9,kundenretoure
RT-2026-4328,2026-05-21,freigegeben,eingegangen,AB-2026-10518,Zalando,K-16972,Rechnungskauf,JOG-CL-S-NAV,Jogger Classic,S,Navy,1,,Sonstiges,64.9,nicht_abgeholt
RT-2026-4329,2026-03-18,freigegeben,eingegangen,AB-2026-10521,Eigener Shop,K-15397,Kreditkarte,HOOD-ZP-S-SCH,Zip-Hoodie Heavy,S,Schwarz,1,Falscher Artikel,Ersatzlieferung,89.9,kundenretoure
RT-2026-4330,2026-03-20,freigegeben,eingegangen,AB-2026-10537,Amazon,K-12571,PayPal,JOG-CL-L-WEI,Jogger Classic,L,Weiss,1,Gefaellt nicht,Gutschrift,64.9,kundenretoure
RT-2026-4331,2026-04-14,freigegeben,eingegangen,AB-2026-10539,Eigener Shop,K-18852,PayPal,KLEID-PR-M-NAV,Sommerkleid Print,M,Navy,1,Gefaellt nicht,Gutschrift,79.9,kundenretoure
RT-2026-4332,2026-05-30,freigegeben,eingegangen,AB-2026-10548,Eigener Shop,K-13077,Vorkasse,KLEID-PR-XL-SCH,Sommerkleid Print,XL,Schwarz,1,Gefaellt nicht,Gutschrift,79.9,kundenretoure
RT-2026-4333,2026-06-23,freigegeben,eingegangen,AB-2026-10549,Eigener Shop,K-16082,PayPal,HOOD-CL-XS-NAV,Hoodie Classic,XS,Navy,1,Zu klein,Gutschrift,69.9,kundenretoure
RT-2026-4334,2026-06-14,freigegeben,eingegangen,AB-2026-10555,Eigener Shop,K-19180,Rechnungskauf,HOOD-ZP-XS-WEI,Zip-Hoodie Heavy,XS,Weiss,1,Gefaellt nicht,Gutschrift,89.9,kundenretoure
RT-2026-4335,2026-01-30,freigegeben,eingegangen,AB-2026-10558,Eigener Shop,K-14414,PayPal,TEE-OVS-S-NAV,T-Shirt Oversized,S,Navy,1,Gefaellt nicht,Gutschrift,34.9,kundenretoure
RT-2026-4336,2026-05-20,freigegeben,eingegangen,AB-2026-10561,Amazon,K-10411,Kreditkarte,HOOD-ZP-XS-SCH,Zip-Hoodie Heavy,XS,Schwarz,1,Zu gross,Gutschrift,89.9,kundenretoure
RT-2026-4337,2026-06-23,freigegeben,eingegangen,AB-2026-10566,Eigener Shop,K-15440,Kreditkarte,KLEID-PR-S-OLI,Sommerkleid Print,S,Oliv,1,Entspricht nicht dem Foto,Gutschrift,79.9,kundenretoure
RT-2026-4338,2026-06-30,freigegeben,eingegangen,AB-2026-10568,Eigener Shop,K-11844,Vorkasse,TEE-BAS-XL-OLI,T-Shirt Basic,XL,Oliv,1,Gefaellt nicht,Gutschrift,29.9,kundenretoure
RT-2026-4339,2026-03-23,freigegeben,eingegangen,AB-2026-10572,Amazon,K-19914,PayPal,HOOD-CL-L-NAV,Hoodie Classic,L,Navy,1,,Gutschrift,69.9,kundenretoure
RT-2026-4340,2026-04-03,freigegeben,eingegangen,AB-2026-10578,Zalando,K-10987,PayPal,JKT-RN-XL-WEI,Regenjacke Tech,XL,Weiss,1,Zu gross,Gutschrift,119.9,kundenretoure
RT-2026-4341,2026-03-21,freigegeben,eingegangen,AB-2026-10578,Zalando,K-10987,PayPal,JKT-RN-M-WEI,Regenjacke Tech,M,Weiss,1,Gefaellt nicht,Gutschrift,119.9,kundenretoure
RT-2026-4342,2026-07-04,freigegeben,eingegangen,AB-2026-10580,Zalando,K-17360,PayPal,TEE-OVS-M-SCH,T-Shirt Oversized,M,Schwarz,1,Gefaellt nicht,Gutschrift,34.9,kundenretoure
RT-2026-4343,2026-07-01,freigegeben,eingegangen,AB-2026-10586,Eigener Shop,K-12000,Rechnungskauf,JOG-CL-L-NAV,Jogger Classic,L,Navy,1,,Sonstiges,64.9,nicht_abgeholt
RT-2026-4343,2026-07-01,freigegeben,eingegangen,AB-2026-10586,Eigener Shop,K-12000,Rechnungskauf,CAP-LG-XL-NAV,Cap Logo,XL,Navy,1,,Sonstiges,24.9,nicht_abgeholt
RT-2026-4344,2026-05-03,freigegeben,eingegangen,AB-2026-10589,Amazon,K-14723,Kreditkarte,TEE-OVS-XL-SCH,T-Shirt Oversized,XL,Schwarz,1,Gefaellt nicht,Gutschrift,34.9,kundenretoure
RT-2026-4345,2026-03-24,freigegeben,eingegangen,AB-2026-10594,Eigener Shop,K-15248,Rechnungskauf,HOOD-CL-S-NAV,Hoodie Classic,S,Navy,1,,Sonstiges,69.9,nicht_abgeholt
RT-2026-4346,2026-05-25,freigegeben,eingegangen,AB-2026-10601,Eigener Shop,K-15409,Kreditkarte,KLEID-PR-S-NAV,Sommerkleid Print,S,Navy,1,Farbe weicht ab,Gutschrift,79.9,kundenretoure
RT-2026-4347,2026-05-14,freigegeben,eingegangen,AB-2026-10605,Zalando,K-10442,Rechnungskauf,HOOD-CL-XS-WEI,Hoodie Classic,XS,Weiss,1,Zu klein,Gutschrift,69.9,kundenretoure
RT-2026-4348,2026-03-17,freigegeben,eingegangen,AB-2026-10605,Zalando,K-10442,Rechnungskauf,HOOD-CL-M-WEI,Hoodie Classic,M,Weiss,1,Zu klein,Gutschrift,69.9,kundenretoure
RT-2026-4349,2026-05-31,freigegeben,eingegangen,AB-2026-10607,Eigener Shop,K-19279,PayPal,HOOD-ZP-L-WEI,Zip-Hoodie Heavy,L,Weiss,1,Gefaellt nicht,Gutschrift,89.9,kundenretoure
RT-2026-4350,2026-07-04,freigegeben,eingegangen,AB-2026-10617,Eigener Shop,K-18114,PayPal,KLEID-PR-XL-SCH,Sommerkleid Print,XL,Schwarz,1,Entspricht nicht dem Foto,Gutschrift,79.9,kundenretoure
RT-2026-4351,2026-05-08,freigegeben,eingegangen,AB-2026-10621,Eigener Shop,K-14226,PayPal,HOOD-ZP-M-WEI,Zip-Hoodie Heavy,M,Weiss,1,,Gutschrift,89.9,kundenretoure
RT-2026-4352,2026-06-06,freigegeben,eingegangen,AB-2026-10624,Amazon,K-11623,Kreditkarte,HOOD-CL-XS-SCH,Hoodie Classic,XS,Schwarz,1,Mangelhafte Qualitaet,Gutschrift,69.9,kundenretoure
RT-2026-4353,2026-01-27,freigegeben,eingegangen,AB-2026-10628,Eigener Shop,K-17984,PayPal,TEE-BAS-XL-OLI,T-Shirt Basic,XL,Oliv,1,Zu klein,Gutschrift,29.9,kundenretoure
RT-2026-4354,2026-01-30,freigegeben,eingegangen,AB-2026-10635,Eigener Shop,K-19849,Rechnungskauf,KLEID-PR-XS-WEI,Sommerkleid Print,XS,Weiss,1,Zu spaet geliefert,Gutschrift,79.9,kundenretoure
RT-2026-4355,2026-06-10,freigegeben,eingegangen,AB-2026-10636,Eigener Shop,K-15617,Rechnungskauf,HOOD-CL-XS-NAV,Hoodie Classic,XS,Navy,1,Zu klein,Gutschrift,69.9,kundenretoure
RT-2026-4356,2026-03-17,freigegeben,eingegangen,AB-2026-10640,Eigener Shop,K-17826,Kreditkarte,HOOD-ZP-XS-SCH,Zip-Hoodie Heavy,XS,Schwarz,1,Zu spaet geliefert,Gutschrift,89.9,kundenretoure
RT-2026-4357,2026-05-19,freigegeben,eingegangen,AB-2026-10643,Eigener Shop,K-14569,Rechnungskauf,KLEID-PR-XL-OLI,Sommerkleid Print,XL,Oliv,1,Entspricht nicht dem Foto,Gutschrift,79.9,kundenretoure
RT-2026-4358,2026-05-13,freigegeben,eingegangen,AB-2026-10648,Amazon,K-17157,Vorkasse,KLEID-PR-XL-SCH,Sommerkleid Print,XL,Schwarz,1,Entspricht nicht dem Foto,Gutschrift,79.9,kundenretoure
RT-2026-4359,2026-03-25,freigegeben,eingegangen,AB-2026-10649,Eigener Shop,K-13216,Vorkasse,JKT-RN-S-SCH,Regenjacke Tech,S,Schwarz,1,Gefaellt nicht,Gutschrift,119.9,kundenretoure
RT-2026-4360,2026-06-02,freigegeben,eingegangen,AB-2026-10652,Amazon,K-17675,PayPal,JOG-CL-L-WEI,Jogger Classic,L,Weiss,1,Entspricht nicht dem Foto,Gutschrift,64.9,kundenretoure
RT-2026-4361,2026-04-27,freigegeben,eingegangen,AB-2026-10653,Eigener Shop,K-16701,Rechnungskauf,JKT-RN-XS-SCH,Regenjacke Tech,XS,Schwarz,1,Zu gross,Gutschrift,119.9,kundenretoure
RT-2026-4362,2026-05-19,freigegeben,eingegangen,AB-2026-10657,Eigener Shop,K-12720,Kreditkarte,HOOD-CL-M-WEI,Hoodie Classic,M,Weiss,1,Zu klein,Gutschrift,69.9,kundenretoure
RT-2026-4363,2026-05-05,freigegeben,eingegangen,AB-2026-10659,Eigener Shop,K-11614,PayPal,JKT-RN-XS-SCH,Regenjacke Tech,XS,Schwarz,1,Gefaellt nicht,Gutschrift,119.9,kundenretoure
RT-2026-4364,2026-06-11,freigegeben,eingegangen,AB-2026-10677,Eigener Shop,K-12868,Rechnungskauf,TEE-BAS-M-OLI,T-Shirt Basic,M,Oliv,1,,Sonstiges,29.9,nicht_abgeholt
RT-2026-4365,2026-01-11,freigegeben,eingegangen,AB-2026-10682,Amazon,K-12462,PayPal,HOOD-CL-S-WEI,Hoodie Classic,S,Weiss,1,Gefaellt nicht,Gutschrift,69.9,kundenretoure
RT-2026-4366,2026-02-04,freigegeben,eingegangen,AB-2026-10689,Eigener Shop,K-18725,Rechnungskauf,HOOD-ZP-L-SCH,Zip-Hoodie Heavy,L,Schwarz,1,Gefaellt nicht,Gutschrift,89.9,kundenretoure
RT-2026-4367,2026-06-23,freigegeben,eingegangen,AB-2026-10690,Amazon,K-10167,Rechnungskauf,HOOD-CL-S-WEI,Hoodie Classic,S,Weiss,1,,Gutschrift,69.9,kundenretoure
RT-2026-4368,2026-07-05,freigegeben,eingegangen,AB-2026-10694,Eigener Shop,K-11024,PayPal,JOG-CL-XL-NAV,Jogger Classic,XL,Navy,1,Entspricht nicht dem Foto,Gutschrift,64.9,kundenretoure
RT-2026-4369,2026-05-18,freigegeben,eingegangen,AB-2026-10697,Amazon,K-13303,Rechnungskauf,KLEID-PR-L-WEI,Sommerkleid Print,L,Weiss,1,Entspricht nicht dem Foto,Gutschrift,79.9,kundenretoure
RT-2026-4370,2026-02-27,freigegeben,eingegangen,AB-2026-10707,Eigener Shop,K-14648,Kreditkarte,HOOD-ZP-XS-WEI,Zip-Hoodie Heavy,XS,Weiss,1,Zu spaet geliefert,Gutschrift,89.9,kundenretoure
RT-2026-4371,2026-06-22,freigegeben,eingegangen,AB-2026-10709,Eigener Shop,K-15870,Rechnungskauf,JKT-RN-S-SCH,Regenjacke Tech,S,Schwarz,1,,Gutschrift,119.9,kundenretoure
RT-2026-4372,2026-05-10,freigegeben,eingegangen,AB-2026-10724,Eigener Shop,K-14278,Rechnungskauf,HOOD-ZP-XL-SCH,Zip-Hoodie Heavy,XL,Schwarz,1,Zu gross,Gutschrift,89.9,kundenretoure
RT-2026-4373,2026-05-25,freigegeben,eingegangen,AB-2026-10729,Eigener Shop,K-17288,Rechnungskauf,HOOD-ZP-XL-WEI,Zip-Hoodie Heavy,XL,Weiss,1,,Sonstiges,89.9,nicht_abgeholt
RT-2026-4374,2026-03-20,freigegeben,eingegangen,AB-2026-10743,Eigener Shop,K-17592,Kreditkarte,TEE-OVS-S-OLI,T-Shirt Oversized,S,Oliv,1,Zu klein,Gutschrift,34.9,kundenretoure
RT-2026-4375,2026-03-11,freigegeben,eingegangen,AB-2026-10749,Eigener Shop,K-17192,Rechnungskauf,JKT-RN-S-SCH,Regenjacke Tech,S,Schwarz,1,Gefaellt nicht,Gutschrift,119.9,kundenretoure
RT-2026-4376,2026-05-17,freigegeben,eingegangen,AB-2026-10755,Zalando,K-16869,PayPal,HOOD-CL-L-SCH,Hoodie Classic,L,Schwarz,1,Zu klein,Gutschrift,69.9,kundenretoure
RT-2026-4377,2026-06-29,freigegeben,eingegangen,AB-2026-10758,Zalando,K-14968,PayPal,TEE-BAS-XS-NAV,T-Shirt Basic,XS,Navy,1,Gefaellt nicht,Gutschrift,29.9,kundenretoure
RT-2026-4378,2026-02-06,freigegeben,eingegangen,AB-2026-10762,Amazon,K-11722,PayPal,KLEID-PR-S-SCH,Sommerkleid Print,S,Schwarz,1,Entspricht nicht dem Foto,Gutschrift,79.9,kundenretoure
RT-2026-4379,2026-06-23,freigegeben,eingegangen,AB-2026-10765,Eigener Shop,K-13144,PayPal,JKT-RN-S-WEI,Regenjacke Tech,S,Weiss,1,,Gutschrift,119.9,kundenretoure
RT-2026-4380,2026-06-18,freigegeben,eingegangen,AB-2026-10773,Eigener Shop,K-10921,Rechnungskauf,KLEID-PR-L-SCH,Sommerkleid Print,L,Schwarz,1,Zu klein,Gutschrift,79.9,kundenretoure
RT-2026-4381,2026-05-10,freigegeben,eingegangen,AB-2026-10774,Amazon,K-16311,Rechnungskauf,JOG-CL-M-SCH,Jogger Classic,M,Schwarz,1,Mangelhafte Qualitaet,Gutschrift,64.9,kundenretoure
RT-2026-4382,2026-03-12,freigegeben,eingegangen,AB-2026-10776,Eigener Shop,K-14051,PayPal,CAP-LG-XL-NAV,Cap Logo,XL,Navy,1,,Gutschrift,24.9,kundenretoure
RT-2026-4383,2026-04-12,freigegeben,eingegangen,AB-2026-10780,Eigener Shop,K-14074,PayPal,JKT-RN-L-SCH,Regenjacke Tech,L,Schwarz,1,Zu klein,Gutschrift,119.9,kundenretoure
RT-2026-4384,2026-06-27,freigegeben,eingegangen,AB-2026-10784,Eigener Shop,K-13227,Rechnungskauf,JOG-CL-L-SCH,Jogger Classic,L,Schwarz,1,Zu klein,Gutschrift,64.9,kundenretoure
RT-2026-4385,2026-02-12,freigegeben,eingegangen,AB-2026-10791,Amazon,K-11489,PayPal,TEE-BAS-XL-WEI,T-Shirt Basic,XL,Weiss,1,,Gutschrift,29.9,kundenretoure
RT-2026-4386,2026-06-21,freigegeben,eingegangen,AB-2026-10792,Eigener Shop,K-14520,PayPal,TEE-BAS-M-NAV,T-Shirt Basic,M,Navy,1,Zu gross,Gutschrift,29.9,kundenretoure
RT-2026-4387,2026-02-21,freigegeben,eingegangen,AB-2026-10794,Eigener Shop,K-12524,PayPal,KLEID-PR-M-SCH,Sommerkleid Print,M,Schwarz,1,Farbe weicht ab,Gutschrift,79.9,kundenretoure
RT-2026-4388,2026-02-10,freigegeben,eingegangen,AB-2026-10800,Zalando,K-17197,PayPal,TEE-OVS-M-SCH,T-Shirt Oversized,M,Schwarz,1,Entspricht nicht dem Foto,Gutschrift,34.9,kundenretoure
RT-2026-4389,2026-05-08,freigegeben,eingegangen,AB-2026-10801,Eigener Shop,K-11303,PayPal,TEE-OVS-S-WEI,T-Shirt Oversized,S,Weiss,1,Falscher Artikel,Ersatzlieferung,34.9,kundenretoure
RT-2026-4390,2026-03-23,freigegeben,eingegangen,AB-2026-10802,Eigener Shop,K-13384,Rechnungskauf,HOOD-CL-S-SCH,Hoodie Classic,S,Schwarz,1,Zu klein,Gutschrift,69.9,kundenretoure
RT-2026-4391,2026-03-01,freigegeben,eingegangen,AB-2026-10803,Amazon,K-19670,Rechnungskauf,HOOD-ZP-S-SCH,Zip-Hoodie Heavy,S,Schwarz,1,Mangelhafte Qualitaet,Gutschrift,89.9,kundenretoure
RT-2026-4392,2026-06-01,freigegeben,eingegangen,AB-2026-10810,Eigener Shop,K-15659,PayPal,JKT-RN-L-WEI,Regenjacke Tech,L,Weiss,1,Zu klein,Gutschrift,119.9,kundenretoure
RT-2026-4393,2026-03-02,freigegeben,eingegangen,AB-2026-10815,Amazon,K-12863,PayPal,JOG-CL-S-WEI,Jogger Classic,S,Weiss,1,Entspricht nicht dem Foto,Gutschrift,64.9,kundenretoure
RT-2026-4394,2026-05-05,freigegeben,eingegangen,AB-2026-10818,Eigener Shop,K-13981,Kreditkarte,TEE-BAS-L-NAV,T-Shirt Basic,L,Navy,1,Mangelhafte Qualitaet,Gutschrift,29.9,kundenretoure
RT-2026-4395,2026-06-26,freigegeben,eingegangen,AB-2026-10833,Eigener Shop,K-19749,Kreditkarte,HOOD-ZP-M-SCH,Zip-Hoodie Heavy,M,Schwarz,1,Zu klein,Gutschrift,89.9,kundenretoure
RT-2026-4396,2026-02-22,freigegeben,eingegangen,AB-2026-10835,Eigener Shop,K-17839,Kreditkarte,TEE-OVS-S-OLI,T-Shirt Oversized,S,Oliv,1,Zu gross,Gutschrift,34.9,kundenretoure
RT-2026-4397,2026-05-07,freigegeben,eingegangen,AB-2026-10837,Amazon,K-11652,PayPal,TEE-BAS-XL-OLI,T-Shirt Basic,XL,Oliv,1,Beschaedigt angekommen,Ersatzlieferung,29.9,kundenretoure
RT-2026-4398,2026-06-14,freigegeben,eingegangen,AB-2026-10843,Eigener Shop,K-11019,PayPal,TEE-BAS-XS-NAV,T-Shirt Basic,XS,Navy,1,Nicht mehr benoetigt,Gutschrift,29.9,kundenretoure
RT-2026-4399,2026-06-10,freigegeben,eingegangen,AB-2026-10844,Eigener Shop,K-15473,Kreditkarte,KLEID-PR-L-WEI,Sommerkleid Print,L,Weiss,1,Nicht mehr benoetigt,Gutschrift,79.9,kundenretoure
RT-2026-4400,2026-03-02,freigegeben,eingegangen,AB-2026-10851,Amazon,K-16281,Vorkasse,HOOD-ZP-XS-SCH,Zip-Hoodie Heavy,XS,Schwarz,1,Zu spaet geliefert,Gutschrift,89.9,kundenretoure
RT-2026-4401,2026-06-25,freigegeben,eingegangen,AB-2026-10855,Eigener Shop,K-19611,Rechnungskauf,JOG-CL-S-SCH,Jogger Classic,S,Schwarz,1,Nicht mehr benoetigt,Gutschrift,64.9,kundenretoure
RT-2026-4402,2026-04-04,freigegeben,eingegangen,AB-2026-10876,Eigener Shop,K-17196,PayPal,TEE-OVS-S-NAV,T-Shirt Oversized,S,Navy,1,Falscher Artikel,Ersatzlieferung,34.9,kundenretoure
RT-2026-4403,2026-04-26,freigegeben,eingegangen,AB-2026-10882,Eigener Shop,K-18551,PayPal,HOOD-CL-S-WEI,Hoodie Classic,S,Weiss,1,Mangelhafte Qualitaet,Gutschrift,69.9,kundenretoure
RT-2026-4404,2026-05-23,freigegeben,eingegangen,AB-2026-10888,Amazon,K-10297,Kreditkarte,HOOD-CL-M-SCH,Hoodie Classic,M,Schwarz,1,Nicht mehr benoetigt,Gutschrift,69.9,kundenretoure
RT-2026-4405,2026-07-05,freigegeben,eingegangen,AB-2026-10891,Amazon,K-16747,Rechnungskauf,JKT-RN-S-SCH,Regenjacke Tech,S,Schwarz,1,Zu klein,Gutschrift,119.9,kundenretoure
RT-2026-4406,2026-02-15,freigegeben,eingegangen,AB-2026-10905,Eigener Shop,K-14996,Vorkasse,KLEID-PR-XS-NAV,Sommerkleid Print,XS,Navy,1,Farbe weicht ab,Gutschrift,79.9,kundenretoure
RT-2026-4407,2026-04-23,freigegeben,eingegangen,AB-2026-10908,Amazon,K-15953,PayPal,HOOD-ZP-XS-SCH,Zip-Hoodie Heavy,XS,Schwarz,1,Zu klein,Gutschrift,89.9,kundenretoure
RT-2026-4408,2026-03-11,freigegeben,eingegangen,AB-2026-10910,Eigener Shop,K-15744,PayPal,JKT-RN-XS-SCH,Regenjacke Tech,XS,Schwarz,1,Zu klein,Gutschrift,119.9,kundenretoure
RT-2026-4409,2026-01-27,freigegeben,eingegangen,AB-2026-10918,Eigener Shop,K-16506,Rechnungskauf,HOOD-CL-L-WEI,Hoodie Classic,L,Weiss,1,Zu gross,Gutschrift,69.9,kundenretoure
RT-2026-4410,2026-02-16,freigegeben,eingegangen,AB-2026-10919,Zalando,K-17068,PayPal,TEE-BAS-L-OLI,T-Shirt Basic,L,Oliv,1,Mangelhafte Qualitaet,Gutschrift,29.9,kundenretoure
RT-2026-4411,2026-06-28,freigegeben,eingegangen,AB-2026-10925,Zalando,K-14960,Rechnungskauf,TEE-BAS-XS-NAV,T-Shirt Basic,XS,Navy,1,Gefaellt nicht,Gutschrift,29.9,kundenretoure
RT-2026-4412,2026-05-10,freigegeben,eingegangen,AB-2026-10932,Eigener Shop,K-14737,Rechnungskauf,JOG-CL-M-NAV,Jogger Classic,M,Navy,1,Gefaellt nicht,Gutschrift,64.9,kundenretoure
RT-2026-4413,2026-04-07,freigegeben,eingegangen,AB-2026-10934,Eigener Shop,K-19201,Kreditkarte,JKT-RN-S-WEI,Regenjacke Tech,S,Weiss,1,Nicht mehr benoetigt,Gutschrift,119.9,kundenretoure
RT-2026-4414,2026-01-10,freigegeben,eingegangen,AB-2026-10939,Zalando,K-17857,PayPal,KLEID-PR-M-NAV,Sommerkleid Print,M,Navy,1,Farbe weicht ab,Gutschrift,79.9,kundenretoure
RT-2026-4415,2026-04-19,freigegeben,eingegangen,AB-2026-10942,Eigener Shop,K-10712,Kreditkarte,HOOD-CL-L-WEI,Hoodie Classic,L,Weiss,1,Nicht mehr benoetigt,Gutschrift,69.9,kundenretoure
RT-2026-4416,2026-02-23,freigegeben,eingegangen,AB-2026-10946,Eigener Shop,K-18153,Rechnungskauf,JKT-RN-S-WEI,Regenjacke Tech,S,Weiss,1,Gefaellt nicht,Gutschrift,119.9,kundenretoure
RT-2026-4417,2026-02-15,freigegeben,eingegangen,AB-2026-10946,Eigener Shop,K-18153,Rechnungskauf,JKT-RN-S-SCH,Regenjacke Tech,S,Schwarz,1,Nicht mehr benoetigt,Gutschrift,119.9,kundenretoure
RT-2026-4418,2026-04-13,freigegeben,eingegangen,AB-2026-10950,Amazon,K-10232,Kreditkarte,HOOD-ZP-S-WEI,Zip-Hoodie Heavy,S,Weiss,1,Gefaellt nicht,Gutschrift,89.9,kundenretoure
RT-2026-4419,2026-04-26,freigegeben,eingegangen,AB-2026-10954,Eigener Shop,K-18023,Vorkasse,KLEID-PR-XS-OLI,Sommerkleid Print,XS,Oliv,1,Farbe weicht ab,Gutschrift,79.9,kundenretoure
RT-2026-4420,2026-05-22,freigegeben,eingegangen,AB-2026-10957,Zalando,K-13011,Rechnungskauf,HOOD-CL-M-SCH,Hoodie Classic,M,Schwarz,1,Zu klein,Gutschrift,69.9,kundenretoure
RT-2026-4421,2026-02-15,freigegeben,eingegangen,AB-2026-10967,Eigener Shop,K-11260,Kreditkarte,HOOD-ZP-M-SCH,Zip-Hoodie Heavy,M,Schwarz,1,Zu klein,Gutschrift,89.9,kundenretoure
RT-2026-4422,2026-04-15,freigegeben,eingegangen,AB-2026-10967,Eigener Shop,K-11260,Kreditkarte,JKT-RN-L-WEI,Regenjacke Tech,L,Weiss,1,Entspricht nicht dem Foto,Gutschrift,119.9,kundenretoure
RT-2026-4423,2026-06-29,freigegeben,eingegangen,AB-2026-10968,Amazon,K-14839,Rechnungskauf,HOOD-ZP-S-WEI,Zip-Hoodie Heavy,S,Weiss,1,,Sonstiges,89.9,nicht_abgeholt
RT-2026-4424,2026-04-07,freigegeben,eingegangen,AB-2026-10983,Eigener Shop,K-11284,PayPal,HOOD-CL-XL-SCH,Hoodie Classic,XL,Schwarz,1,Gefaellt nicht,Gutschrift,69.9,kundenretoure
RT-2026-4425,2026-05-31,freigegeben,eingegangen,AB-2026-10983,Eigener Shop,K-11284,PayPal,TEE-OVS-M-SCH,T-Shirt Oversized,M,Schwarz,1,Nicht mehr benoetigt,Gutschrift,34.9,kundenretoure
RT-2026-4426,2026-06-09,freigegeben,eingegangen,AB-2026-10984,Eigener Shop,K-18182,Vorkasse,TEE-OVS-M-SCH,T-Shirt Oversized,M,Schwarz,1,Gefaellt nicht,Gutschrift,34.9,kundenretoure
RT-2026-4427,2026-03-02,freigegeben,eingegangen,AB-2026-10986,Eigener Shop,K-14136,Vorkasse,HOOD-ZP-XS-SCH,Zip-Hoodie Heavy,XS,Schwarz,1,,Sonstiges,89.9,nicht_abgeholt
RT-2026-4427,2026-03-02,freigegeben,eingegangen,AB-2026-10986,Eigener Shop,K-14136,Vorkasse,HOOD-ZP-XL-SCH,Zip-Hoodie Heavy,XL,Schwarz,1,,Sonstiges,89.9,nicht_abgeholt
RT-2026-4427,2026-03-02,freigegeben,eingegangen,AB-2026-10986,Eigener Shop,K-14136,Vorkasse,HOOD-CL-S-OLI,Hoodie Classic,S,Oliv,1,,Sonstiges,69.9,nicht_abgeholt
RT-2026-4428,2026-01-29,freigegeben,eingegangen,AB-2026-10991,Eigener Shop,K-19950,Rechnungskauf,KLEID-PR-L-SCH,Sommerkleid Print,L,Schwarz,1,,Sonstiges,79.9,nicht_abgeholt
RT-2026-4428,2026-01-29,freigegeben,eingegangen,AB-2026-10991,Eigener Shop,K-19950,Rechnungskauf,HOOD-CL-XL-NAV,Hoodie Classic,XL,Navy,1,,Sonstiges,69.9,nicht_abgeholt
RT-2026-4429,2026-03-28,freigegeben,eingegangen,AB-2026-10993,Amazon,K-12530,Rechnungskauf,JKT-RN-XS-SCH,Regenjacke Tech,XS,Schwarz,1,Gefaellt nicht,Gutschrift,119.9,kundenretoure
RT-2026-4430,2026-03-12,freigegeben,eingegangen,AB-2026-10994,Eigener Shop,K-13873,Vorkasse,SOCK-3P-XL-OLI,Sneaker Socken 3er-Pack,XL,Oliv,1,Zu klein,Gutschrift,19.9,kundenretoure
RT-2026-4431,2026-04-24,freigegeben,eingegangen,AB-2026-11001,Eigener Shop,K-16074,Rechnungskauf,HOOD-ZP-M-SCH,Zip-Hoodie Heavy,M,Schwarz,1,Gefaellt nicht,Gutschrift,89.9,kundenretoure
RT-2026-4432,2026-05-26,freigegeben,eingegangen,AB-2026-11002,Eigener Shop,K-10442,Kreditkarte,KLEID-PR-M-OLI,Sommerkleid Print,M,Oliv,1,Entspricht nicht dem Foto,Gutschrift,79.9,kundenretoure
RT-2026-4433,2026-04-09,freigegeben,eingegangen,AB-2026-11006,Amazon,K-14442,Vorkasse,KLEID-PR-XL-OLI,Sommerkleid Print,XL,Oliv,1,Farbe weicht ab,Gutschrift,79.9,kundenretoure
RT-2026-4434,2026-06-24,freigegeben,eingegangen,AB-2026-11011,Eigener Shop,K-19991,Rechnungskauf,HOOD-ZP-S-WEI,Zip-Hoodie Heavy,S,Weiss,1,Falscher Artikel,Ersatzlieferung,89.9,kundenretoure
RT-2026-4435,2026-07-04,freigegeben,eingegangen,AB-2026-11013,Eigener Shop,K-18890,Vorkasse,KLEID-PR-M-NAV,Sommerkleid Print,M,Navy,1,Entspricht nicht dem Foto,Gutschrift,79.9,kundenretoure
RT-2026-4436,2026-01-19,freigegeben,eingegangen,AB-2026-11017,Eigener Shop,K-17505,Kreditkarte,KLEID-PR-XS-WEI,Sommerkleid Print,XS,Weiss,1,Entspricht nicht dem Foto,Gutschrift,79.9,kundenretoure
RT-2026-4437,2026-01-22,freigegeben,eingegangen,AB-2026-11021,Eigener Shop,K-16031,PayPal,HOOD-CL-XS-NAV,Hoodie Classic,XS,Navy,1,,Gutschrift,69.9,kundenretoure
RT-2026-4438,2026-05-14,freigegeben,eingegangen,AB-2026-11023,Amazon,K-11519,Kreditkarte,TEE-BAS-XS-SCH,T-Shirt Basic,XS,Schwarz,1,Nicht mehr benoetigt,Gutschrift,29.9,kundenretoure
RT-2026-4439,2026-05-06,freigegeben,eingegangen,AB-2026-11032,Eigener Shop,K-12820,PayPal,HOOD-CL-L-NAV,Hoodie Classic,L,Navy,1,Gefaellt nicht,Gutschrift,69.9,kundenretoure
RT-2026-4440,2026-05-10,freigegeben,eingegangen,AB-2026-11037,Zalando,K-13143,Rechnungskauf,HOOD-ZP-XS-SCH,Zip-Hoodie Heavy,XS,Schwarz,1,Gefaellt nicht,Gutschrift,89.9,kundenretoure
RT-2026-4441,2026-06-28,freigegeben,eingegangen,AB-2026-11041,Eigener Shop,K-14676,Vorkasse,HOOD-CL-S-NAV,Hoodie Classic,S,Navy,1,Zu klein,Gutschrift,69.9,kundenretoure
RT-2026-4442,2026-06-23,freigegeben,eingegangen,AB-2026-11050,Eigener Shop,K-15595,Rechnungskauf,HOOD-CL-M-NAV,Hoodie Classic,M,Navy,1,Zu spaet geliefert,Gutschrift,69.9,kundenretoure
RT-2026-4443,2026-06-10,freigegeben,eingegangen,AB-2026-11055,Eigener Shop,K-12115,PayPal,HOOD-CL-XL-SCH,Hoodie Classic,XL,Schwarz,1,Zu klein,Gutschrift,69.9,kundenretoure
RT-2026-4444,2026-03-03,freigegeben,eingegangen,AB-2026-11060,Eigener Shop,K-10494,PayPal,TEE-OVS-L-NAV,T-Shirt Oversized,L,Navy,1,Zu klein,Gutschrift,34.9,kundenretoure
RT-2026-4445,2026-04-12,freigegeben,eingegangen,AB-2026-11063,Eigener Shop,K-10883,Kreditkarte,JKT-RN-L-WEI,Regenjacke Tech,L,Weiss,1,Zu gross,Gutschrift,119.9,kundenretoure
RT-2026-4446,2026-06-19,freigegeben,eingegangen,AB-2026-11070,Eigener Shop,K-14826,Rechnungskauf,HOOD-ZP-L-SCH,Zip-Hoodie Heavy,L,Schwarz,1,Gefaellt nicht,Gutschrift,89.9,kundenretoure
RT-2026-4447,2026-06-25,freigegeben,eingegangen,AB-2026-11090,Eigener Shop,K-19096,Rechnungskauf,HOOD-CL-L-OLI,Hoodie Classic,L,Oliv,1,,Sonstiges,69.9,nicht_abgeholt
RT-2026-4448,2026-06-11,freigegeben,eingegangen,AB-2026-11092,Eigener Shop,K-19894,Vorkasse,JOG-CL-L-SCH,Jogger Classic,L,Schwarz,1,Nicht mehr benoetigt,Gutschrift,64.9,kundenretoure
RT-2026-4449,2026-04-28,freigegeben,eingegangen,AB-2026-11097,Zalando,K-10169,PayPal,HOOD-ZP-L-WEI,Zip-Hoodie Heavy,L,Weiss,1,,Gutschrift,89.9,kundenretoure
RT-2026-4450,2026-03-17,freigegeben,eingegangen,AB-2026-11100,Eigener Shop,K-19274,Kreditkarte,HOOD-CL-L-SCH,Hoodie Classic,L,Schwarz,1,Zu klein,Gutschrift,69.9,kundenretoure
RT-2026-4451,2026-04-28,freigegeben,eingegangen,AB-2026-11100,Eigener Shop,K-19274,Kreditkarte,HOOD-ZP-XL-WEI,Zip-Hoodie Heavy,XL,Weiss,1,Nicht mehr benoetigt,Gutschrift,89.9,kundenretoure
RT-2026-4452,2026-04-23,freigegeben,eingegangen,AB-2026-11103,Eigener Shop,K-13237,Vorkasse,JOG-CL-S-OLI,Jogger Classic,S,Oliv,1,Zu spaet geliefert,Gutschrift,64.9,kundenretoure
RT-2026-4453,2026-06-16,freigegeben,eingegangen,AB-2026-11107,Amazon,K-14526,PayPal,KLEID-PR-S-NAV,Sommerkleid Print,S,Navy,1,Farbe weicht ab,Gutschrift,79.9,kundenretoure
RT-2026-4454,2026-01-31,freigegeben,eingegangen,AB-2026-11120,Eigener Shop,K-18941,Rechnungskauf,KLEID-PR-M-SCH,Sommerkleid Print,M,Schwarz,1,Entspricht nicht dem Foto,Gutschrift,79.9,kundenretoure
RT-2026-4455,2026-05-02,freigegeben,eingegangen,AB-2026-11125,Eigener Shop,K-14518,Rechnungskauf,CAP-LG-XS-OLI,Cap Logo,XS,Oliv,1,Gefaellt nicht,Gutschrift,24.9,kundenretoure
RT-2026-4456,2026-06-12,freigegeben,eingegangen,AB-2026-11126,Amazon,K-16426,Rechnungskauf,HOOD-ZP-S-SCH,Zip-Hoodie Heavy,S,Schwarz,1,Gefaellt nicht,Gutschrift,89.9,kundenretoure
RT-2026-4457,2026-03-18,freigegeben,eingegangen,AB-2026-11127,Eigener Shop,K-19042,PayPal,HOOD-ZP-L-SCH,Zip-Hoodie Heavy,L,Schwarz,1,Zu gross,Gutschrift,89.9,kundenretoure
RT-2026-4458,2026-06-25,freigegeben,eingegangen,AB-2026-11128,Eigener Shop,K-18837,Rechnungskauf,SOCK-3P-XL-SCH,Sneaker Socken 3er-Pack,XL,Schwarz,1,,Sonstiges,19.9,nicht_abgeholt
RT-2026-4459,2026-06-28,freigegeben,eingegangen,AB-2026-11131,Zalando,K-12853,PayPal,KLEID-PR-XL-WEI,Sommerkleid Print,XL,Weiss,1,Entspricht nicht dem Foto,Gutschrift,79.9,kundenretoure
RT-2026-4460,2026-04-02,freigegeben,eingegangen,AB-2026-11149,Amazon,K-12609,Kreditkarte,HOOD-ZP-S-SCH,Zip-Hoodie Heavy,S,Schwarz,1,Gefaellt nicht,Gutschrift,89.9,kundenretoure
RT-2026-4461,2026-04-17,freigegeben,eingegangen,AB-2026-11151,Eigener Shop,K-17901,Rechnungskauf,TEE-BAS-L-OLI,T-Shirt Basic,L,Oliv,1,,Gutschrift,29.9,kundenretoure
RT-2026-4462,2026-03-17,freigegeben,eingegangen,AB-2026-11154,Eigener Shop,K-12128,Rechnungskauf,JKT-RN-M-SCH,Regenjacke Tech,M,Schwarz,1,,Gutschrift,119.9,kundenretoure
RT-2026-4463,2026-03-18,freigegeben,eingegangen,AB-2026-11158,Zalando,K-19380,PayPal,KLEID-PR-XL-WEI,Sommerkleid Print,XL,Weiss,1,Entspricht nicht dem Foto,Gutschrift,79.9,kundenretoure
RT-2026-4464,2026-03-09,freigegeben,eingegangen,AB-2026-11166,Eigener Shop,K-17097,PayPal,TEE-BAS-S-WEI,T-Shirt Basic,S,Weiss,1,Zu klein,Gutschrift,29.9,kundenretoure
RT-2026-4465,2026-02-18,freigegeben,eingegangen,AB-2026-11173,Amazon,K-12040,PayPal,TEE-BAS-M-WEI,T-Shirt Basic,M,Weiss,1,Zu gross,Gutschrift,29.9,kundenretoure
RT-2026-4466,2026-06-23,freigegeben,eingegangen,AB-2026-11177,Eigener Shop,K-16706,PayPal,HOOD-ZP-XL-WEI,Zip-Hoodie Heavy,XL,Weiss,1,Entspricht nicht dem Foto,Gutschrift,89.9,kundenretoure
RT-2026-4467,2026-06-03,freigegeben,eingegangen,AB-2026-11186,Amazon,K-13923,Kreditkarte,JOG-CL-L-WEI,Jogger Classic,L,Weiss,1,Zu gross,Gutschrift,64.9,kundenretoure
RT-2026-4468,2026-03-13,freigegeben,eingegangen,AB-2026-11187,Eigener Shop,K-12849,PayPal,JOG-CL-L-NAV,Jogger Classic,L,Navy,1,Zu gross,Gutschrift,64.9,kundenretoure
RT-2026-4469,2026-06-02,freigegeben,eingegangen,AB-2026-11188,Amazon,K-13575,Rechnungskauf,HOOD-ZP-XS-WEI,Zip-Hoodie Heavy,XS,Weiss,1,,Sonstiges,89.9,nicht_abgeholt
RT-2026-4469,2026-06-02,freigegeben,eingegangen,AB-2026-11188,Amazon,K-13575,Rechnungskauf,KLEID-PR-M-OLI,Sommerkleid Print,M,Oliv,1,,Sonstiges,79.9,nicht_abgeholt
RT-2026-4470,2026-01-29,freigegeben,eingegangen,AB-2026-11192,Eigener Shop,K-14779,PayPal,JKT-RN-XL-SCH,Regenjacke Tech,XL,Schwarz,1,Entspricht nicht dem Foto,Gutschrift,119.9,kundenretoure
RT-2026-4471,2026-05-28,freigegeben,eingegangen,AB-2026-11196,Zalando,K-15422,Vorkasse,HOOD-ZP-XS-SCH,Zip-Hoodie Heavy,XS,Schwarz,1,,Sonstiges,89.9,nicht_abgeholt
RT-2026-4471,2026-05-28,freigegeben,eingegangen,AB-2026-11196,Zalando,K-15422,Vorkasse,HOOD-ZP-S-WEI,Zip-Hoodie Heavy,S,Weiss,1,,Sonstiges,89.9,nicht_abgeholt
RT-2026-4472,2026-06-20,freigegeben,eingegangen,AB-2026-11200,Amazon,K-19096,Rechnungskauf,TEE-BAS-L-NAV,T-Shirt Basic,L,Navy,1,,Gutschrift,29.9,kundenretoure
RT-2026-4473,2026-02-05,freigegeben,eingegangen,AB-2026-11203,Zalando,K-12967,PayPal,HOOD-CL-XL-SCH,Hoodie Classic,XL,Schwarz,1,Zu klein,Gutschrift,69.9,kundenretoure
RT-2026-4474,2026-04-04,freigegeben,eingegangen,AB-2026-11205,Amazon,K-13528,PayPal,TEE-OVS-M-WEI,T-Shirt Oversized,M,Weiss,1,Beschaedigt angekommen,Ersatzlieferung,34.9,kundenretoure
RT-2026-4475,2026-05-18,freigegeben,eingegangen,AB-2026-11206,Amazon,K-11667,Rechnungskauf,KLEID-PR-S-NAV,Sommerkleid Print,S,Navy,1,Entspricht nicht dem Foto,Gutschrift,79.9,kundenretoure
RT-2026-4476,2026-03-08,freigegeben,eingegangen,AB-2026-11217,Eigener Shop,K-17048,PayPal,JKT-RN-L-SCH,Regenjacke Tech,L,Schwarz,1,Entspricht nicht dem Foto,Gutschrift,119.9,kundenretoure
RT-2026-4477,2026-03-23,freigegeben,eingegangen,AB-2026-11222,Amazon,K-10201,PayPal,JKT-RN-L-SCH,Regenjacke Tech,L,Schwarz,1,Gefaellt nicht,Gutschrift,119.9,kundenretoure
RT-2026-4478,2026-04-15,freigegeben,eingegangen,AB-2026-11222,Amazon,K-10201,PayPal,HOOD-ZP-S-WEI,Zip-Hoodie Heavy,S,Weiss,1,,Gutschrift,89.9,kundenretoure
RT-2026-4479,2026-05-14,freigegeben,eingegangen,AB-2026-11227,Eigener Shop,K-11834,Kreditkarte,CAP-LG-S-SCH,Cap Logo,S,Schwarz,1,,Gutschrift,24.9,kundenretoure
RT-2026-4480,2026-05-26,freigegeben,eingegangen,AB-2026-11232,Eigener Shop,K-14677,PayPal,TEE-BAS-L-SCH,T-Shirt Basic,L,Schwarz,1,Zu klein,Gutschrift,29.9,kundenretoure
RT-2026-4481,2026-04-09,freigegeben,eingegangen,AB-2026-11239,Eigener Shop,K-12202,Kreditkarte,HOOD-ZP-XL-WEI,Zip-Hoodie Heavy,XL,Weiss,1,Gefaellt nicht,Gutschrift,89.9,kundenretoure
RT-2026-4482,2026-04-25,freigegeben,eingegangen,AB-2026-11249,Eigener Shop,K-18245,Rechnungskauf,HOOD-CL-L-SCH,Hoodie Classic,L,Schwarz,1,Zu klein,Gutschrift,69.9,kundenretoure
RT-2026-4483,2026-02-12,freigegeben,eingegangen,AB-2026-11250,Zalando,K-11463,PayPal,KLEID-PR-L-NAV,Sommerkleid Print,L,Navy,1,Zu klein,Gutschrift,79.9,kundenretoure
RT-2026-4484,2026-06-26,freigegeben,eingegangen,AB-2026-11260,Eigener Shop,K-17321,Vorkasse,HOOD-CL-L-OLI,Hoodie Classic,L,Oliv,1,Zu klein,Gutschrift,69.9,kundenretoure
RT-2026-4485,2026-02-07,freigegeben,eingegangen,AB-2026-11263,Eigener Shop,K-16894,Kreditkarte,TEE-BAS-XL-NAV,T-Shirt Basic,XL,Navy,1,Zu spaet geliefert,Gutschrift,29.9,kundenretoure
RT-2026-4486,2026-02-09,freigegeben,eingegangen,AB-2026-11265,Amazon,K-16445,Rechnungskauf,CAP-LG-M-SCH,Cap Logo,M,Schwarz,1,Zu klein,Gutschrift,24.9,kundenretoure
RT-2026-4487,2026-02-06,freigegeben,eingegangen,AB-2026-11276,Amazon,K-13519,Rechnungskauf,HOOD-CL-XL-OLI,Hoodie Classic,XL,Oliv,1,Gefaellt nicht,Gutschrift,69.9,kundenretoure
RT-2026-4488,2026-06-27,freigegeben,eingegangen,AB-2026-11297,Eigener Shop,K-16888,PayPal,JKT-RN-L-WEI,Regenjacke Tech,L,Weiss,1,,Gutschrift,119.9,kundenretoure
RT-2026-4489,2026-06-01,freigegeben,eingegangen,AB-2026-11300,Eigener Shop,K-14852,Rechnungskauf,HOOD-ZP-M-WEI,Zip-Hoodie Heavy,M,Weiss,1,Gefaellt nicht,Gutschrift,89.9,kundenretoure
RT-2026-4490,2026-04-18,freigegeben,eingegangen,AB-2026-11303,Eigener Shop,K-12046,PayPal,JKT-RN-S-SCH,Regenjacke Tech,S,Schwarz,1,Gefaellt nicht,Gutschrift,119.9,kundenretoure
RT-2026-4491,2026-06-01,freigegeben,eingegangen,AB-2026-11315,Eigener Shop,K-12556,Kreditkarte,KLEID-PR-S-WEI,Sommerkleid Print,S,Weiss,1,Zu gross,Gutschrift,79.9,kundenretoure
RT-2026-4492,2026-01-25,freigegeben,eingegangen,AB-2026-11327,Eigener Shop,K-15848,Vorkasse,HOOD-ZP-M-SCH,Zip-Hoodie Heavy,M,Schwarz,1,Zu gross,Gutschrift,89.9,kundenretoure
RT-2026-4493,2026-04-10,freigegeben,eingegangen,AB-2026-11334,Eigener Shop,K-13918,Rechnungskauf,JKT-RN-XS-WEI,Regenjacke Tech,XS,Weiss,1,,Sonstiges,119.9,nicht_abgeholt
RT-2026-4493,2026-04-10,freigegeben,eingegangen,AB-2026-11334,Eigener Shop,K-13918,Rechnungskauf,TEE-BAS-L-SCH,T-Shirt Basic,L,Schwarz,1,,Sonstiges,29.9,nicht_abgeholt
RT-2026-4494,2026-06-01,freigegeben,eingegangen,AB-2026-11337,Eigener Shop,K-13416,Kreditkarte,JKT-RN-XL-SCH,Regenjacke Tech,XL,Schwarz,1,Nicht mehr benoetigt,Gutschrift,119.9,kundenretoure
RT-2026-4495,2026-04-19,freigegeben,eingegangen,AB-2026-11347,Zalando,K-12376,Vorkasse,HOOD-ZP-XS-WEI,Zip-Hoodie Heavy,XS,Weiss,1,Nicht mehr benoetigt,Gutschrift,89.9,kundenretoure
RT-2026-4496,2026-03-16,freigegeben,eingegangen,AB-2026-11350,Eigener Shop,K-14742,Kreditkarte,HOOD-ZP-L-WEI,Zip-Hoodie Heavy,L,Weiss,1,Gefaellt nicht,Gutschrift,89.9,kundenretoure
RT-2026-4497,2026-03-12,freigegeben,eingegangen,AB-2026-11352,Amazon,K-14801,PayPal,TEE-OVS-XS-SCH,T-Shirt Oversized,XS,Schwarz,1,Beschaedigt angekommen,Ersatzlieferung,34.9,kundenretoure
RT-2026-4498,2026-01-12,freigegeben,eingegangen,AB-2026-11354,Eigener Shop,K-11910,PayPal,KLEID-PR-S-OLI,Sommerkleid Print,S,Oliv,1,Gefaellt nicht,Gutschrift,79.9,kundenretoure
RT-2026-4499,2026-03-01,freigegeben,eingegangen,AB-2026-11356,Eigener Shop,K-18933,Vorkasse,TEE-OVS-XL-SCH,T-Shirt Oversized,XL,Schwarz,1,,Gutschrift,34.9,kundenretoure
RT-2026-4500,2026-03-03,freigegeben,eingegangen,AB-2026-11365,Amazon,K-17622,Vorkasse,KLEID-PR-XS-OLI,Sommerkleid Print,XS,Oliv,1,Farbe weicht ab,Gutschrift,79.9,kundenretoure
RT-2026-4501,2026-01-11,freigegeben,eingegangen,AB-2026-11366,Eigener Shop,K-11454,Kreditkarte,HOOD-CL-XS-SCH,Hoodie Classic,XS,Schwarz,1,Zu klein,Gutschrift,69.9,kundenretoure
RT-2026-4502,2026-01-22,freigegeben,eingegangen,AB-2026-11372,Eigener Shop,K-12136,Rechnungskauf,TEE-BAS-S-SCH,T-Shirt Basic,S,Schwarz,1,,Sonstiges,29.9,nicht_abgeholt
RT-2026-4502,2026-01-22,freigegeben,eingegangen,AB-2026-11372,Eigener Shop,K-12136,Rechnungskauf,JKT-RN-M-WEI,Regenjacke Tech,M,Weiss,1,,Sonstiges,119.9,nicht_abgeholt
RT-2026-4503,2026-05-19,freigegeben,eingegangen,AB-2026-11381,Amazon,K-12489,PayPal,JKT-RN-XS-WEI,Regenjacke Tech,XS,Weiss,1,Falscher Artikel,Ersatzlieferung,119.9,kundenretoure
RT-2026-4504,2026-04-05,freigegeben,eingegangen,AB-2026-11382,Amazon,K-18526,Rechnungskauf,TEE-OVS-XS-WEI,T-Shirt Oversized,XS,Weiss,1,,Sonstiges,34.9,nicht_abgeholt
RT-2026-4504,2026-04-05,freigegeben,eingegangen,AB-2026-11382,Amazon,K-18526,Rechnungskauf,JKT-RN-XS-WEI,Regenjacke Tech,XS,Weiss,1,,Sonstiges,119.9,nicht_abgeholt
RT-2026-4505,2026-04-01,freigegeben,eingegangen,AB-2026-11383,Eigener Shop,K-17488,PayPal,JKT-RN-S-SCH,Regenjacke Tech,S,Schwarz,1,Zu gross,Gutschrift,119.9,kundenretoure
RT-2026-4506,2026-04-26,freigegeben,eingegangen,AB-2026-11390,Amazon,K-18977,Rechnungskauf,TEE-OVS-XS-OLI,T-Shirt Oversized,XS,Oliv,1,Zu gross,Gutschrift,34.9,kundenretoure
RT-2026-4507,2026-04-07,freigegeben,eingegangen,AB-2026-11391,Eigener Shop,K-11384,PayPal,TEE-BAS-M-NAV,T-Shirt Basic,M,Navy,1,Beschaedigt angekommen,Ersatzlieferung,29.9,kundenretoure
RT-2026-4508,2026-07-03,freigegeben,eingegangen,AB-2026-11395,Eigener Shop,K-14380,Rechnungskauf,KLEID-PR-XS-WEI,Sommerkleid Print,XS,Weiss,1,Farbe weicht ab,Gutschrift,79.9,kundenretoure
RT-2026-4509,2026-03-15,freigegeben,eingegangen,AB-2026-11396,Zalando,K-16422,PayPal,JKT-RN-S-SCH,Regenjacke Tech,S,Schwarz,1,Entspricht nicht dem Foto,Gutschrift,119.9,kundenretoure
RT-2026-4510,2026-06-26,freigegeben,eingegangen,AB-2026-11401,Eigener Shop,K-13136,PayPal,HOOD-ZP-M-WEI,Zip-Hoodie Heavy,M,Weiss,1,Zu klein,Gutschrift,89.9,kundenretoure
RT-2026-4511,2026-02-07,freigegeben,eingegangen,AB-2026-11402,Amazon,K-18112,Rechnungskauf,HOOD-CL-L-SCH,Hoodie Classic,L,Schwarz,1,Zu klein,Gutschrift,69.9,kundenretoure
RT-2026-4512,2026-06-11,freigegeben,eingegangen,AB-2026-11407,Eigener Shop,K-17348,PayPal,JOG-CL-M-OLI,Jogger Classic,M,Oliv,1,Beschaedigt angekommen,Ersatzlieferung,64.9,kundenretoure
RT-2026-4513,2026-04-28,freigegeben,eingegangen,AB-2026-11410,Zalando,K-18663,Rechnungskauf,TEE-OVS-XL-NAV,T-Shirt Oversized,XL,Navy,1,Zu klein,Gutschrift,34.9,kundenretoure
RT-2026-4514,2026-03-04,freigegeben,eingegangen,AB-2026-11413,Eigener Shop,K-10299,Kreditkarte,HOOD-ZP-S-SCH,Zip-Hoodie Heavy,S,Schwarz,1,Zu gross,Gutschrift,89.9,kundenretoure
RT-2026-4515,2026-01-10,freigegeben,eingegangen,AB-2026-11422,Eigener Shop,K-16524,PayPal,JOG-CL-M-OLI,Jogger Classic,M,Oliv,1,Zu gross,Gutschrift,64.9,kundenretoure
RT-2026-4516,2026-03-20,freigegeben,eingegangen,AB-2026-11430,Amazon,K-12609,Kreditkarte,JKT-RN-XL-SCH,Regenjacke Tech,XL,Schwarz,1,Falscher Artikel,Ersatzlieferung,119.9,kundenretoure
RT-2026-4517,2026-05-16,freigegeben,eingegangen,AB-2026-11430,Amazon,K-12609,Kreditkarte,HOOD-CL-M-OLI,Hoodie Classic,M,Oliv,1,,Gutschrift,69.9,kundenretoure
RT-2026-4518,2026-02-04,freigegeben,eingegangen,AB-2026-11432,Amazon,K-14610,Rechnungskauf,HOOD-ZP-L-WEI,Zip-Hoodie Heavy,L,Weiss,1,,Sonstiges,89.9,nicht_abgeholt
RT-2026-4518,2026-02-04,freigegeben,eingegangen,AB-2026-11432,Amazon,K-14610,Rechnungskauf,SOCK-3P-XL-NAV,Sneaker Socken 3er-Pack,XL,Navy,1,,Sonstiges,19.9,nicht_abgeholt
RT-2026-4519,2026-05-24,freigegeben,eingegangen,AB-2026-11436,Zalando,K-19876,Kreditkarte,HOOD-CL-S-WEI,Hoodie Classic,S,Weiss,1,Zu klein,Gutschrift,69.9,kundenretoure
RT-2026-4520,2026-05-22,freigegeben,eingegangen,AB-2026-11436,Zalando,K-19876,Kreditkarte,JKT-RN-L-WEI,Regenjacke Tech,L,Weiss,1,Gefaellt nicht,Gutschrift,119.9,kundenretoure
RT-2026-4521,2026-06-17,freigegeben,eingegangen,AB-2026-11447,Eigener Shop,K-15394,Kreditkarte,HOOD-ZP-XL-WEI,Zip-Hoodie Heavy,XL,Weiss,1,Gefaellt nicht,Gutschrift,89.9,kundenretoure
RT-2026-4522,2026-04-21,freigegeben,eingegangen,AB-2026-11458,Eigener Shop,K-17736,Kreditkarte,KLEID-PR-S-WEI,Sommerkleid Print,S,Weiss,1,,Gutschrift,79.9,kundenretoure
RT-2026-4523,2026-03-22,freigegeben,eingegangen,AB-2026-11459,Eigener Shop,K-19569,Vorkasse,HOOD-ZP-XS-SCH,Zip-Hoodie Heavy,XS,Schwarz,1,Gefaellt nicht,Gutschrift,89.9,kundenretoure
RT-2026-4524,2026-02-19,freigegeben,eingegangen,AB-2026-11463,Eigener Shop,K-15225,Rechnungskauf,JKT-RN-L-WEI,Regenjacke Tech,L,Weiss,1,Zu spaet geliefert,Gutschrift,119.9,kundenretoure
RT-2026-4525,2026-05-07,freigegeben,eingegangen,AB-2026-11464,Amazon,K-12419,Vorkasse,JKT-RN-XL-SCH,Regenjacke Tech,XL,Schwarz,1,Mangelhafte Qualitaet,Gutschrift,119.9,kundenretoure
RT-2026-4526,2026-01-15,freigegeben,eingegangen,AB-2026-11468,Eigener Shop,K-17146,PayPal,HOOD-ZP-XL-WEI,Zip-Hoodie Heavy,XL,Weiss,1,Zu gross,Gutschrift,89.9,kundenretoure
RT-2026-4527,2026-03-15,freigegeben,eingegangen,AB-2026-11471,Amazon,K-11656,Kreditkarte,JOG-CL-L-SCH,Jogger Classic,L,Schwarz,1,,Sonstiges,64.9,nicht_abgeholt
RT-2026-4528,2026-06-15,freigegeben,eingegangen,AB-2026-11477,Eigener Shop,K-12651,Rechnungskauf,HOOD-ZP-L-SCH,Zip-Hoodie Heavy,L,Schwarz,1,,Gutschrift,89.9,kundenretoure
RT-2026-4529,2026-01-27,freigegeben,eingegangen,AB-2026-11478,Eigener Shop,K-14069,PayPal,TEE-BAS-M-SCH,T-Shirt Basic,M,Schwarz,1,,Gutschrift,29.9,kundenretoure
RT-2026-4530,2026-03-10,freigegeben,eingegangen,AB-2026-11487,Eigener Shop,K-14071,Rechnungskauf,HOOD-CL-L-OLI,Hoodie Classic,L,Oliv,1,Zu klein,Gutschrift,69.9,kundenretoure
RT-2026-4531,2026-05-11,freigegeben,eingegangen,AB-2026-11490,Eigener Shop,K-14223,Kreditkarte,JOG-CL-S-NAV,Jogger Classic,S,Navy,1,Zu gross,Gutschrift,64.9,kundenretoure
RT-2026-4532,2026-03-26,freigegeben,eingegangen,AB-2026-11495,Eigener Shop,K-16292,Kreditkarte,JKT-RN-M-WEI,Regenjacke Tech,M,Weiss,1,Zu gross,Gutschrift,119.9,kundenretoure
RT-2026-4533,2026-04-20,freigegeben,eingegangen,AB-2026-11496,Eigener Shop,K-17042,PayPal,KLEID-PR-XL-WEI,Sommerkleid Print,XL,Weiss,1,,Gutschrift,79.9,kundenretoure
RT-2026-4534,2026-06-29,freigegeben,eingegangen,AB-2026-11497,Eigener Shop,K-15640,Vorkasse,HOOD-ZP-L-WEI,Zip-Hoodie Heavy,L,Weiss,1,Beschaedigt angekommen,Ersatzlieferung,89.9,kundenretoure
RT-2026-4535,2026-06-22,freigegeben,eingegangen,AB-2026-11498,Amazon,K-18054,Rechnungskauf,KLEID-PR-XL-OLI,Sommerkleid Print,XL,Oliv,1,,Sonstiges,79.9,nicht_abgeholt
RT-2026-4535,2026-06-22,freigegeben,eingegangen,AB-2026-11498,Amazon,K-18054,Rechnungskauf,CAP-LG-XL-NAV,Cap Logo,XL,Navy,1,,Sonstiges,24.9,nicht_abgeholt
RT-2026-4536,2026-06-10,freigegeben,eingegangen,AB-2026-11501,Eigener Shop,K-15642,PayPal,HOOD-CL-L-WEI,Hoodie Classic,L,Weiss,1,Zu klein,Gutschrift,69.9,kundenretoure
RT-2026-4537,2026-02-16,freigegeben,eingegangen,AB-2026-11512,Amazon,K-10320,PayPal,KLEID-PR-S-NAV,Sommerkleid Print,S,Navy,1,Entspricht nicht dem Foto,Gutschrift,79.9,kundenretoure
RT-2026-4538,2026-02-19,freigegeben,eingegangen,AB-2026-11519,Eigener Shop,K-13520,PayPal,TEE-BAS-XS-OLI,T-Shirt Basic,XS,Oliv,1,Gefaellt nicht,Gutschrift,29.9,kundenretoure
RT-2026-4539,2026-05-12,freigegeben,eingegangen,AB-2026-11527,Eigener Shop,K-10325,PayPal,TEE-BAS-S-SCH,T-Shirt Basic,S,Schwarz,1,Zu gross,Gutschrift,29.9,kundenretoure
RT-2026-4540,2026-05-19,freigegeben,eingegangen,AB-2026-11529,Zalando,K-11092,Rechnungskauf,CAP-LG-S-OLI,Cap Logo,S,Oliv,1,,Gutschrift,24.9,kundenretoure
RT-2026-4541,2026-05-17,freigegeben,eingegangen,AB-2026-11530,Amazon,K-10442,PayPal,JOG-CL-S-SCH,Jogger Classic,S,Schwarz,1,Gefaellt nicht,Gutschrift,64.9,kundenretoure
RT-2026-4542,2026-05-20,freigegeben,eingegangen,AB-2026-11530,Amazon,K-10442,PayPal,JOG-CL-M-SCH,Jogger Classic,M,Schwarz,1,Zu klein,Gutschrift,64.9,kundenretoure
RT-2026-4543,2026-04-26,freigegeben,eingegangen,AB-2026-11531,Eigener Shop,K-13064,PayPal,JKT-RN-S-SCH,Regenjacke Tech,S,Schwarz,1,Gefaellt nicht,Gutschrift,119.9,kundenretoure
RT-2026-4544,2026-03-14,freigegeben,eingegangen,AB-2026-11533,Amazon,K-13029,Rechnungskauf,HOOD-CL-S-WEI,Hoodie Classic,S,Weiss,1,Zu klein,Gutschrift,69.9,kundenretoure
RT-2026-4545,2026-03-26,freigegeben,eingegangen,AB-2026-11539,Eigener Shop,K-17317,Kreditkarte,TEE-BAS-S-OLI,T-Shirt Basic,S,Oliv,1,,Gutschrift,29.9,kundenretoure
RT-2026-4546,2026-03-14,freigegeben,eingegangen,AB-2026-11540,Eigener Shop,K-14865,PayPal,HOOD-ZP-XL-SCH,Zip-Hoodie Heavy,XL,Schwarz,1,Mangelhafte Qualitaet,Gutschrift,89.9,kundenretoure
RT-2026-4547,2026-06-05,freigegeben,eingegangen,AB-2026-11541,Eigener Shop,K-11443,Kreditkarte,TEE-BAS-XL-OLI,T-Shirt Basic,XL,Oliv,1,Gefaellt nicht,Gutschrift,29.9,kundenretoure
RT-2026-4548,2026-01-21,freigegeben,eingegangen,AB-2026-11545,Amazon,K-17599,Rechnungskauf,JOG-CL-M-SCH,Jogger Classic,M,Schwarz,1,Zu klein,Gutschrift,64.9,kundenretoure
RT-2026-4549,2026-03-26,freigegeben,eingegangen,AB-2026-11548,Eigener Shop,K-10275,Kreditkarte,JOG-CL-XL-SCH,Jogger Classic,XL,Schwarz,1,Gefaellt nicht,Gutschrift,64.9,kundenretoure
RT-2026-4550,2026-04-29,freigegeben,eingegangen,AB-2026-11550,Eigener Shop,K-16008,Kreditkarte,TEE-BAS-M-NAV,T-Shirt Basic,M,Navy,1,,Gutschrift,29.9,kundenretoure
RT-2026-4551,2026-02-01,freigegeben,eingegangen,AB-2026-11558,Amazon,K-18754,Kreditkarte,TEE-OVS-L-OLI,T-Shirt Oversized,L,Oliv,1,,Sonstiges,34.9,nicht_abgeholt
RT-2026-4551,2026-02-01,freigegeben,eingegangen,AB-2026-11558,Amazon,K-18754,Kreditkarte,HOOD-ZP-M-SCH,Zip-Hoodie Heavy,M,Schwarz,1,,Sonstiges,89.9,nicht_abgeholt
RT-2026-4552,2026-05-08,freigegeben,eingegangen,AB-2026-11560,Eigener Shop,K-13068,PayPal,HOOD-CL-XS-NAV,Hoodie Classic,XS,Navy,1,Zu gross,Gutschrift,69.9,kundenretoure
RT-2026-4553,2026-03-27,freigegeben,eingegangen,AB-2026-11561,Amazon,K-16194,PayPal,HOOD-CL-M-NAV,Hoodie Classic,M,Navy,1,Zu klein,Gutschrift,69.9,kundenretoure
RT-2026-4554,2026-04-21,freigegeben,eingegangen,AB-2026-11564,Eigener Shop,K-19667,Rechnungskauf,HOOD-ZP-XL-WEI,Zip-Hoodie Heavy,XL,Weiss,1,,Sonstiges,89.9,nicht_abgeholt
RT-2026-4555,2026-02-20,freigegeben,eingegangen,AB-2026-11565,Eigener Shop,K-15831,Kreditkarte,KLEID-PR-M-SCH,Sommerkleid Print,M,Schwarz,1,,Sonstiges,79.9,nicht_abgeholt
RT-2026-4555,2026-02-20,freigegeben,eingegangen,AB-2026-11565,Eigener Shop,K-15831,Kreditkarte,KLEID-PR-L-SCH,Sommerkleid Print,L,Schwarz,1,,Sonstiges,79.9,nicht_abgeholt
RT-2026-4556,2026-03-06,freigegeben,eingegangen,AB-2026-11574,Eigener Shop,K-17297,Kreditkarte,JOG-CL-L-WEI,Jogger Classic,L,Weiss,1,,Gutschrift,64.9,kundenretoure
RT-2026-4557,2026-03-05,freigegeben,eingegangen,AB-2026-11579,Eigener Shop,K-11481,Rechnungskauf,TEE-BAS-XS-NAV,T-Shirt Basic,XS,Navy,1,Zu klein,Gutschrift,29.9,kundenretoure
RT-2026-4558,2026-05-26,freigegeben,eingegangen,AB-2026-11590,Eigener Shop,K-15299,Rechnungskauf,HOOD-CL-S-WEI,Hoodie Classic,S,Weiss,1,Mangelhafte Qualitaet,Gutschrift,69.9,kundenretoure
RT-2026-4559,2026-06-16,freigegeben,eingegangen,AB-2026-11593,Zalando,K-17822,PayPal,JKT-RN-XL-WEI,Regenjacke Tech,XL,Weiss,1,Nicht mehr benoetigt,Gutschrift,119.9,kundenretoure
RT-2026-4560,2026-01-23,freigegeben,eingegangen,AB-2026-11597,Amazon,K-15090,Vorkasse,JKT-RN-XL-WEI,Regenjacke Tech,XL,Weiss,1,Nicht mehr benoetigt,Gutschrift,119.9,kundenretoure
RT-2026-4561,2026-05-24,freigegeben,eingegangen,AB-2026-11600,Eigener Shop,K-15237,Kreditkarte,JKT-RN-S-WEI,Regenjacke Tech,S,Weiss,1,Zu klein,Gutschrift,119.9,kundenretoure
RT-2026-4562,2026-07-01,freigegeben,eingegangen,AB-2026-11608,Eigener Shop,K-17011,Rechnungskauf,TEE-BAS-L-SCH,T-Shirt Basic,L,Schwarz,1,Zu gross,Gutschrift,29.9,kundenretoure
RT-2026-4563,2026-02-22,freigegeben,eingegangen,AB-2026-11621,Eigener Shop,K-18451,Vorkasse,KLEID-PR-L-SCH,Sommerkleid Print,L,Schwarz,1,Entspricht nicht dem Foto,Gutschrift,79.9,kundenretoure
RT-2026-4564,2026-06-03,freigegeben,eingegangen,AB-2026-11623,Amazon,K-13543,Rechnungskauf,JOG-CL-XS-NAV,Jogger Classic,XS,Navy,1,Gefaellt nicht,Gutschrift,64.9,kundenretoure
RT-2026-4565,2026-03-09,freigegeben,eingegangen,AB-2026-11626,Amazon,K-11433,Rechnungskauf,HOOD-ZP-L-SCH,Zip-Hoodie Heavy,L,Schwarz,1,,Sonstiges,89.9,nicht_abgeholt
RT-2026-4565,2026-03-09,freigegeben,eingegangen,AB-2026-11626,Amazon,K-11433,Rechnungskauf,HOOD-ZP-XS-WEI,Zip-Hoodie Heavy,XS,Weiss,1,,Sonstiges,89.9,nicht_abgeholt
RT-2026-4565,2026-03-09,freigegeben,eingegangen,AB-2026-11626,Amazon,K-11433,Rechnungskauf,JKT-RN-S-WEI,Regenjacke Tech,S,Weiss,1,,Sonstiges,119.9,nicht_abgeholt
RT-2026-4566,2026-05-13,freigegeben,eingegangen,AB-2026-11653,Zalando,K-13370,PayPal,TEE-BAS-M-OLI,T-Shirt Basic,M,Oliv,1,Zu gross,Gutschrift,29.9,kundenretoure
RT-2026-4567,2026-06-19,freigegeben,eingegangen,AB-2026-11653,Zalando,K-13370,PayPal,TEE-OVS-XS-OLI,T-Shirt Oversized,XS,Oliv,1,Zu klein,Gutschrift,34.9,kundenretoure
RT-2026-4568,2026-05-17,freigegeben,eingegangen,AB-2026-11657,Zalando,K-10763,Kreditkarte,KLEID-PR-L-NAV,Sommerkleid Print,L,Navy,1,Farbe weicht ab,Gutschrift,79.9,kundenretoure
RT-2026-4569,2026-06-29,freigegeben,eingegangen,AB-2026-11663,Eigener Shop,K-16540,Vorkasse,TEE-OVS-XS-NAV,T-Shirt Oversized,XS,Navy,1,Nicht mehr benoetigt,Gutschrift,34.9,kundenretoure
RT-2026-4570,2026-02-23,freigegeben,eingegangen,AB-2026-11666,Eigener Shop,K-14209,Vorkasse,HOOD-CL-M-WEI,Hoodie Classic,M,Weiss,1,Zu klein,Gutschrift,69.9,kundenretoure
RT-2026-4571,2026-07-03,freigegeben,eingegangen,AB-2026-11669,Amazon,K-16034,Vorkasse,HOOD-ZP-S-WEI,Zip-Hoodie Heavy,S,Weiss,1,Zu gross,Gutschrift,89.9,kundenretoure
RT-2026-4572,2026-06-21,freigegeben,eingegangen,AB-2026-11677,Eigener Shop,K-18642,Rechnungskauf,HOOD-CL-M-NAV,Hoodie Classic,M,Navy,1,Gefaellt nicht,Gutschrift,69.9,kundenretoure
RT-2026-4573,2026-02-03,freigegeben,eingegangen,AB-2026-11690,Eigener Shop,K-17276,Vorkasse,KLEID-PR-XL-WEI,Sommerkleid Print,XL,Weiss,1,Farbe weicht ab,Gutschrift,79.9,kundenretoure
RT-2026-4574,2026-06-06,freigegeben,eingegangen,AB-2026-11691,Eigener Shop,K-17234,PayPal,KLEID-PR-S-WEI,Sommerkleid Print,S,Weiss,1,Farbe weicht ab,Gutschrift,79.9,kundenretoure
RT-2026-4575,2026-06-18,freigegeben,eingegangen,AB-2026-11702,Eigener Shop,K-10789,Rechnungskauf,KLEID-PR-M-OLI,Sommerkleid Print,M,Oliv,1,,Sonstiges,79.9,nicht_abgeholt
RT-2026-4575,2026-06-18,freigegeben,eingegangen,AB-2026-11702,Eigener Shop,K-10789,Rechnungskauf,HOOD-ZP-S-WEI,Zip-Hoodie Heavy,S,Weiss,1,,Sonstiges,89.9,nicht_abgeholt
RT-2026-4576,2026-04-04,freigegeben,eingegangen,AB-2026-11704,Eigener Shop,K-16290,Kreditkarte,HOOD-ZP-XS-SCH,Zip-Hoodie Heavy,XS,Schwarz,1,Gefaellt nicht,Gutschrift,89.9,kundenretoure
RT-2026-4577,2026-05-31,freigegeben,eingegangen,AB-2026-11708,Zalando,K-13672,PayPal,TEE-OVS-XL-SCH,T-Shirt Oversized,XL,Schwarz,1,Zu spaet geliefert,Gutschrift,34.9,kundenretoure
RT-2026-4578,2026-01-21,freigegeben,eingegangen,AB-2026-11712,Eigener Shop,K-16768,Kreditkarte,HOOD-ZP-S-SCH,Zip-Hoodie Heavy,S,Schwarz,1,Gefaellt nicht,Gutschrift,89.9,kundenretoure
RT-2026-4579,2026-06-02,freigegeben,eingegangen,AB-2026-11713,Zalando,K-17296,Kreditkarte,HOOD-CL-L-NAV,Hoodie Classic,L,Navy,1,Zu spaet geliefert,Gutschrift,69.9,kundenretoure
RT-2026-4580,2026-03-14,freigegeben,eingegangen,AB-2026-11716,Amazon,K-10872,Kreditkarte,HOOD-CL-L-WEI,Hoodie Classic,L,Weiss,1,Zu klein,Gutschrift,69.9,kundenretoure
RT-2026-4581,2026-06-07,freigegeben,eingegangen,AB-2026-11718,Eigener Shop,K-12990,PayPal,KLEID-PR-L-NAV,Sommerkleid Print,L,Navy,1,Zu spaet geliefert,Gutschrift,79.9,kundenretoure
RT-2026-4582,2026-03-30,freigegeben,eingegangen,AB-2026-11722,Eigener Shop,K-10811,PayPal,HOOD-CL-M-NAV,Hoodie Classic,M,Navy,1,,Gutschrift,69.9,kundenretoure
RT-2026-4583,2026-03-07,freigegeben,eingegangen,AB-2026-11728,Amazon,K-18353,Vorkasse,JOG-CL-S-WEI,Jogger Classic,S,Weiss,1,Zu klein,Gutschrift,64.9,kundenretoure
RT-2026-4584,2026-05-25,freigegeben,eingegangen,AB-2026-11736,Amazon,K-15550,PayPal,HOOD-CL-XS-OLI,Hoodie Classic,XS,Oliv,1,Zu klein,Gutschrift,69.9,kundenretoure
RT-2026-4585,2026-05-25,freigegeben,eingegangen,AB-2026-11736,Amazon,K-15550,PayPal,TEE-BAS-M-SCH,T-Shirt Basic,M,Schwarz,1,,Gutschrift,29.9,kundenretoure
RT-2026-4586,2026-03-19,freigegeben,eingegangen,AB-2026-11740,Amazon,K-19555,Rechnungskauf,TEE-OVS-XS-WEI,T-Shirt Oversized,XS,Weiss,1,,Sonstiges,34.9,nicht_abgeholt
RT-2026-4587,2026-03-15,freigegeben,eingegangen,AB-2026-11746,Amazon,K-18648,Vorkasse,TEE-BAS-M-NAV,T-Shirt Basic,M,Navy,1,Zu klein,Gutschrift,29.9,kundenretoure
RT-2026-4588,2026-06-12,freigegeben,eingegangen,AB-2026-11747,Eigener Shop,K-13825,Kreditkarte,JKT-RN-S-SCH,Regenjacke Tech,S,Schwarz,1,Beschaedigt angekommen,Ersatzlieferung,119.9,kundenretoure
RT-2026-4589,2026-02-11,freigegeben,eingegangen,AB-2026-11749,Eigener Shop,K-13224,Vorkasse,KLEID-PR-L-WEI,Sommerkleid Print,L,Weiss,1,Zu spaet geliefert,Gutschrift,79.9,kundenretoure
RT-2026-4590,2026-05-14,freigegeben,eingegangen,AB-2026-11754,Zalando,K-14448,Rechnungskauf,KLEID-PR-XS-OLI,Sommerkleid Print,XS,Oliv,1,Entspricht nicht dem Foto,Gutschrift,79.9,kundenretoure
RT-2026-4591,2026-05-12,freigegeben,eingegangen,AB-2026-11759,Amazon,K-11568,Rechnungskauf,JKT-RN-M-SCH,Regenjacke Tech,M,Schwarz,1,Zu gross,Gutschrift,119.9,kundenretoure
RT-2026-4592,2026-05-07,freigegeben,eingegangen,AB-2026-11761,Eigener Shop,K-10558,PayPal,CAP-LG-XS-SCH,Cap Logo,XS,Schwarz,1,Zu klein,Gutschrift,24.9,kundenretoure
RT-2026-4593,2026-03-24,freigegeben,eingegangen,AB-2026-11765,Eigener Shop,K-10897,Kreditkarte,JKT-RN-XL-SCH,Regenjacke Tech,XL,Schwarz,1,,Gutschrift,119.9,kundenretoure
RT-2026-4594,2026-04-01,freigegeben,eingegangen,AB-2026-11768,Amazon,K-16336,Rechnungskauf,JKT-RN-M-WEI,Regenjacke Tech,M,Weiss,1,Zu spaet geliefert,Gutschrift,119.9,kundenretoure
RT-2026-4595,2026-03-21,freigegeben,eingegangen,AB-2026-11770,Zalando,K-13360,PayPal,HOOD-ZP-XL-SCH,Zip-Hoodie Heavy,XL,Schwarz,1,Gefaellt nicht,Gutschrift,89.9,kundenretoure
RT-2026-4596,2026-06-11,freigegeben,eingegangen,AB-2026-11776,Eigener Shop,K-19585,Kreditkarte,HOOD-ZP-S-SCH,Zip-Hoodie Heavy,S,Schwarz,1,Mangelhafte Qualitaet,Gutschrift,89.9,kundenretoure
RT-2026-4597,2026-06-12,freigegeben,eingegangen,AB-2026-11779,Eigener Shop,K-19780,Rechnungskauf,JKT-RN-M-WEI,Regenjacke Tech,M,Weiss,1,Mangelhafte Qualitaet,Gutschrift,119.9,kundenretoure
RT-2026-4598,2026-01-16,freigegeben,eingegangen,AB-2026-11782,Eigener Shop,K-15388,Vorkasse,HOOD-CL-L-NAV,Hoodie Classic,L,Navy,1,Zu klein,Gutschrift,69.9,kundenretoure
RT-2026-4599,2026-06-11,freigegeben,eingegangen,AB-2026-11798,Eigener Shop,K-14101,Rechnungskauf,TEE-OVS-S-SCH,T-Shirt Oversized,S,Schwarz,1,Zu gross,Gutschrift,34.9,kundenretoure
RT-2026-4600,2026-06-02,freigegeben,eingegangen,AB-2026-11804,Eigener Shop,K-17018,Vorkasse,KLEID-PR-L-OLI,Sommerkleid Print,L,Oliv,1,Zu klein,Gutschrift,79.9,kundenretoure
RT-2026-4601,2026-07-01,freigegeben,eingegangen,AB-2026-11806,Amazon,K-16016,Rechnungskauf,JKT-RN-XL-SCH,Regenjacke Tech,XL,Schwarz,1,Entspricht nicht dem Foto,Gutschrift,119.9,kundenretoure
RT-2026-4602,2026-04-17,freigegeben,eingegangen,AB-2026-11809,Eigener Shop,K-17875,Vorkasse,JOG-CL-S-WEI,Jogger Classic,S,Weiss,1,Entspricht nicht dem Foto,Gutschrift,64.9,kundenretoure
RT-2026-4603,2026-04-21,freigegeben,eingegangen,AB-2026-11809,Eigener Shop,K-17875,Vorkasse,SOCK-3P-M-WEI,Sneaker Socken 3er-Pack,M,Weiss,1,Mangelhafte Qualitaet,Gutschrift,19.9,kundenretoure
RT-2026-4604,2026-01-30,freigegeben,eingegangen,AB-2026-11810,Eigener Shop,K-11268,Rechnungskauf,SOCK-3P-S-NAV,Sneaker Socken 3er-Pack,S,Navy,1,,Sonstiges,19.9,nicht_abgeholt
RT-2026-4605,2026-03-25,freigegeben,eingegangen,AB-2026-11815,Eigener Shop,K-16921,Rechnungskauf,HOOD-ZP-L-SCH,Zip-Hoodie Heavy,L,Schwarz,1,,Sonstiges,89.9,nicht_abgeholt
RT-2026-4605,2026-03-25,freigegeben,eingegangen,AB-2026-11815,Eigener Shop,K-16921,Rechnungskauf,JKT-RN-XS-SCH,Regenjacke Tech,XS,Schwarz,1,,Sonstiges,119.9,nicht_abgeholt
RT-2026-4606,2026-04-20,freigegeben,eingegangen,AB-2026-11817,Eigener Shop,K-15410,Kreditkarte,JOG-CL-XS-OLI,Jogger Classic,XS,Oliv,1,Gefaellt nicht,Gutschrift,64.9,kundenretoure
RT-2026-4607,2026-05-19,freigegeben,eingegangen,AB-2026-11819,Zalando,K-10030,Rechnungskauf,KLEID-PR-XS-WEI,Sommerkleid Print,XS,Weiss,1,,Gutschrift,79.9,kundenretoure
RT-2026-4608,2026-06-26,freigegeben,eingegangen,AB-2026-11822,Zalando,K-10128,Vorkasse,SOCK-3P-S-WEI,Sneaker Socken 3er-Pack,S,Weiss,1,,Gutschrift,19.9,kundenretoure
RT-2026-4609,2026-02-28,freigegeben,eingegangen,AB-2026-11824,Eigener Shop,K-19589,Rechnungskauf,HOOD-CL-L-OLI,Hoodie Classic,L,Oliv,1,Entspricht nicht dem Foto,Gutschrift,69.9,kundenretoure
RT-2026-4610,2026-04-24,freigegeben,eingegangen,AB-2026-11829,Amazon,K-12653,Rechnungskauf,HOOD-ZP-XL-SCH,Zip-Hoodie Heavy,XL,Schwarz,1,,Sonstiges,89.9,nicht_abgeholt
RT-2026-4611,2026-06-07,freigegeben,eingegangen,AB-2026-11838,Eigener Shop,K-11575,PayPal,TEE-BAS-S-NAV,T-Shirt Basic,S,Navy,1,Zu klein,Gutschrift,29.9,kundenretoure
RT-2026-4612,2026-04-13,freigegeben,eingegangen,AB-2026-11839,Eigener Shop,K-10270,PayPal,KLEID-PR-XS-WEI,Sommerkleid Print,XS,Weiss,1,Zu gross,Gutschrift,79.9,kundenretoure
RT-2026-4613,2026-06-16,freigegeben,eingegangen,AB-2026-11847,Amazon,K-19535,PayPal,JOG-CL-L-WEI,Jogger Classic,L,Weiss,1,,Gutschrift,64.9,kundenretoure
RT-2026-4614,2026-03-21,freigegeben,eingegangen,AB-2026-11851,Eigener Shop,K-12784,Kreditkarte,SOCK-3P-XL-OLI,Sneaker Socken 3er-Pack,XL,Oliv,1,Zu spaet geliefert,Gutschrift,19.9,kundenretoure
RT-2026-4615,2026-04-08,freigegeben,eingegangen,AB-2026-11852,Amazon,K-17801,Rechnungskauf,KLEID-PR-L-WEI,Sommerkleid Print,L,Weiss,1,,Gutschrift,79.9,kundenretoure
RT-2026-4616,2026-05-24,freigegeben,eingegangen,AB-2026-11853,Eigener Shop,K-11633,Kreditkarte,HOOD-CL-M-OLI,Hoodie Classic,M,Oliv,1,Zu klein,Gutschrift,69.9,kundenretoure
RT-2026-4617,2026-05-05,freigegeben,eingegangen,AB-2026-11854,Zalando,K-10442,Rechnungskauf,TEE-BAS-M-NAV,T-Shirt Basic,M,Navy,1,Nicht mehr benoetigt,Gutschrift,29.9,kundenretoure
RT-2026-4618,2026-01-23,freigegeben,eingegangen,AB-2026-11858,Eigener Shop,K-11221,PayPal,HOOD-CL-XL-OLI,Hoodie Classic,XL,Oliv,1,Zu gross,Gutschrift,69.9,kundenretoure
RT-2026-4619,2026-05-05,freigegeben,eingegangen,AB-2026-11860,Amazon,K-16745,Rechnungskauf,HOOD-CL-S-OLI,Hoodie Classic,S,Oliv,1,Zu klein,Gutschrift,69.9,kundenretoure
RT-2026-4620,2026-06-12,freigegeben,eingegangen,AB-2026-11867,Eigener Shop,K-15418,Rechnungskauf,JOG-CL-XL-OLI,Jogger Classic,XL,Oliv,1,Nicht mehr benoetigt,Gutschrift,64.9,kundenretoure
RT-2026-4621,2026-03-11,freigegeben,eingegangen,AB-2026-11868,Amazon,K-12199,Vorkasse,JKT-RN-XL-SCH,Regenjacke Tech,XL,Schwarz,1,,Gutschrift,119.9,kundenretoure
RT-2026-4622,2026-05-07,freigegeben,eingegangen,AB-2026-11871,Zalando,K-17751,Rechnungskauf,HOOD-CL-M-OLI,Hoodie Classic,M,Oliv,1,Gefaellt nicht,Gutschrift,69.9,kundenretoure
RT-2026-4623,2026-04-05,freigegeben,eingegangen,AB-2026-11872,Eigener Shop,K-12264,Vorkasse,TEE-BAS-L-OLI,T-Shirt Basic,L,Oliv,1,Zu klein,Gutschrift,29.9,kundenretoure
RT-2026-4624,2026-04-23,freigegeben,eingegangen,AB-2026-11873,Eigener Shop,K-12466,Kreditkarte,KLEID-PR-XL-OLI,Sommerkleid Print,XL,Oliv,1,Entspricht nicht dem Foto,Gutschrift,79.9,kundenretoure
RT-2026-4625,2026-03-02,freigegeben,eingegangen,AB-2026-11876,Zalando,K-16107,Kreditkarte,HOOD-CL-S-NAV,Hoodie Classic,S,Navy,1,,Gutschrift,69.9,kundenretoure
RT-2026-4626,2026-03-04,freigegeben,eingegangen,AB-2026-11882,Amazon,K-14515,Rechnungskauf,HOOD-CL-XL-SCH,Hoodie Classic,XL,Schwarz,1,,Sonstiges,69.9,nicht_abgeholt
RT-2026-4626,2026-03-04,freigegeben,eingegangen,AB-2026-11882,Amazon,K-14515,Rechnungskauf,HOOD-CL-S-SCH,Hoodie Classic,S,Schwarz,1,,Sonstiges,69.9,nicht_abgeholt
RT-2026-4627,2026-04-16,freigegeben,eingegangen,AB-2026-11888,Zalando,K-14583,Vorkasse,JKT-RN-L-SCH,Regenjacke Tech,L,Schwarz,1,Mangelhafte Qualitaet,Gutschrift,119.9,kundenretoure
RT-2026-4628,2026-05-18,freigegeben,eingegangen,AB-2026-11888,Zalando,K-14583,Vorkasse,JOG-CL-S-SCH,Jogger Classic,S,Schwarz,1,Mangelhafte Qualitaet,Gutschrift,64.9,kundenretoure
RT-2026-4629,2026-04-26,freigegeben,eingegangen,AB-2026-11892,Eigener Shop,K-10993,Kreditkarte,HOOD-CL-L-WEI,Hoodie Classic,L,Weiss,1,Zu klein,Gutschrift,69.9,kundenretoure
RT-2026-4630,2026-05-29,freigegeben,eingegangen,AB-2026-11896,Eigener Shop,K-11544,PayPal,TEE-OVS-M-OLI,T-Shirt Oversized,M,Oliv,1,Zu spaet geliefert,Gutschrift,34.9,kundenretoure
RT-2026-4631,2026-04-23,freigegeben,eingegangen,AB-2026-11899,Eigener Shop,K-15266,Vorkasse,HOOD-ZP-XL-WEI,Zip-Hoodie Heavy,XL,Weiss,1,Mangelhafte Qualitaet,Gutschrift,89.9,kundenretoure
RT-2026-4632,2026-01-21,freigegeben,eingegangen,AB-2026-11900,Amazon,K-18192,Vorkasse,HOOD-ZP-S-WEI,Zip-Hoodie Heavy,S,Weiss,1,,Sonstiges,89.9,nicht_abgeholt
RT-2026-4633,2026-03-03,freigegeben,eingegangen,AB-2026-11901,Eigener Shop,K-13014,Kreditkarte,JKT-RN-L-WEI,Regenjacke Tech,L,Weiss,1,Falscher Artikel,Ersatzlieferung,119.9,kundenretoure
RT-2026-4634,2026-05-12,freigegeben,eingegangen,AB-2026-11907,Eigener Shop,K-10843,Kreditkarte,HOOD-CL-S-WEI,Hoodie Classic,S,Weiss,1,Zu klein,Gutschrift,69.9,kundenretoure
RT-2026-4635,2026-01-18,freigegeben,eingegangen,AB-2026-11910,Zalando,K-13547,Rechnungskauf,CAP-LG-S-SCH,Cap Logo,S,Schwarz,1,Entspricht nicht dem Foto,Gutschrift,24.9,kundenretoure
RT-2026-4636,2026-01-23,freigegeben,eingegangen,AB-2026-11914,Eigener Shop,K-16525,Rechnungskauf,HOOD-CL-S-SCH,Hoodie Classic,S,Schwarz,1,Zu klein,Gutschrift,69.9,kundenretoure
RT-2026-4637,2026-05-04,freigegeben,eingegangen,AB-2026-11916,Eigener Shop,K-10632,Rechnungskauf,HOOD-ZP-L-WEI,Zip-Hoodie Heavy,L,Weiss,1,,Sonstiges,89.9,nicht_abgeholt
RT-2026-4638,2026-05-27,freigegeben,eingegangen,AB-2026-11919,Zalando,K-14589,Vorkasse,TEE-OVS-XL-OLI,T-Shirt Oversized,XL,Oliv,1,Zu spaet geliefert,Gutschrift,34.9,kundenretoure
RT-2026-4639,2026-02-07,freigegeben,eingegangen,AB-2026-11920,Eigener Shop,K-19632,Kreditkarte,TEE-OVS-M-OLI,T-Shirt Oversized,M,Oliv,1,Zu gross,Gutschrift,34.9,kundenretoure
RT-2026-4640,2026-06-07,freigegeben,eingegangen,AB-2026-11926,Eigener Shop,K-19709,Rechnungskauf,JKT-RN-L-SCH,Regenjacke Tech,L,Schwarz,1,,Gutschrift,119.9,kundenretoure
RT-2026-4641,2026-06-14,freigegeben,eingegangen,AB-2026-11927,Eigener Shop,K-12725,Rechnungskauf,TEE-BAS-XL-WEI,T-Shirt Basic,XL,Weiss,1,Zu gross,Gutschrift,29.9,kundenretoure
RT-2026-4642,2026-03-27,freigegeben,eingegangen,AB-2026-11931,Amazon,K-19775,Kreditkarte,KLEID-PR-L-WEI,Sommerkleid Print,L,Weiss,1,Nicht mehr benoetigt,Gutschrift,79.9,kundenretoure
RT-2026-4643,2026-07-02,freigegeben,eingegangen,AB-2026-11937,Eigener Shop,K-14821,PayPal,HOOD-ZP-XS-SCH,Zip-Hoodie Heavy,XS,Schwarz,1,Beschaedigt angekommen,Ersatzlieferung,89.9,kundenretoure
RT-2026-4644,2026-02-14,freigegeben,eingegangen,AB-2026-11939,Eigener Shop,K-19224,PayPal,JOG-CL-XS-SCH,Jogger Classic,XS,Schwarz,1,,Gutschrift,64.9,kundenretoure
RT-2026-4645,2026-02-10,freigegeben,eingegangen,AB-2026-11947,Eigener Shop,K-14406,Kreditkarte,HOOD-ZP-L-SCH,Zip-Hoodie Heavy,L,Schwarz,1,Zu klein,Gutschrift,89.9,kundenretoure
RT-2026-4646,2026-06-16,freigegeben,eingegangen,AB-2026-11948,Eigener Shop,K-11621,PayPal,KLEID-PR-XS-OLI,Sommerkleid Print,XS,Oliv,1,Entspricht nicht dem Foto,Gutschrift,79.9,kundenretoure
RT-2026-4647,2026-04-23,freigegeben,eingegangen,AB-2026-11952,Eigener Shop,K-11874,Rechnungskauf,CAP-LG-M-WEI,Cap Logo,M,Weiss,1,Nicht mehr benoetigt,Gutschrift,24.9,kundenretoure
RT-2026-4648,2026-06-19,freigegeben,eingegangen,AB-2026-11954,Eigener Shop,K-12274,PayPal,TEE-BAS-S-SCH,T-Shirt Basic,S,Schwarz,1,,Sonstiges,29.9,nicht_abgeholt
RT-2026-4649,2026-05-16,freigegeben,eingegangen,AB-2026-11957,Amazon,K-15039,Rechnungskauf,TEE-BAS-L-OLI,T-Shirt Basic,L,Oliv,1,Mangelhafte Qualitaet,Gutschrift,29.9,kundenretoure
RT-2026-4650,2026-02-17,freigegeben,eingegangen,AB-2026-11961,Amazon,K-11254,Kreditkarte,KLEID-PR-L-SCH,Sommerkleid Print,L,Schwarz,1,Entspricht nicht dem Foto,Gutschrift,79.9,kundenretoure
RT-2026-4651,2026-02-14,freigegeben,eingegangen,AB-2026-11964,Eigener Shop,K-19645,Rechnungskauf,TEE-BAS-S-WEI,T-Shirt Basic,S,Weiss,1,,Sonstiges,29.9,nicht_abgeholt
RT-2026-4652,2026-06-02,freigegeben,eingegangen,AB-2026-11968,Amazon,K-13639,PayPal,JKT-RN-L-WEI,Regenjacke Tech,L,Weiss,1,Zu klein,Gutschrift,119.9,kundenretoure
RT-2026-4653,2026-05-09,freigegeben,eingegangen,AB-2026-11971,Eigener Shop,K-11496,Kreditkarte,JKT-RN-XS-WEI,Regenjacke Tech,XS,Weiss,1,Zu gross,Gutschrift,119.9,kundenretoure
RT-2026-4654,2026-06-12,freigegeben,eingegangen,AB-2026-11976,Amazon,K-11905,Vorkasse,HOOD-ZP-L-SCH,Zip-Hoodie Heavy,L,Schwarz,1,Entspricht nicht dem Foto,Gutschrift,89.9,kundenretoure
RT-2026-4655,2026-05-12,freigegeben,eingegangen,AB-2026-11977,Amazon,K-12602,Kreditkarte,JKT-RN-XL-WEI,Regenjacke Tech,XL,Weiss,1,Gefaellt nicht,Gutschrift,119.9,kundenretoure
RT-2026-4656,2026-04-03,freigegeben,eingegangen,AB-2026-11978,Eigener Shop,K-16648,PayPal,KLEID-PR-XL-NAV,Sommerkleid Print,XL,Navy,1,Gefaellt nicht,Gutschrift,79.9,kundenretoure
RT-2026-4657,2026-04-14,freigegeben,eingegangen,AB-2026-11978,Eigener Shop,K-16648,PayPal,HOOD-ZP-XL-SCH,Zip-Hoodie Heavy,XL,Schwarz,1,Gefaellt nicht,Gutschrift,89.9,kundenretoure
RT-2026-4658,2026-05-07,freigegeben,eingegangen,AB-2026-11979,Amazon,K-17866,Rechnungskauf,TEE-OVS-L-WEI,T-Shirt Oversized,L,Weiss,1,Gefaellt nicht,Gutschrift,34.9,kundenretoure
RT-2026-4659,2026-01-28,freigegeben,eingegangen,AB-2026-12003,Eigener Shop,K-16921,Kreditkarte,HOOD-CL-L-NAV,Hoodie Classic,L,Navy,1,Zu klein,Gutschrift,69.9,kundenretoure
RT-2026-4660,2026-06-27,freigegeben,eingegangen,AB-2026-12004,Eigener Shop,K-12576,Rechnungskauf,TEE-OVS-S-NAV,T-Shirt Oversized,S,Navy,1,Zu gross,Gutschrift,34.9,kundenretoure
RT-2026-4661,2026-01-16,freigegeben,eingegangen,AB-2026-12008,Amazon,K-18021,PayPal,CAP-LG-L-WEI,Cap Logo,L,Weiss,1,Zu gross,Gutschrift,24.9,kundenretoure
RT-2026-4662,2026-03-30,freigegeben,eingegangen,AB-2026-12009,Zalando,K-19126,Rechnungskauf,HOOD-ZP-S-SCH,Zip-Hoodie Heavy,S,Schwarz,1,Entspricht nicht dem Foto,Gutschrift,89.9,kundenretoure
RT-2026-4663,2026-06-13,freigegeben,eingegangen,AB-2026-12014,Eigener Shop,K-11275,Vorkasse,TEE-BAS-XS-WEI,T-Shirt Basic,XS,Weiss,1,Entspricht nicht dem Foto,Gutschrift,29.9,kundenretoure
RT-2026-4664,2026-05-05,freigegeben,eingegangen,AB-2026-12016,Amazon,K-19696,PayPal,JOG-CL-XL-OLI,Jogger Classic,XL,Oliv,1,Falscher Artikel,Ersatzlieferung,64.9,kundenretoure
RT-2026-4665,2026-03-05,freigegeben,eingegangen,AB-2026-12018,Amazon,K-17393,PayPal,TEE-BAS-L-WEI,T-Shirt Basic,L,Weiss,1,Zu gross,Gutschrift,29.9,kundenretoure
RT-2026-4666,2026-06-08,freigegeben,eingegangen,AB-2026-12019,Eigener Shop,K-18461,Vorkasse,TEE-BAS-M-WEI,T-Shirt Basic,M,Weiss,1,Gefaellt nicht,Gutschrift,29.9,kundenretoure
RT-2026-4667,2026-01-19,freigegeben,eingegangen,AB-2026-12020,Amazon,K-18444,Rechnungskauf,HOOD-ZP-XS-SCH,Zip-Hoodie Heavy,XS,Schwarz,1,,Sonstiges,89.9,nicht_abgeholt
RT-2026-4667,2026-01-19,freigegeben,eingegangen,AB-2026-12020,Amazon,K-18444,Rechnungskauf,TEE-BAS-L-SCH,T-Shirt Basic,L,Schwarz,1,,Sonstiges,29.9,nicht_abgeholt
RT-2026-4667,2026-01-19,freigegeben,eingegangen,AB-2026-12020,Amazon,K-18444,Rechnungskauf,HOOD-CL-M-WEI,Hoodie Classic,M,Weiss,1,,Sonstiges,69.9,nicht_abgeholt
RT-2026-4668,2026-03-26,freigegeben,eingegangen,AB-2026-12021,Eigener Shop,K-17339,Kreditkarte,KLEID-PR-XS-SCH,Sommerkleid Print,XS,Schwarz,1,Zu klein,Gutschrift,79.9,kundenretoure
RT-2026-4669,2026-05-15,freigegeben,eingegangen,AB-2026-12022,Eigener Shop,K-18625,PayPal,HOOD-CL-M-WEI,Hoodie Classic,M,Weiss,1,Zu klein,Gutschrift,69.9,kundenretoure
RT-2026-4670,2026-04-30,freigegeben,eingegangen,AB-2026-12027,Eigener Shop,K-14352,PayPal,TEE-BAS-S-SCH,T-Shirt Basic,S,Schwarz,1,Entspricht nicht dem Foto,Gutschrift,29.9,kundenretoure
RT-2026-4671,2026-04-04,freigegeben,eingegangen,AB-2026-12028,Zalando,K-13681,Vorkasse,JKT-RN-XL-SCH,Regenjacke Tech,XL,Schwarz,1,Zu gross,Gutschrift,119.9,kundenretoure
RT-2026-4672,2026-04-13,freigegeben,eingegangen,AB-2026-12029,Eigener Shop,K-10027,Kreditkarte,HOOD-CL-M-NAV,Hoodie Classic,M,Navy,1,Zu gross,Gutschrift,69.9,kundenretoure
RT-2026-4673,2026-01-26,freigegeben,eingegangen,AB-2026-12036,Amazon,K-10662,PayPal,HOOD-CL-XL-OLI,Hoodie Classic,XL,Oliv,1,Gefaellt nicht,Gutschrift,69.9,kundenretoure
RT-2026-4674,2026-04-11,freigegeben,eingegangen,AB-2026-12038,Amazon,K-11304,Rechnungskauf,SOCK-3P-L-WEI,Sneaker Socken 3er-Pack,L,Weiss,1,,Sonstiges,19.9,nicht_abgeholt
RT-2026-4674,2026-04-11,freigegeben,eingegangen,AB-2026-12038,Amazon,K-11304,Rechnungskauf,SOCK-3P-S-WEI,Sneaker Socken 3er-Pack,S,Weiss,1,,Sonstiges,19.9,nicht_abgeholt
RT-2026-4675,2026-07-02,freigegeben,eingegangen,AB-2026-12039,Eigener Shop,K-12808,Vorkasse,KLEID-PR-XL-OLI,Sommerkleid Print,XL,Oliv,1,Entspricht nicht dem Foto,Gutschrift,79.9,kundenretoure
RT-2026-4676,2026-05-21,freigegeben,eingegangen,AB-2026-12040,Zalando,K-15094,PayPal,HOOD-ZP-M-WEI,Zip-Hoodie Heavy,M,Weiss,1,,Gutschrift,89.9,kundenretoure
RT-2026-4677,2026-04-09,freigegeben,eingegangen,AB-2026-12051,Amazon,K-14907,Vorkasse,KLEID-PR-S-NAV,Sommerkleid Print,S,Navy,1,Gefaellt nicht,Gutschrift,79.9,kundenretoure
RT-2026-4678,2026-05-06,freigegeben,eingegangen,AB-2026-12052,Amazon,K-19175,Kreditkarte,TEE-BAS-XS-NAV,T-Shirt Basic,XS,Navy,1,Zu klein,Gutschrift,29.9,kundenretoure
RT-2026-4679,2026-03-10,freigegeben,eingegangen,AB-2026-12053,Zalando,K-19192,PayPal,KLEID-PR-S-OLI,Sommerkleid Print,S,Oliv,1,Zu klein,Gutschrift,79.9,kundenretoure
RT-2026-4680,2026-03-16,freigegeben,eingegangen,AB-2026-12066,Eigener Shop,K-15877,Rechnungskauf,HOOD-ZP-S-SCH,Zip-Hoodie Heavy,S,Schwarz,1,Zu gross,Gutschrift,89.9,kundenretoure
RT-2026-4681,2026-06-18,freigegeben,eingegangen,AB-2026-12078,Amazon,K-15202,Vorkasse,TEE-OVS-XS-OLI,T-Shirt Oversized,XS,Oliv,1,Gefaellt nicht,Gutschrift,34.9,kundenretoure
RT-2026-4682,2026-07-04,freigegeben,eingegangen,AB-2026-12080,Eigener Shop,K-10736,PayPal,HOOD-CL-M-OLI,Hoodie Classic,M,Oliv,1,Zu klein,Gutschrift,69.9,kundenretoure
RT-2026-4683,2026-03-16,freigegeben,eingegangen,AB-2026-12082,Eigener Shop,K-18364,Rechnungskauf,JOG-CL-M-WEI,Jogger Classic,M,Weiss,1,Nicht mehr benoetigt,Gutschrift,64.9,kundenretoure
RT-2026-4684,2026-05-05,freigegeben,eingegangen,AB-2026-12091,Eigener Shop,K-10442,Kreditkarte,TEE-OVS-XS-NAV,T-Shirt Oversized,XS,Navy,1,Zu klein,Gutschrift,34.9,kundenretoure
RT-2026-4685,2026-05-03,freigegeben,eingegangen,AB-2026-12091,Eigener Shop,K-10442,Kreditkarte,TEE-OVS-S-NAV,T-Shirt Oversized,S,Navy,1,Beschaedigt angekommen,Ersatzlieferung,34.9,kundenretoure
RT-2026-4686,2026-07-02,freigegeben,eingegangen,AB-2026-12093,Eigener Shop,K-17081,Rechnungskauf,JOG-CL-L-OLI,Jogger Classic,L,Oliv,1,Gefaellt nicht,Gutschrift,64.9,kundenretoure
RT-2026-4687,2026-04-08,freigegeben,eingegangen,AB-2026-12094,Amazon,K-12185,Kreditkarte,HOOD-ZP-XL-SCH,Zip-Hoodie Heavy,XL,Schwarz,1,Zu spaet geliefert,Gutschrift,89.9,kundenretoure
RT-2026-4688,2026-04-19,freigegeben,eingegangen,AB-2026-12094,Amazon,K-12185,Kreditkarte,TEE-OVS-XS-SCH,T-Shirt Oversized,XS,Schwarz,1,Entspricht nicht dem Foto,Gutschrift,34.9,kundenretoure
RT-2026-4689,2026-03-21,freigegeben,eingegangen,AB-2026-12097,Eigener Shop,K-11970,PayPal,KLEID-PR-XS-NAV,Sommerkleid Print,XS,Navy,1,Gefaellt nicht,Gutschrift,79.9,kundenretoure
RT-2026-4690,2026-05-16,freigegeben,eingegangen,AB-2026-12107,Eigener Shop,K-14819,Kreditkarte,TEE-BAS-XS-SCH,T-Shirt Basic,XS,Schwarz,1,Entspricht nicht dem Foto,Gutschrift,29.9,kundenretoure
RT-2026-4691,2026-01-31,freigegeben,eingegangen,AB-2026-12109,Eigener Shop,K-14323,Kreditkarte,TEE-BAS-XS-OLI,T-Shirt Basic,XS,Oliv,1,,Gutschrift,29.9,kundenretoure
RT-2026-4692,2026-03-15,freigegeben,eingegangen,AB-2026-12111,Amazon,K-17202,PayPal,KLEID-PR-L-WEI,Sommerkleid Print,L,Weiss,1,,Sonstiges,79.9,nicht_abgeholt
RT-2026-4692,2026-03-15,freigegeben,eingegangen,AB-2026-12111,Amazon,K-17202,PayPal,HOOD-ZP-XS-WEI,Zip-Hoodie Heavy,XS,Weiss,1,,Sonstiges,89.9,nicht_abgeholt
RT-2026-4693,2026-03-15,freigegeben,eingegangen,AB-2026-12115,Amazon,K-17970,PayPal,SOCK-3P-S-NAV,Sneaker Socken 3er-Pack,S,Navy,1,Zu gross,Gutschrift,19.9,kundenretoure
RT-2026-4694,2026-06-29,freigegeben,eingegangen,AB-2026-12123,Eigener Shop,K-19125,Rechnungskauf,KLEID-PR-M-SCH,Sommerkleid Print,M,Schwarz,1,Entspricht nicht dem Foto,Gutschrift,79.9,kundenretoure
RT-2026-4695,2026-03-27,freigegeben,eingegangen,AB-2026-12124,Eigener Shop,K-15403,Rechnungskauf,KLEID-PR-XL-NAV,Sommerkleid Print,XL,Navy,1,Farbe weicht ab,Gutschrift,79.9,kundenretoure
RT-2026-4696,2026-03-09,freigegeben,eingegangen,AB-2026-12129,Eigener Shop,K-19774,Rechnungskauf,HOOD-ZP-M-SCH,Zip-Hoodie Heavy,M,Schwarz,1,,Gutschrift,89.9,kundenretoure
RT-2026-4697,2026-03-02,freigegeben,eingegangen,AB-2026-12132,Amazon,K-19272,PayPal,JKT-RN-L-SCH,Regenjacke Tech,L,Schwarz,1,Gefaellt nicht,Gutschrift,119.9,kundenretoure
RT-2026-4698,2026-02-26,freigegeben,eingegangen,AB-2026-12134,Eigener Shop,K-14388,Vorkasse,TEE-BAS-M-WEI,T-Shirt Basic,M,Weiss,1,,Gutschrift,29.9,kundenretoure
RT-2026-4699,2026-06-06,freigegeben,eingegangen,AB-2026-12135,Eigener Shop,K-12689,Kreditkarte,HOOD-ZP-XS-SCH,Zip-Hoodie Heavy,XS,Schwarz,1,,Gutschrift,89.9,kundenretoure
RT-2026-4700,2026-06-30,freigegeben,eingegangen,AB-2026-12140,Eigener Shop,K-15670,Rechnungskauf,HOOD-ZP-XS-SCH,Zip-Hoodie Heavy,XS,Schwarz,1,Zu gross,Gutschrift,89.9,kundenretoure
RT-2026-4701,2026-03-01,freigegeben,eingegangen,AB-2026-12141,Eigener Shop,K-12924,Vorkasse,JKT-RN-XL-WEI,Regenjacke Tech,XL,Weiss,1,Entspricht nicht dem Foto,Gutschrift,119.9,kundenretoure
RT-2026-4702,2026-04-12,freigegeben,eingegangen,AB-2026-12144,Eigener Shop,K-12969,PayPal,KLEID-PR-S-SCH,Sommerkleid Print,S,Schwarz,1,Entspricht nicht dem Foto,Gutschrift,79.9,kundenretoure
RT-2026-4703,2026-03-13,freigegeben,eingegangen,AB-2026-12146,Amazon,K-16018,Kreditkarte,HOOD-ZP-M-SCH,Zip-Hoodie Heavy,M,Schwarz,1,,Gutschrift,89.9,kundenretoure
RT-2026-4704,2026-03-21,freigegeben,eingegangen,AB-2026-12146,Amazon,K-16018,Kreditkarte,JOG-CL-XS-NAV,Jogger Classic,XS,Navy,1,,Gutschrift,64.9,kundenretoure
RT-2026-4705,2026-05-25,freigegeben,eingegangen,AB-2026-12152,Amazon,K-11069,Rechnungskauf,KLEID-PR-XL-SCH,Sommerkleid Print,XL,Schwarz,1,Farbe weicht ab,Gutschrift,79.9,kundenretoure
RT-2026-4706,2026-01-31,freigegeben,eingegangen,AB-2026-12155,Eigener Shop,K-15281,Rechnungskauf,HOOD-ZP-S-SCH,Zip-Hoodie Heavy,S,Schwarz,1,Nicht mehr benoetigt,Gutschrift,89.9,kundenretoure
RT-2026-4707,2026-05-22,freigegeben,eingegangen,AB-2026-12164,Amazon,K-15437,Rechnungskauf,JOG-CL-M-SCH,Jogger Classic,M,Schwarz,1,,Gutschrift,64.9,kundenretoure
RT-2026-4708,2026-06-27,freigegeben,eingegangen,AB-2026-12166,Amazon,K-10442,Rechnungskauf,JKT-RN-XS-SCH,Regenjacke Tech,XS,Schwarz,1,Nicht mehr benoetigt,Gutschrift,119.9,kundenretoure
RT-2026-4709,2026-03-14,freigegeben,eingegangen,AB-2026-12168,Eigener Shop,K-19758,Vorkasse,KLEID-PR-M-SCH,Sommerkleid Print,M,Schwarz,1,Gefaellt nicht,Gutschrift,79.9,kundenretoure
RT-2026-4710,2026-05-03,freigegeben,eingegangen,AB-2026-12176,Eigener Shop,K-18649,PayPal,TEE-OVS-XL-OLI,T-Shirt Oversized,XL,Oliv,1,Nicht mehr benoetigt,Gutschrift,34.9,kundenretoure
RT-2026-4711,2026-04-22,freigegeben,eingegangen,AB-2026-12179,Eigener Shop,K-18451,Rechnungskauf,SOCK-3P-S-SCH,Sneaker Socken 3er-Pack,S,Schwarz,1,Mangelhafte Qualitaet,Gutschrift,19.9,kundenretoure
RT-2026-4712,2026-04-16,freigegeben,eingegangen,AB-2026-12192,Eigener Shop,K-11093,Rechnungskauf,JOG-CL-M-WEI,Jogger Classic,M,Weiss,1,Zu spaet geliefert,Gutschrift,64.9,kundenretoure
RT-2026-4713,2026-03-12,freigegeben,eingegangen,AB-2026-12200,Eigener Shop,K-10239,PayPal,HOOD-CL-XL-WEI,Hoodie Classic,XL,Weiss,1,Zu klein,Gutschrift,69.9,kundenretoure
RT-2026-4714,2026-04-16,freigegeben,eingegangen,AB-2026-12206,Eigener Shop,K-17917,Rechnungskauf,TEE-BAS-S-SCH,T-Shirt Basic,S,Schwarz,1,,Gutschrift,29.9,kundenretoure
RT-2026-4715,2026-03-18,freigegeben,eingegangen,AB-2026-12208,Eigener Shop,K-18351,Kreditkarte,JKT-RN-S-SCH,Regenjacke Tech,S,Schwarz,1,Nicht mehr benoetigt,Gutschrift,119.9,kundenretoure
RT-2026-4716,2026-03-16,freigegeben,eingegangen,AB-2026-12208,Eigener Shop,K-18351,Kreditkarte,HOOD-CL-S-OLI,Hoodie Classic,S,Oliv,1,Zu klein,Gutschrift,69.9,kundenretoure
RT-2026-4717,2026-04-16,freigegeben,eingegangen,AB-2026-12229,Amazon,K-19854,PayPal,HOOD-ZP-M-SCH,Zip-Hoodie Heavy,M,Schwarz,1,Falscher Artikel,Ersatzlieferung,89.9,kundenretoure
RT-2026-4718,2026-06-12,freigegeben,eingegangen,AB-2026-12232,Amazon,K-16336,Vorkasse,JOG-CL-XL-OLI,Jogger Classic,XL,Oliv,1,Nicht mehr benoetigt,Gutschrift,64.9,kundenretoure
RT-2026-4719,2026-03-29,freigegeben,eingegangen,AB-2026-12238,Amazon,K-16272,PayPal,TEE-OVS-M-NAV,T-Shirt Oversized,M,Navy,1,Zu spaet geliefert,Gutschrift,34.9,kundenretoure
RT-2026-4720,2026-06-22,freigegeben,eingegangen,AB-2026-12241,Eigener Shop,K-19870,Rechnungskauf,HOOD-CL-L-WEI,Hoodie Classic,L,Weiss,1,Zu klein,Gutschrift,69.9,kundenretoure
RT-2026-4721,2026-05-05,freigegeben,eingegangen,AB-2026-12250,Amazon,K-14468,Rechnungskauf,HOOD-ZP-M-WEI,Zip-Hoodie Heavy,M,Weiss,1,Entspricht nicht dem Foto,Gutschrift,89.9,kundenretoure
RT-2026-4722,2026-06-21,freigegeben,eingegangen,AB-2026-12256,Eigener Shop,K-18819,Rechnungskauf,KLEID-PR-M-WEI,Sommerkleid Print,M,Weiss,1,,Gutschrift,79.9,kundenretoure
RT-2026-4723,2026-05-28,freigegeben,eingegangen,AB-2026-12260,Zalando,K-12347,Vorkasse,HOOD-ZP-XS-SCH,Zip-Hoodie Heavy,XS,Schwarz,1,,Gutschrift,89.9,kundenretoure
RT-2026-4724,2026-06-18,freigegeben,eingegangen,AB-2026-12262,Zalando,K-11260,Rechnungskauf,JKT-RN-L-WEI,Regenjacke Tech,L,Weiss,1,Entspricht nicht dem Foto,Gutschrift,119.9,kundenretoure
RT-2026-4725,2026-05-24,freigegeben,eingegangen,AB-2026-12265,Amazon,K-15523,PayPal,HOOD-ZP-L-WEI,Zip-Hoodie Heavy,L,Weiss,1,Nicht mehr benoetigt,Gutschrift,89.9,kundenretoure
RT-2026-4726,2026-04-01,freigegeben,eingegangen,AB-2026-12268,Eigener Shop,K-18218,Vorkasse,HOOD-ZP-S-SCH,Zip-Hoodie Heavy,S,Schwarz,1,Gefaellt nicht,Gutschrift,89.9,kundenretoure
RT-2026-4727,2026-05-13,freigegeben,eingegangen,AB-2026-12269,Amazon,K-12705,Vorkasse,JKT-RN-M-WEI,Regenjacke Tech,M,Weiss,1,Gefaellt nicht,Gutschrift,119.9,kundenretoure
RT-2026-4728,2026-03-02,freigegeben,eingegangen,AB-2026-12276,Eigener Shop,K-19886,Kreditkarte,KLEID-PR-M-NAV,Sommerkleid Print,M,Navy,1,Entspricht nicht dem Foto,Gutschrift,79.9,kundenretoure
RT-2026-4729,2026-07-05,freigegeben,eingegangen,AB-2026-12283,Eigener Shop,K-19780,Rechnungskauf,JKT-RN-S-SCH,Regenjacke Tech,S,Schwarz,1,,Sonstiges,119.9,nicht_abgeholt
RT-2026-4729,2026-07-05,freigegeben,eingegangen,AB-2026-12283,Eigener Shop,K-19780,Rechnungskauf,HOOD-ZP-L-WEI,Zip-Hoodie Heavy,L,Weiss,1,,Sonstiges,89.9,nicht_abgeholt
RT-2026-4730,2026-06-28,freigegeben,eingegangen,AB-2026-12285,Eigener Shop,K-13241,Rechnungskauf,HOOD-ZP-XL-WEI,Zip-Hoodie Heavy,XL,Weiss,1,Gefaellt nicht,Gutschrift,89.9,kundenretoure
RT-2026-4731,2026-06-22,freigegeben,eingegangen,AB-2026-12285,Eigener Shop,K-13241,Rechnungskauf,HOOD-CL-XS-NAV,Hoodie Classic,XS,Navy,1,Gefaellt nicht,Gutschrift,69.9,kundenretoure
RT-2026-4732,2026-06-10,freigegeben,eingegangen,AB-2026-12292,Zalando,K-18749,Kreditkarte,TEE-BAS-XS-OLI,T-Shirt Basic,XS,Oliv,1,Entspricht nicht dem Foto,Gutschrift,29.9,kundenretoure
RT-2026-4733,2026-02-14,freigegeben,eingegangen,AB-2026-12294,Zalando,K-16674,Rechnungskauf,HOOD-CL-XL-SCH,Hoodie Classic,XL,Schwarz,1,Zu klein,Gutschrift,69.9,kundenretoure
RT-2026-4734,2026-03-23,freigegeben,eingegangen,AB-2026-12298,Eigener Shop,K-18034,Kreditkarte,HOOD-CL-XS-NAV,Hoodie Classic,XS,Navy,1,Zu klein,Gutschrift,69.9,kundenretoure
RT-2026-4735,2026-03-22,freigegeben,eingegangen,AB-2026-12300,Eigener Shop,K-14371,Kreditkarte,JKT-RN-M-SCH,Regenjacke Tech,M,Schwarz,1,Mangelhafte Qualitaet,Gutschrift,119.9,kundenretoure
RT-2026-4736,2026-01-14,freigegeben,eingegangen,AB-2026-12301,Amazon,K-13223,Rechnungskauf,JOG-CL-S-SCH,Jogger Classic,S,Schwarz,1,Zu spaet geliefert,Gutschrift,64.9,kundenretoure
RT-2026-4737,2026-02-01,freigegeben,eingegangen,AB-2026-12314,Eigener Shop,K-14150,PayPal,JOG-CL-M-SCH,Jogger Classic,M,Schwarz,1,Zu klein,Gutschrift,64.9,kundenretoure
RT-2026-4738,2026-04-03,freigegeben,eingegangen,AB-2026-12326,Amazon,K-14080,Vorkasse,CAP-LG-XS-WEI,Cap Logo,XS,Weiss,1,Mangelhafte Qualitaet,Gutschrift,24.9,kundenretoure
RT-2026-4739,2026-06-07,freigegeben,eingegangen,AB-2026-12329,Eigener Shop,K-10295,PayPal,HOOD-ZP-XS-SCH,Zip-Hoodie Heavy,XS,Schwarz,1,Gefaellt nicht,Gutschrift,89.9,kundenretoure
RT-2026-4740,2026-04-14,freigegeben,eingegangen,AB-2026-12334,Eigener Shop,K-10879,Kreditkarte,HOOD-ZP-XL-WEI,Zip-Hoodie Heavy,XL,Weiss,1,,Sonstiges,89.9,nicht_abgeholt
RT-2026-4740,2026-04-14,freigegeben,eingegangen,AB-2026-12334,Eigener Shop,K-10879,Kreditkarte,SOCK-3P-L-WEI,Sneaker Socken 3er-Pack,L,Weiss,1,,Sonstiges,19.9,nicht_abgeholt
RT-2026-4741,2026-03-22,freigegeben,eingegangen,AB-2026-12337,Eigener Shop,K-14019,Rechnungskauf,HOOD-ZP-M-SCH,Zip-Hoodie Heavy,M,Schwarz,1,Gefaellt nicht,Gutschrift,89.9,kundenretoure
RT-2026-4742,2026-04-24,freigegeben,eingegangen,AB-2026-12340,Eigener Shop,K-18700,Rechnungskauf,HOOD-CL-XL-SCH,Hoodie Classic,XL,Schwarz,1,Zu klein,Gutschrift,69.9,kundenretoure
RT-2026-4743,2026-01-30,freigegeben,eingegangen,AB-2026-12341,Amazon,K-13197,PayPal,TEE-OVS-S-OLI,T-Shirt Oversized,S,Oliv,1,Nicht mehr benoetigt,Gutschrift,34.9,kundenretoure
RT-2026-4744,2026-02-03,freigegeben,eingegangen,AB-2026-12342,Eigener Shop,K-17678,Rechnungskauf,HOOD-CL-M-NAV,Hoodie Classic,M,Navy,1,Entspricht nicht dem Foto,Gutschrift,69.9,kundenretoure
RT-2026-4745,2026-03-07,freigegeben,eingegangen,AB-2026-12345,Eigener Shop,K-12018,PayPal,KLEID-PR-L-OLI,Sommerkleid Print,L,Oliv,1,Farbe weicht ab,Gutschrift,79.9,kundenretoure
RT-2026-4746,2026-03-25,freigegeben,eingegangen,AB-2026-12364,Eigener Shop,K-18204,PayPal,KLEID-PR-XS-OLI,Sommerkleid Print,XS,Oliv,1,Farbe weicht ab,Gutschrift,79.9,kundenretoure
RT-2026-4747,2026-01-15,freigegeben,eingegangen,AB-2026-12366,Amazon,K-11496,Rechnungskauf,KLEID-PR-XS-WEI,Sommerkleid Print,XS,Weiss,1,,Sonstiges,79.9,nicht_abgeholt
RT-2026-4748,2026-06-21,freigegeben,eingegangen,AB-2026-12368,Eigener Shop,K-15792,Rechnungskauf,SOCK-3P-M-NAV,Sneaker Socken 3er-Pack,M,Navy,1,Beschaedigt angekommen,Ersatzlieferung,19.9,kundenretoure
RT-2026-4749,2026-06-30,freigegeben,eingegangen,AB-2026-12368,Eigener Shop,K-15792,Rechnungskauf,JKT-RN-XL-SCH,Regenjacke Tech,XL,Schwarz,1,Gefaellt nicht,Gutschrift,119.9,kundenretoure
RT-2026-4750,2026-04-11,freigegeben,eingegangen,AB-2026-12370,Eigener Shop,K-15257,Rechnungskauf,HOOD-CL-S-WEI,Hoodie Classic,S,Weiss,1,Zu klein,Gutschrift,69.9,kundenretoure
RT-2026-4751,2026-07-01,freigegeben,eingegangen,AB-2026-12372,Amazon,K-15915,Rechnungskauf,SOCK-3P-XS-SCH,Sneaker Socken 3er-Pack,XS,Schwarz,1,Gefaellt nicht,Gutschrift,19.9,kundenretoure
RT-2026-4752,2026-04-26,freigegeben,eingegangen,AB-2026-12375,Eigener Shop,K-17364,PayPal,JOG-CL-L-NAV,Jogger Classic,L,Navy,1,Mangelhafte Qualitaet,Gutschrift,64.9,kundenretoure
RT-2026-4753,2026-06-29,freigegeben,eingegangen,AB-2026-12377,Eigener Shop,K-10102,Rechnungskauf,JKT-RN-L-WEI,Regenjacke Tech,L,Weiss,1,,Gutschrift,119.9,kundenretoure
RT-2026-4754,2026-05-16,freigegeben,eingegangen,AB-2026-12378,Eigener Shop,K-16535,Kreditkarte,HOOD-ZP-M-SCH,Zip-Hoodie Heavy,M,Schwarz,1,Zu klein,Gutschrift,89.9,kundenretoure
RT-2026-4755,2026-03-15,freigegeben,eingegangen,AB-2026-12386,Eigener Shop,K-19685,Vorkasse,TEE-BAS-M-OLI,T-Shirt Basic,M,Oliv,1,Beschaedigt angekommen,Ersatzlieferung,29.9,kundenretoure
RT-2026-4756,2026-03-12,freigegeben,eingegangen,AB-2026-12393,Zalando,K-17833,Rechnungskauf,JOG-CL-L-WEI,Jogger Classic,L,Weiss,1,Gefaellt nicht,Gutschrift,64.9,kundenretoure
RT-2026-4757,2026-02-05,freigegeben,eingegangen,AB-2026-12395,Eigener Shop,K-12506,PayPal,JKT-RN-XS-WEI,Regenjacke Tech,XS,Weiss,1,Zu gross,Gutschrift,119.9,kundenretoure
RT-2026-4758,2026-04-11,freigegeben,eingegangen,AB-2026-12397,Eigener Shop,K-13534,PayPal,SOCK-3P-XL-OLI,Sneaker Socken 3er-Pack,XL,Oliv,1,Mangelhafte Qualitaet,Gutschrift,19.9,kundenretoure
RT-2026-4759,2026-02-19,freigegeben,eingegangen,AB-2026-12398,Eigener Shop,K-18404,Rechnungskauf,JOG-CL-L-SCH,Jogger Classic,L,Schwarz,1,Zu gross,Gutschrift,64.9,kundenretoure
RT-2026-4760,2026-06-05,freigegeben,eingegangen,AB-2026-12403,Amazon,K-18906,Rechnungskauf,HOOD-ZP-M-SCH,Zip-Hoodie Heavy,M,Schwarz,1,,Sonstiges,89.9,nicht_abgeholt
RT-2026-4761,2026-06-18,freigegeben,eingegangen,AB-2026-12404,Eigener Shop,K-11245,PayPal,CAP-LG-S-OLI,Cap Logo,S,Oliv,1,Beschaedigt angekommen,Ersatzlieferung,24.9,kundenretoure
RT-2026-4762,2026-04-09,freigegeben,eingegangen,AB-2026-12411,Eigener Shop,K-12353,PayPal,KLEID-PR-L-OLI,Sommerkleid Print,L,Oliv,1,Gefaellt nicht,Gutschrift,79.9,kundenretoure
RT-2026-4763,2026-01-23,freigegeben,eingegangen,AB-2026-12413,Eigener Shop,K-14270,PayPal,HOOD-CL-L-NAV,Hoodie Classic,L,Navy,1,Gefaellt nicht,Gutschrift,69.9,kundenretoure
RT-2026-4764,2026-02-22,freigegeben,eingegangen,AB-2026-12415,Zalando,K-10442,PayPal,HOOD-ZP-S-SCH,Zip-Hoodie Heavy,S,Schwarz,1,Beschaedigt angekommen,Ersatzlieferung,89.9,kundenretoure
RT-2026-4765,2026-02-26,freigegeben,eingegangen,AB-2026-12415,Zalando,K-10442,PayPal,TEE-OVS-XL-OLI,T-Shirt Oversized,XL,Oliv,1,Zu gross,Gutschrift,34.9,kundenretoure
RT-2026-4766,2026-05-21,freigegeben,eingegangen,AB-2026-12420,Eigener Shop,K-16136,PayPal,TEE-BAS-L-WEI,T-Shirt Basic,L,Weiss,1,Falscher Artikel,Ersatzlieferung,29.9,kundenretoure
RT-2026-4767,2026-03-26,freigegeben,eingegangen,AB-2026-12426,Eigener Shop,K-15125,Rechnungskauf,JKT-RN-XS-WEI,Regenjacke Tech,XS,Weiss,1,,Gutschrift,119.9,kundenretoure
RT-2026-4768,2026-02-09,freigegeben,eingegangen,AB-2026-12434,Eigener Shop,K-19391,Rechnungskauf,HOOD-ZP-M-SCH,Zip-Hoodie Heavy,M,Schwarz,1,Zu klein,Gutschrift,89.9,kundenretoure
RT-2026-4769,2026-02-05,freigegeben,eingegangen,AB-2026-12435,Amazon,K-12319,PayPal,HOOD-CL-L-SCH,Hoodie Classic,L,Schwarz,1,Zu klein,Gutschrift,69.9,kundenretoure
RT-2026-4770,2026-03-01,freigegeben,eingegangen,AB-2026-12438,Zalando,K-17613,PayPal,TEE-OVS-S-OLI,T-Shirt Oversized,S,Oliv,1,Nicht mehr benoetigt,Gutschrift,34.9,kundenretoure
RT-2026-4771,2026-02-28,freigegeben,eingegangen,AB-2026-12438,Zalando,K-17613,PayPal,TEE-BAS-S-OLI,T-Shirt Basic,S,Oliv,1,Falscher Artikel,Ersatzlieferung,29.9,kundenretoure
RT-2026-4772,2026-02-01,freigegeben,eingegangen,AB-2026-12442,Eigener Shop,K-15993,PayPal,SOCK-3P-S-NAV,Sneaker Socken 3er-Pack,S,Navy,1,Nicht mehr benoetigt,Gutschrift,19.9,kundenretoure
RT-2026-4773,2026-03-05,freigegeben,eingegangen,AB-2026-12456,Eigener Shop,K-11126,PayPal,HOOD-ZP-L-WEI,Zip-Hoodie Heavy,L,Weiss,1,Gefaellt nicht,Gutschrift,89.9,kundenretoure
RT-2026-4774,2026-04-03,freigegeben,eingegangen,AB-2026-12462,Eigener Shop,K-12313,Vorkasse,HOOD-CL-XL-OLI,Hoodie Classic,XL,Oliv,1,,Sonstiges,69.9,nicht_abgeholt
RT-2026-4775,2026-05-12,freigegeben,eingegangen,AB-2026-12467,Eigener Shop,K-18118,Kreditkarte,KLEID-PR-XL-SCH,Sommerkleid Print,XL,Schwarz,1,Nicht mehr benoetigt,Gutschrift,79.9,kundenretoure
RT-2026-4776,2026-03-22,freigegeben,eingegangen,AB-2026-12468,Eigener Shop,K-15850,PayPal,TEE-OVS-XL-OLI,T-Shirt Oversized,XL,Oliv,1,Falscher Artikel,Ersatzlieferung,34.9,kundenretoure
RT-2026-4777,2026-06-06,freigegeben,eingegangen,AB-2026-12470,Eigener Shop,K-17784,PayPal,JOG-CL-XS-OLI,Jogger Classic,XS,Oliv,1,Zu klein,Gutschrift,64.9,kundenretoure
RT-2026-4778,2026-06-24,freigegeben,eingegangen,AB-2026-12470,Eigener Shop,K-17784,PayPal,TEE-OVS-XL-NAV,T-Shirt Oversized,XL,Navy,1,Entspricht nicht dem Foto,Gutschrift,34.9,kundenretoure
RT-2026-4779,2026-05-29,freigegeben,eingegangen,AB-2026-12471,Zalando,K-16143,Kreditkarte,HOOD-ZP-L-WEI,Zip-Hoodie Heavy,L,Weiss,1,Falscher Artikel,Ersatzlieferung,89.9,kundenretoure
RT-2026-4780,2026-06-28,freigegeben,eingegangen,AB-2026-12478,Eigener Shop,K-16472,PayPal,JKT-RN-XS-SCH,Regenjacke Tech,XS,Schwarz,1,Beschaedigt angekommen,Ersatzlieferung,119.9,kundenretoure
RT-2026-4781,2026-04-06,freigegeben,eingegangen,AB-2026-12479,Eigener Shop,K-12408,Rechnungskauf,HOOD-CL-S-SCH,Hoodie Classic,S,Schwarz,1,Gefaellt nicht,Gutschrift,69.9,kundenretoure
RT-2026-4782,2026-05-27,freigegeben,eingegangen,AB-2026-12485,Amazon,K-12641,Kreditkarte,TEE-OVS-S-SCH,T-Shirt Oversized,S,Schwarz,1,Zu gross,Gutschrift,34.9,kundenretoure
RT-2026-4783,2026-04-18,freigegeben,eingegangen,AB-2026-12486,Eigener Shop,K-14226,Rechnungskauf,HOOD-ZP-L-WEI,Zip-Hoodie Heavy,L,Weiss,1,Nicht mehr benoetigt,Gutschrift,89.9,kundenretoure
RT-2026-4784,2026-07-04,freigegeben,eingegangen,AB-2026-12488,Eigener Shop,K-11781,Kreditkarte,JOG-CL-M-OLI,Jogger Classic,M,Oliv,1,Zu klein,Gutschrift,64.9,kundenretoure
RT-2026-4785,2026-02-03,freigegeben,eingegangen,AB-2026-12496,Zalando,K-13626,Kreditkarte,JKT-RN-XL-SCH,Regenjacke Tech,XL,Schwarz,1,,Gutschrift,119.9,kundenretoure
RT-2026-4786,2026-05-31,freigegeben,eingegangen,AB-2026-12499,Amazon,K-17110,Kreditkarte,TEE-BAS-XL-WEI,T-Shirt Basic,XL,Weiss,1,Gefaellt nicht,Gutschrift,29.9,kundenretoure
RT-2026-4787,2026-03-05,freigegeben,eingegangen,AB-2026-12501,Amazon,K-18916,Rechnungskauf,KLEID-PR-XL-NAV,Sommerkleid Print,XL,Navy,1,Entspricht nicht dem Foto,Gutschrift,79.9,kundenretoure
RT-2026-4788,2026-02-20,freigegeben,eingegangen,AB-2026-12507,Eigener Shop,K-18048,Rechnungskauf,HOOD-ZP-S-SCH,Zip-Hoodie Heavy,S,Schwarz,1,,Sonstiges,89.9,nicht_abgeholt
RT-2026-4789,2026-05-20,freigegeben,eingegangen,AB-2026-12511,Amazon,K-19355,Rechnungskauf,KLEID-PR-M-SCH,Sommerkleid Print,M,Schwarz,1,Farbe weicht ab,Gutschrift,79.9,kundenretoure
RT-2026-4790,2026-04-01,freigegeben,eingegangen,AB-2026-12513,Amazon,K-10414,PayPal,TEE-OVS-M-SCH,T-Shirt Oversized,M,Schwarz,1,Zu klein,Gutschrift,34.9,kundenretoure
RT-2026-4791,2026-03-09,freigegeben,eingegangen,AB-2026-12513,Amazon,K-10414,PayPal,KLEID-PR-S-OLI,Sommerkleid Print,S,Oliv,1,,Gutschrift,79.9,kundenretoure
RT-2026-4792,2026-03-17,freigegeben,eingegangen,AB-2026-12521,Eigener Shop,K-19732,Kreditkarte,KLEID-PR-S-OLI,Sommerkleid Print,S,Oliv,1,Entspricht nicht dem Foto,Gutschrift,79.9,kundenretoure
RT-2026-4793,2026-03-25,freigegeben,eingegangen,AB-2026-12524,Amazon,K-17294,Rechnungskauf,HOOD-ZP-XL-WEI,Zip-Hoodie Heavy,XL,Weiss,1,Mangelhafte Qualitaet,Gutschrift,89.9,kundenretoure
RT-2026-4794,2026-02-04,freigegeben,eingegangen,AB-2026-12524,Amazon,K-17294,Rechnungskauf,JOG-CL-L-OLI,Jogger Classic,L,Oliv,1,Zu gross,Gutschrift,64.9,kundenretoure
RT-2026-4795,2026-03-13,freigegeben,eingegangen,AB-2026-12529,Eigener Shop,K-19548,Kreditkarte,HOOD-CL-M-SCH,Hoodie Classic,M,Schwarz,1,,Gutschrift,69.9,kundenretoure
RT-2026-4796,2026-02-26,freigegeben,eingegangen,AB-2026-12538,Zalando,K-16847,Rechnungskauf,KLEID-PR-XS-WEI,Sommerkleid Print,XS,Weiss,1,Gefaellt nicht,Gutschrift,79.9,kundenretoure
RT-2026-4797,2026-06-13,freigegeben,eingegangen,AB-2026-12543,Zalando,K-19007,Rechnungskauf,HOOD-CL-XL-WEI,Hoodie Classic,XL,Weiss,1,Zu klein,Gutschrift,69.9,kundenretoure
RT-2026-4798,2026-02-21,freigegeben,eingegangen,AB-2026-12557,Amazon,K-12613,Vorkasse,TEE-BAS-XS-WEI,T-Shirt Basic,XS,Weiss,1,Entspricht nicht dem Foto,Gutschrift,29.9,kundenretoure
RT-2026-4799,2026-05-20,freigegeben,eingegangen,AB-2026-12559,Eigener Shop,K-14029,Kreditkarte,JOG-CL-XL-WEI,Jogger Classic,XL,Weiss,1,Beschaedigt angekommen,Ersatzlieferung,64.9,kundenretoure
RT-2026-4800,2026-06-26,freigegeben,eingegangen,AB-2026-12560,Eigener Shop,K-16166,PayPal,HOOD-ZP-L-SCH,Zip-Hoodie Heavy,L,Schwarz,1,Zu gross,Gutschrift,89.9,kundenretoure
RT-2026-4801,2026-06-13,freigegeben,eingegangen,AB-2026-12562,Eigener Shop,K-17693,Vorkasse,JKT-RN-XS-SCH,Regenjacke Tech,XS,Schwarz,1,Nicht mehr benoetigt,Gutschrift,119.9,kundenretoure
RT-2026-4802,2026-06-13,freigegeben,eingegangen,AB-2026-12569,Amazon,K-19835,PayPal,KLEID-PR-XS-SCH,Sommerkleid Print,XS,Schwarz,1,,Gutschrift,79.9,kundenretoure
RT-2026-4803,2026-03-05,freigegeben,eingegangen,AB-2026-12572,Eigener Shop,K-14956,Kreditkarte,TEE-OVS-XL-OLI,T-Shirt Oversized,XL,Oliv,1,,Gutschrift,34.9,kundenretoure
RT-2026-4804,2026-03-21,freigegeben,eingegangen,AB-2026-12574,Eigener Shop,K-16851,Rechnungskauf,KLEID-PR-L-OLI,Sommerkleid Print,L,Oliv,1,,Gutschrift,79.9,kundenretoure
RT-2026-4805,2026-05-11,freigegeben,eingegangen,AB-2026-12589,Eigener Shop,K-13617,PayPal,TEE-OVS-M-NAV,T-Shirt Oversized,M,Navy,1,Mangelhafte Qualitaet,Gutschrift,34.9,kundenretoure
RT-2026-4806,2026-05-30,freigegeben,eingegangen,AB-2026-12597,Amazon,K-14151,PayPal,HOOD-ZP-L-SCH,Zip-Hoodie Heavy,L,Schwarz,1,Gefaellt nicht,Gutschrift,89.9,kundenretoure
RT-2026-4807,2026-06-04,freigegeben,eingegangen,AB-2026-12597,Amazon,K-14151,PayPal,KLEID-PR-L-OLI,Sommerkleid Print,L,Oliv,1,Farbe weicht ab,Gutschrift,79.9,kundenretoure
RT-2026-4808,2026-03-06,freigegeben,eingegangen,AB-2026-12602,Eigener Shop,K-10029,PayPal,JOG-CL-XL-WEI,Jogger Classic,XL,Weiss,1,Gefaellt nicht,Gutschrift,64.9,kundenretoure
RT-2026-4809,2026-06-16,freigegeben,eingegangen,AB-2026-12611,Eigener Shop,K-19573,Kreditkarte,HOOD-CL-XL-NAV,Hoodie Classic,XL,Navy,1,,Gutschrift,69.9,kundenretoure
RT-2026-4810,2026-01-26,freigegeben,eingegangen,AB-2026-12622,Eigener Shop,K-11677,Rechnungskauf,KLEID-PR-XL-WEI,Sommerkleid Print,XL,Weiss,1,Entspricht nicht dem Foto,Gutschrift,79.9,kundenretoure
RT-2026-4811,2026-05-06,freigegeben,eingegangen,AB-2026-12625,Eigener Shop,K-18115,Vorkasse,HOOD-ZP-M-WEI,Zip-Hoodie Heavy,M,Weiss,1,Entspricht nicht dem Foto,Gutschrift,89.9,kundenretoure
RT-2026-4812,2026-03-30,freigegeben,eingegangen,AB-2026-12626,Eigener Shop,K-19905,PayPal,JKT-RN-L-WEI,Regenjacke Tech,L,Weiss,1,Zu gross,Gutschrift,119.9,kundenretoure
RT-2026-4813,2026-07-03,freigegeben,eingegangen,AB-2026-12647,Eigener Shop,K-19053,PayPal,JKT-RN-XL-WEI,Regenjacke Tech,XL,Weiss,1,Gefaellt nicht,Gutschrift,119.9,kundenretoure
RT-2026-4814,2026-03-08,freigegeben,eingegangen,AB-2026-12654,Eigener Shop,K-14663,Rechnungskauf,TEE-OVS-XL-WEI,T-Shirt Oversized,XL,Weiss,1,Gefaellt nicht,Gutschrift,34.9,kundenretoure
RT-2026-4815,2026-06-01,freigegeben,eingegangen,AB-2026-12656,Zalando,K-16230,Rechnungskauf,KLEID-PR-L-WEI,Sommerkleid Print,L,Weiss,1,Falscher Artikel,Ersatzlieferung,79.9,kundenretoure
RT-2026-4816,2026-04-12,freigegeben,eingegangen,AB-2026-12669,Eigener Shop,K-19967,PayPal,HOOD-CL-L-WEI,Hoodie Classic,L,Weiss,1,Zu klein,Gutschrift,69.9,kundenretoure
RT-2026-4817,2026-02-25,freigegeben,eingegangen,AB-2026-12672,Amazon,K-15299,PayPal,HOOD-ZP-L-SCH,Zip-Hoodie Heavy,L,Schwarz,1,Gefaellt nicht,Gutschrift,89.9,kundenretoure
RT-2026-4818,2026-02-09,freigegeben,eingegangen,AB-2026-12672,Amazon,K-15299,PayPal,HOOD-ZP-S-SCH,Zip-Hoodie Heavy,S,Schwarz,1,Zu gross,Gutschrift,89.9,kundenretoure
RT-2026-4819,2026-05-05,freigegeben,eingegangen,AB-2026-12677,Eigener Shop,K-17965,Kreditkarte,TEE-OVS-XL-SCH,T-Shirt Oversized,XL,Schwarz,1,,Gutschrift,34.9,kundenretoure
RT-2026-4820,2026-03-26,freigegeben,eingegangen,AB-2026-12685,Zalando,K-11659,Rechnungskauf,HOOD-ZP-XS-SCH,Zip-Hoodie Heavy,XS,Schwarz,1,Gefaellt nicht,Gutschrift,89.9,kundenretoure
RT-2026-4821,2026-05-26,freigegeben,eingegangen,AB-2026-12686,Amazon,K-11563,Kreditkarte,HOOD-CL-XS-NAV,Hoodie Classic,XS,Navy,1,,Sonstiges,69.9,nicht_abgeholt
RT-2026-4822,2026-06-02,freigegeben,eingegangen,AB-2026-12690,Eigener Shop,K-16369,Rechnungskauf,HOOD-CL-L-OLI,Hoodie Classic,L,Oliv,1,Zu klein,Gutschrift,69.9,kundenretoure
RT-2026-4823,2026-03-17,freigegeben,eingegangen,AB-2026-12691,Amazon,K-17445,Kreditkarte,HOOD-CL-S-SCH,Hoodie Classic,S,Schwarz,1,Zu klein,Gutschrift,69.9,kundenretoure
RT-2026-4824,2026-03-17,freigegeben,eingegangen,AB-2026-12699,Eigener Shop,K-12227,Vorkasse,HOOD-ZP-L-WEI,Zip-Hoodie Heavy,L,Weiss,1,Gefaellt nicht,Gutschrift,89.9,kundenretoure
RT-2026-4825,2026-02-28,freigegeben,eingegangen,AB-2026-12704,Amazon,K-14732,Vorkasse,JOG-CL-XL-SCH,Jogger Classic,XL,Schwarz,1,Entspricht nicht dem Foto,Gutschrift,64.9,kundenretoure
RT-2026-4826,2026-04-17,freigegeben,eingegangen,AB-2026-12708,Eigener Shop,K-16248,Vorkasse,JKT-RN-L-SCH,Regenjacke Tech,L,Schwarz,1,Entspricht nicht dem Foto,Gutschrift,119.9,kundenretoure
RT-2026-4827,2026-04-03,freigegeben,eingegangen,AB-2026-12709,Eigener Shop,K-18895,Kreditkarte,KLEID-PR-XL-OLI,Sommerkleid Print,XL,Oliv,1,Entspricht nicht dem Foto,Gutschrift,79.9,kundenretoure
RT-2026-4828,2026-01-24,freigegeben,eingegangen,AB-2026-12716,Eigener Shop,K-13301,Vorkasse,KLEID-PR-XL-SCH,Sommerkleid Print,XL,Schwarz,1,Farbe weicht ab,Gutschrift,79.9,kundenretoure
RT-2026-4829,2026-02-21,freigegeben,eingegangen,AB-2026-12717,Eigener Shop,K-15480,Kreditkarte,JOG-CL-S-OLI,Jogger Classic,S,Oliv,1,Mangelhafte Qualitaet,Gutschrift,64.9,kundenretoure
RT-2026-4830,2026-05-19,freigegeben,eingegangen,AB-2026-12721,Amazon,K-12534,Rechnungskauf,KLEID-PR-XS-OLI,Sommerkleid Print,XS,Oliv,1,,Sonstiges,79.9,nicht_abgeholt
RT-2026-4831,2026-06-08,freigegeben,eingegangen,AB-2026-12734,Amazon,K-15026,Kreditkarte,KLEID-PR-XL-NAV,Sommerkleid Print,XL,Navy,1,Entspricht nicht dem Foto,Gutschrift,79.9,kundenretoure
RT-2026-4832,2026-03-10,freigegeben,eingegangen,AB-2026-12742,Amazon,K-17526,PayPal,HOOD-CL-XS-OLI,Hoodie Classic,XS,Oliv,1,Gefaellt nicht,Gutschrift,69.9,kundenretoure
RT-2026-4833,2026-03-25,freigegeben,eingegangen,AB-2026-12743,Eigener Shop,K-10396,Rechnungskauf,TEE-OVS-M-SCH,T-Shirt Oversized,M,Schwarz,1,,Gutschrift,34.9,kundenretoure
RT-2026-4834,2026-04-04,freigegeben,eingegangen,AB-2026-12750,Eigener Shop,K-14445,Kreditkarte,TEE-OVS-L-OLI,T-Shirt Oversized,L,Oliv,1,Beschaedigt angekommen,Ersatzlieferung,34.9,kundenretoure
RT-2026-4835,2026-03-16,freigegeben,eingegangen,AB-2026-12752,Eigener Shop,K-19405,Kreditkarte,KLEID-PR-XS-WEI,Sommerkleid Print,XS,Weiss,1,Nicht mehr benoetigt,Gutschrift,79.9,kundenretoure
RT-2026-4836,2026-04-01,freigegeben,eingegangen,AB-2026-12756,Amazon,K-11270,Rechnungskauf,HOOD-CL-XL-OLI,Hoodie Classic,XL,Oliv,1,Zu klein,Gutschrift,69.9,kundenretoure
RT-2026-4837,2026-05-04,freigegeben,eingegangen,AB-2026-12758,Eigener Shop,K-12560,PayPal,JOG-CL-M-SCH,Jogger Classic,M,Schwarz,1,,Gutschrift,64.9,kundenretoure
RT-2026-4838,2026-02-20,freigegeben,eingegangen,AB-2026-12760,Amazon,K-10800,Vorkasse,TEE-BAS-S-SCH,T-Shirt Basic,S,Schwarz,1,Gefaellt nicht,Gutschrift,29.9,kundenretoure
RT-2026-4839,2026-05-07,freigegeben,eingegangen,AB-2026-12762,Eigener Shop,K-14049,PayPal,JOG-CL-S-WEI,Jogger Classic,S,Weiss,1,Beschaedigt angekommen,Ersatzlieferung,64.9,kundenretoure
RT-2026-4840,2026-02-08,freigegeben,eingegangen,AB-2026-12770,Eigener Shop,K-17456,Rechnungskauf,HOOD-CL-L-OLI,Hoodie Classic,L,Oliv,1,,Sonstiges,69.9,nicht_abgeholt
RT-2026-4840,2026-02-08,freigegeben,eingegangen,AB-2026-12770,Eigener Shop,K-17456,Rechnungskauf,KLEID-PR-L-OLI,Sommerkleid Print,L,Oliv,1,,Sonstiges,79.9,nicht_abgeholt
RT-2026-4840,2026-02-08,freigegeben,eingegangen,AB-2026-12770,Eigener Shop,K-17456,Rechnungskauf,HOOD-ZP-XS-SCH,Zip-Hoodie Heavy,XS,Schwarz,1,,Sonstiges,89.9,nicht_abgeholt
RT-2026-4841,2026-02-23,freigegeben,eingegangen,AB-2026-12774,Eigener Shop,K-15302,Vorkasse,KLEID-PR-S-SCH,Sommerkleid Print,S,Schwarz,1,,Gutschrift,79.9,kundenretoure
RT-2026-4842,2026-05-14,freigegeben,eingegangen,AB-2026-12777,Amazon,K-14939,Rechnungskauf,KLEID-PR-S-WEI,Sommerkleid Print,S,Weiss,1,Farbe weicht ab,Gutschrift,79.9,kundenretoure
RT-2026-4843,2026-04-15,freigegeben,eingegangen,AB-2026-12784,Zalando,K-19834,PayPal,HOOD-ZP-M-WEI,Zip-Hoodie Heavy,M,Weiss,1,Beschaedigt angekommen,Ersatzlieferung,89.9,kundenretoure
RT-2026-4844,2026-04-27,freigegeben,eingegangen,AB-2026-12785,Eigener Shop,K-11922,Rechnungskauf,JKT-RN-S-SCH,Regenjacke Tech,S,Schwarz,1,Gefaellt nicht,Gutschrift,119.9,kundenretoure
RT-2026-4845,2026-04-22,freigegeben,eingegangen,AB-2026-12785,Eigener Shop,K-11922,Rechnungskauf,HOOD-CL-XS-NAV,Hoodie Classic,XS,Navy,1,Zu spaet geliefert,Gutschrift,69.9,kundenretoure
RT-2026-4846,2026-04-03,freigegeben,eingegangen,AB-2026-12787,Eigener Shop,K-15477,Kreditkarte,HOOD-ZP-XS-SCH,Zip-Hoodie Heavy,XS,Schwarz,1,,Gutschrift,89.9,kundenretoure
RT-2026-4847,2026-01-23,freigegeben,eingegangen,AB-2026-12802,Eigener Shop,K-10713,Vorkasse,JKT-RN-M-WEI,Regenjacke Tech,M,Weiss,1,Entspricht nicht dem Foto,Gutschrift,119.9,kundenretoure
RT-2026-4848,2026-06-07,freigegeben,eingegangen,AB-2026-12810,Amazon,K-12501,Kreditkarte,HOOD-ZP-L-SCH,Zip-Hoodie Heavy,L,Schwarz,1,Gefaellt nicht,Gutschrift,89.9,kundenretoure
RT-2026-4849,2026-04-10,freigegeben,eingegangen,AB-2026-12815,Eigener Shop,K-18877,Rechnungskauf,HOOD-CL-XS-SCH,Hoodie Classic,XS,Schwarz,1,Zu klein,Gutschrift,69.9,kundenretoure
RT-2026-4850,2026-04-16,freigegeben,eingegangen,AB-2026-12815,Eigener Shop,K-18877,Rechnungskauf,HOOD-CL-XS-OLI,Hoodie Classic,XS,Oliv,1,,Gutschrift,69.9,kundenretoure
RT-2026-4851,2026-04-09,freigegeben,eingegangen,AB-2026-12818,Eigener Shop,K-13983,PayPal,JOG-CL-L-WEI,Jogger Classic,L,Weiss,1,Zu gross,Gutschrift,64.9,kundenretoure
RT-2026-4852,2026-04-03,freigegeben,eingegangen,AB-2026-12819,Eigener Shop,K-11536,PayPal,KLEID-PR-M-WEI,Sommerkleid Print,M,Weiss,1,Farbe weicht ab,Gutschrift,79.9,kundenretoure
RT-2026-4853,2026-06-05,freigegeben,eingegangen,AB-2026-12822,Eigener Shop,K-18577,Rechnungskauf,HOOD-ZP-XS-SCH,Zip-Hoodie Heavy,XS,Schwarz,1,Gefaellt nicht,Gutschrift,89.9,kundenretoure
RT-2026-4854,2026-06-16,freigegeben,eingegangen,AB-2026-12823,Amazon,K-13050,Vorkasse,JKT-RN-M-SCH,Regenjacke Tech,M,Schwarz,1,Zu spaet geliefert,Gutschrift,119.9,kundenretoure
RT-2026-4855,2026-04-05,freigegeben,eingegangen,AB-2026-12825,Amazon,K-14781,Kreditkarte,KLEID-PR-XS-OLI,Sommerkleid Print,XS,Oliv,1,Farbe weicht ab,Gutschrift,79.9,kundenretoure
RT-2026-4856,2026-05-27,freigegeben,eingegangen,AB-2026-12839,Eigener Shop,K-10201,PayPal,KLEID-PR-L-WEI,Sommerkleid Print,L,Weiss,1,Nicht mehr benoetigt,Gutschrift,79.9,kundenretoure
RT-2026-4857,2026-06-13,freigegeben,eingegangen,AB-2026-12843,Eigener Shop,K-11788,Rechnungskauf,HOOD-CL-S-SCH,Hoodie Classic,S,Schwarz,1,Zu klein,Gutschrift,69.9,kundenretoure
RT-2026-4858,2026-03-12,freigegeben,eingegangen,AB-2026-12847,Eigener Shop,K-17225,PayPal,JOG-CL-XS-OLI,Jogger Classic,XS,Oliv,1,Zu klein,Gutschrift,64.9,kundenretoure
RT-2026-4859,2026-05-08,freigegeben,eingegangen,AB-2026-12848,Zalando,K-17156,Rechnungskauf,JKT-RN-XS-SCH,Regenjacke Tech,XS,Schwarz,1,,Gutschrift,119.9,kundenretoure
RT-2026-4860,2026-02-17,freigegeben,eingegangen,AB-2026-12849,Eigener Shop,K-10442,Vorkasse,CAP-LG-M-WEI,Cap Logo,M,Weiss,1,Zu klein,Gutschrift,24.9,kundenretoure
RT-2026-4861,2026-02-23,freigegeben,eingegangen,AB-2026-12849,Eigener Shop,K-10442,Vorkasse,CAP-LG-L-WEI,Cap Logo,L,Weiss,1,Zu gross,Gutschrift,24.9,kundenretoure
RT-2026-4862,2026-02-26,freigegeben,eingegangen,AB-2026-12852,Eigener Shop,K-11077,Rechnungskauf,HOOD-ZP-M-SCH,Zip-Hoodie Heavy,M,Schwarz,1,Mangelhafte Qualitaet,Gutschrift,89.9,kundenretoure
RT-2026-4863,2026-03-04,freigegeben,eingegangen,AB-2026-12860,Zalando,K-12288,Kreditkarte,HOOD-ZP-M-WEI,Zip-Hoodie Heavy,M,Weiss,1,Zu spaet geliefert,Gutschrift,89.9,kundenretoure
RT-2026-4864,2026-05-27,freigegeben,eingegangen,AB-2026-12876,Amazon,K-12834,Kreditkarte,JOG-CL-XS-NAV,Jogger Classic,XS,Navy,1,Zu klein,Gutschrift,64.9,kundenretoure
RT-2026-4865,2026-06-16,freigegeben,eingegangen,AB-2026-12880,Eigener Shop,K-19375,Kreditkarte,TEE-BAS-S-OLI,T-Shirt Basic,S,Oliv,1,,Sonstiges,29.9,nicht_abgeholt
RT-2026-4866,2026-06-11,freigegeben,eingegangen,AB-2026-12884,Eigener Shop,K-17857,PayPal,HOOD-ZP-L-SCH,Zip-Hoodie Heavy,L,Schwarz,1,Zu gross,Gutschrift,89.9,kundenretoure
RT-2026-4867,2026-05-23,freigegeben,eingegangen,AB-2026-12887,Amazon,K-15993,PayPal,HOOD-CL-M-SCH,Hoodie Classic,M,Schwarz,1,Zu klein,Gutschrift,69.9,kundenretoure
RT-2026-4868,2026-03-01,freigegeben,eingegangen,AB-2026-12889,Eigener Shop,K-15220,PayPal,TEE-BAS-M-WEI,T-Shirt Basic,M,Weiss,1,,Gutschrift,29.9,kundenretoure
RT-2026-4869,2026-03-19,freigegeben,eingegangen,AB-2026-12892,Amazon,K-17812,Rechnungskauf,KLEID-PR-L-NAV,Sommerkleid Print,L,Navy,1,Farbe weicht ab,Gutschrift,79.9,kundenretoure
RT-2026-4870,2026-07-05,freigegeben,eingegangen,AB-2026-12893,Eigener Shop,K-19330,Rechnungskauf,KLEID-PR-M-OLI,Sommerkleid Print,M,Oliv,1,,Gutschrift,79.9,kundenretoure
RT-2026-4871,2026-05-04,freigegeben,eingegangen,AB-2026-12897,Zalando,K-11598,PayPal,HOOD-ZP-L-SCH,Zip-Hoodie Heavy,L,Schwarz,1,Gefaellt nicht,Gutschrift,89.9,kundenretoure
RT-2026-4872,2026-04-15,freigegeben,eingegangen,AB-2026-12908,Eigener Shop,K-10738,PayPal,TEE-BAS-XL-NAV,T-Shirt Basic,XL,Navy,1,,Gutschrift,29.9,kundenretoure
RT-2026-4873,2026-05-25,freigegeben,eingegangen,AB-2026-12911,Eigener Shop,K-10866,Rechnungskauf,TEE-BAS-M-NAV,T-Shirt Basic,M,Navy,1,Zu klein,Gutschrift,29.9,kundenretoure
RT-2026-4874,2026-06-18,freigegeben,eingegangen,AB-2026-12921,Eigener Shop,K-15785,Rechnungskauf,SOCK-3P-L-WEI,Sneaker Socken 3er-Pack,L,Weiss,1,Zu gross,Gutschrift,19.9,kundenretoure
RT-2026-4875,2026-06-06,freigegeben,eingegangen,AB-2026-12926,Eigener Shop,K-17622,Vorkasse,TEE-OVS-S-WEI,T-Shirt Oversized,S,Weiss,1,Gefaellt nicht,Gutschrift,34.9,kundenretoure
RT-2026-4876,2026-04-30,freigegeben,eingegangen,AB-2026-12928,Eigener Shop,K-14079,Vorkasse,HOOD-CL-M-OLI,Hoodie Classic,M,Oliv,1,Zu klein,Gutschrift,69.9,kundenretoure
RT-2026-4877,2026-06-10,freigegeben,eingegangen,AB-2026-12929,Zalando,K-14162,Vorkasse,JKT-RN-XS-SCH,Regenjacke Tech,XS,Schwarz,1,Mangelhafte Qualitaet,Gutschrift,119.9,kundenretoure
RT-2026-4878,2026-03-27,freigegeben,eingegangen,AB-2026-12931,Eigener Shop,K-16140,PayPal,HOOD-ZP-M-SCH,Zip-Hoodie Heavy,M,Schwarz,1,Gefaellt nicht,Gutschrift,89.9,kundenretoure
RT-2026-4879,2026-04-29,freigegeben,eingegangen,AB-2026-12936,Amazon,K-19232,Vorkasse,HOOD-CL-XL-WEI,Hoodie Classic,XL,Weiss,1,Nicht mehr benoetigt,Gutschrift,69.9,kundenretoure
RT-2026-4880,2026-01-30,freigegeben,eingegangen,AB-2026-12939,Amazon,K-14580,Kreditkarte,JKT-RN-M-SCH,Regenjacke Tech,M,Schwarz,1,Gefaellt nicht,Gutschrift,119.9,kundenretoure
RT-2026-4881,2026-05-23,freigegeben,eingegangen,AB-2026-12945,Eigener Shop,K-16466,PayPal,CAP-LG-M-OLI,Cap Logo,M,Oliv,1,Gefaellt nicht,Gutschrift,24.9,kundenretoure
RT-2026-4882,2026-06-30,freigegeben,eingegangen,AB-2026-12948,Eigener Shop,K-12403,Rechnungskauf,HOOD-ZP-S-SCH,Zip-Hoodie Heavy,S,Schwarz,1,Mangelhafte Qualitaet,Gutschrift,89.9,kundenretoure
RT-2026-4883,2026-04-07,freigegeben,eingegangen,AB-2026-12959,Eigener Shop,K-12344,Rechnungskauf,JOG-CL-XL-NAV,Jogger Classic,XL,Navy,1,Zu gross,Gutschrift,64.9,kundenretoure
RT-2026-4884,2026-04-29,freigegeben,eingegangen,AB-2026-12959,Eigener Shop,K-12344,Rechnungskauf,JOG-CL-S-NAV,Jogger Classic,S,Navy,1,,Gutschrift,64.9,kundenretoure
RT-2026-4885,2026-03-15,freigegeben,eingegangen,AB-2026-12973,Eigener Shop,K-18748,PayPal,JKT-RN-M-SCH,Regenjacke Tech,M,Schwarz,1,Falscher Artikel,Ersatzlieferung,119.9,kundenretoure
RT-2026-4886,2026-03-30,freigegeben,eingegangen,AB-2026-12981,Eigener Shop,K-13579,Rechnungskauf,TEE-BAS-L-NAV,T-Shirt Basic,L,Navy,1,,Gutschrift,29.9,kundenretoure
RT-2026-4887,2026-02-08,freigegeben,eingegangen,AB-2026-12982,Eigener Shop,K-10442,Vorkasse,TEE-OVS-S-NAV,T-Shirt Oversized,S,Navy,1,Zu gross,Gutschrift,34.9,kundenretoure
RT-2026-4888,2026-02-03,freigegeben,eingegangen,AB-2026-12982,Eigener Shop,K-10442,Vorkasse,TEE-OVS-M-NAV,T-Shirt Oversized,M,Navy,1,Zu gross,Gutschrift,34.9,kundenretoure
RT-2026-4889,2026-03-30,freigegeben,eingegangen,AB-2026-12984,Eigener Shop,K-19654,Rechnungskauf,JKT-RN-XL-SCH,Regenjacke Tech,XL,Schwarz,1,Zu klein,Gutschrift,119.9,kundenretoure
RT-2026-4890,2026-02-13,freigegeben,eingegangen,AB-2026-12987,Amazon,K-14280,Rechnungskauf,JKT-RN-M-SCH,Regenjacke Tech,M,Schwarz,1,Beschaedigt angekommen,Ersatzlieferung,119.9,kundenretoure
RT-2026-4891,2026-03-04,freigegeben,eingegangen,AB-2026-12996,Eigener Shop,K-18155,Kreditkarte,HOOD-CL-M-OLI,Hoodie Classic,M,Oliv,1,Zu klein,Gutschrift,69.9,kundenretoure
RT-2026-4892,2026-06-05,freigegeben,eingegangen,AB-2026-13000,Amazon,K-14249,Vorkasse,TEE-OVS-XS-NAV,T-Shirt Oversized,XS,Navy,1,Nicht mehr benoetigt,Gutschrift,34.9,kundenretoure
RT-2026-4893,2026-03-20,freigegeben,eingegangen,AB-2026-13001,Amazon,K-19707,Vorkasse,JKT-RN-S-SCH,Regenjacke Tech,S,Schwarz,1,Gefaellt nicht,Gutschrift,119.9,kundenretoure
RT-2026-4894,2026-07-01,freigegeben,eingegangen,AB-2026-13014,Eigener Shop,K-12289,Kreditkarte,TEE-BAS-L-OLI,T-Shirt Basic,L,Oliv,1,Gefaellt nicht,Gutschrift,29.9,kundenretoure
RT-2026-4895,2026-05-28,freigegeben,eingegangen,AB-2026-13017,Eigener Shop,K-18074,Kreditkarte,JOG-CL-XL-NAV,Jogger Classic,XL,Navy,1,,Sonstiges,64.9,nicht_abgeholt
RT-2026-4896,2026-04-14,freigegeben,eingegangen,AB-2026-13021,Zalando,K-15811,PayPal,JOG-CL-XL-WEI,Jogger Classic,XL,Weiss,1,Gefaellt nicht,Gutschrift,64.9,kundenretoure
RT-2026-4897,2026-04-16,freigegeben,eingegangen,AB-2026-13021,Zalando,K-15811,PayPal,CAP-LG-XS-SCH,Cap Logo,XS,Schwarz,1,Gefaellt nicht,Gutschrift,24.9,kundenretoure
RT-2026-4898,2026-04-15,freigegeben,eingegangen,AB-2026-13026,Eigener Shop,K-12669,Rechnungskauf,HOOD-CL-M-WEI,Hoodie Classic,M,Weiss,1,,Gutschrift,69.9,kundenretoure
RT-2026-4899,2026-05-18,freigegeben,eingegangen,AB-2026-13027,Eigener Shop,K-19623,Rechnungskauf,HOOD-ZP-XL-SCH,Zip-Hoodie Heavy,XL,Schwarz,1,Falscher Artikel,Ersatzlieferung,89.9,kundenretoure
RT-2026-4900,2026-04-07,freigegeben,eingegangen,AB-2026-13031,Zalando,K-18695,Vorkasse,TEE-OVS-S-OLI,T-Shirt Oversized,S,Oliv,1,Nicht mehr benoetigt,Gutschrift,34.9,kundenretoure
RT-2026-4901,2026-02-04,freigegeben,eingegangen,AB-2026-13036,Eigener Shop,K-15020,PayPal,HOOD-CL-L-WEI,Hoodie Classic,L,Weiss,1,Gefaellt nicht,Gutschrift,69.9,kundenretoure
RT-2026-4902,2026-03-12,freigegeben,eingegangen,AB-2026-13041,Eigener Shop,K-18034,Rechnungskauf,HOOD-CL-XL-WEI,Hoodie Classic,XL,Weiss,1,Zu klein,Gutschrift,69.9,kundenretoure
RT-2026-4903,2026-04-28,freigegeben,eingegangen,AB-2026-13051,Amazon,K-14712,Vorkasse,JOG-CL-S-OLI,Jogger Classic,S,Oliv,1,Mangelhafte Qualitaet,Gutschrift,64.9,kundenretoure
RT-2026-4904,2026-02-22,freigegeben,eingegangen,AB-2026-13052,Eigener Shop,K-15744,Vorkasse,JOG-CL-XL-SCH,Jogger Classic,XL,Schwarz,1,Gefaellt nicht,Gutschrift,64.9,kundenretoure
RT-2026-4905,2026-02-27,freigegeben,eingegangen,AB-2026-13053,Eigener Shop,K-10102,Kreditkarte,HOOD-ZP-M-SCH,Zip-Hoodie Heavy,M,Schwarz,1,Beschaedigt angekommen,Ersatzlieferung,89.9,kundenretoure
RT-2026-4906,2026-06-02,freigegeben,eingegangen,AB-2026-13054,Eigener Shop,K-17877,PayPal,HOOD-CL-M-WEI,Hoodie Classic,M,Weiss,1,Zu klein,Gutschrift,69.9,kundenretoure
RT-2026-4907,2026-04-09,freigegeben,eingegangen,AB-2026-13072,Eigener Shop,K-17700,PayPal,JKT-RN-L-SCH,Regenjacke Tech,L,Schwarz,1,Zu gross,Gutschrift,119.9,kundenretoure
RT-2026-4908,2026-02-14,freigegeben,eingegangen,AB-2026-13075,Eigener Shop,K-13480,Kreditkarte,HOOD-ZP-L-SCH,Zip-Hoodie Heavy,L,Schwarz,1,Zu gross,Gutschrift,89.9,kundenretoure
RT-2026-4909,2026-03-27,freigegeben,eingegangen,AB-2026-13076,Amazon,K-14849,Kreditkarte,JKT-RN-S-WEI,Regenjacke Tech,S,Weiss,1,,Gutschrift,119.9,kundenretoure
RT-2026-4910,2026-05-28,freigegeben,eingegangen,AB-2026-13094,Eigener Shop,K-18970,Rechnungskauf,KLEID-PR-M-WEI,Sommerkleid Print,M,Weiss,1,Farbe weicht ab,Gutschrift,79.9,kundenretoure
RT-2026-4911,2026-03-31,freigegeben,eingegangen,AB-2026-13095,Eigener Shop,K-11603,PayPal,JKT-RN-S-SCH,Regenjacke Tech,S,Schwarz,1,Nicht mehr benoetigt,Gutschrift,119.9,kundenretoure
RT-2026-4912,2026-06-01,freigegeben,eingegangen,AB-2026-13099,Eigener Shop,K-19102,Kreditkarte,TEE-BAS-XS-WEI,T-Shirt Basic,XS,Weiss,1,Zu klein,Gutschrift,29.9,kundenretoure
RT-2026-4913,2026-02-06,freigegeben,eingegangen,AB-2026-13101,Zalando,K-11852,Rechnungskauf,JKT-RN-M-WEI,Regenjacke Tech,M,Weiss,1,Zu gross,Gutschrift,119.9,kundenretoure
RT-2026-4914,2026-04-10,freigegeben,eingegangen,AB-2026-13105,Zalando,K-18328,Kreditkarte,TEE-OVS-L-SCH,T-Shirt Oversized,L,Schwarz,1,Zu klein,Gutschrift,34.9,kundenretoure
RT-2026-4915,2026-03-22,freigegeben,eingegangen,AB-2026-13107,Eigener Shop,K-10944,Kreditkarte,JOG-CL-XL-WEI,Jogger Classic,XL,Weiss,1,Nicht mehr benoetigt,Gutschrift,64.9,kundenretoure
RT-2026-4916,2026-01-12,freigegeben,eingegangen,AB-2026-13109,Amazon,K-13586,Kreditkarte,KLEID-PR-XL-NAV,Sommerkleid Print,XL,Navy,1,Mangelhafte Qualitaet,Gutschrift,79.9,kundenretoure
RT-2026-4917,2026-03-28,freigegeben,eingegangen,AB-2026-13115,Zalando,K-16409,Vorkasse,HOOD-ZP-M-SCH,Zip-Hoodie Heavy,M,Schwarz,1,Zu klein,Gutschrift,89.9,kundenretoure
RT-2026-4918,2026-04-16,freigegeben,eingegangen,AB-2026-13119,Eigener Shop,K-10728,Kreditkarte,HOOD-CL-XS-WEI,Hoodie Classic,XS,Weiss,1,,Gutschrift,69.9,kundenretoure
RT-2026-4919,2026-05-04,freigegeben,eingegangen,AB-2026-13120,Zalando,K-15117,Rechnungskauf,CAP-LG-M-NAV,Cap Logo,M,Navy,1,Zu klein,Gutschrift,24.9,kundenretoure
RT-2026-4920,2026-05-13,freigegeben,eingegangen,AB-2026-13123,Eigener Shop,K-15496,Rechnungskauf,HOOD-ZP-M-WEI,Zip-Hoodie Heavy,M,Weiss,1,Gefaellt nicht,Gutschrift,89.9,kundenretoure
RT-2026-4921,2026-07-05,freigegeben,eingegangen,AB-2026-13127,Eigener Shop,K-13900,Vorkasse,JKT-RN-XL-SCH,Regenjacke Tech,XL,Schwarz,1,Entspricht nicht dem Foto,Gutschrift,119.9,kundenretoure
RT-2026-4922,2026-04-07,freigegeben,eingegangen,AB-2026-13132,Eigener Shop,K-11215,PayPal,TEE-BAS-S-WEI,T-Shirt Basic,S,Weiss,1,Nicht mehr benoetigt,Gutschrift,29.9,kundenretoure
RT-2026-4923,2026-01-25,freigegeben,eingegangen,AB-2026-13134,Eigener Shop,K-11113,Vorkasse,HOOD-CL-L-WEI,Hoodie Classic,L,Weiss,1,Zu klein,Gutschrift,69.9,kundenretoure
RT-2026-4924,2026-04-20,freigegeben,eingegangen,AB-2026-13142,Eigener Shop,K-12723,PayPal,HOOD-CL-L-NAV,Hoodie Classic,L,Navy,1,Zu klein,Gutschrift,69.9,kundenretoure
RT-2026-4925,2026-02-01,freigegeben,eingegangen,AB-2026-13144,Eigener Shop,K-18732,Vorkasse,TEE-BAS-S-WEI,T-Shirt Basic,S,Weiss,1,Zu gross,Gutschrift,29.9,kundenretoure
RT-2026-4926,2026-01-23,freigegeben,eingegangen,AB-2026-13145,Amazon,K-10129,Rechnungskauf,SOCK-3P-S-WEI,Sneaker Socken 3er-Pack,S,Weiss,1,,Sonstiges,19.9,nicht_abgeholt
RT-2026-4927,2026-07-04,freigegeben,eingegangen,AB-2026-13147,Eigener Shop,K-14192,Vorkasse,JKT-RN-L-SCH,Regenjacke Tech,L,Schwarz,1,Mangelhafte Qualitaet,Gutschrift,119.9,kundenretoure
RT-2026-4928,2026-06-02,freigegeben,eingegangen,AB-2026-13147,Eigener Shop,K-14192,Vorkasse,JKT-RN-M-SCH,Regenjacke Tech,M,Schwarz,1,Zu gross,Gutschrift,119.9,kundenretoure
RT-2026-4929,2026-03-16,freigegeben,eingegangen,AB-2026-13152,Amazon,K-13633,PayPal,JOG-CL-L-SCH,Jogger Classic,L,Schwarz,1,Zu spaet geliefert,Gutschrift,64.9,kundenretoure
RT-2026-4930,2026-04-09,freigegeben,eingegangen,AB-2026-13154,Amazon,K-14723,PayPal,TEE-OVS-XL-SCH,T-Shirt Oversized,XL,Schwarz,1,Gefaellt nicht,Gutschrift,34.9,kundenretoure
RT-2026-4931,2026-02-13,freigegeben,eingegangen,AB-2026-13155,Eigener Shop,K-10700,Rechnungskauf,JKT-RN-L-WEI,Regenjacke Tech,L,Weiss,1,Gefaellt nicht,Gutschrift,119.9,kundenretoure
RT-2026-4932,2026-06-24,freigegeben,eingegangen,AB-2026-13156,Zalando,K-12436,PayPal,HOOD-CL-L-SCH,Hoodie Classic,L,Schwarz,1,Nicht mehr benoetigt,Gutschrift,69.9,kundenretoure
RT-2026-4933,2026-06-30,freigegeben,eingegangen,AB-2026-13156,Zalando,K-12436,PayPal,HOOD-ZP-L-WEI,Zip-Hoodie Heavy,L,Weiss,1,Nicht mehr benoetigt,Gutschrift,89.9,kundenretoure
RT-2026-4934,2026-03-10,freigegeben,eingegangen,AB-2026-13157,Amazon,K-15033,PayPal,HOOD-CL-XL-SCH,Hoodie Classic,XL,Schwarz,1,Zu klein,Gutschrift,69.9,kundenretoure
RT-2026-4935,2026-07-01,freigegeben,eingegangen,AB-2026-13161,Eigener Shop,K-19722,PayPal,HOOD-ZP-M-SCH,Zip-Hoodie Heavy,M,Schwarz,1,Zu klein,Gutschrift,89.9,kundenretoure
RT-2026-4936,2026-06-16,freigegeben,eingegangen,AB-2026-13163,Amazon,K-12364,Rechnungskauf,JKT-RN-XL-WEI,Regenjacke Tech,XL,Weiss,1,Entspricht nicht dem Foto,Gutschrift,119.9,kundenretoure
RT-2026-4937,2026-05-28,freigegeben,eingegangen,AB-2026-13164,Eigener Shop,K-13215,PayPal,HOOD-ZP-S-WEI,Zip-Hoodie Heavy,S,Weiss,1,Gefaellt nicht,Gutschrift,89.9,kundenretoure
RT-2026-4938,2026-04-03,freigegeben,eingegangen,AB-2026-13180,Amazon,K-19005,Rechnungskauf,SOCK-3P-L-SCH,Sneaker Socken 3er-Pack,L,Schwarz,1,Mangelhafte Qualitaet,Gutschrift,19.9,kundenretoure
RT-2026-4939,2026-04-01,freigegeben,eingegangen,AB-2026-13180,Amazon,K-19005,Rechnungskauf,JKT-RN-XL-WEI,Regenjacke Tech,XL,Weiss,1,Zu spaet geliefert,Gutschrift,119.9,kundenretoure
RT-2026-4940,2026-06-04,freigegeben,eingegangen,AB-2026-13188,Eigener Shop,K-14370,Kreditkarte,HOOD-ZP-XS-SCH,Zip-Hoodie Heavy,XS,Schwarz,1,Zu klein,Gutschrift,89.9,kundenretoure
RT-2026-4941,2026-03-17,freigegeben,eingegangen,AB-2026-13194,Eigener Shop,K-13441,PayPal,TEE-BAS-M-SCH,T-Shirt Basic,M,Schwarz,1,Zu spaet geliefert,Gutschrift,29.9,kundenretoure
RT-2026-4942,2026-02-09,freigegeben,eingegangen,AB-2026-13197,Amazon,K-11857,Kreditkarte,HOOD-CL-S-SCH,Hoodie Classic,S,Schwarz,1,Zu klein,Gutschrift,69.9,kundenretoure
RT-2026-4943,2026-06-16,freigegeben,eingegangen,AB-2026-13207,Eigener Shop,K-10892,PayPal,HOOD-ZP-XS-SCH,Zip-Hoodie Heavy,XS,Schwarz,1,,Sonstiges,89.9,nicht_abgeholt
RT-2026-4943,2026-06-16,freigegeben,eingegangen,AB-2026-13207,Eigener Shop,K-10892,PayPal,JOG-CL-XS-SCH,Jogger Classic,XS,Schwarz,1,,Sonstiges,64.9,nicht_abgeholt
RT-2026-4943,2026-06-16,freigegeben,eingegangen,AB-2026-13207,Eigener Shop,K-10892,PayPal,HOOD-ZP-XS-SCH,Zip-Hoodie Heavy,XS,Schwarz,1,,Sonstiges,89.9,nicht_abgeholt
RT-2026-4944,2026-03-04,freigegeben,eingegangen,AB-2026-13210,Eigener Shop,K-10145,Kreditkarte,JOG-CL-XL-SCH,Jogger Classic,XL,Schwarz,1,Beschaedigt angekommen,Ersatzlieferung,64.9,kundenretoure
RT-2026-4945,2026-02-21,freigegeben,eingegangen,AB-2026-13212,Eigener Shop,K-13109,Kreditkarte,HOOD-ZP-S-WEI,Zip-Hoodie Heavy,S,Weiss,1,,Gutschrift,89.9,kundenretoure
RT-2026-4946,2026-03-27,freigegeben,eingegangen,AB-2026-13216,Amazon,K-17006,Rechnungskauf,HOOD-ZP-L-WEI,Zip-Hoodie Heavy,L,Weiss,1,Nicht mehr benoetigt,Gutschrift,89.9,kundenretoure
RT-2026-4947,2026-05-17,freigegeben,eingegangen,AB-2026-13228,Eigener Shop,K-13660,Vorkasse,TEE-OVS-XS-WEI,T-Shirt Oversized,XS,Weiss,1,Gefaellt nicht,Gutschrift,34.9,kundenretoure
RT-2026-4948,2026-06-09,freigegeben,eingegangen,AB-2026-13229,Amazon,K-19767,Rechnungskauf,JKT-RN-L-WEI,Regenjacke Tech,L,Weiss,1,,Gutschrift,119.9,kundenretoure
RT-2026-4949,2026-06-08,freigegeben,eingegangen,AB-2026-13236,Amazon,K-15076,Kreditkarte,HOOD-CL-L-NAV,Hoodie Classic,L,Navy,1,Zu klein,Gutschrift,69.9,kundenretoure
RT-2026-4950,2026-04-03,freigegeben,eingegangen,AB-2026-13237,Eigener Shop,K-13614,Rechnungskauf,KLEID-PR-XL-OLI,Sommerkleid Print,XL,Oliv,1,Zu klein,Gutschrift,79.9,kundenretoure
RT-2026-4951,2026-05-31,freigegeben,eingegangen,AB-2026-13237,Eigener Shop,K-13614,Rechnungskauf,SOCK-3P-XS-NAV,Sneaker Socken 3er-Pack,XS,Navy,1,,Gutschrift,19.9,kundenretoure
RT-2026-4952,2026-03-09,freigegeben,eingegangen,AB-2026-13247,Eigener Shop,K-15287,Vorkasse,TEE-OVS-S-OLI,T-Shirt Oversized,S,Oliv,1,,Gutschrift,34.9,kundenretoure
RT-2026-4953,2026-01-19,freigegeben,eingegangen,AB-2026-13251,Eigener Shop,K-16032,PayPal,CAP-LG-M-NAV,Cap Logo,M,Navy,1,Beschaedigt angekommen,Ersatzlieferung,24.9,kundenretoure
RT-2026-4954,2026-05-13,freigegeben,eingegangen,AB-2026-13252,Eigener Shop,K-13829,Rechnungskauf,CAP-LG-M-NAV,Cap Logo,M,Navy,1,,Sonstiges,24.9,nicht_abgeholt
RT-2026-4954,2026-05-13,freigegeben,eingegangen,AB-2026-13252,Eigener Shop,K-13829,Rechnungskauf,SOCK-3P-M-SCH,Sneaker Socken 3er-Pack,M,Schwarz,1,,Sonstiges,19.9,nicht_abgeholt
RT-2026-4955,2026-06-20,freigegeben,eingegangen,AB-2026-13253,Eigener Shop,K-12395,Rechnungskauf,HOOD-ZP-M-WEI,Zip-Hoodie Heavy,M,Weiss,1,Zu gross,Gutschrift,89.9,kundenretoure
RT-2026-4956,2026-04-09,freigegeben,eingegangen,AB-2026-13261,Eigener Shop,K-10649,Vorkasse,KLEID-PR-M-NAV,Sommerkleid Print,M,Navy,1,Farbe weicht ab,Gutschrift,79.9,kundenretoure
RT-2026-4957,2026-04-29,freigegeben,eingegangen,AB-2026-13264,Eigener Shop,K-10456,PayPal,JKT-RN-S-WEI,Regenjacke Tech,S,Weiss,1,Falscher Artikel,Ersatzlieferung,119.9,kundenretoure
RT-2026-4958,2026-03-15,freigegeben,eingegangen,AB-2026-13269,Amazon,K-12809,Kreditkarte,CAP-LG-M-OLI,Cap Logo,M,Oliv,1,Zu gross,Gutschrift,24.9,kundenretoure
RT-2026-4959,2026-03-22,freigegeben,eingegangen,AB-2026-13270,Eigener Shop,K-13162,Rechnungskauf,JOG-CL-S-NAV,Jogger Classic,S,Navy,1,Zu gross,Gutschrift,64.9,kundenretoure
RT-2026-4960,2026-05-16,freigegeben,eingegangen,AB-2026-13274,Eigener Shop,K-15581,Vorkasse,JKT-RN-S-SCH,Regenjacke Tech,S,Schwarz,1,Zu gross,Gutschrift,119.9,kundenretoure
RT-2026-4961,2026-01-16,freigegeben,eingegangen,AB-2026-13276,Zalando,K-15718,Rechnungskauf,TEE-OVS-L-SCH,T-Shirt Oversized,L,Schwarz,1,Nicht mehr benoetigt,Gutschrift,34.9,kundenretoure
RT-2026-4962,2026-02-09,freigegeben,eingegangen,AB-2026-13278,Eigener Shop,K-19040,Kreditkarte,HOOD-CL-XS-WEI,Hoodie Classic,XS,Weiss,1,Gefaellt nicht,Gutschrift,69.9,kundenretoure
RT-2026-4963,2026-04-14,freigegeben,eingegangen,AB-2026-13285,Eigener Shop,K-19555,Vorkasse,JOG-CL-L-OLI,Jogger Classic,L,Oliv,1,Zu klein,Gutschrift,64.9,kundenretoure
RT-2026-4964,2026-04-24,freigegeben,eingegangen,AB-2026-13285,Eigener Shop,K-19555,Vorkasse,KLEID-PR-M-WEI,Sommerkleid Print,M,Weiss,1,Entspricht nicht dem Foto,Gutschrift,79.9,kundenretoure
RT-2026-4965,2026-06-12,freigegeben,eingegangen,AB-2026-13292,Eigener Shop,K-17831,PayPal,TEE-OVS-XL-SCH,T-Shirt Oversized,XL,Schwarz,1,Zu gross,Gutschrift,34.9,kundenretoure
RT-2026-4966,2026-05-03,freigegeben,eingegangen,AB-2026-13296,Amazon,K-16792,Kreditkarte,HOOD-ZP-XL-WEI,Zip-Hoodie Heavy,XL,Weiss,1,Gefaellt nicht,Gutschrift,89.9,kundenretoure
RT-2026-4967,2026-02-03,freigegeben,eingegangen,AB-2026-13300,Eigener Shop,K-15696,Kreditkarte,SOCK-3P-XS-WEI,Sneaker Socken 3er-Pack,XS,Weiss,1,Nicht mehr benoetigt,Gutschrift,19.9,kundenretoure
RT-2026-4968,2026-04-19,freigegeben,eingegangen,AB-2026-13302,Amazon,K-14246,PayPal,JKT-RN-M-WEI,Regenjacke Tech,M,Weiss,1,Nicht mehr benoetigt,Gutschrift,119.9,kundenretoure
RT-2026-4969,2026-07-03,freigegeben,eingegangen,AB-2026-13310,Eigener Shop,K-17807,PayPal,HOOD-CL-XS-SCH,Hoodie Classic,XS,Schwarz,1,,Gutschrift,69.9,kundenretoure
RT-2026-4970,2026-05-14,freigegeben,eingegangen,AB-2026-13311,Eigener Shop,K-10237,Vorkasse,HOOD-ZP-XL-WEI,Zip-Hoodie Heavy,XL,Weiss,1,Zu gross,Gutschrift,89.9,kundenretoure
RT-2026-4971,2026-04-20,freigegeben,eingegangen,AB-2026-13315,Amazon,K-13316,Rechnungskauf,HOOD-ZP-XS-WEI,Zip-Hoodie Heavy,XS,Weiss,1,Gefaellt nicht,Gutschrift,89.9,kundenretoure
RT-2026-4972,2026-04-24,freigegeben,eingegangen,AB-2026-13319,Amazon,K-15220,PayPal,HOOD-ZP-XL-SCH,Zip-Hoodie Heavy,XL,Schwarz,1,,Gutschrift,89.9,kundenretoure
RT-2026-4973,2026-06-04,freigegeben,eingegangen,AB-2026-13321,Amazon,K-12566,Kreditkarte,TEE-BAS-XS-NAV,T-Shirt Basic,XS,Navy,1,,Gutschrift,29.9,kundenretoure
RT-2026-4974,2026-02-16,freigegeben,eingegangen,AB-2026-13327,Eigener Shop,K-15372,Rechnungskauf,HOOD-CL-L-SCH,Hoodie Classic,L,Schwarz,1,Zu klein,Gutschrift,69.9,kundenretoure
RT-2026-4975,2026-02-14,freigegeben,eingegangen,AB-2026-13333,Eigener Shop,K-18709,Rechnungskauf,KLEID-PR-M-SCH,Sommerkleid Print,M,Schwarz,1,Entspricht nicht dem Foto,Gutschrift,79.9,kundenretoure
RT-2026-4976,2026-01-26,freigegeben,eingegangen,AB-2026-13338,Amazon,K-11674,Vorkasse,JKT-RN-S-SCH,Regenjacke Tech,S,Schwarz,1,Zu spaet geliefert,Gutschrift,119.9,kundenretoure
RT-2026-4977,2026-04-28,freigegeben,eingegangen,AB-2026-13360,Zalando,K-17585,Rechnungskauf,KLEID-PR-XS-OLI,Sommerkleid Print,XS,Oliv,1,Entspricht nicht dem Foto,Gutschrift,79.9,kundenretoure
RT-2026-4978,2026-05-21,freigegeben,eingegangen,AB-2026-13368,Eigener Shop,K-10688,PayPal,HOOD-CL-S-NAV,Hoodie Classic,S,Navy,1,Zu klein,Gutschrift,69.9,kundenretoure
RT-2026-4979,2026-04-02,freigegeben,eingegangen,AB-2026-13369,Eigener Shop,K-17290,Kreditkarte,TEE-OVS-L-WEI,T-Shirt Oversized,L,Weiss,1,Zu gross,Gutschrift,34.9,kundenretoure
RT-2026-4980,2026-03-02,freigegeben,eingegangen,AB-2026-13371,Eigener Shop,K-16874,Rechnungskauf,TEE-OVS-M-SCH,T-Shirt Oversized,M,Schwarz,1,Mangelhafte Qualitaet,Gutschrift,34.9,kundenretoure
RT-2026-4981,2026-03-30,freigegeben,eingegangen,AB-2026-13375,Eigener Shop,K-18059,PayPal,TEE-BAS-S-WEI,T-Shirt Basic,S,Weiss,1,Zu klein,Gutschrift,29.9,kundenretoure
RT-2026-4982,2026-06-01,freigegeben,eingegangen,AB-2026-13387,Amazon,K-18903,PayPal,HOOD-ZP-L-SCH,Zip-Hoodie Heavy,L,Schwarz,1,,Gutschrift,89.9,kundenretoure
RT-2026-4983,2026-06-04,freigegeben,eingegangen,AB-2026-13390,Eigener Shop,K-10442,Kreditkarte,SOCK-3P-XL-NAV,Sneaker Socken 3er-Pack,XL,Navy,1,Nicht mehr benoetigt,Gutschrift,19.9,kundenretoure
RT-2026-4984,2026-03-03,freigegeben,eingegangen,AB-2026-13395,Eigener Shop,K-12679,Rechnungskauf,HOOD-CL-XS-NAV,Hoodie Classic,XS,Navy,1,Zu klein,Gutschrift,69.9,kundenretoure
RT-2026-4985,2026-06-11,freigegeben,eingegangen,AB-2026-13402,Amazon,K-12389,Kreditkarte,JOG-CL-XL-NAV,Jogger Classic,XL,Navy,1,Zu klein,Gutschrift,64.9,kundenretoure
RT-2026-4986,2026-02-11,freigegeben,eingegangen,AB-2026-13404,Zalando,K-18129,Vorkasse,KLEID-PR-XS-OLI,Sommerkleid Print,XS,Oliv,1,Entspricht nicht dem Foto,Gutschrift,79.9,kundenretoure
RT-2026-4987,2026-04-26,freigegeben,eingegangen,AB-2026-13410,Eigener Shop,K-12611,Kreditkarte,JKT-RN-M-WEI,Regenjacke Tech,M,Weiss,1,Zu gross,Gutschrift,119.9,kundenretoure
RT-2026-4988,2026-06-26,freigegeben,eingegangen,AB-2026-13419,Amazon,K-11385,Kreditkarte,HOOD-ZP-M-SCH,Zip-Hoodie Heavy,M,Schwarz,1,Mangelhafte Qualitaet,Gutschrift,89.9,kundenretoure
RT-2026-4989,2026-05-10,freigegeben,eingegangen,AB-2026-13427,Eigener Shop,K-19246,PayPal,HOOD-CL-S-OLI,Hoodie Classic,S,Oliv,1,Gefaellt nicht,Gutschrift,69.9,kundenretoure
RT-2026-4990,2026-04-18,freigegeben,eingegangen,AB-2026-13433,Eigener Shop,K-13054,Vorkasse,HOOD-ZP-S-WEI,Zip-Hoodie Heavy,S,Weiss,1,,Gutschrift,89.9,kundenretoure
RT-2026-4991,2026-04-09,freigegeben,eingegangen,AB-2026-13437,Zalando,K-13910,Kreditkarte,HOOD-ZP-S-SCH,Zip-Hoodie Heavy,S,Schwarz,1,Zu klein,Gutschrift,89.9,kundenretoure
RT-2026-4992,2026-06-11,freigegeben,eingegangen,AB-2026-13438,Eigener Shop,K-16797,Vorkasse,TEE-BAS-XL-NAV,T-Shirt Basic,XL,Navy,1,Falscher Artikel,Ersatzlieferung,29.9,kundenretoure
RT-2026-4993,2026-04-15,freigegeben,eingegangen,AB-2026-13440,Amazon,K-11983,PayPal,JKT-RN-M-SCH,Regenjacke Tech,M,Schwarz,1,Zu gross,Gutschrift,119.9,kundenretoure
RT-2026-4994,2026-03-24,freigegeben,eingegangen,AB-2026-13442,Zalando,K-15843,Vorkasse,JOG-CL-M-OLI,Jogger Classic,M,Oliv,1,Zu klein,Gutschrift,64.9,kundenretoure
RT-2026-4995,2026-03-07,freigegeben,eingegangen,AB-2026-13443,Zalando,K-13684,Kreditkarte,HOOD-CL-M-WEI,Hoodie Classic,M,Weiss,1,Gefaellt nicht,Gutschrift,69.9,kundenretoure
RT-2026-4996,2026-01-31,freigegeben,eingegangen,AB-2026-13445,Amazon,K-12096,Rechnungskauf,JKT-RN-XL-SCH,Regenjacke Tech,XL,Schwarz,1,,Sonstiges,119.9,nicht_abgeholt
RT-2026-4997,2026-02-26,freigegeben,eingegangen,AB-2026-13460,Eigener Shop,K-13424,Rechnungskauf,TEE-OVS-M-OLI,T-Shirt Oversized,M,Oliv,1,Zu klein,Gutschrift,34.9,kundenretoure
RT-2026-4998,2026-06-04,freigegeben,eingegangen,AB-2026-13464,Amazon,K-16833,Rechnungskauf,SOCK-3P-S-NAV,Sneaker Socken 3er-Pack,S,Navy,1,Nicht mehr benoetigt,Gutschrift,19.9,kundenretoure
RT-2026-4999,2026-01-15,freigegeben,eingegangen,AB-2026-13465,Eigener Shop,K-15527,Rechnungskauf,TEE-BAS-M-NAV,T-Shirt Basic,M,Navy,1,,Gutschrift,29.9,kundenretoure
RT-2026-5000,2026-04-14,freigegeben,eingegangen,AB-2026-13467,Amazon,K-13149,Rechnungskauf,HOOD-ZP-XS-SCH,Zip-Hoodie Heavy,XS,Schwarz,1,Nicht mehr benoetigt,Gutschrift,89.9,kundenretoure
RT-2026-5001,2026-07-04,freigegeben,eingegangen,AB-2026-13472,Eigener Shop,K-19274,Vorkasse,JOG-CL-L-NAV,Jogger Classic,L,Navy,1,Zu gross,Gutschrift,64.9,kundenretoure
RT-2026-5002,2026-04-08,freigegeben,eingegangen,AB-2026-13478,Eigener Shop,K-17030,PayPal,JKT-RN-XL-SCH,Regenjacke Tech,XL,Schwarz,1,Zu spaet geliefert,Gutschrift,119.9,kundenretoure
RT-2026-5003,2026-04-17,freigegeben,eingegangen,AB-2026-13488,Amazon,K-12186,PayPal,JKT-RN-S-WEI,Regenjacke Tech,S,Weiss,1,Falscher Artikel,Ersatzlieferung,119.9,kundenretoure
RT-2026-5004,2026-03-03,freigegeben,eingegangen,AB-2026-13489,Eigener Shop,K-19137,Rechnungskauf,TEE-OVS-S-SCH,T-Shirt Oversized,S,Schwarz,1,Mangelhafte Qualitaet,Gutschrift,34.9,kundenretoure
RT-2026-5005,2026-04-22,freigegeben,eingegangen,AB-2026-13489,Eigener Shop,K-19137,Rechnungskauf,TEE-OVS-M-SCH,T-Shirt Oversized,M,Schwarz,1,,Gutschrift,34.9,kundenretoure
RT-2026-5006,2026-03-13,freigegeben,eingegangen,AB-2026-13489,Eigener Shop,K-19137,Rechnungskauf,HOOD-ZP-L-WEI,Zip-Hoodie Heavy,L,Weiss,1,Gefaellt nicht,Gutschrift,89.9,kundenretoure
RT-2026-5007,2026-07-03,freigegeben,eingegangen,AB-2026-13495,Zalando,K-13375,PayPal,HOOD-CL-M-OLI,Hoodie Classic,M,Oliv,1,Gefaellt nicht,Gutschrift,69.9,kundenretoure
RT-2026-5008,2026-06-15,freigegeben,eingegangen,AB-2026-13500,Amazon,K-19712,Kreditkarte,HOOD-ZP-XS-SCH,Zip-Hoodie Heavy,XS,Schwarz,1,Beschaedigt angekommen,Ersatzlieferung,89.9,kundenretoure
RT-2026-5009,2026-06-08,freigegeben,eingegangen,AB-2026-13503,Eigener Shop,K-19795,Kreditkarte,HOOD-CL-XL-WEI,Hoodie Classic,XL,Weiss,1,,Gutschrift,69.9,kundenretoure
RT-2026-5010,2026-06-27,freigegeben,eingegangen,AB-2026-13507,Eigener Shop,K-12415,Rechnungskauf,JOG-CL-XS-OLI,Jogger Classic,XS,Oliv,1,Gefaellt nicht,Gutschrift,64.9,kundenretoure
RT-2026-5011,2026-04-03,freigegeben,eingegangen,AB-2026-13515,Eigener Shop,K-10574,Rechnungskauf,HOOD-CL-S-OLI,Hoodie Classic,S,Oliv,1,Zu klein,Gutschrift,69.9,kundenretoure
RT-2026-5012,2026-05-04,freigegeben,eingegangen,AB-2026-13516,Zalando,K-19232,Kreditkarte,TEE-OVS-XS-WEI,T-Shirt Oversized,XS,Weiss,1,Entspricht nicht dem Foto,Gutschrift,34.9,kundenretoure
RT-2026-5013,2026-07-01,freigegeben,eingegangen,AB-2026-13518,Eigener Shop,K-10684,Vorkasse,JKT-RN-XS-SCH,Regenjacke Tech,XS,Schwarz,1,Zu klein,Gutschrift,119.9,kundenretoure
RT-2026-5014,2026-02-20,freigegeben,eingegangen,AB-2026-13526,Eigener Shop,K-18592,Vorkasse,HOOD-ZP-L-WEI,Zip-Hoodie Heavy,L,Weiss,1,,Gutschrift,89.9,kundenretoure
RT-2026-5015,2026-06-19,freigegeben,eingegangen,AB-2026-13530,Eigener Shop,K-10442,Rechnungskauf,HOOD-ZP-L-SCH,Zip-Hoodie Heavy,L,Schwarz,1,,Sonstiges,89.9,nicht_abgeholt
RT-2026-5015,2026-06-19,freigegeben,eingegangen,AB-2026-13530,Eigener Shop,K-10442,Rechnungskauf,HOOD-ZP-M-SCH,Zip-Hoodie Heavy,M,Schwarz,1,,Sonstiges,89.9,nicht_abgeholt
RT-2026-5016,2026-03-24,freigegeben,eingegangen,AB-2026-13531,Eigener Shop,K-10073,Rechnungskauf,TEE-BAS-XS-NAV,T-Shirt Basic,XS,Navy,1,,Sonstiges,29.9,nicht_abgeholt
RT-2026-5016,2026-03-24,freigegeben,eingegangen,AB-2026-13531,Eigener Shop,K-10073,Rechnungskauf,KLEID-PR-XS-OLI,Sommerkleid Print,XS,Oliv,1,,Sonstiges,79.9,nicht_abgeholt
RT-2026-5016,2026-03-24,freigegeben,eingegangen,AB-2026-13531,Eigener Shop,K-10073,Rechnungskauf,HOOD-ZP-L-SCH,Zip-Hoodie Heavy,L,Schwarz,1,,Sonstiges,89.9,nicht_abgeholt
RT-2026-5017,2026-05-19,freigegeben,eingegangen,AB-2026-13539,Eigener Shop,K-12590,PayPal,HOOD-CL-L-WEI,Hoodie Classic,L,Weiss,1,Zu klein,Gutschrift,69.9,kundenretoure
RT-2026-5018,2026-05-09,freigegeben,eingegangen,AB-2026-13540,Amazon,K-17557,Kreditkarte,TEE-OVS-XL-NAV,T-Shirt Oversized,XL,Navy,1,Entspricht nicht dem Foto,Gutschrift,34.9,kundenretoure
RT-2026-5019,2026-04-30,freigegeben,eingegangen,AB-2026-13544,Eigener Shop,K-11527,Rechnungskauf,JOG-CL-L-OLI,Jogger Classic,L,Oliv,1,,Sonstiges,64.9,nicht_abgeholt
RT-2026-5019,2026-04-30,freigegeben,eingegangen,AB-2026-13544,Eigener Shop,K-11527,Rechnungskauf,HOOD-ZP-M-SCH,Zip-Hoodie Heavy,M,Schwarz,1,,Sonstiges,89.9,nicht_abgeholt
RT-2026-5020,2026-06-25,freigegeben,eingegangen,AB-2026-13549,Eigener Shop,K-14136,Vorkasse,CAP-LG-M-OLI,Cap Logo,M,Oliv,1,Zu klein,Gutschrift,24.9,kundenretoure
RT-2026-5021,2026-05-06,freigegeben,eingegangen,AB-2026-13558,Eigener Shop,K-18891,Vorkasse,TEE-BAS-L-NAV,T-Shirt Basic,L,Navy,1,,Gutschrift,29.9,kundenretoure
RT-2026-5022,2026-04-15,freigegeben,eingegangen,AB-2026-13558,Eigener Shop,K-18891,Vorkasse,HOOD-CL-XS-WEI,Hoodie Classic,XS,Weiss,1,Zu klein,Gutschrift,69.9,kundenretoure
RT-2026-5023,2026-05-15,freigegeben,eingegangen,AB-2026-13559,Amazon,K-10353,Rechnungskauf,HOOD-ZP-L-WEI,Zip-Hoodie Heavy,L,Weiss,1,,Sonstiges,89.9,nicht_abgeholt
RT-2026-5023,2026-05-15,freigegeben,eingegangen,AB-2026-13559,Amazon,K-10353,Rechnungskauf,HOOD-ZP-M-WEI,Zip-Hoodie Heavy,M,Weiss,1,,Sonstiges,89.9,nicht_abgeholt
RT-2026-5024,2026-05-12,freigegeben,eingegangen,AB-2026-13570,Eigener Shop,K-17447,Rechnungskauf,TEE-OVS-XL-SCH,T-Shirt Oversized,XL,Schwarz,1,Nicht mehr benoetigt,Gutschrift,34.9,kundenretoure
RT-2026-5025,2026-06-04,freigegeben,eingegangen,AB-2026-13570,Eigener Shop,K-17447,Rechnungskauf,TEE-OVS-S-SCH,T-Shirt Oversized,S,Schwarz,1,Nicht mehr benoetigt,Gutschrift,34.9,kundenretoure
RT-2026-5026,2026-03-24,freigegeben,eingegangen,AB-2026-13571,Eigener Shop,K-16531,Vorkasse,TEE-OVS-L-OLI,T-Shirt Oversized,L,Oliv,1,Beschaedigt angekommen,Ersatzlieferung,34.9,kundenretoure
RT-2026-5027,2026-04-07,freigegeben,eingegangen,AB-2026-13574,Amazon,K-11869,Vorkasse,KLEID-PR-XL-OLI,Sommerkleid Print,XL,Oliv,1,Zu gross,Gutschrift,79.9,kundenretoure
RT-2026-5028,2026-03-23,freigegeben,eingegangen,AB-2026-13574,Amazon,K-11869,Vorkasse,TEE-OVS-S-SCH,T-Shirt Oversized,S,Schwarz,1,Gefaellt nicht,Gutschrift,34.9,kundenretoure
RT-2026-5029,2026-05-17,freigegeben,eingegangen,AB-2026-13581,Eigener Shop,K-10457,PayPal,TEE-BAS-M-OLI,T-Shirt Basic,M,Oliv,1,Zu gross,Gutschrift,29.9,kundenretoure
RT-2026-5030,2026-07-01,freigegeben,eingegangen,AB-2026-13598,Eigener Shop,K-10442,Vorkasse,SOCK-3P-XL-OLI,Sneaker Socken 3er-Pack,XL,Oliv,1,Gefaellt nicht,Gutschrift,19.9,kundenretoure
RT-2026-5031,2026-06-23,freigegeben,eingegangen,AB-2026-13598,Eigener Shop,K-10442,Vorkasse,SOCK-3P-S-OLI,Sneaker Socken 3er-Pack,S,Oliv,1,Zu klein,Gutschrift,19.9,kundenretoure
RT-2026-5032,2026-07-04,freigegeben,eingegangen,AB-2026-13598,Eigener Shop,K-10442,Vorkasse,JKT-RN-S-WEI,Regenjacke Tech,S,Weiss,1,Zu gross,Gutschrift,119.9,kundenretoure
RT-2026-5033,2026-02-03,freigegeben,eingegangen,AB-2026-13599,Zalando,K-15466,PayPal,HOOD-CL-M-OLI,Hoodie Classic,M,Oliv,1,Zu klein,Gutschrift,69.9,kundenretoure
RT-2026-5034,2026-04-07,freigegeben,eingegangen,AB-2026-13607,Eigener Shop,K-12846,Rechnungskauf,HOOD-ZP-S-WEI,Zip-Hoodie Heavy,S,Weiss,1,Zu gross,Gutschrift,89.9,kundenretoure
RT-2026-5035,2026-04-04,freigegeben,eingegangen,AB-2026-13612,Eigener Shop,K-12849,Rechnungskauf,JOG-CL-L-SCH,Jogger Classic,L,Schwarz,1,Zu klein,Gutschrift,64.9,kundenretoure
RT-2026-5036,2026-02-06,freigegeben,eingegangen,AB-2026-13615,Eigener Shop,K-10270,Rechnungskauf,JOG-CL-M-SCH,Jogger Classic,M,Schwarz,1,,Sonstiges,64.9,nicht_abgeholt
RT-2026-5036,2026-02-06,freigegeben,eingegangen,AB-2026-13615,Eigener Shop,K-10270,Rechnungskauf,JOG-CL-XL-NAV,Jogger Classic,XL,Navy,1,,Sonstiges,64.9,nicht_abgeholt
RT-2026-5037,2026-02-16,freigegeben,eingegangen,AB-2026-13617,Eigener Shop,K-10344,PayPal,CAP-LG-XS-OLI,Cap Logo,XS,Oliv,1,,Sonstiges,24.9,nicht_abgeholt
RT-2026-5037,2026-02-16,freigegeben,eingegangen,AB-2026-13617,Eigener Shop,K-10344,PayPal,HOOD-CL-XS-OLI,Hoodie Classic,XS,Oliv,1,,Sonstiges,69.9,nicht_abgeholt
RT-2026-5038,2026-07-02,freigegeben,eingegangen,AB-2026-13622,Eigener Shop,K-12229,Vorkasse,JOG-CL-S-OLI,Jogger Classic,S,Oliv,1,Zu gross,Gutschrift,64.9,kundenretoure
RT-2026-5039,2026-03-12,freigegeben,eingegangen,AB-2026-13625,Zalando,K-17106,PayPal,TEE-BAS-M-OLI,T-Shirt Basic,M,Oliv,1,,Sonstiges,29.9,nicht_abgeholt
RT-2026-5040,2026-06-04,freigegeben,eingegangen,AB-2026-13627,Eigener Shop,K-19171,PayPal,SOCK-3P-S-NAV,Sneaker Socken 3er-Pack,S,Navy,1,Nicht mehr benoetigt,Gutschrift,19.9,kundenretoure
RT-2026-5041,2026-05-07,freigegeben,eingegangen,AB-2026-13628,Amazon,K-11325,Rechnungskauf,JOG-CL-M-OLI,Jogger Classic,M,Oliv,1,Mangelhafte Qualitaet,Gutschrift,64.9,kundenretoure
RT-2026-5042,2026-05-11,freigegeben,eingegangen,AB-2026-13628,Amazon,K-11325,Rechnungskauf,HOOD-CL-S-NAV,Hoodie Classic,S,Navy,1,,Gutschrift,69.9,kundenretoure
RT-2026-5043,2026-06-30,freigegeben,eingegangen,AB-2026-13630,Amazon,K-19518,Kreditkarte,HOOD-CL-M-WEI,Hoodie Classic,M,Weiss,1,Beschaedigt angekommen,Ersatzlieferung,69.9,kundenretoure
RT-2026-5044,2026-05-21,freigegeben,eingegangen,AB-2026-13633,Eigener Shop,K-12024,Vorkasse,HOOD-ZP-XL-SCH,Zip-Hoodie Heavy,XL,Schwarz,1,Mangelhafte Qualitaet,Gutschrift,89.9,kundenretoure
RT-2026-5045,2026-02-05,freigegeben,eingegangen,AB-2026-13636,Zalando,K-17273,Rechnungskauf,HOOD-CL-XS-OLI,Hoodie Classic,XS,Oliv,1,Beschaedigt angekommen,Ersatzlieferung,69.9,kundenretoure
RT-2026-5046,2026-03-09,freigegeben,eingegangen,AB-2026-13644,Eigener Shop,K-13942,Kreditkarte,KLEID-PR-XS-OLI,Sommerkleid Print,XS,Oliv,1,Zu klein,Gutschrift,79.9,kundenretoure
RT-2026-5047,2026-06-12,freigegeben,eingegangen,AB-2026-13648,Eigener Shop,K-16747,Rechnungskauf,TEE-OVS-L-SCH,T-Shirt Oversized,L,Schwarz,1,Entspricht nicht dem Foto,Gutschrift,34.9,kundenretoure
RT-2026-5048,2026-06-10,freigegeben,eingegangen,AB-2026-13651,Eigener Shop,K-13835,Kreditkarte,KLEID-PR-XL-NAV,Sommerkleid Print,XL,Navy,1,Beschaedigt angekommen,Ersatzlieferung,79.9,kundenretoure
RT-2026-5049,2026-04-21,freigegeben,eingegangen,AB-2026-13655,Eigener Shop,K-14419,PayPal,HOOD-CL-S-SCH,Hoodie Classic,S,Schwarz,1,Gefaellt nicht,Gutschrift,69.9,kundenretoure
RT-2026-5050,2026-05-14,freigegeben,eingegangen,AB-2026-13666,Eigener Shop,K-15037,Kreditkarte,HOOD-ZP-XL-SCH,Zip-Hoodie Heavy,XL,Schwarz,1,Zu klein,Gutschrift,89.9,kundenretoure
RT-2026-5051,2026-03-14,freigegeben,eingegangen,AB-2026-13668,Eigener Shop,K-13827,PayPal,JKT-RN-M-SCH,Regenjacke Tech,M,Schwarz,1,Zu klein,Gutschrift,119.9,kundenretoure
RT-2026-5052,2026-06-04,freigegeben,eingegangen,AB-2026-13669,Eigener Shop,K-12679,Vorkasse,SOCK-3P-XS-OLI,Sneaker Socken 3er-Pack,XS,Oliv,1,,Sonstiges,19.9,nicht_abgeholt
RT-2026-5053,2026-05-25,freigegeben,eingegangen,AB-2026-13676,Eigener Shop,K-19569,Rechnungskauf,KLEID-PR-XL-OLI,Sommerkleid Print,XL,Oliv,1,Farbe weicht ab,Gutschrift,79.9,kundenretoure
RT-2026-5054,2026-01-31,freigegeben,eingegangen,AB-2026-13683,Amazon,K-15065,Kreditkarte,HOOD-ZP-XL-WEI,Zip-Hoodie Heavy,XL,Weiss,1,Zu gross,Gutschrift,89.9,kundenretoure
RT-2026-5055,2026-03-13,freigegeben,eingegangen,AB-2026-13685,Eigener Shop,K-17896,PayPal,JKT-RN-L-SCH,Regenjacke Tech,L,Schwarz,1,Gefaellt nicht,Gutschrift,119.9,kundenretoure
RT-2026-5056,2026-06-06,freigegeben,eingegangen,AB-2026-13692,Eigener Shop,K-12164,PayPal,SOCK-3P-XL-OLI,Sneaker Socken 3er-Pack,XL,Oliv,1,Entspricht nicht dem Foto,Gutschrift,19.9,kundenretoure
RT-2026-5057,2026-03-31,freigegeben,eingegangen,AB-2026-13694,Amazon,K-10849,PayPal,HOOD-CL-XL-NAV,Hoodie Classic,XL,Navy,1,Zu klein,Gutschrift,69.9,kundenretoure
RT-2026-5058,2026-03-26,freigegeben,eingegangen,AB-2026-13700,Eigener Shop,K-15318,Rechnungskauf,JOG-CL-M-SCH,Jogger Classic,M,Schwarz,1,Zu gross,Gutschrift,64.9,kundenretoure
RT-2026-5059,2026-02-09,freigegeben,eingegangen,AB-2026-13706,Eigener Shop,K-15502,Vorkasse,HOOD-CL-S-NAV,Hoodie Classic,S,Navy,1,Zu klein,Gutschrift,69.9,kundenretoure
RT-2026-5060,2026-06-09,freigegeben,eingegangen,AB-2026-13710,Amazon,K-12057,Kreditkarte,HOOD-CL-S-NAV,Hoodie Classic,S,Navy,1,Zu klein,Gutschrift,69.9,kundenretoure
RT-2026-5061,2026-03-13,freigegeben,eingegangen,AB-2026-13712,Amazon,K-18454,Vorkasse,JOG-CL-M-WEI,Jogger Classic,M,Weiss,1,Nicht mehr benoetigt,Gutschrift,64.9,kundenretoure
RT-2026-5062,2026-04-03,freigegeben,eingegangen,AB-2026-13719,Amazon,K-16336,Kreditkarte,JKT-RN-XS-SCH,Regenjacke Tech,XS,Schwarz,1,Zu gross,Gutschrift,119.9,kundenretoure
RT-2026-5063,2026-07-01,freigegeben,eingegangen,AB-2026-13726,Eigener Shop,K-16061,Rechnungskauf,TEE-BAS-L-WEI,T-Shirt Basic,L,Weiss,1,Entspricht nicht dem Foto,Gutschrift,29.9,kundenretoure
RT-2026-5064,2026-03-24,freigegeben,eingegangen,AB-2026-13727,Eigener Shop,K-12350,Kreditkarte,HOOD-CL-XS-OLI,Hoodie Classic,XS,Oliv,1,Nicht mehr benoetigt,Gutschrift,69.9,kundenretoure
RT-2026-5065,2026-06-08,freigegeben,eingegangen,AB-2026-13731,Amazon,K-16195,PayPal,HOOD-CL-L-WEI,Hoodie Classic,L,Weiss,1,Gefaellt nicht,Gutschrift,69.9,kundenretoure
RT-2026-5066,2026-06-02,freigegeben,eingegangen,AB-2026-13736,Eigener Shop,K-17361,Rechnungskauf,HOOD-CL-XL-OLI,Hoodie Classic,XL,Oliv,1,Zu klein,Gutschrift,69.9,kundenretoure
RT-2026-5067,2026-05-01,freigegeben,eingegangen,AB-2026-13736,Eigener Shop,K-17361,Rechnungskauf,HOOD-CL-M-OLI,Hoodie Classic,M,Oliv,1,Zu klein,Gutschrift,69.9,kundenretoure
RT-2026-5068,2026-05-06,freigegeben,eingegangen,AB-2026-13740,Eigener Shop,K-10286,Vorkasse,HOOD-ZP-XS-WEI,Zip-Hoodie Heavy,XS,Weiss,1,,Gutschrift,89.9,kundenretoure
RT-2026-5069,2026-05-27,freigegeben,eingegangen,AB-2026-13741,Eigener Shop,K-17258,Vorkasse,KLEID-PR-S-SCH,Sommerkleid Print,S,Schwarz,1,Entspricht nicht dem Foto,Gutschrift,79.9,kundenretoure
RT-2026-5070,2026-05-13,freigegeben,eingegangen,AB-2026-13749,Eigener Shop,K-17815,Vorkasse,HOOD-CL-M-NAV,Hoodie Classic,M,Navy,1,Nicht mehr benoetigt,Gutschrift,69.9,kundenretoure
RT-2026-5071,2026-06-03,freigegeben,eingegangen,AB-2026-13760,Eigener Shop,K-13290,Vorkasse,JKT-RN-L-SCH,Regenjacke Tech,L,Schwarz,1,,Gutschrift,119.9,kundenretoure
RT-2026-5072,2026-03-20,freigegeben,eingegangen,AB-2026-13764,Amazon,K-18154,Rechnungskauf,TEE-OVS-M-SCH,T-Shirt Oversized,M,Schwarz,1,,Gutschrift,34.9,kundenretoure
RT-2026-5073,2026-02-11,freigegeben,eingegangen,AB-2026-13767,Eigener Shop,K-18022,Rechnungskauf,HOOD-CL-S-OLI,Hoodie Classic,S,Oliv,1,Mangelhafte Qualitaet,Gutschrift,69.9,kundenretoure
RT-2026-5074,2026-04-30,freigegeben,eingegangen,AB-2026-13771,Amazon,K-11397,Kreditkarte,HOOD-ZP-S-SCH,Zip-Hoodie Heavy,S,Schwarz,1,,Sonstiges,89.9,nicht_abgeholt
RT-2026-5075,2026-04-03,freigegeben,eingegangen,AB-2026-13772,Amazon,K-13827,PayPal,KLEID-PR-XL-OLI,Sommerkleid Print,XL,Oliv,1,Mangelhafte Qualitaet,Gutschrift,79.9,kundenretoure
RT-2026-5076,2026-06-22,freigegeben,eingegangen,AB-2026-13776,Amazon,K-15135,PayPal,KLEID-PR-XL-NAV,Sommerkleid Print,XL,Navy,1,Entspricht nicht dem Foto,Gutschrift,79.9,kundenretoure
RT-2026-5077,2026-04-29,freigegeben,eingegangen,AB-2026-13785,Eigener Shop,K-17913,Rechnungskauf,JOG-CL-XS-SCH,Jogger Classic,XS,Schwarz,1,Zu gross,Gutschrift,64.9,kundenretoure
RT-2026-5078,2026-02-12,freigegeben,eingegangen,AB-2026-13803,Eigener Shop,K-16708,Rechnungskauf,KLEID-PR-M-SCH,Sommerkleid Print,M,Schwarz,1,Gefaellt nicht,Gutschrift,79.9,kundenretoure
RT-2026-5079,2026-02-23,freigegeben,eingegangen,AB-2026-13803,Eigener Shop,K-16708,Rechnungskauf,TEE-BAS-S-WEI,T-Shirt Basic,S,Weiss,1,,Gutschrift,29.9,kundenretoure
RT-2026-5080,2026-04-15,freigegeben,eingegangen,AB-2026-13816,Amazon,K-16754,Rechnungskauf,HOOD-CL-M-WEI,Hoodie Classic,M,Weiss,1,Zu klein,Gutschrift,69.9,kundenretoure
RT-2026-5081,2026-05-17,freigegeben,eingegangen,AB-2026-13821,Eigener Shop,K-17373,Rechnungskauf,JKT-RN-XS-WEI,Regenjacke Tech,XS,Weiss,1,Zu spaet geliefert,Gutschrift,119.9,kundenretoure
RT-2026-5082,2026-02-20,freigegeben,eingegangen,AB-2026-13828,Eigener Shop,K-10288,Kreditkarte,HOOD-ZP-L-WEI,Zip-Hoodie Heavy,L,Weiss,1,,Gutschrift,89.9,kundenretoure
RT-2026-5083,2026-05-05,freigegeben,eingegangen,AB-2026-13831,Eigener Shop,K-10442,PayPal,CAP-LG-L-WEI,Cap Logo,L,Weiss,1,Zu spaet geliefert,Gutschrift,24.9,kundenretoure
RT-2026-5084,2026-04-22,freigegeben,eingegangen,AB-2026-13831,Eigener Shop,K-10442,PayPal,CAP-LG-XS-WEI,Cap Logo,XS,Weiss,1,Beschaedigt angekommen,Ersatzlieferung,24.9,kundenretoure
RT-2026-5085,2026-05-11,freigegeben,eingegangen,AB-2026-13831,Eigener Shop,K-10442,PayPal,HOOD-ZP-XS-WEI,Zip-Hoodie Heavy,XS,Weiss,1,Zu klein,Gutschrift,89.9,kundenretoure
RT-2026-5086,2026-06-09,freigegeben,eingegangen,AB-2026-13831,Eigener Shop,K-10442,PayPal,HOOD-ZP-XL-WEI,Zip-Hoodie Heavy,XL,Weiss,1,Gefaellt nicht,Gutschrift,89.9,kundenretoure
RT-2026-5087,2026-02-11,freigegeben,eingegangen,AB-2026-13834,Amazon,K-19096,Kreditkarte,SOCK-3P-XS-SCH,Sneaker Socken 3er-Pack,XS,Schwarz,1,,Gutschrift,19.9,kundenretoure
RT-2026-5088,2026-02-25,freigegeben,eingegangen,AB-2026-13850,Eigener Shop,K-13299,Rechnungskauf,KLEID-PR-XS-OLI,Sommerkleid Print,XS,Oliv,1,Beschaedigt angekommen,Ersatzlieferung,79.9,kundenretoure
RT-2026-5089,2026-05-25,freigegeben,eingegangen,AB-2026-13851,Eigener Shop,K-19120,Kreditkarte,HOOD-CL-XS-OLI,Hoodie Classic,XS,Oliv,1,Zu gross,Gutschrift,69.9,kundenretoure
RT-2026-5090,2026-02-04,freigegeben,eingegangen,AB-2026-13855,Eigener Shop,K-18478,PayPal,KLEID-PR-L-WEI,Sommerkleid Print,L,Weiss,1,Gefaellt nicht,Gutschrift,79.9,kundenretoure
RT-2026-5091,2026-03-17,freigegeben,eingegangen,AB-2026-13857,Eigener Shop,K-14280,Rechnungskauf,TEE-OVS-S-SCH,T-Shirt Oversized,S,Schwarz,1,Gefaellt nicht,Gutschrift,34.9,kundenretoure
RT-2026-5092,2026-04-07,freigegeben,eingegangen,AB-2026-13859,Eigener Shop,K-12359,Vorkasse,JKT-RN-S-SCH,Regenjacke Tech,S,Schwarz,1,Zu gross,Gutschrift,119.9,kundenretoure
RT-2026-5093,2026-07-02,freigegeben,eingegangen,AB-2026-13867,Eigener Shop,K-17467,PayPal,JOG-CL-XS-WEI,Jogger Classic,XS,Weiss,1,Gefaellt nicht,Gutschrift,64.9,kundenretoure
RT-2026-5094,2026-04-08,freigegeben,eingegangen,AB-2026-13871,Amazon,K-14773,Rechnungskauf,JOG-CL-XL-OLI,Jogger Classic,XL,Oliv,1,Entspricht nicht dem Foto,Gutschrift,64.9,kundenretoure
RT-2026-5095,2026-05-17,freigegeben,eingegangen,AB-2026-13881,Eigener Shop,K-10415,Rechnungskauf,TEE-OVS-XL-OLI,T-Shirt Oversized,XL,Oliv,1,Falscher Artikel,Ersatzlieferung,34.9,kundenretoure
RT-2026-5096,2026-05-14,freigegeben,eingegangen,AB-2026-13882,Amazon,K-16405,Kreditkarte,JKT-RN-XL-SCH,Regenjacke Tech,XL,Schwarz,1,Zu gross,Gutschrift,119.9,kundenretoure
RT-2026-5097,2026-06-10,freigegeben,eingegangen,AB-2026-13883,Eigener Shop,K-15227,Rechnungskauf,JOG-CL-XL-SCH,Jogger Classic,XL,Schwarz,1,Zu gross,Gutschrift,64.9,kundenretoure
RT-2026-5098,2026-03-22,freigegeben,eingegangen,AB-2026-13884,Zalando,K-11416,PayPal,KLEID-PR-XS-WEI,Sommerkleid Print,XS,Weiss,1,Farbe weicht ab,Gutschrift,79.9,kundenretoure
RT-2026-5099,2026-05-21,freigegeben,eingegangen,AB-2026-13890,Eigener Shop,K-19353,Rechnungskauf,HOOD-CL-S-SCH,Hoodie Classic,S,Schwarz,1,Zu klein,Gutschrift,69.9,kundenretoure
RT-2026-5100,2026-07-04,freigegeben,eingegangen,AB-2026-13891,Amazon,K-10442,PayPal,KLEID-PR-L-OLI,Sommerkleid Print,L,Oliv,1,Falscher Artikel,Ersatzlieferung,79.9,kundenretoure
RT-2026-5101,2026-02-28,freigegeben,eingegangen,AB-2026-13896,Eigener Shop,K-15081,PayPal,TEE-OVS-XS-OLI,T-Shirt Oversized,XS,Oliv,1,Gefaellt nicht,Gutschrift,34.9,kundenretoure
RT-2026-5102,2026-05-09,freigegeben,eingegangen,AB-2026-13898,Amazon,K-16898,PayPal,HOOD-ZP-XL-WEI,Zip-Hoodie Heavy,XL,Weiss,1,,Gutschrift,89.9,kundenretoure
RT-2026-5103,2026-05-17,freigegeben,eingegangen,AB-2026-13898,Amazon,K-16898,PayPal,JKT-RN-XL-SCH,Regenjacke Tech,XL,Schwarz,1,Nicht mehr benoetigt,Gutschrift,119.9,kundenretoure
RT-2026-5104,2026-04-10,freigegeben,eingegangen,AB-2026-13901,Zalando,K-11189,PayPal,JKT-RN-S-SCH,Regenjacke Tech,S,Schwarz,1,Zu klein,Gutschrift,119.9,kundenretoure
RT-2026-5105,2026-04-17,freigegeben,eingegangen,AB-2026-13901,Zalando,K-11189,PayPal,HOOD-ZP-S-WEI,Zip-Hoodie Heavy,S,Weiss,1,Zu gross,Gutschrift,89.9,kundenretoure
RT-2026-5106,2026-06-12,freigegeben,eingegangen,AB-2026-13909,Eigener Shop,K-13769,Rechnungskauf,KLEID-PR-M-SCH,Sommerkleid Print,M,Schwarz,1,,Sonstiges,79.9,nicht_abgeholt
RT-2026-5106,2026-06-12,freigegeben,eingegangen,AB-2026-13909,Eigener Shop,K-13769,Rechnungskauf,TEE-BAS-L-WEI,T-Shirt Basic,L,Weiss,1,,Sonstiges,29.9,nicht_abgeholt
RT-2026-5106,2026-06-12,freigegeben,eingegangen,AB-2026-13909,Eigener Shop,K-13769,Rechnungskauf,TEE-OVS-XS-OLI,T-Shirt Oversized,XS,Oliv,1,,Sonstiges,34.9,nicht_abgeholt
RT-2026-5107,2026-04-12,freigegeben,eingegangen,AB-2026-13911,Amazon,K-12209,Rechnungskauf,TEE-OVS-L-WEI,T-Shirt Oversized,L,Weiss,1,Gefaellt nicht,Gutschrift,34.9,kundenretoure
RT-2026-5108,2026-06-11,freigegeben,eingegangen,AB-2026-13914,Amazon,K-13580,Rechnungskauf,HOOD-ZP-XS-WEI,Zip-Hoodie Heavy,XS,Weiss,1,Zu gross,Gutschrift,89.9,kundenretoure
RT-2026-5109,2026-03-21,freigegeben,eingegangen,AB-2026-13915,Amazon,K-14521,PayPal,TEE-BAS-XS-SCH,T-Shirt Basic,XS,Schwarz,1,,Sonstiges,29.9,nicht_abgeholt
RT-2026-5109,2026-03-21,freigegeben,eingegangen,AB-2026-13915,Amazon,K-14521,PayPal,TEE-BAS-M-SCH,T-Shirt Basic,M,Schwarz,1,,Sonstiges,29.9,nicht_abgeholt
RT-2026-5110,2026-06-01,freigegeben,eingegangen,AB-2026-13920,Eigener Shop,K-17401,PayPal,HOOD-CL-S-OLI,Hoodie Classic,S,Oliv,1,Gefaellt nicht,Gutschrift,69.9,kundenretoure
RT-2026-5111,2026-02-23,freigegeben,eingegangen,AB-2026-13921,Zalando,K-13273,Rechnungskauf,HOOD-CL-XS-WEI,Hoodie Classic,XS,Weiss,1,Zu klein,Gutschrift,69.9,kundenretoure
RT-2026-5112,2026-06-16,freigegeben,eingegangen,AB-2026-13922,Eigener Shop,K-12870,PayPal,TEE-BAS-XL-OLI,T-Shirt Basic,XL,Oliv,1,Zu klein,Gutschrift,29.9,kundenretoure
RT-2026-5113,2026-01-29,freigegeben,eingegangen,AB-2026-13923,Eigener Shop,K-15403,Kreditkarte,HOOD-CL-L-SCH,Hoodie Classic,L,Schwarz,1,Zu klein,Gutschrift,69.9,kundenretoure
RT-2026-5114,2026-06-27,freigegeben,eingegangen,AB-2026-13924,Eigener Shop,K-15492,Kreditkarte,HOOD-CL-L-WEI,Hoodie Classic,L,Weiss,1,,Gutschrift,69.9,kundenretoure
RT-2026-5115,2026-06-28,freigegeben,eingegangen,AB-2026-13926,Eigener Shop,K-16864,PayPal,JKT-RN-XL-SCH,Regenjacke Tech,XL,Schwarz,1,Gefaellt nicht,Gutschrift,119.9,kundenretoure
RT-2026-5116,2026-02-04,freigegeben,eingegangen,AB-2026-13927,Zalando,K-18994,Kreditkarte,HOOD-ZP-XS-SCH,Zip-Hoodie Heavy,XS,Schwarz,1,Gefaellt nicht,Gutschrift,89.9,kundenretoure
RT-2026-5117,2026-02-19,freigegeben,eingegangen,AB-2026-13946,Zalando,K-10131,Kreditkarte,KLEID-PR-XS-SCH,Sommerkleid Print,XS,Schwarz,1,Gefaellt nicht,Gutschrift,79.9,kundenretoure
RT-2026-5118,2026-04-25,freigegeben,eingegangen,AB-2026-13963,Amazon,K-16102,Rechnungskauf,TEE-BAS-L-WEI,T-Shirt Basic,L,Weiss,1,Gefaellt nicht,Gutschrift,29.9,kundenretoure
RT-2026-5119,2026-01-22,freigegeben,eingegangen,AB-2026-13965,Amazon,K-18251,PayPal,HOOD-ZP-L-WEI,Zip-Hoodie Heavy,L,Weiss,1,,Gutschrift,89.9,kundenretoure
RT-2026-5120,2026-03-17,freigegeben,eingegangen,AB-2026-13972,Eigener Shop,K-19262,PayPal,HOOD-CL-M-SCH,Hoodie Classic,M,Schwarz,1,Zu klein,Gutschrift,69.9,kundenretoure
RT-2026-5121,2026-03-27,freigegeben,eingegangen,AB-2026-13976,Eigener Shop,K-14690,PayPal,HOOD-ZP-S-SCH,Zip-Hoodie Heavy,S,Schwarz,1,Mangelhafte Qualitaet,Gutschrift,89.9,kundenretoure
RT-2026-5122,2026-04-09,freigegeben,eingegangen,AB-2026-13977,Eigener Shop,K-18239,Vorkasse,HOOD-CL-XL-NAV,Hoodie Classic,XL,Navy,1,Zu klein,Gutschrift,69.9,kundenretoure
RT-2026-5123,2026-02-04,freigegeben,eingegangen,AB-2026-13980,Eigener Shop,K-19014,PayPal,HOOD-CL-M-NAV,Hoodie Classic,M,Navy,1,Zu klein,Gutschrift,69.9,kundenretoure
RT-2026-5124,2026-05-07,freigegeben,eingegangen,AB-2026-13981,Eigener Shop,K-10155,Kreditkarte,HOOD-CL-M-OLI,Hoodie Classic,M,Oliv,1,Gefaellt nicht,Gutschrift,69.9,kundenretoure
RT-2026-5125,2026-04-30,freigegeben,eingegangen,AB-2026-13981,Eigener Shop,K-10155,Kreditkarte,JKT-RN-S-WEI,Regenjacke Tech,S,Weiss,1,Gefaellt nicht,Gutschrift,119.9,kundenretoure
RT-2026-5126,2026-03-22,freigegeben,eingegangen,AB-2026-13983,Zalando,K-15091,Kreditkarte,HOOD-CL-M-WEI,Hoodie Classic,M,Weiss,1,Gefaellt nicht,Gutschrift,69.9,kundenretoure
RT-2026-5127,2026-07-04,freigegeben,eingegangen,AB-2026-13989,Amazon,K-17120,Rechnungskauf,TEE-OVS-XS-OLI,T-Shirt Oversized,XS,Oliv,1,Gefaellt nicht,Gutschrift,34.9,kundenretoure
RT-2026-5128,2026-04-08,freigegeben,eingegangen,AB-2026-13990,Zalando,K-13198,PayPal,SOCK-3P-XS-NAV,Sneaker Socken 3er-Pack,XS,Navy,1,,Gutschrift,19.9,kundenretoure
RT-2026-5129,2026-05-27,freigegeben,eingegangen,AB-2026-13992,Amazon,K-19116,Rechnungskauf,JKT-RN-M-WEI,Regenjacke Tech,M,Weiss,1,Entspricht nicht dem Foto,Gutschrift,119.9,kundenretoure
RT-2026-5130,2026-06-14,freigegeben,eingegangen,AB-2026-13993,Eigener Shop,K-19860,Vorkasse,TEE-OVS-M-SCH,T-Shirt Oversized,M,Schwarz,1,,Gutschrift,34.9,kundenretoure
RT-2026-5131,2026-06-20,freigegeben,eingegangen,AB-2026-13997,Zalando,K-14461,Kreditkarte,JOG-CL-S-NAV,Jogger Classic,S,Navy,1,Nicht mehr benoetigt,Gutschrift,64.9,kundenretoure
RT-2026-5132,2026-03-20,freigegeben,eingegangen,AB-2026-14000,Amazon,K-16044,Rechnungskauf,HOOD-CL-M-OLI,Hoodie Classic,M,Oliv,1,,Gutschrift,69.9,kundenretoure
RT-2026-5133,2026-05-02,freigegeben,eingegangen,AB-2026-14013,Amazon,K-13841,Kreditkarte,JKT-RN-XS-WEI,Regenjacke Tech,XS,Weiss,1,Gefaellt nicht,Gutschrift,119.9,kundenretoure
RT-2026-5134,2026-04-25,freigegeben,eingegangen,AB-2026-14014,Eigener Shop,K-15153,Rechnungskauf,HOOD-CL-XS-SCH,Hoodie Classic,XS,Schwarz,1,Zu klein,Gutschrift,69.9,kundenretoure
RT-2026-5135,2026-05-20,freigegeben,eingegangen,AB-2026-14016,Zalando,K-19520,Rechnungskauf,CAP-LG-S-OLI,Cap Logo,S,Oliv,1,,Gutschrift,24.9,kundenretoure
RT-2026-5136,2026-01-20,freigegeben,eingegangen,AB-2026-14018,Zalando,K-18115,Kreditkarte,KLEID-PR-XL-OLI,Sommerkleid Print,XL,Oliv,1,Farbe weicht ab,Gutschrift,79.9,kundenretoure
RT-2026-5137,2026-05-26,freigegeben,eingegangen,AB-2026-14022,Eigener Shop,K-13752,Kreditkarte,KLEID-PR-S-NAV,Sommerkleid Print,S,Navy,1,Farbe weicht ab,Gutschrift,79.9,kundenretoure
RT-2026-5138,2026-04-12,freigegeben,eingegangen,AB-2026-14039,Eigener Shop,K-17157,PayPal,HOOD-ZP-S-SCH,Zip-Hoodie Heavy,S,Schwarz,1,Zu spaet geliefert,Gutschrift,89.9,kundenretoure
RT-2026-5139,2026-03-23,freigegeben,eingegangen,AB-2026-14039,Eigener Shop,K-17157,PayPal,HOOD-ZP-XL-SCH,Zip-Hoodie Heavy,XL,Schwarz,1,Gefaellt nicht,Gutschrift,89.9,kundenretoure
RT-2026-5140,2026-02-01,freigegeben,eingegangen,AB-2026-14044,Zalando,K-18174,Rechnungskauf,KLEID-PR-L-SCH,Sommerkleid Print,L,Schwarz,1,Zu gross,Gutschrift,79.9,kundenretoure
RT-2026-5141,2026-04-06,freigegeben,eingegangen,AB-2026-14045,Amazon,K-12827,PayPal,HOOD-ZP-XL-WEI,Zip-Hoodie Heavy,XL,Weiss,1,,Gutschrift,89.9,kundenretoure
RT-2026-5142,2026-05-16,freigegeben,eingegangen,AB-2026-14049,Eigener Shop,K-13063,PayPal,TEE-BAS-L-SCH,T-Shirt Basic,L,Schwarz,1,Gefaellt nicht,Gutschrift,29.9,kundenretoure
RT-2026-5143,2026-06-21,freigegeben,eingegangen,AB-2026-14060,Eigener Shop,K-17457,Kreditkarte,JKT-RN-M-SCH,Regenjacke Tech,M,Schwarz,1,Zu klein,Gutschrift,119.9,kundenretoure
RT-2026-5144,2026-04-20,freigegeben,eingegangen,AB-2026-14061,Eigener Shop,K-17209,Vorkasse,TEE-OVS-M-WEI,T-Shirt Oversized,M,Weiss,1,Gefaellt nicht,Gutschrift,34.9,kundenretoure
RT-2026-5145,2026-05-08,freigegeben,eingegangen,AB-2026-14062,Eigener Shop,K-14630,Vorkasse,JKT-RN-S-SCH,Regenjacke Tech,S,Schwarz,1,Gefaellt nicht,Gutschrift,119.9,kundenretoure
RT-2026-5146,2026-03-02,freigegeben,eingegangen,AB-2026-14064,Amazon,K-16635,Rechnungskauf,TEE-OVS-M-SCH,T-Shirt Oversized,M,Schwarz,1,,Gutschrift,34.9,kundenretoure
RT-2026-5147,2026-01-19,freigegeben,eingegangen,AB-2026-14068,Eigener Shop,K-17659,Rechnungskauf,HOOD-ZP-XS-WEI,Zip-Hoodie Heavy,XS,Weiss,1,Gefaellt nicht,Gutschrift,89.9,kundenretoure
RT-2026-5148,2026-04-28,freigegeben,eingegangen,AB-2026-14075,Eigener Shop,K-17720,PayPal,JKT-RN-XL-WEI,Regenjacke Tech,XL,Weiss,1,Mangelhafte Qualitaet,Gutschrift,119.9,kundenretoure
RT-2026-5149,2026-04-10,freigegeben,eingegangen,AB-2026-14081,Eigener Shop,K-12715,Kreditkarte,HOOD-ZP-S-WEI,Zip-Hoodie Heavy,S,Weiss,1,Zu gross,Gutschrift,89.9,kundenretoure
RT-2026-5150,2026-06-20,freigegeben,eingegangen,AB-2026-14085,Amazon,K-10283,Rechnungskauf,TEE-BAS-M-SCH,T-Shirt Basic,M,Schwarz,1,Zu gross,Gutschrift,29.9,kundenretoure
RT-2026-5151,2026-06-24,freigegeben,eingegangen,AB-2026-14090,Zalando,K-19555,Rechnungskauf,HOOD-ZP-M-WEI,Zip-Hoodie Heavy,M,Weiss,1,Gefaellt nicht,Gutschrift,89.9,kundenretoure
RT-2026-5152,2026-05-14,freigegeben,eingegangen,AB-2026-14092,Zalando,K-14097,Rechnungskauf,JKT-RN-M-WEI,Regenjacke Tech,M,Weiss,1,Zu gross,Gutschrift,119.9,kundenretoure
RT-2026-5153,2026-01-31,freigegeben,eingegangen,AB-2026-14093,Eigener Shop,K-14915,PayPal,TEE-BAS-XL-SCH,T-Shirt Basic,XL,Schwarz,1,,Sonstiges,29.9,nicht_abgeholt
RT-2026-5153,2026-01-31,freigegeben,eingegangen,AB-2026-14093,Eigener Shop,K-14915,PayPal,SOCK-3P-M-SCH,Sneaker Socken 3er-Pack,M,Schwarz,1,,Sonstiges,19.9,nicht_abgeholt
RT-2026-5154,2026-02-11,freigegeben,eingegangen,AB-2026-14094,Zalando,K-16228,PayPal,JKT-RN-XS-WEI,Regenjacke Tech,XS,Weiss,1,,Gutschrift,119.9,kundenretoure
RT-2026-5155,2026-06-25,freigegeben,eingegangen,AB-2026-14099,Eigener Shop,K-13920,PayPal,TEE-OVS-S-WEI,T-Shirt Oversized,S,Weiss,1,Zu klein,Gutschrift,34.9,kundenretoure
RT-2026-5156,2026-04-17,freigegeben,eingegangen,AB-2026-14100,Amazon,K-19040,Kreditkarte,JKT-RN-XL-WEI,Regenjacke Tech,XL,Weiss,1,Gefaellt nicht,Gutschrift,119.9,kundenretoure
RT-2026-5157,2026-01-30,freigegeben,eingegangen,AB-2026-14101,Eigener Shop,K-13094,Kreditkarte,HOOD-CL-XS-WEI,Hoodie Classic,XS,Weiss,1,,Gutschrift,69.9,kundenretoure
RT-2026-5158,2026-03-29,freigegeben,eingegangen,AB-2026-14105,Zalando,K-13708,PayPal,JOG-CL-M-WEI,Jogger Classic,M,Weiss,1,Beschaedigt angekommen,Ersatzlieferung,64.9,kundenretoure
RT-2026-5159,2026-06-12,freigegeben,eingegangen,AB-2026-14107,Amazon,K-16368,Rechnungskauf,KLEID-PR-L-OLI,Sommerkleid Print,L,Oliv,1,Nicht mehr benoetigt,Gutschrift,79.9,kundenretoure
RT-2026-5160,2026-04-24,freigegeben,eingegangen,AB-2026-14111,Zalando,K-11885,PayPal,TEE-BAS-L-SCH,T-Shirt Basic,L,Schwarz,1,Gefaellt nicht,Gutschrift,29.9,kundenretoure
RT-2026-5161,2026-02-21,freigegeben,eingegangen,AB-2026-14113,Eigener Shop,K-16000,Rechnungskauf,HOOD-ZP-L-WEI,Zip-Hoodie Heavy,L,Weiss,1,,Sonstiges,89.9,nicht_abgeholt
RT-2026-5162,2026-03-12,freigegeben,eingegangen,AB-2026-14117,Eigener Shop,K-13022,PayPal,JKT-RN-XS-SCH,Regenjacke Tech,XS,Schwarz,1,Nicht mehr benoetigt,Gutschrift,119.9,kundenretoure
RT-2026-5163,2026-05-03,freigegeben,eingegangen,AB-2026-14120,Eigener Shop,K-17080,Kreditkarte,HOOD-CL-XS-WEI,Hoodie Classic,XS,Weiss,1,,Gutschrift,69.9,kundenretoure
RT-2026-5164,2026-03-01,freigegeben,eingegangen,AB-2026-14130,Amazon,K-18686,PayPal,JOG-CL-XS-WEI,Jogger Classic,XS,Weiss,1,Nicht mehr benoetigt,Gutschrift,64.9,kundenretoure
RT-2026-5165,2026-05-23,freigegeben,eingegangen,AB-2026-14131,Amazon,K-15110,Rechnungskauf,HOOD-ZP-S-SCH,Zip-Hoodie Heavy,S,Schwarz,1,,Gutschrift,89.9,kundenretoure
RT-2026-5166,2026-02-05,freigegeben,eingegangen,AB-2026-14133,Amazon,K-10032,PayPal,HOOD-CL-XL-OLI,Hoodie Classic,XL,Oliv,1,Zu klein,Gutschrift,69.9,kundenretoure
RT-2026-5167,2026-06-06,freigegeben,eingegangen,AB-2026-14138,Amazon,K-16706,Kreditkarte,CAP-LG-S-OLI,Cap Logo,S,Oliv,1,Beschaedigt angekommen,Ersatzlieferung,24.9,kundenretoure
RT-2026-5168,2026-06-26,freigegeben,eingegangen,AB-2026-14144,Eigener Shop,K-17651,Vorkasse,HOOD-CL-XL-NAV,Hoodie Classic,XL,Navy,1,Zu gross,Gutschrift,69.9,kundenretoure
RT-2026-5169,2026-03-25,freigegeben,eingegangen,AB-2026-14145,Eigener Shop,K-12860,Rechnungskauf,JOG-CL-XS-SCH,Jogger Classic,XS,Schwarz,1,Nicht mehr benoetigt,Gutschrift,64.9,kundenretoure
RT-2026-5170,2026-02-28,freigegeben,eingegangen,AB-2026-14152,Eigener Shop,K-10456,PayPal,JKT-RN-S-WEI,Regenjacke Tech,S,Weiss,1,Zu klein,Gutschrift,119.9,kundenretoure
RT-2026-5171,2026-04-11,freigegeben,eingegangen,AB-2026-14158,Eigener Shop,K-10759,Kreditkarte,JOG-CL-S-OLI,Jogger Classic,S,Oliv,1,,Gutschrift,64.9,kundenretoure
RT-2026-5172,2026-05-03,freigegeben,eingegangen,AB-2026-14159,Eigener Shop,K-16520,PayPal,JOG-CL-L-WEI,Jogger Classic,L,Weiss,1,Nicht mehr benoetigt,Gutschrift,64.9,kundenretoure
RT-2026-5173,2026-02-17,freigegeben,eingegangen,AB-2026-14161,Eigener Shop,K-10442,Vorkasse,HOOD-ZP-S-SCH,Zip-Hoodie Heavy,S,Schwarz,1,Entspricht nicht dem Foto,Gutschrift,89.9,kundenretoure
RT-2026-5174,2026-04-08,freigegeben,eingegangen,AB-2026-14176,Amazon,K-13984,Rechnungskauf,TEE-OVS-S-OLI,T-Shirt Oversized,S,Oliv,1,Zu gross,Gutschrift,34.9,kundenretoure
RT-2026-5175,2026-06-28,freigegeben,eingegangen,AB-2026-14181,Eigener Shop,K-13767,PayPal,KLEID-PR-L-WEI,Sommerkleid Print,L,Weiss,1,Farbe weicht ab,Gutschrift,79.9,kundenretoure
RT-2026-5176,2026-05-31,freigegeben,eingegangen,AB-2026-14181,Eigener Shop,K-13767,PayPal,KLEID-PR-XL-WEI,Sommerkleid Print,XL,Weiss,1,Mangelhafte Qualitaet,Gutschrift,79.9,kundenretoure
RT-2026-5177,2026-03-13,freigegeben,eingegangen,AB-2026-14182,Eigener Shop,K-11442,PayPal,HOOD-ZP-XS-WEI,Zip-Hoodie Heavy,XS,Weiss,1,Gefaellt nicht,Gutschrift,89.9,kundenretoure
RT-2026-5178,2026-03-08,freigegeben,eingegangen,AB-2026-14192,Eigener Shop,K-14549,PayPal,CAP-LG-XL-SCH,Cap Logo,XL,Schwarz,1,Mangelhafte Qualitaet,Gutschrift,24.9,kundenretoure
RT-2026-5179,2026-05-14,freigegeben,eingegangen,AB-2026-14193,Eigener Shop,K-16449,Vorkasse,JOG-CL-XS-SCH,Jogger Classic,XS,Schwarz,1,Gefaellt nicht,Gutschrift,64.9,kundenretoure
RT-2026-5180,2026-05-25,freigegeben,eingegangen,AB-2026-14202,Eigener Shop,K-10442,Vorkasse,SOCK-3P-L-SCH,Sneaker Socken 3er-Pack,L,Schwarz,1,Gefaellt nicht,Gutschrift,19.9,kundenretoure
RT-2026-5181,2026-06-22,freigegeben,eingegangen,AB-2026-14202,Eigener Shop,K-10442,Vorkasse,SOCK-3P-XS-SCH,Sneaker Socken 3er-Pack,XS,Schwarz,1,,Gutschrift,19.9,kundenretoure
RT-2026-5182,2026-06-18,freigegeben,eingegangen,AB-2026-14205,Eigener Shop,K-16429,PayPal,HOOD-ZP-L-SCH,Zip-Hoodie Heavy,L,Schwarz,1,Zu gross,Gutschrift,89.9,kundenretoure
RT-2026-5183,2026-06-28,freigegeben,eingegangen,AB-2026-14207,Eigener Shop,K-17297,Rechnungskauf,JOG-CL-M-OLI,Jogger Classic,M,Oliv,1,Zu spaet geliefert,Gutschrift,64.9,kundenretoure
RT-2026-5184,2026-06-12,freigegeben,eingegangen,AB-2026-14207,Eigener Shop,K-17297,Rechnungskauf,SOCK-3P-XS-NAV,Sneaker Socken 3er-Pack,XS,Navy,1,Beschaedigt angekommen,Ersatzlieferung,19.9,kundenretoure
RT-2026-5185,2026-06-24,freigegeben,eingegangen,AB-2026-14215,Eigener Shop,K-14322,Rechnungskauf,KLEID-PR-S-SCH,Sommerkleid Print,S,Schwarz,1,,Sonstiges,79.9,nicht_abgeholt
RT-2026-5185,2026-06-24,freigegeben,eingegangen,AB-2026-14215,Eigener Shop,K-14322,Rechnungskauf,TEE-BAS-M-WEI,T-Shirt Basic,M,Weiss,1,,Sonstiges,29.9,nicht_abgeholt
RT-2026-5186,2026-05-30,freigegeben,eingegangen,AB-2026-14217,Eigener Shop,K-14298,PayPal,HOOD-ZP-XS-WEI,Zip-Hoodie Heavy,XS,Weiss,1,,Sonstiges,89.9,nicht_abgeholt
RT-2026-5186,2026-05-30,freigegeben,eingegangen,AB-2026-14217,Eigener Shop,K-14298,PayPal,JKT-RN-XL-WEI,Regenjacke Tech,XL,Weiss,1,,Sonstiges,119.9,nicht_abgeholt
RT-2026-5187,2026-05-08,freigegeben,eingegangen,AB-2026-14218,Eigener Shop,K-15998,Vorkasse,CAP-LG-S-OLI,Cap Logo,S,Oliv,1,Zu klein,Gutschrift,24.9,kundenretoure
RT-2026-5188,2026-05-24,freigegeben,eingegangen,AB-2026-14220,Zalando,K-17659,PayPal,TEE-BAS-M-WEI,T-Shirt Basic,M,Weiss,1,Zu spaet geliefert,Gutschrift,29.9,kundenretoure
RT-2026-5189,2026-06-15,freigegeben,eingegangen,AB-2026-14221,Eigener Shop,K-19615,PayPal,KLEID-PR-S-SCH,Sommerkleid Print,S,Schwarz,1,Zu gross,Gutschrift,79.9,kundenretoure
RT-2026-5190,2026-02-28,freigegeben,eingegangen,AB-2026-14227,Eigener Shop,K-19159,PayPal,TEE-OVS-XS-WEI,T-Shirt Oversized,XS,Weiss,1,Entspricht nicht dem Foto,Gutschrift,34.9,kundenretoure
RT-2026-5191,2026-05-28,freigegeben,eingegangen,AB-2026-14228,Amazon,K-17691,Rechnungskauf,JKT-RN-M-SCH,Regenjacke Tech,M,Schwarz,1,Gefaellt nicht,Gutschrift,119.9,kundenretoure
RT-2026-5192,2026-03-29,freigegeben,eingegangen,AB-2026-14234,Eigener Shop,K-15102,PayPal,JKT-RN-XL-SCH,Regenjacke Tech,XL,Schwarz,1,Gefaellt nicht,Gutschrift,119.9,kundenretoure
RT-2026-5193,2026-05-06,freigegeben,eingegangen,AB-2026-14235,Amazon,K-18679,PayPal,JKT-RN-XS-WEI,Regenjacke Tech,XS,Weiss,1,Zu klein,Gutschrift,119.9,kundenretoure
RT-2026-5194,2026-05-17,freigegeben,eingegangen,AB-2026-14235,Amazon,K-18679,PayPal,JKT-RN-L-WEI,Regenjacke Tech,L,Weiss,1,Zu klein,Gutschrift,119.9,kundenretoure
RT-2026-5195,2026-05-15,freigegeben,eingegangen,AB-2026-14236,Eigener Shop,K-16944,PayPal,JKT-RN-S-SCH,Regenjacke Tech,S,Schwarz,1,Zu gross,Gutschrift,119.9,kundenretoure
RT-2026-5196,2026-05-11,freigegeben,eingegangen,AB-2026-14240,Amazon,K-14117,Kreditkarte,JOG-CL-S-NAV,Jogger Classic,S,Navy,1,Gefaellt nicht,Gutschrift,64.9,kundenretoure
RT-2026-5197,2026-01-12,freigegeben,eingegangen,AB-2026-14241,Eigener Shop,K-17804,Vorkasse,KLEID-PR-XL-SCH,Sommerkleid Print,XL,Schwarz,1,Gefaellt nicht,Gutschrift,79.9,kundenretoure
RT-2026-5198,2026-05-05,freigegeben,eingegangen,AB-2026-14246,Amazon,K-14882,PayPal,JKT-RN-XS-SCH,Regenjacke Tech,XS,Schwarz,1,Gefaellt nicht,Gutschrift,119.9,kundenretoure
RT-2026-5199,2026-06-03,freigegeben,eingegangen,AB-2026-14249,Eigener Shop,K-19653,Rechnungskauf,JOG-CL-M-NAV,Jogger Classic,M,Navy,1,,Sonstiges,64.9,nicht_abgeholt
RT-2026-5200,2026-05-11,freigegeben,eingegangen,AB-2026-14255,Eigener Shop,K-11364,Kreditkarte,HOOD-ZP-XS-WEI,Zip-Hoodie Heavy,XS,Weiss,1,Zu spaet geliefert,Gutschrift,89.9,kundenretoure
RT-2026-5201,2026-04-03,freigegeben,eingegangen,AB-2026-14258,Eigener Shop,K-16556,Rechnungskauf,TEE-BAS-XS-WEI,T-Shirt Basic,XS,Weiss,1,,Gutschrift,29.9,kundenretoure
RT-2026-5202,2026-06-18,freigegeben,eingegangen,AB-2026-14260,Eigener Shop,K-15436,Rechnungskauf,HOOD-ZP-S-SCH,Zip-Hoodie Heavy,S,Schwarz,1,Beschaedigt angekommen,Ersatzlieferung,89.9,kundenretoure
RT-2026-5203,2026-05-05,freigegeben,eingegangen,AB-2026-14261,Eigener Shop,K-10769,Kreditkarte,JOG-CL-M-SCH,Jogger Classic,M,Schwarz,1,Beschaedigt angekommen,Ersatzlieferung,64.9,kundenretoure
RT-2026-5204,2026-04-17,freigegeben,eingegangen,AB-2026-14272,Eigener Shop,K-11669,Rechnungskauf,TEE-OVS-XS-NAV,T-Shirt Oversized,XS,Navy,1,Nicht mehr benoetigt,Gutschrift,34.9,kundenretoure
RT-2026-5205,2026-02-25,freigegeben,eingegangen,AB-2026-14279,Amazon,K-10277,Rechnungskauf,TEE-OVS-S-OLI,T-Shirt Oversized,S,Oliv,1,Zu klein,Gutschrift,34.9,kundenretoure
RT-2026-5206,2026-03-10,freigegeben,eingegangen,AB-2026-14279,Amazon,K-10277,Rechnungskauf,HOOD-CL-M-NAV,Hoodie Classic,M,Navy,1,Entspricht nicht dem Foto,Gutschrift,69.9,kundenretoure
RT-2026-5207,2026-03-28,freigegeben,eingegangen,AB-2026-14280,Amazon,K-15294,Rechnungskauf,JOG-CL-XL-OLI,Jogger Classic,XL,Oliv,1,Gefaellt nicht,Gutschrift,64.9,kundenretoure
RT-2026-5208,2026-02-17,freigegeben,eingegangen,AB-2026-14285,Amazon,K-18106,PayPal,JKT-RN-XS-WEI,Regenjacke Tech,XS,Weiss,1,,Gutschrift,119.9,kundenretoure
RT-2026-5209,2026-02-20,freigegeben,eingegangen,AB-2026-14288,Eigener Shop,K-14977,Kreditkarte,HOOD-CL-L-OLI,Hoodie Classic,L,Oliv,1,Falscher Artikel,Ersatzlieferung,69.9,kundenretoure
RT-2026-5210,2026-05-14,freigegeben,eingegangen,AB-2026-14291,Eigener Shop,K-13642,Kreditkarte,KLEID-PR-XS-OLI,Sommerkleid Print,XS,Oliv,1,,Gutschrift,79.9,kundenretoure
RT-2026-5211,2026-03-24,freigegeben,eingegangen,AB-2026-14293,Eigener Shop,K-16208,Rechnungskauf,TEE-OVS-M-SCH,T-Shirt Oversized,M,Schwarz,1,,Gutschrift,34.9,kundenretoure
RT-2026-5212,2026-02-16,freigegeben,eingegangen,AB-2026-14307,Eigener Shop,K-14828,PayPal,JKT-RN-L-WEI,Regenjacke Tech,L,Weiss,1,Zu klein,Gutschrift,119.9,kundenretoure
RT-2026-5213,2026-03-02,freigegeben,eingegangen,AB-2026-14309,Eigener Shop,K-11328,PayPal,TEE-OVS-XS-NAV,T-Shirt Oversized,XS,Navy,1,Zu spaet geliefert,Gutschrift,34.9,kundenretoure
RT-2026-5214,2026-03-25,freigegeben,eingegangen,AB-2026-14310,Zalando,K-12171,PayPal,JOG-CL-XS-WEI,Jogger Classic,XS,Weiss,1,Beschaedigt angekommen,Ersatzlieferung,64.9,kundenretoure
RT-2026-5215,2026-05-05,freigegeben,eingegangen,AB-2026-14317,Eigener Shop,K-17551,Kreditkarte,SOCK-3P-XS-SCH,Sneaker Socken 3er-Pack,XS,Schwarz,1,,Sonstiges,19.9,nicht_abgeholt
RT-2026-5216,2026-03-08,freigegeben,eingegangen,AB-2026-14320,Amazon,K-13827,PayPal,JKT-RN-M-WEI,Regenjacke Tech,M,Weiss,1,Mangelhafte Qualitaet,Gutschrift,119.9,kundenretoure
RT-2026-5217,2026-06-10,freigegeben,eingegangen,AB-2026-14326,Eigener Shop,K-17403,Rechnungskauf,CAP-LG-M-WEI,Cap Logo,M,Weiss,1,,Sonstiges,24.9,nicht_abgeholt
RT-2026-5218,2026-02-04,freigegeben,eingegangen,AB-2026-14328,Eigener Shop,K-13229,Rechnungskauf,KLEID-PR-L-NAV,Sommerkleid Print,L,Navy,1,Entspricht nicht dem Foto,Gutschrift,79.9,kundenretoure
RT-2026-5219,2026-04-09,freigegeben,eingegangen,AB-2026-14336,Eigener Shop,K-18862,Rechnungskauf,HOOD-CL-M-SCH,Hoodie Classic,M,Schwarz,1,Zu klein,Gutschrift,69.9,kundenretoure
RT-2026-5220,2026-05-11,freigegeben,eingegangen,AB-2026-14338,Amazon,K-19864,Rechnungskauf,HOOD-ZP-L-SCH,Zip-Hoodie Heavy,L,Schwarz,1,,Sonstiges,89.9,nicht_abgeholt
RT-2026-5221,2026-03-27,freigegeben,eingegangen,AB-2026-14342,Eigener Shop,K-12845,PayPal,JOG-CL-XL-SCH,Jogger Classic,XL,Schwarz,1,Gefaellt nicht,Gutschrift,64.9,kundenretoure
RT-2026-5222,2026-01-17,freigegeben,eingegangen,AB-2026-14348,Eigener Shop,K-18803,Rechnungskauf,HOOD-ZP-XS-SCH,Zip-Hoodie Heavy,XS,Schwarz,1,,Sonstiges,89.9,nicht_abgeholt
RT-2026-5223,2026-03-16,freigegeben,eingegangen,AB-2026-14353,Amazon,K-18210,Kreditkarte,JOG-CL-XL-WEI,Jogger Classic,XL,Weiss,1,Nicht mehr benoetigt,Gutschrift,64.9,kundenretoure
RT-2026-5224,2026-04-27,freigegeben,eingegangen,AB-2026-14356,Amazon,K-11413,Rechnungskauf,TEE-OVS-XS-SCH,T-Shirt Oversized,XS,Schwarz,1,,Sonstiges,34.9,nicht_abgeholt
RT-2026-5225,2026-04-14,freigegeben,eingegangen,AB-2026-14361,Eigener Shop,K-14957,Vorkasse,KLEID-PR-M-OLI,Sommerkleid Print,M,Oliv,1,Gefaellt nicht,Gutschrift,79.9,kundenretoure
RT-2026-5226,2026-01-08,freigegeben,eingegangen,AB-2026-14364,Amazon,K-16742,Kreditkarte,TEE-OVS-M-SCH,T-Shirt Oversized,M,Schwarz,1,Gefaellt nicht,Gutschrift,34.9,kundenretoure
RT-2026-5227,2026-01-17,freigegeben,eingegangen,AB-2026-14370,Eigener Shop,K-14855,Rechnungskauf,HOOD-CL-M-WEI,Hoodie Classic,M,Weiss,1,Zu klein,Gutschrift,69.9,kundenretoure
RT-2026-5228,2026-03-26,freigegeben,eingegangen,AB-2026-14377,Eigener Shop,K-12786,PayPal,JOG-CL-M-NAV,Jogger Classic,M,Navy,1,Beschaedigt angekommen,Ersatzlieferung,64.9,kundenretoure
RT-2026-5229,2026-06-03,freigegeben,eingegangen,AB-2026-14378,Eigener Shop,K-19630,PayPal,HOOD-CL-XL-SCH,Hoodie Classic,XL,Schwarz,1,,Gutschrift,69.9,kundenretoure
RT-2026-5230,2026-03-03,freigegeben,eingegangen,AB-2026-14384,Amazon,K-10862,PayPal,KLEID-PR-S-SCH,Sommerkleid Print,S,Schwarz,1,Zu klein,Gutschrift,79.9,kundenretoure
RT-2026-5231,2026-03-15,freigegeben,eingegangen,AB-2026-14387,Amazon,K-10442,Rechnungskauf,HOOD-ZP-XS-WEI,Zip-Hoodie Heavy,XS,Weiss,1,,Sonstiges,89.9,nicht_abgeholt
RT-2026-5231,2026-03-15,freigegeben,eingegangen,AB-2026-14387,Amazon,K-10442,Rechnungskauf,HOOD-ZP-L-WEI,Zip-Hoodie Heavy,L,Weiss,1,,Sonstiges,89.9,nicht_abgeholt
RT-2026-5232,2026-03-08,freigegeben,eingegangen,AB-2026-14395,Zalando,K-10024,Vorkasse,TEE-BAS-L-WEI,T-Shirt Basic,L,Weiss,1,Zu klein,Gutschrift,29.9,kundenretoure
RT-2026-5233,2026-04-28,freigegeben,eingegangen,AB-2026-14398,Eigener Shop,K-19473,Rechnungskauf,JKT-RN-M-WEI,Regenjacke Tech,M,Weiss,1,Gefaellt nicht,Gutschrift,119.9,kundenretoure
RT-2026-5234,2026-05-04,freigegeben,eingegangen,AB-2026-14418,Eigener Shop,K-17901,PayPal,HOOD-ZP-XL-WEI,Zip-Hoodie Heavy,XL,Weiss,1,,Gutschrift,89.9,kundenretoure
RT-2026-5235,2026-04-07,freigegeben,eingegangen,AB-2026-14418,Eigener Shop,K-17901,PayPal,HOOD-ZP-XL-WEI,Zip-Hoodie Heavy,XL,Weiss,1,Zu klein,Gutschrift,89.9,kundenretoure
RT-2026-5236,2026-04-22,freigegeben,eingegangen,AB-2026-14424,Amazon,K-16734,PayPal,JOG-CL-XL-OLI,Jogger Classic,XL,Oliv,1,Nicht mehr benoetigt,Gutschrift,64.9,kundenretoure
RT-2026-5237,2026-06-16,freigegeben,eingegangen,AB-2026-14425,Eigener Shop,K-19846,Rechnungskauf,JKT-RN-XL-WEI,Regenjacke Tech,XL,Weiss,1,Zu spaet geliefert,Gutschrift,119.9,kundenretoure
RT-2026-5238,2026-02-12,freigegeben,eingegangen,AB-2026-14426,Eigener Shop,K-18858,PayPal,KLEID-PR-S-OLI,Sommerkleid Print,S,Oliv,1,Gefaellt nicht,Gutschrift,79.9,kundenretoure
RT-2026-5239,2026-02-12,freigegeben,eingegangen,AB-2026-14433,Zalando,K-12658,Rechnungskauf,JKT-RN-L-WEI,Regenjacke Tech,L,Weiss,1,Falscher Artikel,Ersatzlieferung,119.9,kundenretoure
RT-2026-5240,2026-04-10,freigegeben,eingegangen,AB-2026-14436,Zalando,K-10286,Rechnungskauf,KLEID-PR-S-NAV,Sommerkleid Print,S,Navy,1,Gefaellt nicht,Gutschrift,79.9,kundenretoure
RT-2026-5241,2026-06-18,freigegeben,eingegangen,AB-2026-14439,Zalando,K-19518,Kreditkarte,JKT-RN-L-SCH,Regenjacke Tech,L,Schwarz,1,Nicht mehr benoetigt,Gutschrift,119.9,kundenretoure
RT-2026-5242,2026-06-03,freigegeben,eingegangen,AB-2026-14440,Eigener Shop,K-18748,Kreditkarte,TEE-BAS-XL-SCH,T-Shirt Basic,XL,Schwarz,1,Zu gross,Gutschrift,29.9,kundenretoure
RT-2026-5243,2026-04-09,freigegeben,eingegangen,AB-2026-14450,Eigener Shop,K-11137,PayPal,HOOD-ZP-L-WEI,Zip-Hoodie Heavy,L,Weiss,1,Nicht mehr benoetigt,Gutschrift,89.9,kundenretoure
RT-2026-5244,2026-03-23,freigegeben,eingegangen,AB-2026-14457,Eigener Shop,K-16406,PayPal,JKT-RN-XS-SCH,Regenjacke Tech,XS,Schwarz,1,Zu klein,Gutschrift,119.9,kundenretoure
RT-2026-5245,2026-06-25,freigegeben,eingegangen,AB-2026-14461,Eigener Shop,K-16384,Kreditkarte,HOOD-CL-S-OLI,Hoodie Classic,S,Oliv,1,Zu klein,Gutschrift,69.9,kundenretoure
RT-2026-5246,2026-01-12,freigegeben,eingegangen,AB-2026-14467,Amazon,K-17064,Kreditkarte,KLEID-PR-L-SCH,Sommerkleid Print,L,Schwarz,1,,Gutschrift,79.9,kundenretoure
RT-2026-5247,2026-06-11,freigegeben,eingegangen,AB-2026-14474,Eigener Shop,K-17781,Vorkasse,JKT-RN-S-WEI,Regenjacke Tech,S,Weiss,1,Gefaellt nicht,Gutschrift,119.9,kundenretoure
RT-2026-5248,2026-06-09,freigegeben,eingegangen,AB-2026-14474,Eigener Shop,K-17781,Vorkasse,JKT-RN-L-WEI,Regenjacke Tech,L,Weiss,1,Gefaellt nicht,Gutschrift,119.9,kundenretoure
RT-2026-5249,2026-04-24,freigegeben,eingegangen,AB-2026-14477,Eigener Shop,K-17079,Rechnungskauf,HOOD-ZP-S-SCH,Zip-Hoodie Heavy,S,Schwarz,1,Zu gross,Gutschrift,89.9,kundenretoure
RT-2026-5250,2026-03-15,freigegeben,eingegangen,AB-2026-14480,Eigener Shop,K-12113,PayPal,KLEID-PR-L-WEI,Sommerkleid Print,L,Weiss,1,Entspricht nicht dem Foto,Gutschrift,79.9,kundenretoure
RT-2026-5251,2026-04-02,freigegeben,eingegangen,AB-2026-14483,Eigener Shop,K-12728,PayPal,JKT-RN-XL-WEI,Regenjacke Tech,XL,Weiss,1,Gefaellt nicht,Gutschrift,119.9,kundenretoure
RT-2026-5252,2026-02-22,freigegeben,eingegangen,AB-2026-14491,Eigener Shop,K-16872,Rechnungskauf,KLEID-PR-S-WEI,Sommerkleid Print,S,Weiss,1,Entspricht nicht dem Foto,Gutschrift,79.9,kundenretoure
RT-2026-5253,2026-05-24,freigegeben,eingegangen,AB-2026-14494,Eigener Shop,K-11229,Kreditkarte,HOOD-CL-M-SCH,Hoodie Classic,M,Schwarz,1,Zu klein,Gutschrift,69.9,kundenretoure
RT-2026-5254,2026-07-03,freigegeben,eingegangen,AB-2026-14496,Eigener Shop,K-13356,Rechnungskauf,KLEID-PR-S-WEI,Sommerkleid Print,S,Weiss,1,Gefaellt nicht,Gutschrift,79.9,kundenretoure
RT-2026-5255,2026-05-09,freigegeben,eingegangen,AB-2026-14521,Eigener Shop,K-18404,Kreditkarte,HOOD-CL-M-SCH,Hoodie Classic,M,Schwarz,1,Nicht mehr benoetigt,Gutschrift,69.9,kundenretoure
RT-2026-5256,2026-05-14,freigegeben,eingegangen,AB-2026-14521,Eigener Shop,K-18404,Kreditkarte,HOOD-CL-XL-SCH,Hoodie Classic,XL,Schwarz,1,Zu spaet geliefert,Gutschrift,69.9,kundenretoure
RT-2026-5257,2026-02-18,freigegeben,eingegangen,AB-2026-14523,Eigener Shop,K-14284,Rechnungskauf,JOG-CL-L-OLI,Jogger Classic,L,Oliv,1,Zu gross,Gutschrift,64.9,kundenretoure
RT-2026-5258,2026-04-02,freigegeben,eingegangen,AB-2026-14531,Eigener Shop,K-19504,PayPal,HOOD-ZP-L-SCH,Zip-Hoodie Heavy,L,Schwarz,1,Entspricht nicht dem Foto,Gutschrift,89.9,kundenretoure
RT-2026-5259,2026-04-12,freigegeben,eingegangen,AB-2026-14537,Amazon,K-17221,Rechnungskauf,TEE-OVS-XL-SCH,T-Shirt Oversized,XL,Schwarz,1,,Sonstiges,34.9,nicht_abgeholt
RT-2026-5259,2026-04-12,freigegeben,eingegangen,AB-2026-14537,Amazon,K-17221,Rechnungskauf,JOG-CL-XS-WEI,Jogger Classic,XS,Weiss,1,,Sonstiges,64.9,nicht_abgeholt
RT-2026-5260,2026-05-05,freigegeben,eingegangen,AB-2026-14538,Amazon,K-13461,Vorkasse,JKT-RN-XL-SCH,Regenjacke Tech,XL,Schwarz,1,Gefaellt nicht,Gutschrift,119.9,kundenretoure
RT-2026-5261,2026-03-29,freigegeben,eingegangen,AB-2026-14546,Zalando,K-11247,PayPal,JKT-RN-S-WEI,Regenjacke Tech,S,Weiss,1,Zu gross,Gutschrift,119.9,kundenretoure
RT-2026-5262,2026-05-21,freigegeben,eingegangen,AB-2026-14551,Amazon,K-14428,Kreditkarte,JOG-CL-S-NAV,Jogger Classic,S,Navy,1,Zu gross,Gutschrift,64.9,kundenretoure
RT-2026-5263,2026-04-17,freigegeben,eingegangen,AB-2026-14555,Amazon,K-14394,Rechnungskauf,JOG-CL-S-SCH,Jogger Classic,S,Schwarz,1,Zu klein,Gutschrift,64.9,kundenretoure
RT-2026-5264,2026-05-18,freigegeben,eingegangen,AB-2026-14557,Eigener Shop,K-16493,Rechnungskauf,TEE-BAS-M-WEI,T-Shirt Basic,M,Weiss,1,,Gutschrift,29.9,kundenretoure
RT-2026-5265,2026-02-04,freigegeben,eingegangen,AB-2026-14558,Eigener Shop,K-18110,PayPal,KLEID-PR-XS-OLI,Sommerkleid Print,XS,Oliv,1,Entspricht nicht dem Foto,Gutschrift,79.9,kundenretoure
RT-2026-5266,2026-05-09,freigegeben,eingegangen,AB-2026-14559,Eigener Shop,K-14892,PayPal,HOOD-CL-L-NAV,Hoodie Classic,L,Navy,1,,Gutschrift,69.9,kundenretoure
RT-2026-5267,2026-06-24,freigegeben,eingegangen,AB-2026-14564,Eigener Shop,K-12199,Rechnungskauf,HOOD-ZP-XS-WEI,Zip-Hoodie Heavy,XS,Weiss,1,Zu klein,Gutschrift,89.9,kundenretoure
RT-2026-5268,2026-06-04,freigegeben,eingegangen,AB-2026-14564,Eigener Shop,K-12199,Rechnungskauf,TEE-OVS-M-NAV,T-Shirt Oversized,M,Navy,1,Zu gross,Gutschrift,34.9,kundenretoure
RT-2026-5269,2026-04-05,freigegeben,eingegangen,AB-2026-14572,Eigener Shop,K-16856,Vorkasse,TEE-BAS-M-SCH,T-Shirt Basic,M,Schwarz,1,Beschaedigt angekommen,Ersatzlieferung,29.9,kundenretoure
RT-2026-5270,2026-04-07,freigegeben,eingegangen,AB-2026-14575,Eigener Shop,K-17980,PayPal,KLEID-PR-L-NAV,Sommerkleid Print,L,Navy,1,Zu spaet geliefert,Gutschrift,79.9,kundenretoure
RT-2026-5271,2026-04-14,freigegeben,eingegangen,AB-2026-14582,Eigener Shop,K-11014,Vorkasse,JKT-RN-S-WEI,Regenjacke Tech,S,Weiss,1,Gefaellt nicht,Gutschrift,119.9,kundenretoure
RT-2026-5272,2026-05-05,freigegeben,eingegangen,AB-2026-14586,Eigener Shop,K-19208,Vorkasse,HOOD-CL-S-OLI,Hoodie Classic,S,Oliv,1,Zu klein,Gutschrift,69.9,kundenretoure
RT-2026-5273,2026-01-28,freigegeben,eingegangen,AB-2026-14589,Eigener Shop,K-17642,Kreditkarte,KLEID-PR-S-OLI,Sommerkleid Print,S,Oliv,1,Entspricht nicht dem Foto,Gutschrift,79.9,kundenretoure
RT-2026-5274,2026-06-09,freigegeben,eingegangen,AB-2026-14591,Eigener Shop,K-16364,Kreditkarte,HOOD-CL-L-NAV,Hoodie Classic,L,Navy,1,,Gutschrift,69.9,kundenretoure
RT-2026-5275,2026-02-04,freigegeben,eingegangen,AB-2026-14597,Amazon,K-10788,PayPal,CAP-LG-L-SCH,Cap Logo,L,Schwarz,1,Zu gross,Gutschrift,24.9,kundenretoure
RT-2026-5276,2026-04-28,freigegeben,eingegangen,AB-2026-14598,Eigener Shop,K-15872,Rechnungskauf,HOOD-ZP-XS-SCH,Zip-Hoodie Heavy,XS,Schwarz,1,Entspricht nicht dem Foto,Gutschrift,89.9,kundenretoure
RT-2026-5277,2026-05-19,freigegeben,eingegangen,AB-2026-14598,Eigener Shop,K-15872,Rechnungskauf,HOOD-ZP-L-SCH,Zip-Hoodie Heavy,L,Schwarz,1,Gefaellt nicht,Gutschrift,89.9,kundenretoure
RT-2026-5278,2026-07-03,freigegeben,eingegangen,AB-2026-14607,Eigener Shop,K-17490,Kreditkarte,KLEID-PR-XL-WEI,Sommerkleid Print,XL,Weiss,1,Zu gross,Gutschrift,79.9,kundenretoure
RT-2026-5279,2026-04-18,freigegeben,eingegangen,AB-2026-14611,Eigener Shop,K-16372,Rechnungskauf,CAP-LG-XL-WEI,Cap Logo,XL,Weiss,1,,Gutschrift,24.9,kundenretoure
RT-2026-5280,2026-05-22,freigegeben,eingegangen,AB-2026-14625,Amazon,K-15247,Vorkasse,HOOD-CL-XL-WEI,Hoodie Classic,XL,Weiss,1,Zu klein,Gutschrift,69.9,kundenretoure
RT-2026-5281,2026-05-09,freigegeben,eingegangen,AB-2026-14633,Eigener Shop,K-10161,Kreditkarte,HOOD-CL-XL-SCH,Hoodie Classic,XL,Schwarz,1,,Gutschrift,69.9,kundenretoure
RT-2026-5282,2026-03-12,freigegeben,eingegangen,AB-2026-14635,Eigener Shop,K-11977,Kreditkarte,SOCK-3P-XS-SCH,Sneaker Socken 3er-Pack,XS,Schwarz,1,Entspricht nicht dem Foto,Gutschrift,19.9,kundenretoure
RT-2026-5283,2026-04-03,freigegeben,eingegangen,AB-2026-14635,Eigener Shop,K-11977,Kreditkarte,KLEID-PR-L-OLI,Sommerkleid Print,L,Oliv,1,Nicht mehr benoetigt,Gutschrift,79.9,kundenretoure
RT-2026-5284,2026-01-30,freigegeben,eingegangen,AB-2026-14638,Zalando,K-13945,Kreditkarte,TEE-BAS-XL-OLI,T-Shirt Basic,XL,Oliv,1,Zu spaet geliefert,Gutschrift,29.9,kundenretoure
RT-2026-5285,2026-02-19,freigegeben,eingegangen,AB-2026-14657,Eigener Shop,K-11076,PayPal,KLEID-PR-M-WEI,Sommerkleid Print,M,Weiss,1,Gefaellt nicht,Gutschrift,79.9,kundenretoure
RT-2026-5286,2026-03-02,freigegeben,eingegangen,AB-2026-14665,Eigener Shop,K-17889,PayPal,HOOD-ZP-M-WEI,Zip-Hoodie Heavy,M,Weiss,1,Zu gross,Gutschrift,89.9,kundenretoure
RT-2026-5287,2026-02-20,freigegeben,eingegangen,AB-2026-14669,Amazon,K-16130,Kreditkarte,JOG-CL-M-NAV,Jogger Classic,M,Navy,1,Gefaellt nicht,Gutschrift,64.9,kundenretoure
RT-2026-5288,2026-03-31,freigegeben,eingegangen,AB-2026-14672,Eigener Shop,K-19582,Rechnungskauf,JKT-RN-M-WEI,Regenjacke Tech,M,Weiss,1,Mangelhafte Qualitaet,Gutschrift,119.9,kundenretoure
RT-2026-5289,2026-02-12,freigegeben,eingegangen,AB-2026-14674,Eigener Shop,K-19410,Vorkasse,HOOD-CL-L-SCH,Hoodie Classic,L,Schwarz,1,Zu klein,Gutschrift,69.9,kundenretoure
RT-2026-5290,2026-06-20,freigegeben,eingegangen,AB-2026-14675,Eigener Shop,K-12682,Kreditkarte,TEE-OVS-M-WEI,T-Shirt Oversized,M,Weiss,1,Gefaellt nicht,Gutschrift,34.9,kundenretoure
RT-2026-5291,2026-01-25,freigegeben,eingegangen,AB-2026-14684,Eigener Shop,K-14238,PayPal,KLEID-PR-XL-SCH,Sommerkleid Print,XL,Schwarz,1,Farbe weicht ab,Gutschrift,79.9,kundenretoure
RT-2026-5292,2026-03-20,freigegeben,eingegangen,AB-2026-14699,Amazon,K-17002,Vorkasse,HOOD-ZP-XL-SCH,Zip-Hoodie Heavy,XL,Schwarz,1,Zu gross,Gutschrift,89.9,kundenretoure
RT-2026-5293,2026-02-08,freigegeben,eingegangen,AB-2026-14700,Eigener Shop,K-14767,Rechnungskauf,JKT-RN-XL-WEI,Regenjacke Tech,XL,Weiss,1,,Gutschrift,119.9,kundenretoure
RT-2026-5294,2026-05-26,freigegeben,eingegangen,AB-2026-14701,Eigener Shop,K-17815,Vorkasse,HOOD-ZP-S-SCH,Zip-Hoodie Heavy,S,Schwarz,1,Nicht mehr benoetigt,Gutschrift,89.9,kundenretoure
RT-2026-5295,2026-03-04,freigegeben,eingegangen,AB-2026-14702,Eigener Shop,K-10107,Kreditkarte,HOOD-CL-XL-OLI,Hoodie Classic,XL,Oliv,1,Zu klein,Gutschrift,69.9,kundenretoure
RT-2026-5296,2026-04-05,freigegeben,eingegangen,AB-2026-14705,Zalando,K-18085,Kreditkarte,JKT-RN-L-WEI,Regenjacke Tech,L,Weiss,1,Gefaellt nicht,Gutschrift,119.9,kundenretoure
RT-2026-5297,2026-05-31,freigegeben,eingegangen,AB-2026-14706,Eigener Shop,K-18740,PayPal,HOOD-CL-S-SCH,Hoodie Classic,S,Schwarz,1,Zu klein,Gutschrift,69.9,kundenretoure
RT-2026-5298,2026-05-05,freigegeben,eingegangen,AB-2026-14711,Amazon,K-18480,PayPal,JKT-RN-L-WEI,Regenjacke Tech,L,Weiss,1,Falscher Artikel,Ersatzlieferung,119.9,kundenretoure
RT-2026-5299,2026-02-25,freigegeben,eingegangen,AB-2026-14713,Eigener Shop,K-12300,Rechnungskauf,JKT-RN-XL-SCH,Regenjacke Tech,XL,Schwarz,1,Mangelhafte Qualitaet,Gutschrift,119.9,kundenretoure
RT-2026-5300,2026-04-10,freigegeben,eingegangen,AB-2026-14714,Eigener Shop,K-14997,PayPal,HOOD-ZP-S-WEI,Zip-Hoodie Heavy,S,Weiss,1,,Gutschrift,89.9,kundenretoure
RT-2026-5301,2026-07-05,freigegeben,eingegangen,AB-2026-14717,Amazon,K-16681,Rechnungskauf,HOOD-CL-L-WEI,Hoodie Classic,L,Weiss,1,Zu klein,Gutschrift,69.9,kundenretoure
RT-2026-5302,2026-05-12,freigegeben,eingegangen,AB-2026-14722,Eigener Shop,K-16912,Kreditkarte,HOOD-ZP-XL-SCH,Zip-Hoodie Heavy,XL,Schwarz,1,Gefaellt nicht,Gutschrift,89.9,kundenretoure
RT-2026-5303,2026-02-18,freigegeben,eingegangen,AB-2026-14725,Amazon,K-11577,Kreditkarte,HOOD-ZP-L-WEI,Zip-Hoodie Heavy,L,Weiss,1,Gefaellt nicht,Gutschrift,89.9,kundenretoure
RT-2026-5304,2026-01-12,freigegeben,eingegangen,AB-2026-14732,Eigener Shop,K-10097,Rechnungskauf,JKT-RN-L-WEI,Regenjacke Tech,L,Weiss,1,,Gutschrift,119.9,kundenretoure
RT-2026-5305,2026-04-13,freigegeben,eingegangen,AB-2026-14744,Eigener Shop,K-11958,PayPal,HOOD-ZP-L-SCH,Zip-Hoodie Heavy,L,Schwarz,1,Zu spaet geliefert,Gutschrift,89.9,kundenretoure
RT-2026-5306,2026-05-19,freigegeben,eingegangen,AB-2026-14746,Eigener Shop,K-19333,Kreditkarte,JKT-RN-L-WEI,Regenjacke Tech,L,Weiss,1,Mangelhafte Qualitaet,Gutschrift,119.9,kundenretoure
RT-2026-5307,2026-04-17,freigegeben,eingegangen,AB-2026-14749,Eigener Shop,K-14905,Rechnungskauf,KLEID-PR-XS-WEI,Sommerkleid Print,XS,Weiss,1,Farbe weicht ab,Gutschrift,79.9,kundenretoure
RT-2026-5308,2026-05-01,freigegeben,eingegangen,AB-2026-14752,Amazon,K-17581,Rechnungskauf,HOOD-ZP-XL-WEI,Zip-Hoodie Heavy,XL,Weiss,1,Zu spaet geliefert,Gutschrift,89.9,kundenretoure
RT-2026-5309,2026-03-19,freigegeben,eingegangen,AB-2026-14776,Zalando,K-10155,Kreditkarte,HOOD-ZP-XL-SCH,Zip-Hoodie Heavy,XL,Schwarz,1,Gefaellt nicht,Gutschrift,89.9,kundenretoure
RT-2026-5310,2026-02-28,freigegeben,eingegangen,AB-2026-14776,Zalando,K-10155,Kreditkarte,KLEID-PR-M-WEI,Sommerkleid Print,M,Weiss,1,Farbe weicht ab,Gutschrift,79.9,kundenretoure
RT-2026-5311,2026-05-08,freigegeben,eingegangen,AB-2026-14781,Zalando,K-15205,Kreditkarte,TEE-OVS-XS-NAV,T-Shirt Oversized,XS,Navy,1,Nicht mehr benoetigt,Gutschrift,34.9,kundenretoure
RT-2026-5312,2026-03-10,freigegeben,eingegangen,AB-2026-14784,Eigener Shop,K-18677,PayPal,HOOD-CL-L-OLI,Hoodie Classic,L,Oliv,1,Zu klein,Gutschrift,69.9,kundenretoure
RT-2026-5313,2026-03-20,freigegeben,eingegangen,AB-2026-14788,Amazon,K-15877,PayPal,HOOD-ZP-XL-SCH,Zip-Hoodie Heavy,XL,Schwarz,1,Beschaedigt angekommen,Ersatzlieferung,89.9,kundenretoure
RT-2026-5314,2026-04-19,freigegeben,eingegangen,AB-2026-14796,Eigener Shop,K-10930,Vorkasse,SOCK-3P-S-WEI,Sneaker Socken 3er-Pack,S,Weiss,1,,Gutschrift,19.9,kundenretoure
RT-2026-5315,2026-04-15,freigegeben,eingegangen,AB-2026-14797,Eigener Shop,K-15013,PayPal,KLEID-PR-XS-SCH,Sommerkleid Print,XS,Schwarz,1,Mangelhafte Qualitaet,Gutschrift,79.9,kundenretoure
RT-2026-5316,2026-02-21,freigegeben,eingegangen,AB-2026-14801,Eigener Shop,K-18337,Rechnungskauf,HOOD-ZP-S-SCH,Zip-Hoodie Heavy,S,Schwarz,1,Zu klein,Gutschrift,89.9,kundenretoure
RT-2026-5317,2026-06-21,freigegeben,eingegangen,AB-2026-14807,Amazon,K-13198,Kreditkarte,HOOD-CL-XS-OLI,Hoodie Classic,XS,Oliv,1,Falscher Artikel,Ersatzlieferung,69.9,kundenretoure
RT-2026-5318,2026-02-16,freigegeben,eingegangen,AB-2026-14808,Eigener Shop,K-17501,PayPal,HOOD-CL-XL-WEI,Hoodie Classic,XL,Weiss,1,Zu klein,Gutschrift,69.9,kundenretoure
RT-2026-5319,2026-05-18,freigegeben,eingegangen,AB-2026-14812,Eigener Shop,K-17053,Rechnungskauf,HOOD-ZP-S-WEI,Zip-Hoodie Heavy,S,Weiss,1,Falscher Artikel,Ersatzlieferung,89.9,kundenretoure
RT-2026-5320,2026-03-12,freigegeben,eingegangen,AB-2026-14817,Eigener Shop,K-10399,Kreditkarte,KLEID-PR-XL-WEI,Sommerkleid Print,XL,Weiss,1,Entspricht nicht dem Foto,Gutschrift,79.9,kundenretoure
RT-2026-5321,2026-01-29,freigegeben,eingegangen,AB-2026-14818,Eigener Shop,K-15201,PayPal,HOOD-ZP-XS-SCH,Zip-Hoodie Heavy,XS,Schwarz,1,Zu klein,Gutschrift,89.9,kundenretoure
RT-2026-5322,2026-05-24,freigegeben,eingegangen,AB-2026-14821,Eigener Shop,K-17426,PayPal,HOOD-ZP-S-SCH,Zip-Hoodie Heavy,S,Schwarz,1,Nicht mehr benoetigt,Gutschrift,89.9,kundenretoure
RT-2026-5323,2026-03-20,freigegeben,eingegangen,AB-2026-14823,Zalando,K-10192,Vorkasse,HOOD-ZP-XS-SCH,Zip-Hoodie Heavy,XS,Schwarz,1,Gefaellt nicht,Gutschrift,89.9,kundenretoure
RT-2026-5324,2026-02-21,freigegeben,eingegangen,AB-2026-14828,Zalando,K-18005,Vorkasse,HOOD-ZP-L-WEI,Zip-Hoodie Heavy,L,Weiss,1,,Gutschrift,89.9,kundenretoure
RT-2026-5325,2026-02-06,freigegeben,eingegangen,AB-2026-14833,Eigener Shop,K-10910,Rechnungskauf,HOOD-ZP-M-WEI,Zip-Hoodie Heavy,M,Weiss,1,Nicht mehr benoetigt,Gutschrift,89.9,kundenretoure
RT-2026-5326,2026-02-07,freigegeben,eingegangen,AB-2026-14834,Zalando,K-14016,PayPal,JKT-RN-M-WEI,Regenjacke Tech,M,Weiss,1,Gefaellt nicht,Gutschrift,119.9,kundenretoure
RT-2026-5327,2026-02-22,freigegeben,eingegangen,AB-2026-14837,Eigener Shop,K-19962,PayPal,KLEID-PR-M-OLI,Sommerkleid Print,M,Oliv,1,Gefaellt nicht,Gutschrift,79.9,kundenretoure
RT-2026-5328,2026-04-17,freigegeben,eingegangen,AB-2026-14840,Eigener Shop,K-18385,Kreditkarte,HOOD-ZP-XS-SCH,Zip-Hoodie Heavy,XS,Schwarz,1,Gefaellt nicht,Gutschrift,89.9,kundenretoure
RT-2026-5329,2026-05-24,freigegeben,eingegangen,AB-2026-14848,Eigener Shop,K-13015,Kreditkarte,JOG-CL-XS-OLI,Jogger Classic,XS,Oliv,1,Gefaellt nicht,Gutschrift,64.9,kundenretoure
RT-2026-5330,2026-07-01,freigegeben,eingegangen,AB-2026-14851,Zalando,K-17064,Kreditkarte,JKT-RN-L-WEI,Regenjacke Tech,L,Weiss,1,Zu gross,Gutschrift,119.9,kundenretoure
RT-2026-5331,2026-04-28,freigegeben,eingegangen,AB-2026-14852,Eigener Shop,K-14524,Vorkasse,JOG-CL-S-OLI,Jogger Classic,S,Oliv,1,Zu gross,Gutschrift,64.9,kundenretoure
RT-2026-5332,2026-05-05,freigegeben,eingegangen,AB-2026-14860,Amazon,K-16459,Rechnungskauf,HOOD-CL-S-OLI,Hoodie Classic,S,Oliv,1,Zu klein,Gutschrift,69.9,kundenretoure
RT-2026-5333,2026-05-09,freigegeben,eingegangen,AB-2026-14861,Amazon,K-14036,Rechnungskauf,CAP-LG-XS-SCH,Cap Logo,XS,Schwarz,1,Zu klein,Gutschrift,24.9,kundenretoure
RT-2026-5334,2026-05-05,freigegeben,eingegangen,AB-2026-14861,Amazon,K-14036,Rechnungskauf,SOCK-3P-S-WEI,Sneaker Socken 3er-Pack,S,Weiss,1,,Gutschrift,19.9,kundenretoure
RT-2026-5335,2026-07-05,freigegeben,eingegangen,AB-2026-14869,Eigener Shop,K-19171,PayPal,JKT-RN-XL-WEI,Regenjacke Tech,XL,Weiss,1,Zu spaet geliefert,Gutschrift,119.9,kundenretoure
RT-2026-5336,2026-01-25,freigegeben,eingegangen,AB-2026-14875,Eigener Shop,K-16562,Rechnungskauf,JOG-CL-XS-NAV,Jogger Classic,XS,Navy,1,Zu klein,Gutschrift,64.9,kundenretoure
RT-2026-5337,2026-06-10,freigegeben,eingegangen,AB-2026-14879,Eigener Shop,K-10827,Vorkasse,HOOD-CL-XL-SCH,Hoodie Classic,XL,Schwarz,1,Zu klein,Gutschrift,69.9,kundenretoure
RT-2026-5338,2026-05-30,freigegeben,eingegangen,AB-2026-14887,Amazon,K-15722,Rechnungskauf,TEE-OVS-XS-NAV,T-Shirt Oversized,XS,Navy,1,Zu gross,Gutschrift,34.9,kundenretoure
RT-2026-5339,2026-05-30,freigegeben,eingegangen,AB-2026-14887,Amazon,K-15722,Rechnungskauf,TEE-BAS-M-WEI,T-Shirt Basic,M,Weiss,1,,Gutschrift,29.9,kundenretoure
RT-2026-5340,2026-05-28,freigegeben,eingegangen,AB-2026-14887,Amazon,K-15722,Rechnungskauf,TEE-BAS-XL-NAV,T-Shirt Basic,XL,Navy,1,,Gutschrift,29.9,kundenretoure
RT-2026-5341,2026-04-29,freigegeben,eingegangen,AB-2026-14888,Zalando,K-10442,Rechnungskauf,CAP-LG-XS-NAV,Cap Logo,XS,Navy,1,Zu klein,Gutschrift,24.9,kundenretoure
RT-2026-5342,2026-04-18,freigegeben,eingegangen,AB-2026-14888,Zalando,K-10442,Rechnungskauf,CAP-LG-M-NAV,Cap Logo,M,Navy,1,Entspricht nicht dem Foto,Gutschrift,24.9,kundenretoure
RT-2026-5343,2026-05-15,freigegeben,eingegangen,AB-2026-14892,Eigener Shop,K-18778,Kreditkarte,TEE-OVS-L-OLI,T-Shirt Oversized,L,Oliv,1,Zu klein,Gutschrift,34.9,kundenretoure
RT-2026-5344,2026-06-07,freigegeben,eingegangen,AB-2026-14892,Eigener Shop,K-18778,Kreditkarte,HOOD-CL-XS-OLI,Hoodie Classic,XS,Oliv,1,Zu klein,Gutschrift,69.9,kundenretoure
RT-2026-5345,2026-03-24,freigegeben,eingegangen,AB-2026-14897,Eigener Shop,K-16719,Rechnungskauf,JKT-RN-M-WEI,Regenjacke Tech,M,Weiss,1,,Gutschrift,119.9,kundenretoure
RT-2026-5346,2026-04-23,freigegeben,eingegangen,AB-2026-14908,Eigener Shop,K-15610,PayPal,SOCK-3P-XS-SCH,Sneaker Socken 3er-Pack,XS,Schwarz,1,Mangelhafte Qualitaet,Gutschrift,19.9,kundenretoure
RT-2026-5347,2026-01-30,freigegeben,eingegangen,AB-2026-14911,Eigener Shop,K-13206,PayPal,TEE-BAS-XS-OLI,T-Shirt Basic,XS,Oliv,1,Nicht mehr benoetigt,Gutschrift,29.9,kundenretoure
RT-2026-5348,2026-05-13,freigegeben,eingegangen,AB-2026-14913,Amazon,K-15140,Vorkasse,HOOD-ZP-XL-WEI,Zip-Hoodie Heavy,XL,Weiss,1,Zu klein,Gutschrift,89.9,kundenretoure
RT-2026-5349,2026-03-02,freigegeben,eingegangen,AB-2026-14923,Amazon,K-17987,Vorkasse,HOOD-ZP-S-SCH,Zip-Hoodie Heavy,S,Schwarz,1,Gefaellt nicht,Gutschrift,89.9,kundenretoure
RT-2026-5350,2026-05-27,freigegeben,eingegangen,AB-2026-14925,Eigener Shop,K-11454,Kreditkarte,SOCK-3P-XS-NAV,Sneaker Socken 3er-Pack,XS,Navy,1,Mangelhafte Qualitaet,Gutschrift,19.9,kundenretoure
RT-2026-5351,2026-04-03,freigegeben,eingegangen,AB-2026-14925,Eigener Shop,K-11454,Kreditkarte,JOG-CL-S-NAV,Jogger Classic,S,Navy,1,Zu gross,Gutschrift,64.9,kundenretoure
RT-2026-5352,2026-04-22,freigegeben,eingegangen,AB-2026-14925,Eigener Shop,K-11454,Kreditkarte,JKT-RN-XL-SCH,Regenjacke Tech,XL,Schwarz,1,Gefaellt nicht,Gutschrift,119.9,kundenretoure
RT-2026-5353,2026-04-02,freigegeben,eingegangen,AB-2026-14925,Eigener Shop,K-11454,Kreditkarte,JKT-RN-XS-SCH,Regenjacke Tech,XS,Schwarz,1,Mangelhafte Qualitaet,Gutschrift,119.9,kundenretoure
RT-2026-5354,2026-03-29,freigegeben,eingegangen,AB-2026-14931,Eigener Shop,K-11689,Vorkasse,JKT-RN-L-WEI,Regenjacke Tech,L,Weiss,1,Entspricht nicht dem Foto,Gutschrift,119.9,kundenretoure
RT-2026-5355,2026-03-18,freigegeben,eingegangen,AB-2026-14939,Zalando,K-11680,Rechnungskauf,JKT-RN-L-WEI,Regenjacke Tech,L,Weiss,1,Gefaellt nicht,Gutschrift,119.9,kundenretoure
RT-2026-5356,2026-02-08,freigegeben,eingegangen,AB-2026-14940,Amazon,K-14811,Rechnungskauf,HOOD-ZP-XS-WEI,Zip-Hoodie Heavy,XS,Weiss,1,Zu gross,Gutschrift,89.9,kundenretoure
RT-2026-5357,2026-02-16,freigegeben,eingegangen,AB-2026-14943,Eigener Shop,K-19436,Vorkasse,CAP-LG-XS-OLI,Cap Logo,XS,Oliv,1,Gefaellt nicht,Gutschrift,24.9,kundenretoure
RT-2026-5358,2026-06-24,freigegeben,eingegangen,AB-2026-14947,Eigener Shop,K-12394,Vorkasse,HOOD-CL-L-NAV,Hoodie Classic,L,Navy,1,Nicht mehr benoetigt,Gutschrift,69.9,kundenretoure
RT-2026-5359,2026-06-09,freigegeben,eingegangen,AB-2026-14951,Zalando,K-14546,PayPal,HOOD-CL-XL-NAV,Hoodie Classic,XL,Navy,1,Zu klein,Gutschrift,69.9,kundenretoure
RT-2026-5360,2026-06-21,freigegeben,eingegangen,AB-2026-14955,Amazon,K-17316,Rechnungskauf,HOOD-ZP-M-WEI,Zip-Hoodie Heavy,M,Weiss,1,Beschaedigt angekommen,Ersatzlieferung,89.9,kundenretoure
RT-2026-5361,2026-04-14,freigegeben,eingegangen,AB-2026-14960,Amazon,K-15856,Rechnungskauf,TEE-BAS-XL-SCH,T-Shirt Basic,XL,Schwarz,1,,Sonstiges,29.9,nicht_abgeholt
RT-2026-5362,2026-06-24,freigegeben,eingegangen,AB-2026-14963,Amazon,K-13989,Rechnungskauf,TEE-BAS-S-OLI,T-Shirt Basic,S,Oliv,1,Zu gross,Gutschrift,29.9,kundenretoure
RT-2026-5363,2026-06-06,freigegeben,eingegangen,AB-2026-14964,Amazon,K-17160,PayPal,JOG-CL-S-NAV,Jogger Classic,S,Navy,1,,Gutschrift,64.9,kundenretoure
RT-2026-5364,2026-05-14,freigegeben,eingegangen,AB-2026-14973,Eigener Shop,K-10518,Kreditkarte,TEE-BAS-XL-NAV,T-Shirt Basic,XL,Navy,1,Zu gross,Gutschrift,29.9,kundenretoure
RT-2026-5365,2026-01-30,freigegeben,eingegangen,AB-2026-14985,Zalando,K-12882,Rechnungskauf,HOOD-ZP-L-WEI,Zip-Hoodie Heavy,L,Weiss,1,,Sonstiges,89.9,nicht_abgeholt
RT-2026-5366,2026-04-21,freigegeben,eingegangen,AB-2026-14987,Eigener Shop,K-11247,Kreditkarte,HOOD-CL-XL-NAV,Hoodie Classic,XL,Navy,1,Nicht mehr benoetigt,Gutschrift,69.9,kundenretoure
RT-2026-5367,2026-02-24,freigegeben,eingegangen,AB-2026-14988,Eigener Shop,K-15249,Rechnungskauf,SOCK-3P-S-SCH,Sneaker Socken 3er-Pack,S,Schwarz,1,Gefaellt nicht,Gutschrift,19.9,kundenretoure
RT-2026-5368,2026-04-10,freigegeben,eingegangen,AB-2026-14999,Eigener Shop,K-16396,PayPal,KLEID-PR-M-SCH,Sommerkleid Print,M,Schwarz,1,Nicht mehr benoetigt,Gutschrift,79.9,kundenretoure
RT-2026-5369,2026-02-14,freigegeben,eingegangen,AB-2026-15003,Amazon,K-13634,Vorkasse,TEE-BAS-S-NAV,T-Shirt Basic,S,Navy,1,,Sonstiges,29.9,nicht_abgeholt
RT-2026-5370,2026-06-03,freigegeben,eingegangen,AB-2026-15005,Eigener Shop,K-19846,PayPal,SOCK-3P-XS-WEI,Sneaker Socken 3er-Pack,XS,Weiss,1,Nicht mehr benoetigt,Gutschrift,19.9,kundenretoure
RT-2026-5371,2026-06-01,freigegeben,eingegangen,AB-2026-15006,Eigener Shop,K-12880,Kreditkarte,TEE-BAS-L-SCH,T-Shirt Basic,L,Schwarz,1,Zu spaet geliefert,Gutschrift,29.9,kundenretoure
RT-2026-5372,2026-03-24,freigegeben,eingegangen,AB-2026-15007,Zalando,K-18115,PayPal,HOOD-ZP-M-SCH,Zip-Hoodie Heavy,M,Schwarz,1,Zu spaet geliefert,Gutschrift,89.9,kundenretoure
RT-2026-5373,2026-04-13,freigegeben,eingegangen,AB-2026-15007,Zalando,K-18115,PayPal,JOG-CL-S-OLI,Jogger Classic,S,Oliv,1,Zu gross,Gutschrift,64.9,kundenretoure
RT-2026-5374,2026-04-02,freigegeben,eingegangen,AB-2026-15009,Eigener Shop,K-14203,PayPal,KLEID-PR-S-SCH,Sommerkleid Print,S,Schwarz,1,Zu gross,Gutschrift,79.9,kundenretoure
RT-2026-5375,2026-02-09,freigegeben,eingegangen,AB-2026-15010,Eigener Shop,K-13781,Vorkasse,TEE-BAS-L-NAV,T-Shirt Basic,L,Navy,1,Zu klein,Gutschrift,29.9,kundenretoure
RT-2026-5376,2026-03-31,freigegeben,eingegangen,AB-2026-15010,Eigener Shop,K-13781,Vorkasse,KLEID-PR-S-NAV,Sommerkleid Print,S,Navy,1,Farbe weicht ab,Gutschrift,79.9,kundenretoure
RT-2026-5377,2026-06-22,freigegeben,eingegangen,AB-2026-15011,Eigener Shop,K-15554,Kreditkarte,KLEID-PR-L-OLI,Sommerkleid Print,L,Oliv,1,Zu gross,Gutschrift,79.9,kundenretoure
RT-2026-5378,2026-06-30,freigegeben,eingegangen,AB-2026-15016,Eigener Shop,K-19735,Rechnungskauf,HOOD-CL-XL-SCH,Hoodie Classic,XL,Schwarz,1,Zu klein,Gutschrift,69.9,kundenretoure
RT-2026-5379,2026-06-18,freigegeben,eingegangen,AB-2026-15022,Eigener Shop,K-10000,Vorkasse,JKT-RN-L-WEI,Regenjacke Tech,L,Weiss,1,Nicht mehr benoetigt,Gutschrift,119.9,kundenretoure
RT-2026-5380,2026-04-27,freigegeben,eingegangen,AB-2026-15025,Amazon,K-12401,Rechnungskauf,HOOD-ZP-XS-SCH,Zip-Hoodie Heavy,XS,Schwarz,1,Gefaellt nicht,Gutschrift,89.9,kundenretoure
RT-2026-5381,2026-03-15,freigegeben,eingegangen,AB-2026-15026,Zalando,K-16581,PayPal,TEE-OVS-XL-WEI,T-Shirt Oversized,XL,Weiss,1,,Gutschrift,34.9,kundenretoure
RT-2026-5382,2026-02-28,freigegeben,eingegangen,AB-2026-15038,Eigener Shop,K-14502,Vorkasse,JKT-RN-L-WEI,Regenjacke Tech,L,Weiss,1,Nicht mehr benoetigt,Gutschrift,119.9,kundenretoure
RT-2026-5383,2026-04-22,freigegeben,eingegangen,AB-2026-15042,Amazon,K-15873,Kreditkarte,JKT-RN-L-SCH,Regenjacke Tech,L,Schwarz,1,Gefaellt nicht,Gutschrift,119.9,kundenretoure
RT-2026-5384,2026-06-27,freigegeben,eingegangen,AB-2026-15051,Amazon,K-18662,Rechnungskauf,HOOD-CL-M-NAV,Hoodie Classic,M,Navy,1,Zu klein,Gutschrift,69.9,kundenretoure
RT-2026-5385,2026-03-07,freigegeben,eingegangen,AB-2026-15053,Eigener Shop,K-12351,Kreditkarte,TEE-OVS-XS-NAV,T-Shirt Oversized,XS,Navy,1,Zu gross,Gutschrift,34.9,kundenretoure
RT-2026-5386,2026-02-18,freigegeben,eingegangen,AB-2026-15055,Zalando,K-14285,Rechnungskauf,TEE-OVS-XL-NAV,T-Shirt Oversized,XL,Navy,1,,Sonstiges,34.9,nicht_abgeholt
RT-2026-5387,2026-05-09,freigegeben,eingegangen,AB-2026-15056,Amazon,K-10196,Kreditkarte,JKT-RN-L-WEI,Regenjacke Tech,L,Weiss,1,Gefaellt nicht,Gutschrift,119.9,kundenretoure
RT-2026-5388,2026-02-04,freigegeben,eingegangen,AB-2026-15057,Eigener Shop,K-15731,Rechnungskauf,HOOD-ZP-M-SCH,Zip-Hoodie Heavy,M,Schwarz,1,,Sonstiges,89.9,nicht_abgeholt
RT-2026-5389,2026-06-11,freigegeben,eingegangen,AB-2026-15059,Eigener Shop,K-15827,Vorkasse,HOOD-CL-M-OLI,Hoodie Classic,M,Oliv,1,Mangelhafte Qualitaet,Gutschrift,69.9,kundenretoure
RT-2026-5390,2026-03-25,freigegeben,eingegangen,AB-2026-15060,Eigener Shop,K-10590,Rechnungskauf,HOOD-ZP-M-SCH,Zip-Hoodie Heavy,M,Schwarz,1,Entspricht nicht dem Foto,Gutschrift,89.9,kundenretoure
RT-2026-5391,2026-06-11,freigegeben,eingegangen,AB-2026-15064,Amazon,K-12081,Rechnungskauf,SOCK-3P-S-WEI,Sneaker Socken 3er-Pack,S,Weiss,1,,Sonstiges,19.9,nicht_abgeholt
RT-2026-5391,2026-06-11,freigegeben,eingegangen,AB-2026-15064,Amazon,K-12081,Rechnungskauf,KLEID-PR-XL-OLI,Sommerkleid Print,XL,Oliv,1,,Sonstiges,79.9,nicht_abgeholt
RT-2026-5392,2026-02-06,freigegeben,eingegangen,AB-2026-15066,Eigener Shop,K-15996,Vorkasse,HOOD-ZP-XS-SCH,Zip-Hoodie Heavy,XS,Schwarz,1,Zu gross,Gutschrift,89.9,kundenretoure
RT-2026-5393,2026-04-13,freigegeben,eingegangen,AB-2026-15073,Amazon,K-18507,Vorkasse,JOG-CL-M-SCH,Jogger Classic,M,Schwarz,1,Zu klein,Gutschrift,64.9,kundenretoure
RT-2026-5394,2026-04-15,freigegeben,eingegangen,AB-2026-15076,Amazon,K-16723,PayPal,HOOD-CL-XL-OLI,Hoodie Classic,XL,Oliv,1,Zu klein,Gutschrift,69.9,kundenretoure
RT-2026-5395,2026-05-11,freigegeben,eingegangen,AB-2026-15078,Eigener Shop,K-12782,Rechnungskauf,HOOD-CL-L-SCH,Hoodie Classic,L,Schwarz,1,Zu klein,Gutschrift,69.9,kundenretoure
RT-2026-5396,2026-05-01,freigegeben,eingegangen,AB-2026-15091,Zalando,K-11222,Rechnungskauf,JOG-CL-XS-WEI,Jogger Classic,XS,Weiss,1,Entspricht nicht dem Foto,Gutschrift,64.9,kundenretoure
RT-2026-5397,2026-03-24,freigegeben,eingegangen,AB-2026-15091,Zalando,K-11222,Rechnungskauf,TEE-BAS-L-NAV,T-Shirt Basic,L,Navy,1,Zu gross,Gutschrift,29.9,kundenretoure
RT-2026-5398,2026-02-24,freigegeben,eingegangen,AB-2026-15091,Zalando,K-11222,Rechnungskauf,HOOD-ZP-M-WEI,Zip-Hoodie Heavy,M,Weiss,1,Zu klein,Gutschrift,89.9,kundenretoure
RT-2026-5399,2026-06-28,freigegeben,eingegangen,AB-2026-15093,Amazon,K-12638,PayPal,TEE-OVS-XL-OLI,T-Shirt Oversized,XL,Oliv,1,Gefaellt nicht,Gutschrift,34.9,kundenretoure
RT-2026-5400,2026-06-01,freigegeben,eingegangen,AB-2026-15093,Amazon,K-12638,PayPal,HOOD-CL-XS-WEI,Hoodie Classic,XS,Weiss,1,Zu klein,Gutschrift,69.9,kundenretoure
RT-2026-5401,2026-02-24,freigegeben,eingegangen,AB-2026-15094,Amazon,K-10546,Rechnungskauf,JOG-CL-L-SCH,Jogger Classic,L,Schwarz,1,Zu klein,Gutschrift,64.9,kundenretoure
RT-2026-5402,2026-04-17,freigegeben,eingegangen,AB-2026-15096,Amazon,K-18851,PayPal,TEE-OVS-S-OLI,T-Shirt Oversized,S,Oliv,1,Entspricht nicht dem Foto,Gutschrift,34.9,kundenretoure
RT-2026-5403,2026-01-17,freigegeben,eingegangen,AB-2026-15108,Eigener Shop,K-16323,Kreditkarte,HOOD-CL-XL-WEI,Hoodie Classic,XL,Weiss,1,Zu klein,Gutschrift,69.9,kundenretoure
RT-2026-5404,2026-06-17,freigegeben,eingegangen,AB-2026-15111,Eigener Shop,K-11578,Rechnungskauf,JKT-RN-L-SCH,Regenjacke Tech,L,Schwarz,1,Gefaellt nicht,Gutschrift,119.9,kundenretoure
RT-2026-5405,2026-01-19,freigegeben,eingegangen,AB-2026-15114,Eigener Shop,K-12027,Kreditkarte,KLEID-PR-S-WEI,Sommerkleid Print,S,Weiss,1,Farbe weicht ab,Gutschrift,79.9,kundenretoure
RT-2026-5406,2026-06-15,freigegeben,eingegangen,AB-2026-15116,Eigener Shop,K-12094,Rechnungskauf,JOG-CL-M-NAV,Jogger Classic,M,Navy,1,,Sonstiges,64.9,nicht_abgeholt
RT-2026-5406,2026-06-15,freigegeben,eingegangen,AB-2026-15116,Eigener Shop,K-12094,Rechnungskauf,SOCK-3P-XL-SCH,Sneaker Socken 3er-Pack,XL,Schwarz,1,,Sonstiges,19.9,nicht_abgeholt
RT-2026-5407,2026-04-27,freigegeben,eingegangen,AB-2026-15121,Amazon,K-11858,PayPal,HOOD-ZP-XS-SCH,Zip-Hoodie Heavy,XS,Schwarz,1,Gefaellt nicht,Gutschrift,89.9,kundenretoure
RT-2026-5408,2026-04-14,freigegeben,eingegangen,AB-2026-15123,Eigener Shop,K-11225,Kreditkarte,JKT-RN-XL-SCH,Regenjacke Tech,XL,Schwarz,1,Beschaedigt angekommen,Ersatzlieferung,119.9,kundenretoure
RT-2026-5409,2026-06-23,freigegeben,eingegangen,AB-2026-15125,Amazon,K-13962,Rechnungskauf,JOG-CL-M-OLI,Jogger Classic,M,Oliv,1,,Sonstiges,64.9,nicht_abgeholt
RT-2026-5409,2026-06-23,freigegeben,eingegangen,AB-2026-15125,Amazon,K-13962,Rechnungskauf,JOG-CL-XL-OLI,Jogger Classic,XL,Oliv,1,,Sonstiges,64.9,nicht_abgeholt
RT-2026-5409,2026-06-23,freigegeben,eingegangen,AB-2026-15125,Amazon,K-13962,Rechnungskauf,KLEID-PR-L-NAV,Sommerkleid Print,L,Navy,1,,Sonstiges,79.9,nicht_abgeholt
RT-2026-5409,2026-06-23,freigegeben,eingegangen,AB-2026-15125,Amazon,K-13962,Rechnungskauf,KLEID-PR-XS-NAV,Sommerkleid Print,XS,Navy,1,,Sonstiges,79.9,nicht_abgeholt
RT-2026-5410,2026-04-14,freigegeben,eingegangen,AB-2026-15128,Eigener Shop,K-15991,PayPal,KLEID-PR-XL-OLI,Sommerkleid Print,XL,Oliv,1,,Gutschrift,79.9,kundenretoure
RT-2026-5411,2026-06-19,freigegeben,eingegangen,AB-2026-15129,Eigener Shop,K-17883,Rechnungskauf,JOG-CL-XS-NAV,Jogger Classic,XS,Navy,1,Zu gross,Gutschrift,64.9,kundenretoure
RT-2026-5412,2026-01-23,freigegeben,eingegangen,AB-2026-15136,Eigener Shop,K-18232,Vorkasse,HOOD-CL-S-NAV,Hoodie Classic,S,Navy,1,,Gutschrift,69.9,kundenretoure
RT-2026-5413,2026-02-22,freigegeben,eingegangen,AB-2026-15140,Eigener Shop,K-12720,Rechnungskauf,HOOD-ZP-XS-WEI,Zip-Hoodie Heavy,XS,Weiss,1,Gefaellt nicht,Gutschrift,89.9,kundenretoure
RT-2026-5414,2026-02-11,freigegeben,eingegangen,AB-2026-15141,Amazon,K-11247,Kreditkarte,TEE-BAS-L-NAV,T-Shirt Basic,L,Navy,1,Zu klein,Gutschrift,29.9,kundenretoure
RT-2026-5415,2026-05-11,freigegeben,eingegangen,AB-2026-15145,Zalando,K-17688,Rechnungskauf,HOOD-ZP-M-WEI,Zip-Hoodie Heavy,M,Weiss,1,,Gutschrift,89.9,kundenretoure
RT-2026-5416,2026-03-13,freigegeben,eingegangen,AB-2026-15157,Eigener Shop,K-15667,Kreditkarte,JKT-RN-L-SCH,Regenjacke Tech,L,Schwarz,1,Zu klein,Gutschrift,119.9,kundenretoure
RT-2026-5417,2026-04-16,freigegeben,eingegangen,AB-2026-15160,Eigener Shop,K-19206,PayPal,HOOD-ZP-M-WEI,Zip-Hoodie Heavy,M,Weiss,1,Zu klein,Gutschrift,89.9,kundenretoure
RT-2026-5418,2026-06-03,freigegeben,eingegangen,AB-2026-15161,Eigener Shop,K-17693,PayPal,KLEID-PR-L-SCH,Sommerkleid Print,L,Schwarz,1,Entspricht nicht dem Foto,Gutschrift,79.9,kundenretoure
RT-2026-5419,2026-02-11,freigegeben,eingegangen,AB-2026-15166,Eigener Shop,K-16988,Rechnungskauf,JKT-RN-S-SCH,Regenjacke Tech,S,Schwarz,1,Zu gross,Gutschrift,119.9,kundenretoure
RT-2026-5420,2026-04-04,freigegeben,eingegangen,AB-2026-15168,Eigener Shop,K-10929,Kreditkarte,TEE-OVS-S-NAV,T-Shirt Oversized,S,Navy,1,Falscher Artikel,Ersatzlieferung,34.9,kundenretoure
RT-2026-5421,2026-05-10,freigegeben,eingegangen,AB-2026-15169,Eigener Shop,K-10266,Kreditkarte,JKT-RN-M-WEI,Regenjacke Tech,M,Weiss,1,Zu gross,Gutschrift,119.9,kundenretoure
RT-2026-5422,2026-03-13,freigegeben,eingegangen,AB-2026-15169,Eigener Shop,K-10266,Kreditkarte,JKT-RN-L-WEI,Regenjacke Tech,L,Weiss,1,,Gutschrift,119.9,kundenretoure
RT-2026-5423,2026-02-01,freigegeben,eingegangen,AB-2026-15175,Eigener Shop,K-16791,Kreditkarte,TEE-BAS-L-SCH,T-Shirt Basic,L,Schwarz,1,Gefaellt nicht,Gutschrift,29.9,kundenretoure
RT-2026-5424,2026-05-14,freigegeben,eingegangen,AB-2026-15182,Eigener Shop,K-10833,Rechnungskauf,TEE-BAS-XL-NAV,T-Shirt Basic,XL,Navy,1,Zu gross,Gutschrift,29.9,kundenretoure
RT-2026-5425,2026-07-03,freigegeben,eingegangen,AB-2026-15193,Eigener Shop,K-18518,Kreditkarte,HOOD-CL-XL-SCH,Hoodie Classic,XL,Schwarz,1,Zu klein,Gutschrift,69.9,kundenretoure
RT-2026-5426,2026-04-12,freigegeben,eingegangen,AB-2026-10217,Zalando,K-17799,PayPal,SOCK-3P-XS-OLI,Sneaker Socken 3er-Pack,XS,Oliv,1,Mangelhafte Qualitaet,Gutschrift,19.9,kundenretoure
RT-2026-5427,2026-04-17,freigegeben,eingegangen,AB-2026-10517,Amazon,K-16916,Kreditkarte,SOCK-3P-XL-OLI,Sneaker Socken 3er-Pack,XL,Oliv,1,Mangelhafte Qualitaet,Gutschrift,19.9,kundenretoure
RT-2026-5428,2026-04-15,freigegeben,eingegangen,AB-2026-12777,Amazon,K-14939,Rechnungskauf,SOCK-3P-L-WEI,Sneaker Socken 3er-Pack,L,Weiss,1,Mangelhafte Qualitaet,Gutschrift,19.9,kundenretoure
RT-2026-5429,2026-04-08,freigegeben,eingegangen,AB-2026-13738,Zalando,K-19302,PayPal,SOCK-3P-M-OLI,Sneaker Socken 3er-Pack,M,Oliv,1,Mangelhafte Qualitaet,Gutschrift,19.9,kundenretoure
RT-2026-5430,2026-04-30,freigegeben,eingegangen,AB-2026-11809,Eigener Shop,K-17875,Vorkasse,SOCK-3P-M-WEI,Sneaker Socken 3er-Pack,M,Weiss,1,Mangelhafte Qualitaet,Gutschrift,19.9,kundenretoure
RT-2026-5431,2026-04-18,freigegeben,eingegangen,AB-2026-10526,Eigener Shop,K-11677,Rechnungskauf,SOCK-3P-M-OLI,Sneaker Socken 3er-Pack,M,Oliv,1,Mangelhafte Qualitaet,Gutschrift,19.9,kundenretoure
RT-2026-5432,2026-04-06,freigegeben,eingegangen,AB-2026-11637,Eigener Shop,K-13990,PayPal,SOCK-3P-M-NAV,Sneaker Socken 3er-Pack,M,Navy,1,Mangelhafte Qualitaet,Gutschrift,19.9,kundenretoure
RT-2026-5433,2026-04-23,freigegeben,eingegangen,AB-2026-15131,Eigener Shop,K-19780,PayPal,SOCK-3P-XS-WEI,Sneaker Socken 3er-Pack,XS,Weiss,1,Mangelhafte Qualitaet,Gutschrift,19.9,kundenretoure
RT-2026-5434,2026-04-20,freigegeben,eingegangen,AB-2026-10861,Eigener Shop,K-19226,PayPal,SOCK-3P-XS-NAV,Sneaker Socken 3er-Pack,XS,Navy,1,Mangelhafte Qualitaet,Gutschrift,19.9,kundenretoure
RT-2026-5435,2026-04-14,freigegeben,eingegangen,AB-2026-10029,Zalando,K-12974,PayPal,SOCK-3P-L-SCH,Sneaker Socken 3er-Pack,L,Schwarz,1,Mangelhafte Qualitaet,Gutschrift,19.9,kundenretoure
RT-2026-5436,2026-04-05,freigegeben,eingegangen,AB-2026-13080,Eigener Shop,K-15035,Rechnungskauf,SOCK-3P-XS-SCH,Sneaker Socken 3er-Pack,XS,Schwarz,1,Mangelhafte Qualitaet,Gutschrift,19.9,kundenretoure
RT-2026-5437,2026-04-11,freigegeben,eingegangen,AB-2026-12038,Amazon,K-11304,Rechnungskauf,SOCK-3P-S-WEI,Sneaker Socken 3er-Pack,S,Weiss,1,Mangelhafte Qualitaet,Gutschrift,19.9,kundenretoure
RT-2026-5438,2026-04-26,freigegeben,eingegangen,AB-2026-14359,Eigener Shop,K-12092,Kreditkarte,SOCK-3P-S-SCH,Sneaker Socken 3er-Pack,S,Schwarz,1,Mangelhafte Qualitaet,Gutschrift,19.9,kundenretoure
RT-2026-5439,2026-04-16,freigegeben,eingegangen,AB-2026-12096,Eigener Shop,K-19497,Kreditkarte,SOCK-3P-S-SCH,Sneaker Socken 3er-Pack,S,Schwarz,1,Mangelhafte Qualitaet,Gutschrift,19.9,kundenretoure
RT-2026-5440,2026-04-15,freigegeben,eingegangen,AB-2026-11942,Eigener Shop,K-15158,PayPal,SOCK-3P-S-WEI,Sneaker Socken 3er-Pack,S,Weiss,1,Mangelhafte Qualitaet,Gutschrift,19.9,kundenretoure
RT-2026-5441,2026-04-08,freigegeben,eingegangen,AB-2026-10757,Eigener Shop,K-11451,Rechnungskauf,SOCK-3P-S-NAV,Sneaker Socken 3er-Pack,S,Navy,1,Mangelhafte Qualitaet,Gutschrift,19.9,kundenretoure
RT-2026-5442,2026-04-20,freigegeben,eingegangen,AB-2026-12553,Amazon,K-13705,Kreditkarte,SOCK-3P-XS-WEI,Sneaker Socken 3er-Pack,XS,Weiss,1,Mangelhafte Qualitaet,Gutschrift,19.9,kundenretoure
RT-2026-5443,2026-04-18,freigegeben,eingegangen,AB-2026-14861,Amazon,K-14036,Rechnungskauf,SOCK-3P-S-WEI,Sneaker Socken 3er-Pack,S,Weiss,1,Mangelhafte Qualitaet,Gutschrift,19.9,kundenretoure
RT-2026-5444,2026-04-11,freigegeben,eingegangen,AB-2026-10130,Zalando,K-10092,Vorkasse,SOCK-3P-M-WEI,Sneaker Socken 3er-Pack,M,Weiss,1,Mangelhafte Qualitaet,Gutschrift,19.9,kundenretoure
RT-2026-5445,2026-04-29,freigegeben,eingegangen,AB-2026-11001,Eigener Shop,K-16074,Rechnungskauf,SOCK-3P-S-SCH,Sneaker Socken 3er-Pack,S,Schwarz,1,Mangelhafte Qualitaet,Gutschrift,19.9,kundenretoure
RT-2026-5446,2026-04-28,freigegeben,eingegangen,AB-2026-10183,Eigener Shop,K-15857,Vorkasse,SOCK-3P-L-WEI,Sneaker Socken 3er-Pack,L,Weiss,1,Mangelhafte Qualitaet,Gutschrift,19.9,kundenretoure
RT-2026-5447,2026-04-09,freigegeben,eingegangen,AB-2026-14222,Amazon,K-19640,Kreditkarte,SOCK-3P-XS-NAV,Sneaker Socken 3er-Pack,XS,Navy,1,Mangelhafte Qualitaet,Gutschrift,19.9,kundenretoure
RT-2026-5448,2026-04-09,freigegeben,eingegangen,AB-2026-11115,Eigener Shop,K-17591,Vorkasse,SOCK-3P-XL-OLI,Sneaker Socken 3er-Pack,XL,Oliv,1,Mangelhafte Qualitaet,Gutschrift,19.9,kundenretoure
RT-2026-5449,2026-04-07,freigegeben,eingegangen,AB-2026-13643,Amazon,K-19519,PayPal,SOCK-3P-XL-WEI,Sneaker Socken 3er-Pack,XL,Weiss,1,Mangelhafte Qualitaet,Gutschrift,19.9,kundenretoure
RT-2026-5450,2026-04-04,freigegeben,eingegangen,AB-2026-11765,Eigener Shop,K-10897,Kreditkarte,SOCK-3P-XL-NAV,Sneaker Socken 3er-Pack,XL,Navy,1,Mangelhafte Qualitaet,Gutschrift,19.9,kundenretoure
RT-2026-5451,2026-04-01,freigegeben,eingegangen,AB-2026-13960,Amazon,K-12496,Rechnungskauf,SOCK-3P-S-NAV,Sneaker Socken 3er-Pack,S,Navy,1,Mangelhafte Qualitaet,Gutschrift,19.9,kundenretoure
RT-2026-5452,2026-04-23,freigegeben,eingegangen,AB-2026-13597,Eigener Shop,K-19203,Vorkasse,SOCK-3P-M-WEI,Sneaker Socken 3er-Pack,M,Weiss,1,Mangelhafte Qualitaet,Gutschrift,19.9,kundenretoure
RT-2026-5453,2026-04-01,freigegeben,eingegangen,AB-2026-14327,Amazon,K-19879,Rechnungskauf,SOCK-3P-XL-WEI,Sneaker Socken 3er-Pack,XL,Weiss,1,Mangelhafte Qualitaet,Gutschrift,19.9,kundenretoure
