sales_order_number,order_date,channel,customer_number,payment_method,product_number,product_name,variant_size,variant_color,quantity,unit_price,net_revenue,unit_cost
AB-2026-10000,2026-06-23,Eigener Shop,K-18527,Rechnungskauf,TEE-OVS-XS-NAV,T-Shirt Oversized,XS,Navy,1,34.9,34.9,9.0
AB-2026-10001,2026-03-10,Eigener Shop,K-15332,Vorkasse,SOCK-3P-XL-SCH,Sneaker Socken 3er-Pack,XL,Schwarz,1,19.9,19.9,4.8
AB-2026-10002,2026-01-19,Eigener Shop,K-16790,Rechnungskauf,TEE-BAS-XL-NAV,T-Shirt Basic,XL,Navy,1,29.9,29.9,7.5
AB-2026-10003,2026-06-13,Eigener Shop,K-13814,Kreditkarte,HOOD-ZP-L-SCH,Zip-Hoodie Heavy,L,Schwarz,1,89.9,89.9,28.0
AB-2026-10004,2026-01-02,Eigener Shop,K-17860,PayPal,JKT-RN-XS-SCH,Regenjacke Tech,XS,Schwarz,1,119.9,119.9,84.0
AB-2026-10004,2026-01-02,Eigener Shop,K-17860,PayPal,HOOD-ZP-L-SCH,Zip-Hoodie Heavy,L,Schwarz,1,89.9,89.9,28.0
AB-2026-10005,2026-03-19,Eigener Shop,K-10742,Rechnungskauf,TEE-BAS-XL-OLI,T-Shirt Basic,XL,Oliv,1,29.9,29.9,7.5
AB-2026-10005,2026-03-19,Eigener Shop,K-10742,Rechnungskauf,TEE-BAS-S-SCH,T-Shirt Basic,S,Schwarz,1,29.9,29.9,7.5
AB-2026-10005,2026-03-19,Eigener Shop,K-10742,Rechnungskauf,TEE-BAS-XS-NAV,T-Shirt Basic,XS,Navy,1,29.9,29.9,7.5
AB-2026-10006,2026-01-29,Amazon,K-17695,Vorkasse,TEE-OVS-L-SCH,T-Shirt Oversized,L,Schwarz,1,34.9,34.9,9.0
AB-2026-10007,2026-06-13,Eigener Shop,K-19331,PayPal,HOOD-ZP-M-SCH,Zip-Hoodie Heavy,M,Schwarz,1,89.9,89.9,28.0
AB-2026-10008,2026-02-20,Eigener Shop,K-17634,Kreditkarte,HOOD-ZP-XL-WEI,Zip-Hoodie Heavy,XL,Weiss,1,89.9,89.9,28.0
AB-2026-10009,2026-04-20,Eigener Shop,K-11023,Vorkasse,HOOD-ZP-M-SCH,Zip-Hoodie Heavy,M,Schwarz,1,89.9,89.9,28.0
AB-2026-10010,2026-06-25,Amazon,K-16052,Rechnungskauf,TEE-OVS-L-OLI,T-Shirt Oversized,L,Oliv,1,34.9,34.9,9.0
AB-2026-10011,2026-01-24,Amazon,K-16014,PayPal,HOOD-CL-L-WEI,Hoodie Classic,L,Weiss,1,69.9,69.9,21.0
AB-2026-10012,2026-05-31,Eigener Shop,K-12294,PayPal,HOOD-ZP-S-SCH,Zip-Hoodie Heavy,S,Schwarz,1,89.9,89.9,28.0
AB-2026-10012,2026-05-31,Eigener Shop,K-12294,PayPal,HOOD-ZP-S-WEI,Zip-Hoodie Heavy,S,Weiss,1,89.9,89.9,28.0
AB-2026-10013,2026-05-29,Eigener Shop,K-11692,Kreditkarte,HOOD-ZP-M-WEI,Zip-Hoodie Heavy,M,Weiss,1,89.9,89.9,28.0
AB-2026-10014,2026-04-23,Eigener Shop,K-13118,PayPal,JKT-RN-XS-WEI,Regenjacke Tech,XS,Weiss,1,119.9,119.9,84.0
AB-2026-10015,2026-06-12,Eigener Shop,K-18751,Rechnungskauf,HOOD-ZP-L-WEI,Zip-Hoodie Heavy,L,Weiss,1,89.9,89.9,28.0
AB-2026-10015,2026-06-12,Eigener Shop,K-18751,Rechnungskauf,TEE-OVS-S-SCH,T-Shirt Oversized,S,Schwarz,1,34.9,34.9,9.0
AB-2026-10016,2026-05-05,Zalando,K-18528,PayPal,HOOD-CL-XS-OLI,Hoodie Classic,XS,Oliv,1,69.9,69.9,21.0
AB-2026-10016,2026-05-05,Zalando,K-18528,PayPal,HOOD-CL-M-OLI,Hoodie Classic,M,Oliv,1,69.9,69.9,21.0
AB-2026-10017,2026-03-27,Eigener Shop,K-12953,Kreditkarte,HOOD-CL-XL-SCH,Hoodie Classic,XL,Schwarz,1,69.9,69.9,21.0
AB-2026-10018,2026-01-24,Zalando,K-18057,PayPal,CAP-LG-XS-SCH,Cap Logo,XS,Schwarz,1,24.9,24.9,6.0
AB-2026-10019,2026-06-13,Amazon,K-15767,Rechnungskauf,JOG-CL-XS-WEI,Jogger Classic,XS,Weiss,1,64.9,64.9,19.5
AB-2026-10020,2026-05-28,Eigener Shop,K-10294,Rechnungskauf,JOG-CL-XL-WEI,Jogger Classic,XL,Weiss,1,64.9,64.9,19.5
AB-2026-10021,2026-06-12,Zalando,K-18759,Rechnungskauf,TEE-BAS-S-OLI,T-Shirt Basic,S,Oliv,1,29.9,29.9,7.5
AB-2026-10022,2026-05-15,Eigener Shop,K-19980,Rechnungskauf,HOOD-ZP-XS-SCH,Zip-Hoodie Heavy,XS,Schwarz,1,89.9,89.9,28.0
AB-2026-10022,2026-05-15,Eigener Shop,K-19980,Rechnungskauf,KLEID-PR-L-NAV,Sommerkleid Print,L,Navy,1,79.9,79.9,24.0
AB-2026-10023,2026-05-18,Eigener Shop,K-16637,PayPal,TEE-BAS-XL-NAV,T-Shirt Basic,XL,Navy,1,29.9,29.9,7.5
AB-2026-10024,2026-03-13,Eigener Shop,K-17378,Vorkasse,HOOD-ZP-S-WEI,Zip-Hoodie Heavy,S,Weiss,1,89.9,89.9,28.0
AB-2026-10025,2026-06-02,Amazon,K-11564,Kreditkarte,JKT-RN-XL-SCH,Regenjacke Tech,XL,Schwarz,1,119.9,119.9,84.0
AB-2026-10025,2026-06-02,Amazon,K-11564,Kreditkarte,TEE-OVS-XS-OLI,T-Shirt Oversized,XS,Oliv,1,34.9,34.9,9.0
AB-2026-10026,2026-02-02,Eigener Shop,K-15384,PayPal,JKT-RN-XS-WEI,Regenjacke Tech,XS,Weiss,1,119.9,119.9,84.0
AB-2026-10027,2026-02-21,Eigener Shop,K-13104,Rechnungskauf,CAP-LG-XL-NAV,Cap Logo,XL,Navy,1,24.9,24.9,6.0
AB-2026-10028,2026-06-13,Eigener Shop,K-16611,PayPal,CAP-LG-M-NAV,Cap Logo,M,Navy,1,24.9,24.9,6.0
AB-2026-10028,2026-06-13,Eigener Shop,K-16611,PayPal,HOOD-ZP-S-WEI,Zip-Hoodie Heavy,S,Weiss,1,89.9,89.9,28.0
AB-2026-10029,2026-04-07,Zalando,K-12974,PayPal,SOCK-3P-L-SCH,Sneaker Socken 3er-Pack,L,Schwarz,1,19.9,19.9,4.8
AB-2026-10030,2026-01-09,Eigener Shop,K-19513,Vorkasse,CAP-LG-M-NAV,Cap Logo,M,Navy,1,24.9,24.9,6.0
AB-2026-10031,2026-06-28,Amazon,K-13998,Kreditkarte,JOG-CL-XL-OLI,Jogger Classic,XL,Oliv,1,64.9,64.9,19.5
AB-2026-10032,2026-03-13,Eigener Shop,K-15086,Rechnungskauf,CAP-LG-S-WEI,Cap Logo,S,Weiss,1,24.9,24.9,6.0
AB-2026-10033,2026-04-24,Eigener Shop,K-14510,PayPal,KLEID-PR-M-SCH,Sommerkleid Print,M,Schwarz,1,79.9,79.9,24.0
AB-2026-10033,2026-04-24,Eigener Shop,K-14510,PayPal,TEE-OVS-XS-NAV,T-Shirt Oversized,XS,Navy,1,34.9,34.9,9.0
AB-2026-10034,2026-04-23,Eigener Shop,K-17526,Rechnungskauf,JKT-RN-L-WEI,Regenjacke Tech,L,Weiss,1,119.9,119.9,84.0
AB-2026-10035,2026-04-27,Eigener Shop,K-19786,Rechnungskauf,TEE-BAS-XL-OLI,T-Shirt Basic,XL,Oliv,1,29.9,29.9,7.5
AB-2026-10035,2026-04-27,Eigener Shop,K-19786,Rechnungskauf,HOOD-ZP-XS-SCH,Zip-Hoodie Heavy,XS,Schwarz,1,89.9,89.9,28.0
AB-2026-10036,2026-05-15,Eigener Shop,K-12351,PayPal,JKT-RN-S-SCH,Regenjacke Tech,S,Schwarz,1,119.9,119.9,84.0
AB-2026-10036,2026-05-15,Eigener Shop,K-12351,PayPal,TEE-BAS-XS-OLI,T-Shirt Basic,XS,Oliv,1,29.9,29.9,7.5
AB-2026-10037,2026-03-26,Zalando,K-19722,Kreditkarte,HOOD-ZP-L-SCH,Zip-Hoodie Heavy,L,Schwarz,1,89.9,89.9,28.0
AB-2026-10037,2026-03-26,Zalando,K-19722,Kreditkarte,TEE-BAS-XL-WEI,T-Shirt Basic,XL,Weiss,1,29.9,29.9,7.5
AB-2026-10037,2026-03-26,Zalando,K-19722,Kreditkarte,TEE-BAS-L-SCH,T-Shirt Basic,L,Schwarz,1,29.9,29.9,7.5
AB-2026-10038,2026-04-25,Amazon,K-10433,PayPal,SOCK-3P-M-NAV,Sneaker Socken 3er-Pack,M,Navy,1,19.9,19.9,4.8
AB-2026-10038,2026-04-25,Amazon,K-10433,PayPal,HOOD-CL-S-NAV,Hoodie Classic,S,Navy,1,69.9,69.9,21.0
AB-2026-10039,2026-04-28,Eigener Shop,K-13095,Vorkasse,TEE-BAS-M-OLI,T-Shirt Basic,M,Oliv,1,29.9,29.9,7.5
AB-2026-10039,2026-04-28,Eigener Shop,K-13095,Vorkasse,JKT-RN-XL-SCH,Regenjacke Tech,XL,Schwarz,1,119.9,119.9,84.0
AB-2026-10040,2026-04-12,Amazon,K-15874,Rechnungskauf,JOG-CL-L-OLI,Jogger Classic,L,Oliv,1,64.9,64.9,19.5
AB-2026-10040,2026-04-12,Amazon,K-15874,Rechnungskauf,JKT-RN-M-SCH,Regenjacke Tech,M,Schwarz,1,119.9,119.9,84.0
AB-2026-10041,2026-02-05,Amazon,K-13225,PayPal,HOOD-ZP-XL-SCH,Zip-Hoodie Heavy,XL,Schwarz,1,89.9,89.9,28.0
AB-2026-10042,2026-01-04,Amazon,K-11813,Rechnungskauf,JKT-RN-XS-WEI,Regenjacke Tech,XS,Weiss,1,119.9,119.9,84.0
AB-2026-10042,2026-01-04,Amazon,K-11813,Rechnungskauf,HOOD-CL-XS-WEI,Hoodie Classic,XS,Weiss,1,69.9,69.9,21.0
AB-2026-10043,2026-03-20,Eigener Shop,K-16101,Kreditkarte,HOOD-CL-L-OLI,Hoodie Classic,L,Oliv,1,69.9,69.9,21.0
AB-2026-10044,2026-04-16,Eigener Shop,K-12347,PayPal,HOOD-ZP-S-WEI,Zip-Hoodie Heavy,S,Weiss,1,89.9,89.9,28.0
AB-2026-10044,2026-04-16,Eigener Shop,K-12347,PayPal,JOG-CL-S-WEI,Jogger Classic,S,Weiss,1,64.9,64.9,19.5
AB-2026-10045,2026-05-02,Eigener Shop,K-14231,PayPal,HOOD-ZP-S-WEI,Zip-Hoodie Heavy,S,Weiss,1,89.9,89.9,28.0
AB-2026-10046,2026-03-24,Eigener Shop,K-16102,PayPal,SOCK-3P-S-NAV,Sneaker Socken 3er-Pack,S,Navy,1,19.9,19.9,4.8
AB-2026-10047,2026-03-28,Eigener Shop,K-13795,Rechnungskauf,KLEID-PR-XL-OLI,Sommerkleid Print,XL,Oliv,1,79.9,79.9,24.0
AB-2026-10048,2026-03-24,Eigener Shop,K-10673,Kreditkarte,TEE-BAS-M-NAV,T-Shirt Basic,M,Navy,1,29.9,29.9,7.5
AB-2026-10049,2026-02-12,Zalando,K-15758,Rechnungskauf,HOOD-ZP-XL-SCH,Zip-Hoodie Heavy,XL,Schwarz,1,89.9,89.9,28.0
AB-2026-10050,2026-03-30,Eigener Shop,K-12200,Vorkasse,SOCK-3P-XL-NAV,Sneaker Socken 3er-Pack,XL,Navy,1,19.9,19.9,4.8
AB-2026-10051,2026-01-22,Eigener Shop,K-18893,PayPal,HOOD-ZP-S-SCH,Zip-Hoodie Heavy,S,Schwarz,1,89.9,89.9,28.0
AB-2026-10052,2026-06-21,Amazon,K-18393,Rechnungskauf,SOCK-3P-L-WEI,Sneaker Socken 3er-Pack,L,Weiss,1,19.9,19.9,4.8
AB-2026-10053,2026-02-15,Eigener Shop,K-12566,Kreditkarte,HOOD-ZP-L-WEI,Zip-Hoodie Heavy,L,Weiss,1,89.9,89.9,28.0
AB-2026-10054,2026-06-16,Eigener Shop,K-15036,PayPal,HOOD-ZP-M-SCH,Zip-Hoodie Heavy,M,Schwarz,1,89.9,89.9,28.0
AB-2026-10054,2026-06-16,Eigener Shop,K-15036,PayPal,KLEID-PR-L-NAV,Sommerkleid Print,L,Navy,1,79.9,79.9,24.0
AB-2026-10055,2026-06-01,Amazon,K-13633,PayPal,HOOD-ZP-S-SCH,Zip-Hoodie Heavy,S,Schwarz,1,89.9,89.9,28.0
AB-2026-10056,2026-02-02,Eigener Shop,K-12399,PayPal,HOOD-ZP-S-WEI,Zip-Hoodie Heavy,S,Weiss,1,89.9,89.9,28.0
AB-2026-10057,2026-04-22,Zalando,K-13231,PayPal,JKT-RN-XS-SCH,Regenjacke Tech,XS,Schwarz,1,119.9,119.9,84.0
AB-2026-10057,2026-04-22,Zalando,K-13231,PayPal,HOOD-CL-M-WEI,Hoodie Classic,M,Weiss,1,69.9,69.9,21.0
AB-2026-10057,2026-04-22,Zalando,K-13231,PayPal,JOG-CL-XS-NAV,Jogger Classic,XS,Navy,1,64.9,64.9,19.5
AB-2026-10058,2026-01-31,Eigener Shop,K-14669,Kreditkarte,SOCK-3P-L-SCH,Sneaker Socken 3er-Pack,L,Schwarz,1,19.9,19.9,4.8
AB-2026-10059,2026-06-18,Eigener Shop,K-13690,PayPal,SOCK-3P-L-OLI,Sneaker Socken 3er-Pack,L,Oliv,1,19.9,19.9,4.8
AB-2026-10059,2026-06-18,Eigener Shop,K-13690,PayPal,SOCK-3P-XL-OLI,Sneaker Socken 3er-Pack,XL,Oliv,1,19.9,19.9,4.8
AB-2026-10060,2026-04-27,Eigener Shop,K-17379,Vorkasse,JOG-CL-S-NAV,Jogger Classic,S,Navy,1,64.9,64.9,19.5
AB-2026-10061,2026-02-18,Amazon,K-14102,Kreditkarte,KLEID-PR-L-OLI,Sommerkleid Print,L,Oliv,1,79.9,79.9,24.0
AB-2026-10061,2026-02-18,Amazon,K-14102,Kreditkarte,JOG-CL-L-NAV,Jogger Classic,L,Navy,1,64.9,64.9,19.5
AB-2026-10062,2026-01-31,Eigener Shop,K-19648,PayPal,HOOD-CL-XS-OLI,Hoodie Classic,XS,Oliv,1,69.9,69.9,21.0
AB-2026-10063,2026-03-11,Eigener Shop,K-17695,PayPal,HOOD-ZP-M-SCH,Zip-Hoodie Heavy,M,Schwarz,1,89.9,89.9,28.0
AB-2026-10064,2026-05-02,Eigener Shop,K-18254,Rechnungskauf,KLEID-PR-L-OLI,Sommerkleid Print,L,Oliv,1,79.9,79.9,24.0
AB-2026-10065,2026-01-01,Eigener Shop,K-15890,Kreditkarte,HOOD-ZP-XS-SCH,Zip-Hoodie Heavy,XS,Schwarz,1,89.9,89.9,28.0
AB-2026-10066,2026-05-04,Eigener Shop,K-10123,PayPal,KLEID-PR-XS-NAV,Sommerkleid Print,XS,Navy,1,79.9,79.9,24.0
AB-2026-10066,2026-05-04,Eigener Shop,K-10123,PayPal,JKT-RN-XL-SCH,Regenjacke Tech,XL,Schwarz,1,119.9,119.9,84.0
AB-2026-10067,2026-06-15,Amazon,K-13054,Rechnungskauf,JOG-CL-S-WEI,Jogger Classic,S,Weiss,1,64.9,64.9,19.5
AB-2026-10067,2026-06-15,Amazon,K-13054,Rechnungskauf,JKT-RN-L-WEI,Regenjacke Tech,L,Weiss,1,119.9,119.9,84.0
AB-2026-10068,2026-02-13,Zalando,K-14230,PayPal,SOCK-3P-S-NAV,Sneaker Socken 3er-Pack,S,Navy,1,19.9,19.9,4.8
AB-2026-10069,2026-03-24,Amazon,K-14745,PayPal,HOOD-ZP-L-WEI,Zip-Hoodie Heavy,L,Weiss,1,89.9,89.9,28.0
AB-2026-10069,2026-03-24,Amazon,K-14745,PayPal,JOG-CL-XS-OLI,Jogger Classic,XS,Oliv,1,64.9,64.9,19.5
AB-2026-10070,2026-05-15,Zalando,K-12430,PayPal,TEE-OVS-M-OLI,T-Shirt Oversized,M,Oliv,1,34.9,34.9,9.0
AB-2026-10070,2026-05-15,Zalando,K-12430,PayPal,JOG-CL-XS-SCH,Jogger Classic,XS,Schwarz,1,64.9,64.9,19.5
AB-2026-10070,2026-05-15,Zalando,K-12430,PayPal,TEE-BAS-S-OLI,T-Shirt Basic,S,Oliv,1,29.9,29.9,7.5
AB-2026-10071,2026-06-29,Amazon,K-16027,PayPal,SOCK-3P-M-WEI,Sneaker Socken 3er-Pack,M,Weiss,1,19.9,19.9,4.8
AB-2026-10071,2026-06-29,Amazon,K-16027,PayPal,SOCK-3P-M-NAV,Sneaker Socken 3er-Pack,M,Navy,1,19.9,19.9,4.8
AB-2026-10072,2026-03-01,Eigener Shop,K-16813,Vorkasse,JKT-RN-XS-SCH,Regenjacke Tech,XS,Schwarz,1,119.9,119.9,84.0
AB-2026-10073,2026-04-24,Eigener Shop,K-13562,Kreditkarte,CAP-LG-S-WEI,Cap Logo,S,Weiss,1,24.9,24.9,6.0
AB-2026-10073,2026-04-24,Eigener Shop,K-13562,Kreditkarte,KLEID-PR-L-NAV,Sommerkleid Print,L,Navy,1,79.9,79.9,24.0
AB-2026-10074,2026-03-10,Zalando,K-14044,Vorkasse,SOCK-3P-L-NAV,Sneaker Socken 3er-Pack,L,Navy,1,19.9,19.9,4.8
AB-2026-10074,2026-03-10,Zalando,K-14044,Vorkasse,TEE-OVS-L-WEI,T-Shirt Oversized,L,Weiss,1,34.9,34.9,9.0
AB-2026-10075,2026-02-15,Zalando,K-11917,Kreditkarte,TEE-OVS-L-SCH,T-Shirt Oversized,L,Schwarz,1,34.9,34.9,9.0
AB-2026-10076,2026-05-11,Eigener Shop,K-15724,Kreditkarte,JKT-RN-M-WEI,Regenjacke Tech,M,Weiss,1,119.9,119.9,84.0
AB-2026-10077,2026-05-03,Eigener Shop,K-18978,Rechnungskauf,HOOD-ZP-M-WEI,Zip-Hoodie Heavy,M,Weiss,1,89.9,89.9,28.0
AB-2026-10078,2026-02-27,Zalando,K-15013,PayPal,KLEID-PR-S-OLI,Sommerkleid Print,S,Oliv,1,79.9,79.9,24.0
AB-2026-10078,2026-02-27,Zalando,K-15013,PayPal,JOG-CL-XL-SCH,Jogger Classic,XL,Schwarz,1,64.9,64.9,19.5
AB-2026-10079,2026-04-25,Amazon,K-13990,PayPal,KLEID-PR-L-WEI,Sommerkleid Print,L,Weiss,1,79.9,79.9,24.0
AB-2026-10080,2026-04-20,Eigener Shop,K-12188,Kreditkarte,HOOD-ZP-XL-SCH,Zip-Hoodie Heavy,XL,Schwarz,1,89.9,89.9,28.0
AB-2026-10081,2026-01-12,Eigener Shop,K-19576,PayPal,KLEID-PR-S-OLI,Sommerkleid Print,S,Oliv,1,79.9,79.9,24.0
AB-2026-10082,2026-05-07,Eigener Shop,K-17804,PayPal,TEE-OVS-XS-WEI,T-Shirt Oversized,XS,Weiss,1,34.9,34.9,9.0
AB-2026-10082,2026-05-07,Eigener Shop,K-17804,PayPal,HOOD-CL-XS-WEI,Hoodie Classic,XS,Weiss,1,69.9,69.9,21.0
AB-2026-10082,2026-05-07,Eigener Shop,K-17804,PayPal,TEE-OVS-L-NAV,T-Shirt Oversized,L,Navy,1,34.9,34.9,9.0
AB-2026-10083,2026-01-08,Eigener Shop,K-17878,Kreditkarte,HOOD-ZP-M-SCH,Zip-Hoodie Heavy,M,Schwarz,1,89.9,89.9,28.0
AB-2026-10083,2026-01-08,Eigener Shop,K-17878,Kreditkarte,TEE-OVS-S-SCH,T-Shirt Oversized,S,Schwarz,1,34.9,34.9,9.0
AB-2026-10083,2026-01-08,Eigener Shop,K-17878,Kreditkarte,TEE-OVS-XS-NAV,T-Shirt Oversized,XS,Navy,1,34.9,34.9,9.0
AB-2026-10084,2026-03-13,Eigener Shop,K-13258,PayPal,HOOD-CL-S-NAV,Hoodie Classic,S,Navy,1,69.9,69.9,21.0
AB-2026-10084,2026-03-13,Eigener Shop,K-13258,PayPal,HOOD-CL-L-NAV,Hoodie Classic,L,Navy,1,69.9,69.9,21.0
AB-2026-10084,2026-03-13,Eigener Shop,K-13258,PayPal,JOG-CL-L-OLI,Jogger Classic,L,Oliv,1,64.9,64.9,19.5
AB-2026-10084,2026-03-13,Eigener Shop,K-13258,PayPal,JOG-CL-M-OLI,Jogger Classic,M,Oliv,1,64.9,64.9,19.5
AB-2026-10085,2026-02-27,Eigener Shop,K-15048,Rechnungskauf,SOCK-3P-XL-SCH,Sneaker Socken 3er-Pack,XL,Schwarz,1,19.9,19.9,4.8
AB-2026-10086,2026-04-04,Eigener Shop,K-18376,Rechnungskauf,SOCK-3P-L-OLI,Sneaker Socken 3er-Pack,L,Oliv,1,19.9,19.9,4.8
AB-2026-10087,2026-05-11,Eigener Shop,K-16453,Kreditkarte,TEE-BAS-S-NAV,T-Shirt Basic,S,Navy,1,29.9,29.9,7.5
AB-2026-10088,2026-05-27,Zalando,K-16614,Kreditkarte,HOOD-ZP-XS-SCH,Zip-Hoodie Heavy,XS,Schwarz,1,89.9,89.9,28.0
AB-2026-10089,2026-03-30,Eigener Shop,K-10937,Rechnungskauf,JKT-RN-XS-WEI,Regenjacke Tech,XS,Weiss,1,119.9,119.9,84.0
AB-2026-10090,2026-03-22,Eigener Shop,K-19339,Kreditkarte,CAP-LG-XS-OLI,Cap Logo,XS,Oliv,1,24.9,24.9,6.0
AB-2026-10090,2026-03-22,Eigener Shop,K-19339,Kreditkarte,HOOD-ZP-XS-WEI,Zip-Hoodie Heavy,XS,Weiss,1,89.9,89.9,28.0
AB-2026-10091,2026-04-21,Eigener Shop,K-10845,PayPal,HOOD-CL-S-OLI,Hoodie Classic,S,Oliv,1,69.9,69.9,21.0
AB-2026-10091,2026-04-21,Eigener Shop,K-10845,PayPal,HOOD-ZP-M-SCH,Zip-Hoodie Heavy,M,Schwarz,1,89.9,89.9,28.0
AB-2026-10092,2026-04-30,Eigener Shop,K-17045,Kreditkarte,JOG-CL-S-NAV,Jogger Classic,S,Navy,1,64.9,64.9,19.5
AB-2026-10093,2026-02-25,Eigener Shop,K-12064,Rechnungskauf,HOOD-ZP-L-SCH,Zip-Hoodie Heavy,L,Schwarz,1,89.9,89.9,28.0
AB-2026-10093,2026-02-25,Eigener Shop,K-12064,Rechnungskauf,TEE-BAS-M-SCH,T-Shirt Basic,M,Schwarz,1,29.9,29.9,7.5
AB-2026-10093,2026-02-25,Eigener Shop,K-12064,Rechnungskauf,SOCK-3P-XL-SCH,Sneaker Socken 3er-Pack,XL,Schwarz,1,19.9,19.9,4.8
AB-2026-10094,2026-02-06,Eigener Shop,K-15012,PayPal,KLEID-PR-S-WEI,Sommerkleid Print,S,Weiss,1,79.9,79.9,24.0
AB-2026-10095,2026-06-29,Zalando,K-17354,PayPal,HOOD-ZP-L-WEI,Zip-Hoodie Heavy,L,Weiss,1,89.9,89.9,28.0
AB-2026-10096,2026-04-30,Eigener Shop,K-11965,PayPal,JOG-CL-XS-WEI,Jogger Classic,XS,Weiss,1,64.9,64.9,19.5
AB-2026-10096,2026-04-30,Eigener Shop,K-11965,PayPal,TEE-BAS-XL-SCH,T-Shirt Basic,XL,Schwarz,1,29.9,29.9,7.5
AB-2026-10096,2026-04-30,Eigener Shop,K-11965,PayPal,HOOD-ZP-L-SCH,Zip-Hoodie Heavy,L,Schwarz,1,89.9,89.9,28.0
AB-2026-10097,2026-01-07,Eigener Shop,K-11321,PayPal,HOOD-ZP-S-WEI,Zip-Hoodie Heavy,S,Weiss,1,89.9,89.9,28.0
AB-2026-10097,2026-01-07,Eigener Shop,K-11321,PayPal,CAP-LG-S-WEI,Cap Logo,S,Weiss,1,24.9,24.9,6.0
AB-2026-10098,2026-03-05,Amazon,K-13659,PayPal,KLEID-PR-XS-OLI,Sommerkleid Print,XS,Oliv,1,79.9,79.9,24.0
AB-2026-10099,2026-03-05,Zalando,K-16597,PayPal,TEE-BAS-XL-WEI,T-Shirt Basic,XL,Weiss,1,29.9,29.9,7.5
AB-2026-10100,2026-04-17,Eigener Shop,K-10699,Kreditkarte,TEE-BAS-XL-WEI,T-Shirt Basic,XL,Weiss,1,29.9,29.9,7.5
AB-2026-10100,2026-04-17,Eigener Shop,K-10699,Kreditkarte,TEE-OVS-L-SCH,T-Shirt Oversized,L,Schwarz,1,34.9,34.9,9.0
AB-2026-10101,2026-06-11,Zalando,K-12609,PayPal,KLEID-PR-S-SCH,Sommerkleid Print,S,Schwarz,1,79.9,79.9,24.0
AB-2026-10102,2026-05-11,Eigener Shop,K-13762,Rechnungskauf,CAP-LG-XS-SCH,Cap Logo,XS,Schwarz,1,24.9,24.9,6.0
AB-2026-10102,2026-05-11,Eigener Shop,K-13762,Rechnungskauf,TEE-OVS-M-NAV,T-Shirt Oversized,M,Navy,1,34.9,34.9,9.0
AB-2026-10103,2026-05-18,Eigener Shop,K-14059,PayPal,HOOD-ZP-XS-WEI,Zip-Hoodie Heavy,XS,Weiss,1,89.9,89.9,28.0
AB-2026-10103,2026-05-18,Eigener Shop,K-14059,PayPal,HOOD-ZP-XS-WEI,Zip-Hoodie Heavy,XS,Weiss,1,89.9,89.9,28.0
AB-2026-10104,2026-04-22,Eigener Shop,K-17850,Rechnungskauf,CAP-LG-S-NAV,Cap Logo,S,Navy,1,24.9,24.9,6.0
AB-2026-10104,2026-04-22,Eigener Shop,K-17850,Rechnungskauf,HOOD-ZP-XS-WEI,Zip-Hoodie Heavy,XS,Weiss,1,89.9,89.9,28.0
AB-2026-10105,2026-05-24,Eigener Shop,K-14361,Rechnungskauf,TEE-BAS-S-WEI,T-Shirt Basic,S,Weiss,1,29.9,29.9,7.5
AB-2026-10105,2026-05-24,Eigener Shop,K-14361,Rechnungskauf,JOG-CL-L-WEI,Jogger Classic,L,Weiss,1,64.9,64.9,19.5
AB-2026-10105,2026-05-24,Eigener Shop,K-14361,Rechnungskauf,HOOD-ZP-L-SCH,Zip-Hoodie Heavy,L,Schwarz,1,89.9,89.9,28.0
AB-2026-10106,2026-04-29,Eigener Shop,K-18729,Rechnungskauf,CAP-LG-S-WEI,Cap Logo,S,Weiss,1,24.9,24.9,6.0
AB-2026-10106,2026-04-29,Eigener Shop,K-18729,Rechnungskauf,HOOD-ZP-XS-WEI,Zip-Hoodie Heavy,XS,Weiss,1,89.9,89.9,28.0
AB-2026-10107,2026-01-08,Eigener Shop,K-13176,PayPal,JOG-CL-S-NAV,Jogger Classic,S,Navy,1,64.9,64.9,19.5
AB-2026-10108,2026-05-22,Eigener Shop,K-12494,PayPal,HOOD-CL-XL-WEI,Hoodie Classic,XL,Weiss,1,69.9,69.9,21.0
AB-2026-10108,2026-05-22,Eigener Shop,K-12494,PayPal,TEE-BAS-M-WEI,T-Shirt Basic,M,Weiss,1,29.9,29.9,7.5
AB-2026-10108,2026-05-22,Eigener Shop,K-12494,PayPal,TEE-OVS-L-SCH,T-Shirt Oversized,L,Schwarz,1,34.9,34.9,9.0
AB-2026-10109,2026-01-07,Amazon,K-12326,Kreditkarte,HOOD-ZP-M-WEI,Zip-Hoodie Heavy,M,Weiss,1,89.9,89.9,28.0
AB-2026-10109,2026-01-07,Amazon,K-12326,Kreditkarte,SOCK-3P-L-NAV,Sneaker Socken 3er-Pack,L,Navy,1,19.9,19.9,4.8
AB-2026-10109,2026-01-07,Amazon,K-12326,Kreditkarte,KLEID-PR-S-NAV,Sommerkleid Print,S,Navy,1,79.9,79.9,24.0
AB-2026-10110,2026-03-08,Eigener Shop,K-13087,Rechnungskauf,TEE-BAS-M-WEI,T-Shirt Basic,M,Weiss,1,29.9,29.9,7.5
AB-2026-10111,2026-02-09,Eigener Shop,K-15648,Rechnungskauf,HOOD-CL-XS-WEI,Hoodie Classic,XS,Weiss,1,69.9,69.9,21.0
AB-2026-10112,2026-03-19,Eigener Shop,K-12858,Vorkasse,JKT-RN-S-SCH,Regenjacke Tech,S,Schwarz,1,119.9,119.9,84.0
AB-2026-10113,2026-03-03,Eigener Shop,K-16977,Vorkasse,JKT-RN-L-SCH,Regenjacke Tech,L,Schwarz,1,119.9,119.9,84.0
AB-2026-10113,2026-03-03,Eigener Shop,K-16977,Vorkasse,SOCK-3P-M-NAV,Sneaker Socken 3er-Pack,M,Navy,1,19.9,19.9,4.8
AB-2026-10114,2026-02-10,Eigener Shop,K-16082,Kreditkarte,HOOD-ZP-XL-WEI,Zip-Hoodie Heavy,XL,Weiss,1,89.9,89.9,28.0
AB-2026-10115,2026-06-02,Amazon,K-16589,Rechnungskauf,HOOD-ZP-XS-SCH,Zip-Hoodie Heavy,XS,Schwarz,1,89.9,89.9,28.0
AB-2026-10116,2026-02-15,Eigener Shop,K-16113,PayPal,HOOD-ZP-XS-WEI,Zip-Hoodie Heavy,XS,Weiss,1,89.9,89.9,28.0
AB-2026-10117,2026-06-01,Eigener Shop,K-16811,Vorkasse,SOCK-3P-XL-SCH,Sneaker Socken 3er-Pack,XL,Schwarz,1,19.9,19.9,4.8
AB-2026-10118,2026-03-04,Eigener Shop,K-12652,PayPal,JKT-RN-L-WEI,Regenjacke Tech,L,Weiss,1,119.9,119.9,84.0
AB-2026-10119,2026-05-27,Eigener Shop,K-19838,Kreditkarte,HOOD-CL-M-WEI,Hoodie Classic,M,Weiss,1,69.9,69.9,21.0
AB-2026-10120,2026-04-22,Amazon,K-17449,Vorkasse,CAP-LG-XL-WEI,Cap Logo,XL,Weiss,1,24.9,24.9,6.0
AB-2026-10120,2026-04-22,Amazon,K-17449,Vorkasse,TEE-OVS-L-NAV,T-Shirt Oversized,L,Navy,1,34.9,34.9,9.0
AB-2026-10121,2026-02-27,Eigener Shop,K-13447,Rechnungskauf,TEE-OVS-L-SCH,T-Shirt Oversized,L,Schwarz,1,34.9,34.9,9.0
AB-2026-10121,2026-02-27,Eigener Shop,K-13447,Rechnungskauf,TEE-OVS-XL-SCH,T-Shirt Oversized,XL,Schwarz,1,34.9,34.9,9.0
AB-2026-10122,2026-03-16,Eigener Shop,K-19801,PayPal,TEE-OVS-XS-NAV,T-Shirt Oversized,XS,Navy,1,34.9,34.9,9.0
AB-2026-10123,2026-06-13,Eigener Shop,K-10515,Kreditkarte,HOOD-ZP-XL-WEI,Zip-Hoodie Heavy,XL,Weiss,1,89.9,89.9,28.0
AB-2026-10124,2026-01-22,Zalando,K-16847,Kreditkarte,HOOD-ZP-XS-SCH,Zip-Hoodie Heavy,XS,Schwarz,1,89.9,89.9,28.0
AB-2026-10124,2026-01-22,Zalando,K-16847,Kreditkarte,HOOD-ZP-XL-SCH,Zip-Hoodie Heavy,XL,Schwarz,1,89.9,89.9,28.0
AB-2026-10124,2026-01-22,Zalando,K-16847,Kreditkarte,HOOD-ZP-L-WEI,Zip-Hoodie Heavy,L,Weiss,1,89.9,89.9,28.0
AB-2026-10125,2026-05-02,Eigener Shop,K-17613,Rechnungskauf,JKT-RN-M-WEI,Regenjacke Tech,M,Weiss,1,119.9,119.9,84.0
AB-2026-10125,2026-05-02,Eigener Shop,K-17613,Rechnungskauf,TEE-BAS-M-OLI,T-Shirt Basic,M,Oliv,1,29.9,29.9,7.5
AB-2026-10126,2026-05-13,Amazon,K-14935,Vorkasse,KLEID-PR-M-SCH,Sommerkleid Print,M,Schwarz,1,79.9,79.9,24.0
AB-2026-10127,2026-05-10,Eigener Shop,K-16043,PayPal,SOCK-3P-XS-NAV,Sneaker Socken 3er-Pack,XS,Navy,1,19.9,19.9,4.8
AB-2026-10128,2026-04-07,Eigener Shop,K-13979,PayPal,HOOD-ZP-XS-SCH,Zip-Hoodie Heavy,XS,Schwarz,1,89.9,89.9,28.0
AB-2026-10129,2026-04-14,Eigener Shop,K-12663,Kreditkarte,JOG-CL-M-OLI,Jogger Classic,M,Oliv,1,64.9,64.9,19.5
AB-2026-10130,2026-04-01,Zalando,K-10092,Vorkasse,SOCK-3P-M-WEI,Sneaker Socken 3er-Pack,M,Weiss,1,19.9,19.9,4.8
AB-2026-10130,2026-04-01,Zalando,K-10092,Vorkasse,HOOD-CL-M-OLI,Hoodie Classic,M,Oliv,1,69.9,69.9,21.0
AB-2026-10131,2026-03-29,Eigener Shop,K-18237,Rechnungskauf,HOOD-ZP-S-SCH,Zip-Hoodie Heavy,S,Schwarz,1,89.9,89.9,28.0
AB-2026-10131,2026-03-29,Eigener Shop,K-18237,Rechnungskauf,HOOD-ZP-S-SCH,Zip-Hoodie Heavy,S,Schwarz,1,89.9,89.9,28.0
AB-2026-10132,2026-04-22,Amazon,K-18622,Kreditkarte,TEE-BAS-XL-WEI,T-Shirt Basic,XL,Weiss,1,29.9,29.9,7.5
AB-2026-10132,2026-04-22,Amazon,K-18622,Kreditkarte,TEE-BAS-M-OLI,T-Shirt Basic,M,Oliv,1,29.9,29.9,7.5
AB-2026-10133,2026-02-17,Eigener Shop,K-13163,PayPal,TEE-BAS-M-OLI,T-Shirt Basic,M,Oliv,1,29.9,29.9,7.5
AB-2026-10133,2026-02-17,Eigener Shop,K-13163,PayPal,HOOD-ZP-M-SCH,Zip-Hoodie Heavy,M,Schwarz,1,89.9,89.9,28.0
AB-2026-10134,2026-04-19,Amazon,K-11152,Rechnungskauf,HOOD-ZP-XS-WEI,Zip-Hoodie Heavy,XS,Weiss,1,89.9,89.9,28.0
AB-2026-10135,2026-03-11,Zalando,K-11159,PayPal,CAP-LG-M-WEI,Cap Logo,M,Weiss,1,24.9,24.9,6.0
AB-2026-10136,2026-03-28,Eigener Shop,K-16124,Rechnungskauf,CAP-LG-M-SCH,Cap Logo,M,Schwarz,1,24.9,24.9,6.0
AB-2026-10137,2026-02-20,Eigener Shop,K-16143,Rechnungskauf,TEE-BAS-M-SCH,T-Shirt Basic,M,Schwarz,1,29.9,29.9,7.5
AB-2026-10137,2026-02-20,Eigener Shop,K-16143,Rechnungskauf,JKT-RN-L-SCH,Regenjacke Tech,L,Schwarz,1,119.9,119.9,84.0
AB-2026-10138,2026-02-04,Eigener Shop,K-12404,PayPal,KLEID-PR-L-WEI,Sommerkleid Print,L,Weiss,1,79.9,79.9,24.0
AB-2026-10139,2026-04-12,Eigener Shop,K-17612,Rechnungskauf,HOOD-ZP-XS-WEI,Zip-Hoodie Heavy,XS,Weiss,1,89.9,89.9,28.0
AB-2026-10140,2026-06-15,Eigener Shop,K-11761,PayPal,SOCK-3P-L-WEI,Sneaker Socken 3er-Pack,L,Weiss,1,19.9,19.9,4.8
AB-2026-10141,2026-03-17,Eigener Shop,K-10594,Rechnungskauf,KLEID-PR-XS-OLI,Sommerkleid Print,XS,Oliv,1,79.9,79.9,24.0
AB-2026-10141,2026-03-17,Eigener Shop,K-10594,Rechnungskauf,HOOD-ZP-XS-WEI,Zip-Hoodie Heavy,XS,Weiss,1,89.9,89.9,28.0
AB-2026-10142,2026-03-13,Amazon,K-10394,Kreditkarte,HOOD-ZP-M-WEI,Zip-Hoodie Heavy,M,Weiss,1,89.9,89.9,28.0
AB-2026-10143,2026-02-12,Eigener Shop,K-17357,Vorkasse,HOOD-ZP-XS-SCH,Zip-Hoodie Heavy,XS,Schwarz,1,89.9,89.9,28.0
AB-2026-10143,2026-02-12,Eigener Shop,K-17357,Vorkasse,TEE-BAS-XS-OLI,T-Shirt Basic,XS,Oliv,1,29.9,29.9,7.5
AB-2026-10143,2026-02-12,Eigener Shop,K-17357,Vorkasse,HOOD-ZP-XL-WEI,Zip-Hoodie Heavy,XL,Weiss,1,89.9,89.9,28.0
AB-2026-10144,2026-05-28,Eigener Shop,K-14535,Rechnungskauf,CAP-LG-S-SCH,Cap Logo,S,Schwarz,1,24.9,24.9,6.0
AB-2026-10145,2026-04-10,Amazon,K-17935,PayPal,HOOD-ZP-XL-SCH,Zip-Hoodie Heavy,XL,Schwarz,1,89.9,89.9,28.0
AB-2026-10145,2026-04-10,Amazon,K-17935,PayPal,HOOD-ZP-XS-SCH,Zip-Hoodie Heavy,XS,Schwarz,1,89.9,89.9,28.0
AB-2026-10146,2026-03-09,Eigener Shop,K-11692,Rechnungskauf,HOOD-ZP-M-SCH,Zip-Hoodie Heavy,M,Schwarz,1,89.9,89.9,28.0
AB-2026-10147,2026-03-02,Eigener Shop,K-17889,Rechnungskauf,HOOD-ZP-XL-WEI,Zip-Hoodie Heavy,XL,Weiss,1,89.9,89.9,28.0
AB-2026-10148,2026-01-25,Eigener Shop,K-15257,PayPal,CAP-LG-S-OLI,Cap Logo,S,Oliv,1,24.9,24.9,6.0
AB-2026-10148,2026-01-25,Eigener Shop,K-15257,PayPal,JKT-RN-XS-WEI,Regenjacke Tech,XS,Weiss,1,119.9,119.9,84.0
AB-2026-10149,2026-01-03,Amazon,K-14628,PayPal,TEE-BAS-M-SCH,T-Shirt Basic,M,Schwarz,1,29.9,29.9,7.5
AB-2026-10150,2026-04-07,Eigener Shop,K-19411,Rechnungskauf,TEE-OVS-XS-SCH,T-Shirt Oversized,XS,Schwarz,1,34.9,34.9,9.0
AB-2026-10151,2026-01-03,Eigener Shop,K-12078,Vorkasse,HOOD-ZP-XS-SCH,Zip-Hoodie Heavy,XS,Schwarz,1,89.9,89.9,28.0
AB-2026-10151,2026-01-03,Eigener Shop,K-12078,Vorkasse,HOOD-ZP-S-SCH,Zip-Hoodie Heavy,S,Schwarz,1,89.9,89.9,28.0
AB-2026-10152,2026-06-08,Amazon,K-18026,Rechnungskauf,JKT-RN-XL-WEI,Regenjacke Tech,XL,Weiss,1,119.9,119.9,84.0
AB-2026-10153,2026-02-23,Eigener Shop,K-11491,Rechnungskauf,HOOD-CL-L-NAV,Hoodie Classic,L,Navy,1,69.9,69.9,21.0
AB-2026-10154,2026-02-07,Eigener Shop,K-15451,PayPal,JKT-RN-XL-WEI,Regenjacke Tech,XL,Weiss,1,119.9,119.9,84.0
AB-2026-10154,2026-02-07,Eigener Shop,K-15451,PayPal,JOG-CL-L-WEI,Jogger Classic,L,Weiss,1,64.9,64.9,19.5
AB-2026-10155,2026-05-28,Amazon,K-12633,Rechnungskauf,JOG-CL-S-SCH,Jogger Classic,S,Schwarz,1,64.9,64.9,19.5
AB-2026-10155,2026-05-28,Amazon,K-12633,Rechnungskauf,TEE-BAS-S-SCH,T-Shirt Basic,S,Schwarz,1,29.9,29.9,7.5
AB-2026-10156,2026-01-17,Eigener Shop,K-15094,PayPal,JKT-RN-XS-WEI,Regenjacke Tech,XS,Weiss,1,119.9,119.9,84.0
AB-2026-10156,2026-01-17,Eigener Shop,K-15094,PayPal,JOG-CL-XL-OLI,Jogger Classic,XL,Oliv,1,64.9,64.9,19.5
AB-2026-10157,2026-03-06,Amazon,K-18820,Vorkasse,KLEID-PR-M-WEI,Sommerkleid Print,M,Weiss,1,79.9,79.9,24.0
AB-2026-10157,2026-03-06,Amazon,K-18820,Vorkasse,CAP-LG-L-OLI,Cap Logo,L,Oliv,1,24.9,24.9,6.0
AB-2026-10158,2026-04-01,Eigener Shop,K-15801,PayPal,TEE-BAS-L-SCH,T-Shirt Basic,L,Schwarz,1,29.9,29.9,7.5
AB-2026-10158,2026-04-01,Eigener Shop,K-15801,PayPal,KLEID-PR-XL-NAV,Sommerkleid Print,XL,Navy,1,79.9,79.9,24.0
AB-2026-10159,2026-05-16,Eigener Shop,K-15232,Rechnungskauf,HOOD-ZP-M-WEI,Zip-Hoodie Heavy,M,Weiss,1,89.9,89.9,28.0
AB-2026-10160,2026-02-23,Eigener Shop,K-17516,Kreditkarte,HOOD-CL-L-SCH,Hoodie Classic,L,Schwarz,1,69.9,69.9,21.0
AB-2026-10161,2026-03-08,Amazon,K-17755,Rechnungskauf,SOCK-3P-L-NAV,Sneaker Socken 3er-Pack,L,Navy,1,19.9,19.9,4.8
AB-2026-10162,2026-05-02,Eigener Shop,K-10498,Rechnungskauf,HOOD-ZP-M-SCH,Zip-Hoodie Heavy,M,Schwarz,1,89.9,89.9,28.0
AB-2026-10163,2026-03-31,Eigener Shop,K-17670,Rechnungskauf,JOG-CL-M-NAV,Jogger Classic,M,Navy,1,64.9,64.9,19.5
AB-2026-10164,2026-04-03,Eigener Shop,K-14457,Rechnungskauf,HOOD-ZP-M-WEI,Zip-Hoodie Heavy,M,Weiss,1,89.9,89.9,28.0
AB-2026-10164,2026-04-03,Eigener Shop,K-14457,Rechnungskauf,SOCK-3P-XS-SCH,Sneaker Socken 3er-Pack,XS,Schwarz,1,19.9,19.9,4.8
AB-2026-10165,2026-06-03,Zalando,K-16995,Kreditkarte,TEE-BAS-M-OLI,T-Shirt Basic,M,Oliv,1,29.9,29.9,7.5
AB-2026-10165,2026-06-03,Zalando,K-16995,Kreditkarte,KLEID-PR-L-OLI,Sommerkleid Print,L,Oliv,1,79.9,79.9,24.0
AB-2026-10166,2026-03-02,Eigener Shop,K-10250,Rechnungskauf,HOOD-CL-XS-SCH,Hoodie Classic,XS,Schwarz,1,69.9,69.9,21.0
AB-2026-10166,2026-03-02,Eigener Shop,K-10250,Rechnungskauf,HOOD-ZP-S-SCH,Zip-Hoodie Heavy,S,Schwarz,1,89.9,89.9,28.0
AB-2026-10167,2026-03-22,Eigener Shop,K-13606,Rechnungskauf,JKT-RN-M-SCH,Regenjacke Tech,M,Schwarz,1,119.9,119.9,84.0
AB-2026-10168,2026-01-24,Zalando,K-15804,Vorkasse,JOG-CL-M-SCH,Jogger Classic,M,Schwarz,1,64.9,64.9,19.5
AB-2026-10168,2026-01-24,Zalando,K-15804,Vorkasse,HOOD-ZP-XL-WEI,Zip-Hoodie Heavy,XL,Weiss,1,89.9,89.9,28.0
AB-2026-10169,2026-02-08,Eigener Shop,K-17728,PayPal,TEE-OVS-XL-WEI,T-Shirt Oversized,XL,Weiss,1,34.9,34.9,9.0
AB-2026-10170,2026-02-11,Eigener Shop,K-16440,Kreditkarte,TEE-OVS-S-OLI,T-Shirt Oversized,S,Oliv,1,34.9,34.9,9.0
AB-2026-10171,2026-01-16,Amazon,K-12642,PayPal,HOOD-ZP-M-SCH,Zip-Hoodie Heavy,M,Schwarz,1,89.9,89.9,28.0
AB-2026-10171,2026-01-16,Amazon,K-12642,PayPal,JKT-RN-XL-SCH,Regenjacke Tech,XL,Schwarz,1,119.9,119.9,84.0
AB-2026-10172,2026-04-19,Eigener Shop,K-12547,Rechnungskauf,JOG-CL-M-NAV,Jogger Classic,M,Navy,1,64.9,64.9,19.5
AB-2026-10172,2026-04-19,Eigener Shop,K-12547,Rechnungskauf,HOOD-CL-XS-SCH,Hoodie Classic,XS,Schwarz,1,69.9,69.9,21.0
AB-2026-10172,2026-04-19,Eigener Shop,K-12547,Rechnungskauf,HOOD-ZP-M-WEI,Zip-Hoodie Heavy,M,Weiss,1,89.9,89.9,28.0
AB-2026-10173,2026-03-04,Eigener Shop,K-14281,Vorkasse,TEE-OVS-XL-WEI,T-Shirt Oversized,XL,Weiss,1,34.9,34.9,9.0
AB-2026-10173,2026-03-04,Eigener Shop,K-14281,Vorkasse,CAP-LG-XL-OLI,Cap Logo,XL,Oliv,1,24.9,24.9,6.0
AB-2026-10174,2026-06-06,Eigener Shop,K-19306,PayPal,TEE-BAS-XL-NAV,T-Shirt Basic,XL,Navy,1,29.9,29.9,7.5
AB-2026-10175,2026-02-07,Eigener Shop,K-11206,Vorkasse,JKT-RN-XL-WEI,Regenjacke Tech,XL,Weiss,1,119.9,119.9,84.0
AB-2026-10176,2026-05-06,Amazon,K-15471,Rechnungskauf,TEE-OVS-L-SCH,T-Shirt Oversized,L,Schwarz,1,34.9,34.9,9.0
AB-2026-10177,2026-06-25,Eigener Shop,K-11910,Kreditkarte,HOOD-CL-M-WEI,Hoodie Classic,M,Weiss,1,69.9,69.9,21.0
AB-2026-10177,2026-06-25,Eigener Shop,K-11910,Kreditkarte,SOCK-3P-XS-NAV,Sneaker Socken 3er-Pack,XS,Navy,1,19.9,19.9,4.8
AB-2026-10178,2026-02-12,Zalando,K-15870,Rechnungskauf,JKT-RN-S-SCH,Regenjacke Tech,S,Schwarz,1,119.9,119.9,84.0
AB-2026-10179,2026-01-21,Zalando,K-18498,PayPal,CAP-LG-M-SCH,Cap Logo,M,Schwarz,1,24.9,24.9,6.0
AB-2026-10180,2026-04-12,Amazon,K-15386,Rechnungskauf,HOOD-CL-S-SCH,Hoodie Classic,S,Schwarz,1,69.9,69.9,21.0
AB-2026-10181,2026-05-06,Eigener Shop,K-10391,Vorkasse,TEE-BAS-M-NAV,T-Shirt Basic,M,Navy,1,29.9,29.9,7.5
AB-2026-10181,2026-05-06,Eigener Shop,K-10391,Vorkasse,TEE-BAS-S-WEI,T-Shirt Basic,S,Weiss,1,29.9,29.9,7.5
AB-2026-10182,2026-04-28,Eigener Shop,K-15149,PayPal,HOOD-ZP-S-WEI,Zip-Hoodie Heavy,S,Weiss,1,89.9,89.9,28.0
AB-2026-10182,2026-04-28,Eigener Shop,K-15149,PayPal,HOOD-ZP-XS-SCH,Zip-Hoodie Heavy,XS,Schwarz,1,89.9,89.9,28.0
AB-2026-10183,2026-04-13,Eigener Shop,K-15857,Vorkasse,SOCK-3P-L-WEI,Sneaker Socken 3er-Pack,L,Weiss,1,19.9,19.9,4.8
AB-2026-10183,2026-04-13,Eigener Shop,K-15857,Vorkasse,HOOD-ZP-S-SCH,Zip-Hoodie Heavy,S,Schwarz,1,89.9,89.9,28.0
AB-2026-10184,2026-01-05,Amazon,K-14719,Kreditkarte,SOCK-3P-S-SCH,Sneaker Socken 3er-Pack,S,Schwarz,1,19.9,19.9,4.8
AB-2026-10185,2026-04-29,Eigener Shop,K-11865,Rechnungskauf,HOOD-ZP-M-SCH,Zip-Hoodie Heavy,M,Schwarz,1,89.9,89.9,28.0
AB-2026-10186,2026-05-02,Eigener Shop,K-14240,Rechnungskauf,HOOD-ZP-L-SCH,Zip-Hoodie Heavy,L,Schwarz,1,89.9,89.9,28.0
AB-2026-10186,2026-05-02,Eigener Shop,K-14240,Rechnungskauf,HOOD-ZP-XS-WEI,Zip-Hoodie Heavy,XS,Weiss,1,89.9,89.9,28.0
AB-2026-10187,2026-02-09,Amazon,K-15599,Vorkasse,HOOD-ZP-L-SCH,Zip-Hoodie Heavy,L,Schwarz,1,89.9,89.9,28.0
AB-2026-10188,2026-04-11,Amazon,K-12124,PayPal,HOOD-ZP-XS-SCH,Zip-Hoodie Heavy,XS,Schwarz,1,89.9,89.9,28.0
AB-2026-10189,2026-06-19,Eigener Shop,K-18610,Kreditkarte,JKT-RN-S-SCH,Regenjacke Tech,S,Schwarz,1,119.9,119.9,84.0
AB-2026-10190,2026-04-30,Eigener Shop,K-10683,Rechnungskauf,SOCK-3P-XS-SCH,Sneaker Socken 3er-Pack,XS,Schwarz,1,19.9,19.9,4.8
AB-2026-10191,2026-02-12,Amazon,K-15952,Kreditkarte,SOCK-3P-S-NAV,Sneaker Socken 3er-Pack,S,Navy,1,19.9,19.9,4.8
AB-2026-10191,2026-02-12,Amazon,K-15952,Kreditkarte,SOCK-3P-L-NAV,Sneaker Socken 3er-Pack,L,Navy,1,19.9,19.9,4.8
AB-2026-10192,2026-03-22,Eigener Shop,K-11352,Vorkasse,TEE-BAS-L-SCH,T-Shirt Basic,L,Schwarz,1,29.9,29.9,7.5
AB-2026-10192,2026-03-22,Eigener Shop,K-11352,Vorkasse,HOOD-CL-S-NAV,Hoodie Classic,S,Navy,1,69.9,69.9,21.0
AB-2026-10193,2026-01-17,Eigener Shop,K-12103,Kreditkarte,HOOD-ZP-M-SCH,Zip-Hoodie Heavy,M,Schwarz,1,89.9,89.9,28.0
AB-2026-10193,2026-01-17,Eigener Shop,K-12103,Kreditkarte,JKT-RN-S-WEI,Regenjacke Tech,S,Weiss,1,119.9,119.9,84.0
AB-2026-10194,2026-03-05,Amazon,K-13229,PayPal,HOOD-ZP-S-WEI,Zip-Hoodie Heavy,S,Weiss,1,89.9,89.9,28.0
AB-2026-10195,2026-02-22,Amazon,K-11847,PayPal,HOOD-CL-S-WEI,Hoodie Classic,S,Weiss,1,69.9,69.9,21.0
AB-2026-10195,2026-02-22,Amazon,K-11847,PayPal,CAP-LG-XL-NAV,Cap Logo,XL,Navy,1,24.9,24.9,6.0
AB-2026-10196,2026-03-20,Eigener Shop,K-14775,Vorkasse,HOOD-ZP-L-SCH,Zip-Hoodie Heavy,L,Schwarz,1,89.9,89.9,28.0
AB-2026-10197,2026-04-30,Zalando,K-13800,PayPal,KLEID-PR-L-NAV,Sommerkleid Print,L,Navy,1,79.9,79.9,24.0
AB-2026-10197,2026-04-30,Zalando,K-13800,PayPal,CAP-LG-S-NAV,Cap Logo,S,Navy,1,24.9,24.9,6.0
AB-2026-10198,2026-01-22,Eigener Shop,K-11962,PayPal,HOOD-ZP-XS-WEI,Zip-Hoodie Heavy,XS,Weiss,1,89.9,89.9,28.0
AB-2026-10198,2026-01-22,Eigener Shop,K-11962,PayPal,TEE-OVS-S-NAV,T-Shirt Oversized,S,Navy,1,34.9,34.9,9.0
AB-2026-10199,2026-06-03,Zalando,K-16949,PayPal,TEE-BAS-L-OLI,T-Shirt Basic,L,Oliv,1,29.9,29.9,7.5
AB-2026-10200,2026-06-30,Eigener Shop,K-14460,PayPal,HOOD-ZP-L-SCH,Zip-Hoodie Heavy,L,Schwarz,1,89.9,89.9,28.0
AB-2026-10200,2026-06-30,Eigener Shop,K-14460,PayPal,TEE-BAS-M-WEI,T-Shirt Basic,M,Weiss,1,29.9,29.9,7.5
AB-2026-10201,2026-03-06,Amazon,K-16650,Rechnungskauf,HOOD-ZP-XS-SCH,Zip-Hoodie Heavy,XS,Schwarz,1,89.9,89.9,28.0
AB-2026-10201,2026-03-06,Amazon,K-16650,Rechnungskauf,KLEID-PR-M-NAV,Sommerkleid Print,M,Navy,1,79.9,79.9,24.0
AB-2026-10202,2026-01-01,Zalando,K-12128,PayPal,TEE-OVS-XS-WEI,T-Shirt Oversized,XS,Weiss,1,34.9,34.9,9.0
AB-2026-10203,2026-03-29,Amazon,K-10464,Rechnungskauf,TEE-BAS-M-SCH,T-Shirt Basic,M,Schwarz,1,29.9,29.9,7.5
AB-2026-10203,2026-03-29,Amazon,K-10464,Rechnungskauf,SOCK-3P-M-SCH,Sneaker Socken 3er-Pack,M,Schwarz,1,19.9,19.9,4.8
AB-2026-10204,2026-03-30,Eigener Shop,K-11344,PayPal,TEE-OVS-M-OLI,T-Shirt Oversized,M,Oliv,1,34.9,34.9,9.0
AB-2026-10204,2026-03-30,Eigener Shop,K-11344,PayPal,KLEID-PR-L-SCH,Sommerkleid Print,L,Schwarz,1,79.9,79.9,24.0
AB-2026-10205,2026-01-15,Eigener Shop,K-12100,PayPal,JKT-RN-M-WEI,Regenjacke Tech,M,Weiss,1,119.9,119.9,84.0
AB-2026-10206,2026-04-23,Eigener Shop,K-16081,PayPal,KLEID-PR-S-SCH,Sommerkleid Print,S,Schwarz,1,79.9,79.9,24.0
AB-2026-10206,2026-04-23,Eigener Shop,K-16081,PayPal,CAP-LG-S-NAV,Cap Logo,S,Navy,1,24.9,24.9,6.0
AB-2026-10207,2026-02-25,Eigener Shop,K-19692,Rechnungskauf,TEE-OVS-M-OLI,T-Shirt Oversized,M,Oliv,1,34.9,34.9,9.0
AB-2026-10207,2026-02-25,Eigener Shop,K-19692,Rechnungskauf,TEE-OVS-XL-OLI,T-Shirt Oversized,XL,Oliv,1,34.9,34.9,9.0
AB-2026-10208,2026-06-25,Eigener Shop,K-12769,PayPal,HOOD-ZP-XL-WEI,Zip-Hoodie Heavy,XL,Weiss,1,89.9,89.9,28.0
AB-2026-10209,2026-02-25,Eigener Shop,K-15066,PayPal,HOOD-ZP-S-WEI,Zip-Hoodie Heavy,S,Weiss,1,89.9,89.9,28.0
AB-2026-10210,2026-06-02,Eigener Shop,K-19238,Rechnungskauf,HOOD-ZP-S-WEI,Zip-Hoodie Heavy,S,Weiss,1,89.9,89.9,28.0
AB-2026-10211,2026-03-14,Eigener Shop,K-15335,Kreditkarte,CAP-LG-S-WEI,Cap Logo,S,Weiss,1,24.9,24.9,6.0
AB-2026-10212,2026-05-01,Eigener Shop,K-16519,Rechnungskauf,HOOD-ZP-S-SCH,Zip-Hoodie Heavy,S,Schwarz,1,89.9,89.9,28.0
AB-2026-10212,2026-05-01,Eigener Shop,K-16519,Rechnungskauf,SOCK-3P-XS-SCH,Sneaker Socken 3er-Pack,XS,Schwarz,1,19.9,19.9,4.8
AB-2026-10213,2026-05-01,Amazon,K-10935,Kreditkarte,TEE-OVS-XS-NAV,T-Shirt Oversized,XS,Navy,1,34.9,34.9,9.0
AB-2026-10213,2026-05-01,Amazon,K-10935,Kreditkarte,TEE-BAS-XS-SCH,T-Shirt Basic,XS,Schwarz,1,29.9,29.9,7.5
AB-2026-10214,2026-01-30,Eigener Shop,K-10054,Rechnungskauf,HOOD-ZP-S-SCH,Zip-Hoodie Heavy,S,Schwarz,1,89.9,89.9,28.0
AB-2026-10215,2026-06-26,Amazon,K-17072,Rechnungskauf,JOG-CL-XL-SCH,Jogger Classic,XL,Schwarz,1,64.9,64.9,19.5
AB-2026-10215,2026-06-26,Amazon,K-17072,Rechnungskauf,HOOD-ZP-L-WEI,Zip-Hoodie Heavy,L,Weiss,1,89.9,89.9,28.0
AB-2026-10216,2026-06-17,Eigener Shop,K-11849,Vorkasse,TEE-BAS-M-OLI,T-Shirt Basic,M,Oliv,1,29.9,29.9,7.5
AB-2026-10216,2026-06-17,Eigener Shop,K-11849,Vorkasse,KLEID-PR-S-NAV,Sommerkleid Print,S,Navy,1,79.9,79.9,24.0
AB-2026-10217,2026-03-13,Zalando,K-17799,PayPal,JKT-RN-XS-WEI,Regenjacke Tech,XS,Weiss,1,119.9,119.9,84.0
AB-2026-10217,2026-03-13,Zalando,K-17799,PayPal,SOCK-3P-XS-OLI,Sneaker Socken 3er-Pack,XS,Oliv,1,19.9,19.9,4.8
AB-2026-10217,2026-03-13,Zalando,K-17799,PayPal,JOG-CL-L-SCH,Jogger Classic,L,Schwarz,1,64.9,64.9,19.5
AB-2026-10218,2026-02-16,Amazon,K-19890,PayPal,JOG-CL-M-WEI,Jogger Classic,M,Weiss,1,64.9,64.9,19.5
AB-2026-10219,2026-01-07,Amazon,K-11370,Kreditkarte,HOOD-ZP-XL-WEI,Zip-Hoodie Heavy,XL,Weiss,1,89.9,89.9,28.0
AB-2026-10219,2026-01-07,Amazon,K-11370,Kreditkarte,TEE-BAS-XS-SCH,T-Shirt Basic,XS,Schwarz,1,29.9,29.9,7.5
AB-2026-10219,2026-01-07,Amazon,K-11370,Kreditkarte,HOOD-ZP-XS-WEI,Zip-Hoodie Heavy,XS,Weiss,1,89.9,89.9,28.0
AB-2026-10220,2026-01-27,Eigener Shop,K-14381,Rechnungskauf,HOOD-ZP-M-WEI,Zip-Hoodie Heavy,M,Weiss,1,89.9,89.9,28.0
AB-2026-10220,2026-01-27,Eigener Shop,K-14381,Rechnungskauf,HOOD-ZP-S-WEI,Zip-Hoodie Heavy,S,Weiss,1,89.9,89.9,28.0
AB-2026-10221,2026-05-18,Eigener Shop,K-17623,Kreditkarte,HOOD-CL-L-NAV,Hoodie Classic,L,Navy,1,69.9,69.9,21.0
AB-2026-10221,2026-05-18,Eigener Shop,K-17623,Kreditkarte,JOG-CL-XS-NAV,Jogger Classic,XS,Navy,1,64.9,64.9,19.5
AB-2026-10221,2026-05-18,Eigener Shop,K-17623,Kreditkarte,JKT-RN-M-SCH,Regenjacke Tech,M,Schwarz,1,119.9,119.9,84.0
AB-2026-10222,2026-06-16,Eigener Shop,K-13087,PayPal,HOOD-CL-M-OLI,Hoodie Classic,M,Oliv,1,69.9,69.9,21.0
AB-2026-10222,2026-06-16,Eigener Shop,K-13087,PayPal,TEE-OVS-XS-WEI,T-Shirt Oversized,XS,Weiss,1,34.9,34.9,9.0
AB-2026-10223,2026-06-28,Amazon,K-10275,Rechnungskauf,HOOD-CL-S-NAV,Hoodie Classic,S,Navy,1,69.9,69.9,21.0
AB-2026-10223,2026-06-28,Amazon,K-10275,Rechnungskauf,TEE-BAS-M-WEI,T-Shirt Basic,M,Weiss,1,29.9,29.9,7.5
AB-2026-10224,2026-02-12,Eigener Shop,K-18866,Vorkasse,SOCK-3P-M-SCH,Sneaker Socken 3er-Pack,M,Schwarz,1,19.9,19.9,4.8
AB-2026-10224,2026-02-12,Eigener Shop,K-18866,Vorkasse,SOCK-3P-S-SCH,Sneaker Socken 3er-Pack,S,Schwarz,1,19.9,19.9,4.8
AB-2026-10225,2026-06-16,Eigener Shop,K-11805,Vorkasse,HOOD-ZP-XL-SCH,Zip-Hoodie Heavy,XL,Schwarz,1,89.9,89.9,28.0
AB-2026-10225,2026-06-16,Eigener Shop,K-11805,Vorkasse,TEE-OVS-XS-WEI,T-Shirt Oversized,XS,Weiss,1,34.9,34.9,9.0
AB-2026-10225,2026-06-16,Eigener Shop,K-11805,Vorkasse,HOOD-ZP-XS-SCH,Zip-Hoodie Heavy,XS,Schwarz,1,89.9,89.9,28.0
AB-2026-10226,2026-05-17,Amazon,K-13578,Rechnungskauf,SOCK-3P-XL-WEI,Sneaker Socken 3er-Pack,XL,Weiss,1,19.9,19.9,4.8
AB-2026-10227,2026-06-05,Eigener Shop,K-13859,Kreditkarte,CAP-LG-XS-SCH,Cap Logo,XS,Schwarz,1,24.9,24.9,6.0
AB-2026-10227,2026-06-05,Eigener Shop,K-13859,Kreditkarte,TEE-BAS-M-OLI,T-Shirt Basic,M,Oliv,1,29.9,29.9,7.5
AB-2026-10228,2026-03-14,Amazon,K-10187,PayPal,KLEID-PR-XS-NAV,Sommerkleid Print,XS,Navy,1,79.9,79.9,24.0
AB-2026-10228,2026-03-14,Amazon,K-10187,PayPal,JOG-CL-S-WEI,Jogger Classic,S,Weiss,1,64.9,64.9,19.5
AB-2026-10229,2026-05-10,Eigener Shop,K-19042,Rechnungskauf,CAP-LG-S-NAV,Cap Logo,S,Navy,1,24.9,24.9,6.0
AB-2026-10230,2026-05-16,Eigener Shop,K-16545,Vorkasse,HOOD-CL-XL-WEI,Hoodie Classic,XL,Weiss,1,69.9,69.9,21.0
AB-2026-10231,2026-02-02,Amazon,K-12958,Rechnungskauf,HOOD-CL-XS-SCH,Hoodie Classic,XS,Schwarz,1,69.9,69.9,21.0
AB-2026-10232,2026-01-24,Eigener Shop,K-11283,Kreditkarte,JKT-RN-S-WEI,Regenjacke Tech,S,Weiss,1,119.9,119.9,84.0
AB-2026-10233,2026-05-26,Amazon,K-16713,Vorkasse,HOOD-ZP-XS-WEI,Zip-Hoodie Heavy,XS,Weiss,1,89.9,89.9,28.0
AB-2026-10233,2026-05-26,Amazon,K-16713,Vorkasse,HOOD-ZP-XL-SCH,Zip-Hoodie Heavy,XL,Schwarz,1,89.9,89.9,28.0
AB-2026-10233,2026-05-26,Amazon,K-16713,Vorkasse,CAP-LG-XS-OLI,Cap Logo,XS,Oliv,1,24.9,24.9,6.0
AB-2026-10234,2026-03-29,Eigener Shop,K-10816,Rechnungskauf,KLEID-PR-L-SCH,Sommerkleid Print,L,Schwarz,1,79.9,79.9,24.0
AB-2026-10234,2026-03-29,Eigener Shop,K-10816,Rechnungskauf,TEE-BAS-XL-SCH,T-Shirt Basic,XL,Schwarz,1,29.9,29.9,7.5
AB-2026-10235,2026-05-03,Eigener Shop,K-10114,Rechnungskauf,HOOD-ZP-S-SCH,Zip-Hoodie Heavy,S,Schwarz,1,89.9,89.9,28.0
AB-2026-10236,2026-04-25,Amazon,K-12067,Rechnungskauf,JOG-CL-XL-OLI,Jogger Classic,XL,Oliv,1,64.9,64.9,19.5
AB-2026-10237,2026-06-06,Amazon,K-18813,PayPal,TEE-BAS-XS-SCH,T-Shirt Basic,XS,Schwarz,1,29.9,29.9,7.5
AB-2026-10237,2026-06-06,Amazon,K-18813,PayPal,KLEID-PR-L-OLI,Sommerkleid Print,L,Oliv,1,79.9,79.9,24.0
AB-2026-10238,2026-05-20,Eigener Shop,K-14309,Kreditkarte,TEE-OVS-XS-SCH,T-Shirt Oversized,XS,Schwarz,1,34.9,34.9,9.0
AB-2026-10239,2026-02-21,Eigener Shop,K-15648,Vorkasse,HOOD-CL-L-OLI,Hoodie Classic,L,Oliv,1,69.9,69.9,21.0
AB-2026-10240,2026-03-03,Eigener Shop,K-15383,Kreditkarte,HOOD-ZP-M-SCH,Zip-Hoodie Heavy,M,Schwarz,1,89.9,89.9,28.0
AB-2026-10240,2026-03-03,Eigener Shop,K-15383,Kreditkarte,JOG-CL-M-SCH,Jogger Classic,M,Schwarz,1,64.9,64.9,19.5
AB-2026-10240,2026-03-03,Eigener Shop,K-15383,Kreditkarte,CAP-LG-XS-WEI,Cap Logo,XS,Weiss,1,24.9,24.9,6.0
AB-2026-10241,2026-06-29,Eigener Shop,K-16728,PayPal,KLEID-PR-S-OLI,Sommerkleid Print,S,Oliv,1,79.9,79.9,24.0
AB-2026-10242,2026-06-23,Eigener Shop,K-18837,PayPal,CAP-LG-XL-OLI,Cap Logo,XL,Oliv,1,24.9,24.9,6.0
AB-2026-10242,2026-06-23,Eigener Shop,K-18837,PayPal,CAP-LG-XL-NAV,Cap Logo,XL,Navy,1,24.9,24.9,6.0
AB-2026-10243,2026-04-08,Eigener Shop,K-14513,Rechnungskauf,TEE-BAS-S-NAV,T-Shirt Basic,S,Navy,1,29.9,29.9,7.5
AB-2026-10243,2026-04-08,Eigener Shop,K-14513,Rechnungskauf,HOOD-ZP-S-SCH,Zip-Hoodie Heavy,S,Schwarz,1,89.9,89.9,28.0
AB-2026-10244,2026-06-20,Amazon,K-18401,Kreditkarte,JOG-CL-L-NAV,Jogger Classic,L,Navy,1,64.9,64.9,19.5
AB-2026-10244,2026-06-20,Amazon,K-18401,Kreditkarte,JOG-CL-M-NAV,Jogger Classic,M,Navy,1,64.9,64.9,19.5
AB-2026-10245,2026-05-08,Amazon,K-18401,Kreditkarte,TEE-OVS-S-SCH,T-Shirt Oversized,S,Schwarz,1,34.9,34.9,9.0
AB-2026-10246,2026-05-15,Amazon,K-12728,PayPal,JKT-RN-XL-SCH,Regenjacke Tech,XL,Schwarz,1,119.9,119.9,84.0
AB-2026-10246,2026-05-15,Amazon,K-12728,PayPal,JKT-RN-S-SCH,Regenjacke Tech,S,Schwarz,1,119.9,119.9,84.0
AB-2026-10246,2026-05-15,Amazon,K-12728,PayPal,HOOD-ZP-XS-WEI,Zip-Hoodie Heavy,XS,Weiss,1,89.9,89.9,28.0
AB-2026-10246,2026-05-15,Amazon,K-12728,PayPal,HOOD-ZP-L-WEI,Zip-Hoodie Heavy,L,Weiss,1,89.9,89.9,28.0
AB-2026-10247,2026-05-24,Eigener Shop,K-13418,Vorkasse,CAP-LG-S-OLI,Cap Logo,S,Oliv,1,24.9,24.9,6.0
AB-2026-10247,2026-05-24,Eigener Shop,K-13418,Vorkasse,HOOD-ZP-S-WEI,Zip-Hoodie Heavy,S,Weiss,1,89.9,89.9,28.0
AB-2026-10247,2026-05-24,Eigener Shop,K-13418,Vorkasse,HOOD-CL-M-WEI,Hoodie Classic,M,Weiss,1,69.9,69.9,21.0
AB-2026-10248,2026-05-02,Eigener Shop,K-12137,Vorkasse,HOOD-ZP-M-SCH,Zip-Hoodie Heavy,M,Schwarz,1,89.9,89.9,28.0
AB-2026-10248,2026-05-02,Eigener Shop,K-12137,Vorkasse,HOOD-ZP-L-WEI,Zip-Hoodie Heavy,L,Weiss,1,89.9,89.9,28.0
AB-2026-10249,2026-03-15,Eigener Shop,K-12352,Rechnungskauf,HOOD-ZP-M-SCH,Zip-Hoodie Heavy,M,Schwarz,1,89.9,89.9,28.0
AB-2026-10250,2026-01-06,Eigener Shop,K-11546,PayPal,KLEID-PR-S-OLI,Sommerkleid Print,S,Oliv,1,79.9,79.9,24.0
AB-2026-10251,2026-01-31,Amazon,K-18076,Rechnungskauf,JOG-CL-S-WEI,Jogger Classic,S,Weiss,1,64.9,64.9,19.5
AB-2026-10252,2026-04-10,Eigener Shop,K-11380,Vorkasse,HOOD-ZP-L-SCH,Zip-Hoodie Heavy,L,Schwarz,1,89.9,89.9,28.0
AB-2026-10252,2026-04-10,Eigener Shop,K-11380,Vorkasse,CAP-LG-XS-SCH,Cap Logo,XS,Schwarz,1,24.9,24.9,6.0
AB-2026-10253,2026-05-18,Eigener Shop,K-18328,Rechnungskauf,TEE-OVS-XS-NAV,T-Shirt Oversized,XS,Navy,1,34.9,34.9,9.0
AB-2026-10253,2026-05-18,Eigener Shop,K-18328,Rechnungskauf,SOCK-3P-XS-OLI,Sneaker Socken 3er-Pack,XS,Oliv,1,19.9,19.9,4.8
AB-2026-10254,2026-04-21,Zalando,K-17271,PayPal,HOOD-ZP-S-SCH,Zip-Hoodie Heavy,S,Schwarz,1,89.9,89.9,28.0
AB-2026-10255,2026-04-14,Eigener Shop,K-15841,PayPal,TEE-OVS-S-SCH,T-Shirt Oversized,S,Schwarz,1,34.9,34.9,9.0
AB-2026-10255,2026-04-14,Eigener Shop,K-15841,PayPal,TEE-OVS-M-NAV,T-Shirt Oversized,M,Navy,1,34.9,34.9,9.0
AB-2026-10255,2026-04-14,Eigener Shop,K-15841,PayPal,JKT-RN-M-SCH,Regenjacke Tech,M,Schwarz,1,119.9,119.9,84.0
AB-2026-10256,2026-04-08,Eigener Shop,K-14210,Rechnungskauf,HOOD-ZP-XL-SCH,Zip-Hoodie Heavy,XL,Schwarz,1,89.9,89.9,28.0
AB-2026-10256,2026-04-08,Eigener Shop,K-14210,Rechnungskauf,JOG-CL-L-SCH,Jogger Classic,L,Schwarz,1,64.9,64.9,19.5
AB-2026-10257,2026-04-06,Eigener Shop,K-12482,PayPal,TEE-BAS-L-OLI,T-Shirt Basic,L,Oliv,1,29.9,29.9,7.5
AB-2026-10258,2026-02-15,Eigener Shop,K-17699,Rechnungskauf,HOOD-ZP-L-SCH,Zip-Hoodie Heavy,L,Schwarz,1,89.9,89.9,28.0
AB-2026-10259,2026-03-10,Eigener Shop,K-16510,Vorkasse,TEE-BAS-L-WEI,T-Shirt Basic,L,Weiss,1,29.9,29.9,7.5
AB-2026-10259,2026-03-10,Eigener Shop,K-16510,Vorkasse,SOCK-3P-L-OLI,Sneaker Socken 3er-Pack,L,Oliv,1,19.9,19.9,4.8
AB-2026-10260,2026-02-24,Amazon,K-15948,Rechnungskauf,JKT-RN-XL-WEI,Regenjacke Tech,XL,Weiss,1,119.9,119.9,84.0
AB-2026-10261,2026-05-02,Amazon,K-17945,PayPal,TEE-BAS-S-NAV,T-Shirt Basic,S,Navy,1,29.9,29.9,7.5
AB-2026-10262,2026-02-15,Amazon,K-18832,PayPal,SOCK-3P-L-SCH,Sneaker Socken 3er-Pack,L,Schwarz,1,19.9,19.9,4.8
AB-2026-10263,2026-01-14,Eigener Shop,K-17632,Rechnungskauf,KLEID-PR-XS-SCH,Sommerkleid Print,XS,Schwarz,1,79.9,79.9,24.0
AB-2026-10263,2026-01-14,Eigener Shop,K-17632,Rechnungskauf,JOG-CL-XL-SCH,Jogger Classic,XL,Schwarz,1,64.9,64.9,19.5
AB-2026-10264,2026-02-13,Eigener Shop,K-12914,Rechnungskauf,CAP-LG-XL-OLI,Cap Logo,XL,Oliv,1,24.9,24.9,6.0
AB-2026-10265,2026-02-01,Eigener Shop,K-10267,PayPal,HOOD-CL-M-SCH,Hoodie Classic,M,Schwarz,1,69.9,69.9,21.0
AB-2026-10265,2026-02-01,Eigener Shop,K-10267,PayPal,HOOD-CL-XL-SCH,Hoodie Classic,XL,Schwarz,1,69.9,69.9,21.0
AB-2026-10265,2026-02-01,Eigener Shop,K-10267,PayPal,JKT-RN-M-SCH,Regenjacke Tech,M,Schwarz,1,119.9,119.9,84.0
AB-2026-10265,2026-02-01,Eigener Shop,K-10267,PayPal,JKT-RN-XL-SCH,Regenjacke Tech,XL,Schwarz,1,119.9,119.9,84.0
AB-2026-10266,2026-05-01,Eigener Shop,K-18924,PayPal,HOOD-ZP-M-SCH,Zip-Hoodie Heavy,M,Schwarz,1,89.9,89.9,28.0
AB-2026-10266,2026-05-01,Eigener Shop,K-18924,PayPal,KLEID-PR-XS-OLI,Sommerkleid Print,XS,Oliv,1,79.9,79.9,24.0
AB-2026-10267,2026-04-18,Eigener Shop,K-11579,Rechnungskauf,HOOD-ZP-L-SCH,Zip-Hoodie Heavy,L,Schwarz,1,89.9,89.9,28.0
AB-2026-10268,2026-01-22,Zalando,K-13279,PayPal,TEE-BAS-XL-OLI,T-Shirt Basic,XL,Oliv,1,29.9,29.9,7.5
AB-2026-10268,2026-01-22,Zalando,K-13279,PayPal,HOOD-ZP-L-SCH,Zip-Hoodie Heavy,L,Schwarz,1,89.9,89.9,28.0
AB-2026-10268,2026-01-22,Zalando,K-13279,PayPal,KLEID-PR-S-SCH,Sommerkleid Print,S,Schwarz,1,79.9,79.9,24.0
AB-2026-10269,2026-03-02,Amazon,K-14627,Rechnungskauf,TEE-BAS-XL-OLI,T-Shirt Basic,XL,Oliv,1,29.9,29.9,7.5
AB-2026-10270,2026-02-16,Amazon,K-13296,PayPal,HOOD-CL-M-NAV,Hoodie Classic,M,Navy,1,69.9,69.9,21.0
AB-2026-10270,2026-02-16,Amazon,K-13296,PayPal,JOG-CL-L-OLI,Jogger Classic,L,Oliv,1,64.9,64.9,19.5
AB-2026-10271,2026-05-07,Eigener Shop,K-15856,Vorkasse,TEE-OVS-XS-SCH,T-Shirt Oversized,XS,Schwarz,1,34.9,34.9,9.0
AB-2026-10271,2026-05-07,Eigener Shop,K-15856,Vorkasse,CAP-LG-M-SCH,Cap Logo,M,Schwarz,1,24.9,24.9,6.0
AB-2026-10271,2026-05-07,Eigener Shop,K-15856,Vorkasse,HOOD-ZP-L-SCH,Zip-Hoodie Heavy,L,Schwarz,1,89.9,89.9,28.0
AB-2026-10272,2026-03-13,Eigener Shop,K-16798,Kreditkarte,HOOD-CL-M-SCH,Hoodie Classic,M,Schwarz,1,69.9,69.9,21.0
AB-2026-10273,2026-06-17,Eigener Shop,K-12682,Kreditkarte,HOOD-ZP-S-SCH,Zip-Hoodie Heavy,S,Schwarz,1,89.9,89.9,28.0
AB-2026-10273,2026-06-17,Eigener Shop,K-12682,Kreditkarte,TEE-BAS-XS-WEI,T-Shirt Basic,XS,Weiss,1,29.9,29.9,7.5
AB-2026-10273,2026-06-17,Eigener Shop,K-12682,Kreditkarte,SOCK-3P-S-NAV,Sneaker Socken 3er-Pack,S,Navy,1,19.9,19.9,4.8
AB-2026-10274,2026-03-10,Eigener Shop,K-11594,Rechnungskauf,HOOD-ZP-S-SCH,Zip-Hoodie Heavy,S,Schwarz,1,89.9,89.9,28.0
AB-2026-10274,2026-03-10,Eigener Shop,K-11594,Rechnungskauf,HOOD-ZP-L-SCH,Zip-Hoodie Heavy,L,Schwarz,1,89.9,89.9,28.0
AB-2026-10275,2026-06-21,Zalando,K-13437,PayPal,HOOD-CL-XS-WEI,Hoodie Classic,XS,Weiss,1,69.9,69.9,21.0
AB-2026-10276,2026-05-04,Eigener Shop,K-15572,Vorkasse,KLEID-PR-L-NAV,Sommerkleid Print,L,Navy,1,79.9,79.9,24.0
AB-2026-10276,2026-05-04,Eigener Shop,K-15572,Vorkasse,HOOD-ZP-L-WEI,Zip-Hoodie Heavy,L,Weiss,1,89.9,89.9,28.0
AB-2026-10277,2026-03-01,Amazon,K-13439,PayPal,HOOD-ZP-XL-WEI,Zip-Hoodie Heavy,XL,Weiss,1,89.9,89.9,28.0
AB-2026-10278,2026-01-08,Eigener Shop,K-13593,Kreditkarte,TEE-BAS-S-NAV,T-Shirt Basic,S,Navy,1,29.9,29.9,7.5
AB-2026-10278,2026-01-08,Eigener Shop,K-13593,Kreditkarte,HOOD-ZP-L-SCH,Zip-Hoodie Heavy,L,Schwarz,1,89.9,89.9,28.0
AB-2026-10279,2026-04-24,Amazon,K-16508,PayPal,HOOD-CL-S-WEI,Hoodie Classic,S,Weiss,1,69.9,69.9,21.0
AB-2026-10279,2026-04-24,Amazon,K-16508,PayPal,HOOD-CL-XS-WEI,Hoodie Classic,XS,Weiss,1,69.9,69.9,21.0
AB-2026-10280,2026-01-31,Eigener Shop,K-11689,Vorkasse,CAP-LG-XL-NAV,Cap Logo,XL,Navy,1,24.9,24.9,6.0
AB-2026-10281,2026-03-20,Amazon,K-11578,PayPal,HOOD-CL-M-SCH,Hoodie Classic,M,Schwarz,1,69.9,69.9,21.0
AB-2026-10281,2026-03-20,Amazon,K-11578,PayPal,HOOD-ZP-XS-SCH,Zip-Hoodie Heavy,XS,Schwarz,1,89.9,89.9,28.0
AB-2026-10282,2026-02-26,Amazon,K-16667,Kreditkarte,JOG-CL-S-NAV,Jogger Classic,S,Navy,1,64.9,64.9,19.5
AB-2026-10283,2026-02-14,Amazon,K-13826,PayPal,CAP-LG-XL-SCH,Cap Logo,XL,Schwarz,1,24.9,24.9,6.0
AB-2026-10284,2026-05-02,Eigener Shop,K-15261,PayPal,CAP-LG-S-SCH,Cap Logo,S,Schwarz,1,24.9,24.9,6.0
AB-2026-10284,2026-05-02,Eigener Shop,K-15261,PayPal,KLEID-PR-M-NAV,Sommerkleid Print,M,Navy,1,79.9,79.9,24.0
AB-2026-10284,2026-05-02,Eigener Shop,K-15261,PayPal,HOOD-CL-L-NAV,Hoodie Classic,L,Navy,1,69.9,69.9,21.0
AB-2026-10285,2026-06-12,Eigener Shop,K-17342,Kreditkarte,HOOD-ZP-S-SCH,Zip-Hoodie Heavy,S,Schwarz,1,89.9,89.9,28.0
AB-2026-10285,2026-06-12,Eigener Shop,K-17342,Kreditkarte,CAP-LG-M-NAV,Cap Logo,M,Navy,1,24.9,24.9,6.0
AB-2026-10285,2026-06-12,Eigener Shop,K-17342,Kreditkarte,CAP-LG-XL-SCH,Cap Logo,XL,Schwarz,1,24.9,24.9,6.0
AB-2026-10286,2026-03-01,Eigener Shop,K-11844,Rechnungskauf,JOG-CL-L-SCH,Jogger Classic,L,Schwarz,1,64.9,64.9,19.5
AB-2026-10286,2026-03-01,Eigener Shop,K-11844,Rechnungskauf,JKT-RN-L-WEI,Regenjacke Tech,L,Weiss,1,119.9,119.9,84.0
AB-2026-10287,2026-06-28,Eigener Shop,K-14607,PayPal,HOOD-ZP-XL-WEI,Zip-Hoodie Heavy,XL,Weiss,1,89.9,89.9,28.0
AB-2026-10287,2026-06-28,Eigener Shop,K-14607,PayPal,TEE-BAS-L-OLI,T-Shirt Basic,L,Oliv,1,29.9,29.9,7.5
AB-2026-10288,2026-02-02,Eigener Shop,K-11439,PayPal,JOG-CL-XL-OLI,Jogger Classic,XL,Oliv,1,64.9,64.9,19.5
AB-2026-10289,2026-01-30,Zalando,K-14632,PayPal,CAP-LG-XL-NAV,Cap Logo,XL,Navy,1,24.9,24.9,6.0
AB-2026-10289,2026-01-30,Zalando,K-14632,PayPal,JKT-RN-S-WEI,Regenjacke Tech,S,Weiss,1,119.9,119.9,84.0
AB-2026-10289,2026-01-30,Zalando,K-14632,PayPal,SOCK-3P-L-NAV,Sneaker Socken 3er-Pack,L,Navy,1,19.9,19.9,4.8
AB-2026-10290,2026-05-21,Eigener Shop,K-16280,PayPal,HOOD-ZP-XL-WEI,Zip-Hoodie Heavy,XL,Weiss,1,89.9,89.9,28.0
AB-2026-10291,2026-05-10,Eigener Shop,K-19610,PayPal,SOCK-3P-XL-SCH,Sneaker Socken 3er-Pack,XL,Schwarz,1,19.9,19.9,4.8
AB-2026-10292,2026-04-19,Amazon,K-10560,PayPal,HOOD-ZP-L-SCH,Zip-Hoodie Heavy,L,Schwarz,1,89.9,89.9,28.0
AB-2026-10293,2026-06-07,Eigener Shop,K-12301,Vorkasse,SOCK-3P-XL-WEI,Sneaker Socken 3er-Pack,XL,Weiss,1,19.9,19.9,4.8
AB-2026-10294,2026-03-13,Amazon,K-17316,Rechnungskauf,KLEID-PR-XS-OLI,Sommerkleid Print,XS,Oliv,1,79.9,79.9,24.0
AB-2026-10295,2026-02-24,Amazon,K-19319,PayPal,TEE-OVS-M-WEI,T-Shirt Oversized,M,Weiss,1,34.9,34.9,9.0
AB-2026-10295,2026-02-24,Amazon,K-19319,PayPal,HOOD-CL-S-OLI,Hoodie Classic,S,Oliv,1,69.9,69.9,21.0
AB-2026-10295,2026-02-24,Amazon,K-19319,PayPal,HOOD-ZP-S-SCH,Zip-Hoodie Heavy,S,Schwarz,1,89.9,89.9,28.0
AB-2026-10296,2026-03-06,Eigener Shop,K-15176,Rechnungskauf,HOOD-CL-L-SCH,Hoodie Classic,L,Schwarz,1,69.9,69.9,21.0
AB-2026-10296,2026-03-06,Eigener Shop,K-15176,Rechnungskauf,TEE-OVS-S-SCH,T-Shirt Oversized,S,Schwarz,1,34.9,34.9,9.0
AB-2026-10297,2026-04-13,Amazon,K-10298,PayPal,SOCK-3P-L-WEI,Sneaker Socken 3er-Pack,L,Weiss,1,19.9,19.9,4.8
AB-2026-10297,2026-04-13,Amazon,K-10298,PayPal,TEE-BAS-S-NAV,T-Shirt Basic,S,Navy,1,29.9,29.9,7.5
AB-2026-10298,2026-04-07,Eigener Shop,K-11826,Rechnungskauf,KLEID-PR-XL-SCH,Sommerkleid Print,XL,Schwarz,1,79.9,79.9,24.0
AB-2026-10299,2026-06-23,Amazon,K-12950,Vorkasse,HOOD-ZP-XL-WEI,Zip-Hoodie Heavy,XL,Weiss,1,89.9,89.9,28.0
AB-2026-10300,2026-01-18,Zalando,K-13754,Kreditkarte,HOOD-CL-L-OLI,Hoodie Classic,L,Oliv,1,69.9,69.9,21.0
AB-2026-10300,2026-01-18,Zalando,K-13754,Kreditkarte,CAP-LG-L-OLI,Cap Logo,L,Oliv,1,24.9,24.9,6.0
AB-2026-10301,2026-01-09,Zalando,K-19180,Rechnungskauf,TEE-BAS-L-OLI,T-Shirt Basic,L,Oliv,1,29.9,29.9,7.5
AB-2026-10301,2026-01-09,Zalando,K-19180,Rechnungskauf,KLEID-PR-XL-NAV,Sommerkleid Print,XL,Navy,1,79.9,79.9,24.0
AB-2026-10302,2026-03-13,Eigener Shop,K-16218,PayPal,TEE-BAS-L-OLI,T-Shirt Basic,L,Oliv,1,29.9,29.9,7.5
AB-2026-10303,2026-01-08,Eigener Shop,K-17779,PayPal,HOOD-CL-XL-WEI,Hoodie Classic,XL,Weiss,1,69.9,69.9,21.0
AB-2026-10304,2026-02-21,Amazon,K-12109,Rechnungskauf,HOOD-CL-XS-WEI,Hoodie Classic,XS,Weiss,1,69.9,69.9,21.0
AB-2026-10305,2026-04-30,Eigener Shop,K-11435,PayPal,JOG-CL-XL-NAV,Jogger Classic,XL,Navy,1,64.9,64.9,19.5
AB-2026-10305,2026-04-30,Eigener Shop,K-11435,PayPal,JKT-RN-M-SCH,Regenjacke Tech,M,Schwarz,1,119.9,119.9,84.0
AB-2026-10306,2026-04-13,Eigener Shop,K-16098,PayPal,TEE-BAS-M-WEI,T-Shirt Basic,M,Weiss,1,29.9,29.9,7.5
AB-2026-10307,2026-05-05,Zalando,K-18084,PayPal,TEE-BAS-XS-WEI,T-Shirt Basic,XS,Weiss,1,29.9,29.9,7.5
AB-2026-10308,2026-04-26,Amazon,K-15406,Vorkasse,HOOD-ZP-XL-WEI,Zip-Hoodie Heavy,XL,Weiss,1,89.9,89.9,28.0
AB-2026-10308,2026-04-26,Amazon,K-15406,Vorkasse,TEE-BAS-XL-OLI,T-Shirt Basic,XL,Oliv,1,29.9,29.9,7.5
AB-2026-10309,2026-06-24,Eigener Shop,K-19626,Kreditkarte,KLEID-PR-L-SCH,Sommerkleid Print,L,Schwarz,1,79.9,79.9,24.0
AB-2026-10309,2026-06-24,Eigener Shop,K-19626,Kreditkarte,TEE-BAS-XS-WEI,T-Shirt Basic,XS,Weiss,1,29.9,29.9,7.5
AB-2026-10310,2026-05-30,Amazon,K-17849,Rechnungskauf,JOG-CL-XS-SCH,Jogger Classic,XS,Schwarz,1,64.9,64.9,19.5
AB-2026-10311,2026-05-18,Eigener Shop,K-15207,PayPal,JKT-RN-XS-WEI,Regenjacke Tech,XS,Weiss,1,119.9,119.9,84.0
AB-2026-10311,2026-05-18,Eigener Shop,K-15207,PayPal,HOOD-CL-M-WEI,Hoodie Classic,M,Weiss,1,69.9,69.9,21.0
AB-2026-10311,2026-05-18,Eigener Shop,K-15207,PayPal,HOOD-ZP-XL-WEI,Zip-Hoodie Heavy,XL,Weiss,1,89.9,89.9,28.0
AB-2026-10312,2026-01-26,Eigener Shop,K-18786,Rechnungskauf,HOOD-ZP-XS-WEI,Zip-Hoodie Heavy,XS,Weiss,1,89.9,89.9,28.0
AB-2026-10312,2026-01-26,Eigener Shop,K-18786,Rechnungskauf,JKT-RN-XS-WEI,Regenjacke Tech,XS,Weiss,1,119.9,119.9,84.0
AB-2026-10312,2026-01-26,Eigener Shop,K-18786,Rechnungskauf,CAP-LG-XL-WEI,Cap Logo,XL,Weiss,1,24.9,24.9,6.0
AB-2026-10313,2026-02-27,Zalando,K-17214,PayPal,HOOD-CL-S-SCH,Hoodie Classic,S,Schwarz,1,69.9,69.9,21.0
AB-2026-10313,2026-02-27,Zalando,K-17214,PayPal,TEE-OVS-M-SCH,T-Shirt Oversized,M,Schwarz,1,34.9,34.9,9.0
AB-2026-10314,2026-02-13,Zalando,K-12412,Rechnungskauf,TEE-OVS-XL-NAV,T-Shirt Oversized,XL,Navy,1,34.9,34.9,9.0
AB-2026-10315,2026-04-30,Eigener Shop,K-14490,Rechnungskauf,JKT-RN-S-SCH,Regenjacke Tech,S,Schwarz,1,119.9,119.9,84.0
AB-2026-10316,2026-03-06,Eigener Shop,K-17728,Kreditkarte,HOOD-ZP-M-WEI,Zip-Hoodie Heavy,M,Weiss,1,89.9,89.9,28.0
AB-2026-10316,2026-03-06,Eigener Shop,K-17728,Kreditkarte,HOOD-ZP-L-SCH,Zip-Hoodie Heavy,L,Schwarz,1,89.9,89.9,28.0
AB-2026-10316,2026-03-06,Eigener Shop,K-17728,Kreditkarte,SOCK-3P-XL-SCH,Sneaker Socken 3er-Pack,XL,Schwarz,1,19.9,19.9,4.8
AB-2026-10317,2026-02-18,Eigener Shop,K-18526,PayPal,KLEID-PR-XL-NAV,Sommerkleid Print,XL,Navy,1,79.9,79.9,24.0
AB-2026-10318,2026-01-08,Amazon,K-16645,PayPal,HOOD-ZP-M-SCH,Zip-Hoodie Heavy,M,Schwarz,1,89.9,89.9,28.0
AB-2026-10318,2026-01-08,Amazon,K-16645,PayPal,JOG-CL-XS-SCH,Jogger Classic,XS,Schwarz,1,64.9,64.9,19.5
AB-2026-10318,2026-01-08,Amazon,K-16645,PayPal,TEE-BAS-XS-OLI,T-Shirt Basic,XS,Oliv,1,29.9,29.9,7.5
AB-2026-10319,2026-02-24,Eigener Shop,K-14822,PayPal,SOCK-3P-L-WEI,Sneaker Socken 3er-Pack,L,Weiss,1,19.9,19.9,4.8
AB-2026-10320,2026-01-11,Amazon,K-16171,Rechnungskauf,JOG-CL-XS-NAV,Jogger Classic,XS,Navy,1,64.9,64.9,19.5
AB-2026-10320,2026-01-11,Amazon,K-16171,Rechnungskauf,SOCK-3P-M-WEI,Sneaker Socken 3er-Pack,M,Weiss,1,19.9,19.9,4.8
AB-2026-10321,2026-03-28,Amazon,K-18612,Rechnungskauf,TEE-OVS-L-SCH,T-Shirt Oversized,L,Schwarz,1,34.9,34.9,9.0
AB-2026-10322,2026-04-11,Amazon,K-15188,Kreditkarte,HOOD-ZP-M-SCH,Zip-Hoodie Heavy,M,Schwarz,1,89.9,89.9,28.0
AB-2026-10323,2026-03-03,Amazon,K-16753,Rechnungskauf,JKT-RN-XL-SCH,Regenjacke Tech,XL,Schwarz,1,119.9,119.9,84.0
AB-2026-10324,2026-06-01,Eigener Shop,K-15964,Kreditkarte,CAP-LG-S-OLI,Cap Logo,S,Oliv,1,24.9,24.9,6.0
AB-2026-10325,2026-01-13,Eigener Shop,K-13273,Rechnungskauf,HOOD-ZP-XS-WEI,Zip-Hoodie Heavy,XS,Weiss,1,89.9,89.9,28.0
AB-2026-10326,2026-02-02,Eigener Shop,K-13244,Rechnungskauf,HOOD-ZP-S-WEI,Zip-Hoodie Heavy,S,Weiss,1,89.9,89.9,28.0
AB-2026-10326,2026-02-02,Eigener Shop,K-13244,Rechnungskauf,JKT-RN-S-WEI,Regenjacke Tech,S,Weiss,1,119.9,119.9,84.0
AB-2026-10326,2026-02-02,Eigener Shop,K-13244,Rechnungskauf,HOOD-CL-M-WEI,Hoodie Classic,M,Weiss,1,69.9,69.9,21.0
AB-2026-10327,2026-05-06,Eigener Shop,K-12400,PayPal,KLEID-PR-XL-SCH,Sommerkleid Print,XL,Schwarz,1,79.9,79.9,24.0
AB-2026-10328,2026-04-15,Amazon,K-17818,PayPal,JOG-CL-L-SCH,Jogger Classic,L,Schwarz,1,64.9,64.9,19.5
AB-2026-10328,2026-04-15,Amazon,K-17818,PayPal,SOCK-3P-L-WEI,Sneaker Socken 3er-Pack,L,Weiss,1,19.9,19.9,4.8
AB-2026-10329,2026-06-28,Eigener Shop,K-11265,PayPal,HOOD-CL-XL-NAV,Hoodie Classic,XL,Navy,1,69.9,69.9,21.0
AB-2026-10329,2026-06-28,Eigener Shop,K-11265,PayPal,HOOD-CL-S-NAV,Hoodie Classic,S,Navy,1,69.9,69.9,21.0
AB-2026-10329,2026-06-28,Eigener Shop,K-11265,PayPal,SOCK-3P-XS-OLI,Sneaker Socken 3er-Pack,XS,Oliv,1,19.9,19.9,4.8
AB-2026-10329,2026-06-28,Eigener Shop,K-11265,PayPal,SOCK-3P-M-OLI,Sneaker Socken 3er-Pack,M,Oliv,1,19.9,19.9,4.8
AB-2026-10330,2026-03-31,Eigener Shop,K-17047,Kreditkarte,HOOD-CL-S-NAV,Hoodie Classic,S,Navy,1,69.9,69.9,21.0
AB-2026-10331,2026-04-29,Eigener Shop,K-11663,Kreditkarte,HOOD-ZP-XS-WEI,Zip-Hoodie Heavy,XS,Weiss,1,89.9,89.9,28.0
AB-2026-10331,2026-04-29,Eigener Shop,K-11663,Kreditkarte,TEE-OVS-M-WEI,T-Shirt Oversized,M,Weiss,1,34.9,34.9,9.0
AB-2026-10332,2026-02-20,Eigener Shop,K-17338,Kreditkarte,TEE-OVS-XL-WEI,T-Shirt Oversized,XL,Weiss,1,34.9,34.9,9.0
AB-2026-10333,2026-06-01,Amazon,K-18985,PayPal,HOOD-ZP-L-WEI,Zip-Hoodie Heavy,L,Weiss,1,89.9,89.9,28.0
AB-2026-10333,2026-06-01,Amazon,K-18985,PayPal,SOCK-3P-S-NAV,Sneaker Socken 3er-Pack,S,Navy,1,19.9,19.9,4.8
AB-2026-10334,2026-03-20,Eigener Shop,K-15722,PayPal,CAP-LG-L-NAV,Cap Logo,L,Navy,1,24.9,24.9,6.0
AB-2026-10334,2026-03-20,Eigener Shop,K-15722,PayPal,CAP-LG-M-NAV,Cap Logo,M,Navy,1,24.9,24.9,6.0
AB-2026-10335,2026-06-09,Amazon,K-10018,Vorkasse,JOG-CL-XL-NAV,Jogger Classic,XL,Navy,1,64.9,64.9,19.5
AB-2026-10336,2026-04-30,Eigener Shop,K-17382,PayPal,HOOD-ZP-L-WEI,Zip-Hoodie Heavy,L,Weiss,1,89.9,89.9,28.0
AB-2026-10336,2026-04-30,Eigener Shop,K-17382,PayPal,HOOD-ZP-XL-WEI,Zip-Hoodie Heavy,XL,Weiss,1,89.9,89.9,28.0
AB-2026-10337,2026-04-03,Zalando,K-10502,PayPal,JKT-RN-XS-WEI,Regenjacke Tech,XS,Weiss,1,119.9,119.9,84.0
AB-2026-10338,2026-01-13,Eigener Shop,K-12941,PayPal,HOOD-ZP-S-WEI,Zip-Hoodie Heavy,S,Weiss,1,89.9,89.9,28.0
AB-2026-10339,2026-06-22,Amazon,K-16268,Rechnungskauf,JKT-RN-S-SCH,Regenjacke Tech,S,Schwarz,1,119.9,119.9,84.0
AB-2026-10340,2026-04-29,Amazon,K-12594,PayPal,TEE-OVS-S-NAV,T-Shirt Oversized,S,Navy,1,34.9,34.9,9.0
AB-2026-10341,2026-03-10,Eigener Shop,K-19209,Rechnungskauf,TEE-OVS-M-WEI,T-Shirt Oversized,M,Weiss,1,34.9,34.9,9.0
AB-2026-10342,2026-01-20,Amazon,K-13156,PayPal,TEE-OVS-S-OLI,T-Shirt Oversized,S,Oliv,1,34.9,34.9,9.0
AB-2026-10342,2026-01-20,Amazon,K-13156,PayPal,HOOD-CL-M-NAV,Hoodie Classic,M,Navy,1,69.9,69.9,21.0
AB-2026-10342,2026-01-20,Amazon,K-13156,PayPal,HOOD-ZP-S-WEI,Zip-Hoodie Heavy,S,Weiss,1,89.9,89.9,28.0
AB-2026-10343,2026-05-03,Eigener Shop,K-17626,PayPal,HOOD-ZP-XS-SCH,Zip-Hoodie Heavy,XS,Schwarz,1,89.9,89.9,28.0
AB-2026-10344,2026-01-21,Amazon,K-18734,PayPal,HOOD-ZP-L-WEI,Zip-Hoodie Heavy,L,Weiss,1,89.9,89.9,28.0
AB-2026-10344,2026-01-21,Amazon,K-18734,PayPal,HOOD-ZP-S-WEI,Zip-Hoodie Heavy,S,Weiss,1,89.9,89.9,28.0
AB-2026-10345,2026-05-28,Eigener Shop,K-12543,Rechnungskauf,SOCK-3P-L-NAV,Sneaker Socken 3er-Pack,L,Navy,1,19.9,19.9,4.8
AB-2026-10346,2026-06-19,Eigener Shop,K-17161,Vorkasse,HOOD-CL-M-SCH,Hoodie Classic,M,Schwarz,1,69.9,69.9,21.0
AB-2026-10347,2026-01-26,Eigener Shop,K-18077,PayPal,TEE-BAS-S-NAV,T-Shirt Basic,S,Navy,1,29.9,29.9,7.5
AB-2026-10347,2026-01-26,Eigener Shop,K-18077,PayPal,TEE-BAS-XL-OLI,T-Shirt Basic,XL,Oliv,1,29.9,29.9,7.5
AB-2026-10348,2026-04-29,Eigener Shop,K-12559,Kreditkarte,HOOD-CL-M-NAV,Hoodie Classic,M,Navy,1,69.9,69.9,21.0
AB-2026-10348,2026-04-29,Eigener Shop,K-12559,Kreditkarte,CAP-LG-XS-NAV,Cap Logo,XS,Navy,1,24.9,24.9,6.0
AB-2026-10348,2026-04-29,Eigener Shop,K-12559,Kreditkarte,SOCK-3P-M-OLI,Sneaker Socken 3er-Pack,M,Oliv,1,19.9,19.9,4.8
AB-2026-10349,2026-04-26,Eigener Shop,K-18442,Vorkasse,JOG-CL-XS-SCH,Jogger Classic,XS,Schwarz,1,64.9,64.9,19.5
AB-2026-10350,2026-04-22,Eigener Shop,K-11863,Rechnungskauf,CAP-LG-XS-WEI,Cap Logo,XS,Weiss,1,24.9,24.9,6.0
AB-2026-10351,2026-02-26,Eigener Shop,K-16128,Kreditkarte,SOCK-3P-M-NAV,Sneaker Socken 3er-Pack,M,Navy,1,19.9,19.9,4.8
AB-2026-10352,2026-02-21,Eigener Shop,K-17893,PayPal,TEE-OVS-XS-OLI,T-Shirt Oversized,XS,Oliv,1,34.9,34.9,9.0
AB-2026-10353,2026-05-04,Eigener Shop,K-11048,PayPal,HOOD-CL-S-SCH,Hoodie Classic,S,Schwarz,1,69.9,69.9,21.0
AB-2026-10354,2026-06-15,Amazon,K-16945,Rechnungskauf,CAP-LG-S-OLI,Cap Logo,S,Oliv,1,24.9,24.9,6.0
AB-2026-10355,2026-01-11,Eigener Shop,K-16076,PayPal,JOG-CL-M-OLI,Jogger Classic,M,Oliv,1,64.9,64.9,19.5
AB-2026-10356,2026-05-04,Eigener Shop,K-15316,Kreditkarte,TEE-OVS-XS-OLI,T-Shirt Oversized,XS,Oliv,1,34.9,34.9,9.0
AB-2026-10356,2026-05-04,Eigener Shop,K-15316,Kreditkarte,TEE-BAS-XS-OLI,T-Shirt Basic,XS,Oliv,1,29.9,29.9,7.5
AB-2026-10357,2026-06-28,Eigener Shop,K-14633,PayPal,HOOD-ZP-S-SCH,Zip-Hoodie Heavy,S,Schwarz,1,89.9,89.9,28.0
AB-2026-10357,2026-06-28,Eigener Shop,K-14633,PayPal,KLEID-PR-S-NAV,Sommerkleid Print,S,Navy,1,79.9,79.9,24.0
AB-2026-10357,2026-06-28,Eigener Shop,K-14633,PayPal,KLEID-PR-L-OLI,Sommerkleid Print,L,Oliv,1,79.9,79.9,24.0
AB-2026-10358,2026-02-16,Eigener Shop,K-19297,PayPal,HOOD-ZP-XL-SCH,Zip-Hoodie Heavy,XL,Schwarz,1,89.9,89.9,28.0
AB-2026-10358,2026-02-16,Eigener Shop,K-19297,PayPal,HOOD-ZP-XL-WEI,Zip-Hoodie Heavy,XL,Weiss,1,89.9,89.9,28.0
AB-2026-10359,2026-04-14,Eigener Shop,K-12383,Rechnungskauf,HOOD-ZP-M-WEI,Zip-Hoodie Heavy,M,Weiss,1,89.9,89.9,28.0
AB-2026-10360,2026-06-17,Eigener Shop,K-18355,Rechnungskauf,JOG-CL-L-WEI,Jogger Classic,L,Weiss,1,64.9,64.9,19.5
AB-2026-10361,2026-05-17,Amazon,K-12574,Kreditkarte,SOCK-3P-S-OLI,Sneaker Socken 3er-Pack,S,Oliv,1,19.9,19.9,4.8
AB-2026-10362,2026-04-17,Eigener Shop,K-15500,Kreditkarte,HOOD-CL-L-WEI,Hoodie Classic,L,Weiss,1,69.9,69.9,21.0
AB-2026-10362,2026-04-17,Eigener Shop,K-15500,Kreditkarte,HOOD-CL-XS-WEI,Hoodie Classic,XS,Weiss,1,69.9,69.9,21.0
AB-2026-10362,2026-04-17,Eigener Shop,K-15500,Kreditkarte,TEE-OVS-M-NAV,T-Shirt Oversized,M,Navy,1,34.9,34.9,9.0
AB-2026-10362,2026-04-17,Eigener Shop,K-15500,Kreditkarte,TEE-OVS-L-NAV,T-Shirt Oversized,L,Navy,1,34.9,34.9,9.0
AB-2026-10362,2026-04-17,Eigener Shop,K-15500,Kreditkarte,JOG-CL-XS-WEI,Jogger Classic,XS,Weiss,1,64.9,64.9,19.5
AB-2026-10362,2026-04-17,Eigener Shop,K-15500,Kreditkarte,JOG-CL-S-WEI,Jogger Classic,S,Weiss,1,64.9,64.9,19.5
AB-2026-10363,2026-05-15,Amazon,K-10409,PayPal,JOG-CL-XL-SCH,Jogger Classic,XL,Schwarz,1,64.9,64.9,19.5
AB-2026-10363,2026-05-15,Amazon,K-10409,PayPal,JOG-CL-S-SCH,Jogger Classic,S,Schwarz,1,64.9,64.9,19.5
AB-2026-10364,2026-06-11,Eigener Shop,K-14656,Rechnungskauf,KLEID-PR-XL-WEI,Sommerkleid Print,XL,Weiss,1,79.9,79.9,24.0
AB-2026-10364,2026-06-11,Eigener Shop,K-14656,Rechnungskauf,KLEID-PR-L-WEI,Sommerkleid Print,L,Weiss,1,79.9,79.9,24.0
AB-2026-10365,2026-04-08,Eigener Shop,K-14994,PayPal,HOOD-CL-L-SCH,Hoodie Classic,L,Schwarz,1,69.9,69.9,21.0
AB-2026-10365,2026-04-08,Eigener Shop,K-14994,PayPal,HOOD-CL-XL-SCH,Hoodie Classic,XL,Schwarz,1,69.9,69.9,21.0
AB-2026-10366,2026-02-19,Eigener Shop,K-17847,PayPal,SOCK-3P-XS-OLI,Sneaker Socken 3er-Pack,XS,Oliv,1,19.9,19.9,4.8
AB-2026-10366,2026-02-19,Eigener Shop,K-17847,PayPal,SOCK-3P-S-OLI,Sneaker Socken 3er-Pack,S,Oliv,1,19.9,19.9,4.8
AB-2026-10366,2026-02-19,Eigener Shop,K-17847,PayPal,KLEID-PR-L-SCH,Sommerkleid Print,L,Schwarz,1,79.9,79.9,24.0
AB-2026-10366,2026-02-19,Eigener Shop,K-17847,PayPal,KLEID-PR-XL-SCH,Sommerkleid Print,XL,Schwarz,1,79.9,79.9,24.0
AB-2026-10367,2026-05-26,Eigener Shop,K-18111,PayPal,KLEID-PR-XL-OLI,Sommerkleid Print,XL,Oliv,1,79.9,79.9,24.0
AB-2026-10368,2026-03-01,Amazon,K-16727,PayPal,TEE-BAS-XS-NAV,T-Shirt Basic,XS,Navy,1,29.9,29.9,7.5
AB-2026-10369,2026-02-24,Eigener Shop,K-17355,Kreditkarte,HOOD-CL-XL-OLI,Hoodie Classic,XL,Oliv,1,69.9,69.9,21.0
AB-2026-10370,2026-05-03,Eigener Shop,K-13370,Vorkasse,SOCK-3P-L-OLI,Sneaker Socken 3er-Pack,L,Oliv,1,19.9,19.9,4.8
AB-2026-10370,2026-05-03,Eigener Shop,K-13370,Vorkasse,SOCK-3P-XS-OLI,Sneaker Socken 3er-Pack,XS,Oliv,1,19.9,19.9,4.8
AB-2026-10371,2026-01-07,Eigener Shop,K-19000,PayPal,HOOD-ZP-S-SCH,Zip-Hoodie Heavy,S,Schwarz,1,89.9,89.9,28.0
AB-2026-10372,2026-02-10,Eigener Shop,K-10917,Kreditkarte,HOOD-ZP-M-WEI,Zip-Hoodie Heavy,M,Weiss,1,89.9,89.9,28.0
AB-2026-10373,2026-02-20,Amazon,K-12168,Vorkasse,TEE-OVS-M-OLI,T-Shirt Oversized,M,Oliv,1,34.9,34.9,9.0
AB-2026-10374,2026-01-29,Eigener Shop,K-16655,Rechnungskauf,SOCK-3P-XL-NAV,Sneaker Socken 3er-Pack,XL,Navy,1,19.9,19.9,4.8
AB-2026-10374,2026-01-29,Eigener Shop,K-16655,Rechnungskauf,HOOD-ZP-M-SCH,Zip-Hoodie Heavy,M,Schwarz,1,89.9,89.9,28.0
AB-2026-10374,2026-01-29,Eigener Shop,K-16655,Rechnungskauf,TEE-OVS-M-SCH,T-Shirt Oversized,M,Schwarz,1,34.9,34.9,9.0
AB-2026-10375,2026-02-22,Eigener Shop,K-13400,PayPal,CAP-LG-XS-OLI,Cap Logo,XS,Oliv,1,24.9,24.9,6.0
AB-2026-10376,2026-06-01,Eigener Shop,K-15689,Rechnungskauf,KLEID-PR-M-NAV,Sommerkleid Print,M,Navy,1,79.9,79.9,24.0
AB-2026-10377,2026-03-02,Amazon,K-19124,PayPal,HOOD-ZP-XL-WEI,Zip-Hoodie Heavy,XL,Weiss,1,89.9,89.9,28.0
AB-2026-10377,2026-03-02,Amazon,K-19124,PayPal,JKT-RN-S-SCH,Regenjacke Tech,S,Schwarz,1,119.9,119.9,84.0
AB-2026-10378,2026-03-16,Eigener Shop,K-19785,PayPal,JKT-RN-M-SCH,Regenjacke Tech,M,Schwarz,1,119.9,119.9,84.0
AB-2026-10379,2026-05-28,Eigener Shop,K-17297,Rechnungskauf,HOOD-ZP-L-WEI,Zip-Hoodie Heavy,L,Weiss,1,89.9,89.9,28.0
AB-2026-10380,2026-06-03,Amazon,K-17503,Vorkasse,SOCK-3P-L-SCH,Sneaker Socken 3er-Pack,L,Schwarz,1,19.9,19.9,4.8
AB-2026-10380,2026-06-03,Amazon,K-17503,Vorkasse,JKT-RN-XS-SCH,Regenjacke Tech,XS,Schwarz,1,119.9,119.9,84.0
AB-2026-10380,2026-06-03,Amazon,K-17503,Vorkasse,JOG-CL-XS-OLI,Jogger Classic,XS,Oliv,1,64.9,64.9,19.5
AB-2026-10381,2026-02-04,Amazon,K-14125,PayPal,TEE-BAS-XL-NAV,T-Shirt Basic,XL,Navy,1,29.9,29.9,7.5
AB-2026-10381,2026-02-04,Amazon,K-14125,PayPal,SOCK-3P-L-WEI,Sneaker Socken 3er-Pack,L,Weiss,1,19.9,19.9,4.8
AB-2026-10382,2026-05-24,Eigener Shop,K-19469,PayPal,KLEID-PR-M-OLI,Sommerkleid Print,M,Oliv,1,79.9,79.9,24.0
AB-2026-10383,2026-03-07,Amazon,K-15612,PayPal,HOOD-ZP-L-SCH,Zip-Hoodie Heavy,L,Schwarz,1,89.9,89.9,28.0
AB-2026-10383,2026-03-07,Amazon,K-15612,PayPal,HOOD-ZP-XS-WEI,Zip-Hoodie Heavy,XS,Weiss,1,89.9,89.9,28.0
AB-2026-10383,2026-03-07,Amazon,K-15612,PayPal,JOG-CL-M-OLI,Jogger Classic,M,Oliv,1,64.9,64.9,19.5
AB-2026-10384,2026-02-16,Eigener Shop,K-11200,Kreditkarte,SOCK-3P-M-OLI,Sneaker Socken 3er-Pack,M,Oliv,1,19.9,19.9,4.8
AB-2026-10385,2026-04-01,Amazon,K-17769,Vorkasse,CAP-LG-XS-OLI,Cap Logo,XS,Oliv,1,24.9,24.9,6.0
AB-2026-10386,2026-03-24,Amazon,K-10339,Rechnungskauf,CAP-LG-M-NAV,Cap Logo,M,Navy,1,24.9,24.9,6.0
AB-2026-10386,2026-03-24,Amazon,K-10339,Rechnungskauf,CAP-LG-S-NAV,Cap Logo,S,Navy,1,24.9,24.9,6.0
AB-2026-10387,2026-01-30,Zalando,K-15493,PayPal,JOG-CL-L-WEI,Jogger Classic,L,Weiss,1,64.9,64.9,19.5
AB-2026-10388,2026-01-25,Eigener Shop,K-19323,PayPal,SOCK-3P-S-NAV,Sneaker Socken 3er-Pack,S,Navy,1,19.9,19.9,4.8
AB-2026-10388,2026-01-25,Eigener Shop,K-19323,PayPal,JKT-RN-XL-SCH,Regenjacke Tech,XL,Schwarz,1,119.9,119.9,84.0
AB-2026-10389,2026-05-29,Amazon,K-18754,Rechnungskauf,HOOD-ZP-M-SCH,Zip-Hoodie Heavy,M,Schwarz,1,89.9,89.9,28.0
AB-2026-10390,2026-05-01,Zalando,K-19442,Rechnungskauf,SOCK-3P-XS-OLI,Sneaker Socken 3er-Pack,XS,Oliv,1,19.9,19.9,4.8
AB-2026-10391,2026-01-12,Zalando,K-14482,PayPal,TEE-OVS-XL-SCH,T-Shirt Oversized,XL,Schwarz,1,34.9,34.9,9.0
AB-2026-10391,2026-01-12,Zalando,K-14482,PayPal,SOCK-3P-M-SCH,Sneaker Socken 3er-Pack,M,Schwarz,1,19.9,19.9,4.8
AB-2026-10392,2026-04-28,Amazon,K-10231,Rechnungskauf,SOCK-3P-XS-WEI,Sneaker Socken 3er-Pack,XS,Weiss,1,19.9,19.9,4.8
AB-2026-10393,2026-04-02,Eigener Shop,K-14330,PayPal,HOOD-CL-XL-WEI,Hoodie Classic,XL,Weiss,1,69.9,69.9,21.0
AB-2026-10394,2026-06-11,Eigener Shop,K-14120,Rechnungskauf,JKT-RN-XS-WEI,Regenjacke Tech,XS,Weiss,1,119.9,119.9,84.0
AB-2026-10395,2026-03-03,Amazon,K-15739,Kreditkarte,TEE-OVS-M-SCH,T-Shirt Oversized,M,Schwarz,1,34.9,34.9,9.0
AB-2026-10396,2026-02-13,Eigener Shop,K-10829,Rechnungskauf,JOG-CL-L-WEI,Jogger Classic,L,Weiss,1,64.9,64.9,19.5
AB-2026-10397,2026-02-05,Zalando,K-18937,Rechnungskauf,CAP-LG-XS-SCH,Cap Logo,XS,Schwarz,1,24.9,24.9,6.0
AB-2026-10397,2026-02-05,Zalando,K-18937,Rechnungskauf,KLEID-PR-L-SCH,Sommerkleid Print,L,Schwarz,1,79.9,79.9,24.0
AB-2026-10397,2026-02-05,Zalando,K-18937,Rechnungskauf,CAP-LG-XS-NAV,Cap Logo,XS,Navy,1,24.9,24.9,6.0
AB-2026-10398,2026-02-21,Zalando,K-14860,PayPal,KLEID-PR-L-WEI,Sommerkleid Print,L,Weiss,1,79.9,79.9,24.0
AB-2026-10399,2026-06-15,Eigener Shop,K-11223,Rechnungskauf,TEE-BAS-M-NAV,T-Shirt Basic,M,Navy,1,29.9,29.9,7.5
AB-2026-10400,2026-06-18,Eigener Shop,K-17992,Vorkasse,TEE-OVS-XS-SCH,T-Shirt Oversized,XS,Schwarz,1,34.9,34.9,9.0
AB-2026-10401,2026-05-29,Amazon,K-14187,Kreditkarte,JKT-RN-S-SCH,Regenjacke Tech,S,Schwarz,1,119.9,119.9,84.0
AB-2026-10401,2026-05-29,Amazon,K-14187,Kreditkarte,TEE-OVS-XL-OLI,T-Shirt Oversized,XL,Oliv,1,34.9,34.9,9.0
AB-2026-10402,2026-01-02,Eigener Shop,K-18642,Rechnungskauf,JKT-RN-S-SCH,Regenjacke Tech,S,Schwarz,1,119.9,119.9,84.0
AB-2026-10403,2026-01-02,Eigener Shop,K-17267,PayPal,KLEID-PR-XS-SCH,Sommerkleid Print,XS,Schwarz,1,79.9,79.9,24.0
AB-2026-10403,2026-01-02,Eigener Shop,K-17267,PayPal,TEE-BAS-XL-OLI,T-Shirt Basic,XL,Oliv,1,29.9,29.9,7.5
AB-2026-10404,2026-06-05,Eigener Shop,K-10954,Vorkasse,TEE-BAS-S-OLI,T-Shirt Basic,S,Oliv,1,29.9,29.9,7.5
AB-2026-10404,2026-06-05,Eigener Shop,K-10954,Vorkasse,KLEID-PR-S-SCH,Sommerkleid Print,S,Schwarz,1,79.9,79.9,24.0
AB-2026-10405,2026-03-31,Amazon,K-15611,Kreditkarte,HOOD-ZP-M-SCH,Zip-Hoodie Heavy,M,Schwarz,1,89.9,89.9,28.0
AB-2026-10406,2026-02-19,Zalando,K-10916,Vorkasse,HOOD-CL-XS-NAV,Hoodie Classic,XS,Navy,1,69.9,69.9,21.0
AB-2026-10406,2026-02-19,Zalando,K-10916,Vorkasse,KLEID-PR-XS-WEI,Sommerkleid Print,XS,Weiss,1,79.9,79.9,24.0
AB-2026-10407,2026-03-10,Zalando,K-12069,PayPal,SOCK-3P-XL-NAV,Sneaker Socken 3er-Pack,XL,Navy,1,19.9,19.9,4.8
AB-2026-10408,2026-02-06,Amazon,K-16503,Vorkasse,HOOD-ZP-S-SCH,Zip-Hoodie Heavy,S,Schwarz,1,89.9,89.9,28.0
AB-2026-10408,2026-02-06,Amazon,K-16503,Vorkasse,HOOD-ZP-S-WEI,Zip-Hoodie Heavy,S,Weiss,1,89.9,89.9,28.0
AB-2026-10408,2026-02-06,Amazon,K-16503,Vorkasse,TEE-OVS-XL-SCH,T-Shirt Oversized,XL,Schwarz,1,34.9,34.9,9.0
AB-2026-10409,2026-05-13,Zalando,K-19471,Kreditkarte,KLEID-PR-M-WEI,Sommerkleid Print,M,Weiss,1,79.9,79.9,24.0
AB-2026-10409,2026-05-13,Zalando,K-19471,Kreditkarte,KLEID-PR-XL-SCH,Sommerkleid Print,XL,Schwarz,1,79.9,79.9,24.0
AB-2026-10409,2026-05-13,Zalando,K-19471,Kreditkarte,TEE-OVS-M-OLI,T-Shirt Oversized,M,Oliv,1,34.9,34.9,9.0
AB-2026-10410,2026-05-04,Amazon,K-13104,Vorkasse,SOCK-3P-XL-OLI,Sneaker Socken 3er-Pack,XL,Oliv,1,19.9,19.9,4.8
AB-2026-10411,2026-01-25,Amazon,K-14389,PayPal,HOOD-ZP-L-SCH,Zip-Hoodie Heavy,L,Schwarz,1,89.9,89.9,28.0
AB-2026-10412,2026-01-24,Zalando,K-14094,Rechnungskauf,HOOD-ZP-M-SCH,Zip-Hoodie Heavy,M,Schwarz,1,89.9,89.9,28.0
AB-2026-10412,2026-01-24,Zalando,K-14094,Rechnungskauf,HOOD-ZP-L-SCH,Zip-Hoodie Heavy,L,Schwarz,1,89.9,89.9,28.0
AB-2026-10412,2026-01-24,Zalando,K-14094,Rechnungskauf,KLEID-PR-L-SCH,Sommerkleid Print,L,Schwarz,1,79.9,79.9,24.0
AB-2026-10412,2026-01-24,Zalando,K-14094,Rechnungskauf,KLEID-PR-M-SCH,Sommerkleid Print,M,Schwarz,1,79.9,79.9,24.0
AB-2026-10413,2026-01-25,Zalando,K-12694,PayPal,JKT-RN-L-SCH,Regenjacke Tech,L,Schwarz,1,119.9,119.9,84.0
AB-2026-10413,2026-01-25,Zalando,K-12694,PayPal,HOOD-ZP-S-WEI,Zip-Hoodie Heavy,S,Weiss,1,89.9,89.9,28.0
AB-2026-10414,2026-02-22,Amazon,K-14235,Rechnungskauf,HOOD-ZP-XL-WEI,Zip-Hoodie Heavy,XL,Weiss,1,89.9,89.9,28.0
AB-2026-10415,2026-02-24,Amazon,K-17329,PayPal,CAP-LG-XL-NAV,Cap Logo,XL,Navy,1,24.9,24.9,6.0
AB-2026-10416,2026-03-31,Amazon,K-19923,Rechnungskauf,TEE-OVS-XL-OLI,T-Shirt Oversized,XL,Oliv,1,34.9,34.9,9.0
AB-2026-10416,2026-03-31,Amazon,K-19923,Rechnungskauf,HOOD-CL-XS-SCH,Hoodie Classic,XS,Schwarz,1,69.9,69.9,21.0
AB-2026-10417,2026-03-02,Eigener Shop,K-11562,PayPal,KLEID-PR-L-NAV,Sommerkleid Print,L,Navy,1,79.9,79.9,24.0
AB-2026-10418,2026-04-04,Eigener Shop,K-14074,Kreditkarte,SOCK-3P-L-WEI,Sneaker Socken 3er-Pack,L,Weiss,1,19.9,19.9,4.8
AB-2026-10419,2026-03-07,Eigener Shop,K-15693,PayPal,JOG-CL-L-OLI,Jogger Classic,L,Oliv,1,64.9,64.9,19.5
AB-2026-10420,2026-06-10,Amazon,K-11020,PayPal,JOG-CL-M-WEI,Jogger Classic,M,Weiss,1,64.9,64.9,19.5
AB-2026-10420,2026-06-10,Amazon,K-11020,PayPal,CAP-LG-S-OLI,Cap Logo,S,Oliv,1,24.9,24.9,6.0
AB-2026-10421,2026-04-09,Zalando,K-10077,Kreditkarte,JOG-CL-XS-SCH,Jogger Classic,XS,Schwarz,1,64.9,64.9,19.5
AB-2026-10422,2026-02-18,Amazon,K-11391,Vorkasse,TEE-OVS-XL-OLI,T-Shirt Oversized,XL,Oliv,1,34.9,34.9,9.0
AB-2026-10422,2026-02-18,Amazon,K-11391,Vorkasse,TEE-OVS-M-OLI,T-Shirt Oversized,M,Oliv,1,34.9,34.9,9.0
AB-2026-10422,2026-02-18,Amazon,K-11391,Vorkasse,TEE-BAS-XS-OLI,T-Shirt Basic,XS,Oliv,1,29.9,29.9,7.5
AB-2026-10422,2026-02-18,Amazon,K-11391,Vorkasse,TEE-BAS-XL-OLI,T-Shirt Basic,XL,Oliv,1,29.9,29.9,7.5
AB-2026-10423,2026-04-02,Eigener Shop,K-19402,PayPal,JOG-CL-L-SCH,Jogger Classic,L,Schwarz,1,64.9,64.9,19.5
AB-2026-10423,2026-04-02,Eigener Shop,K-19402,PayPal,JOG-CL-M-SCH,Jogger Classic,M,Schwarz,1,64.9,64.9,19.5
AB-2026-10423,2026-04-02,Eigener Shop,K-19402,PayPal,HOOD-ZP-XL-WEI,Zip-Hoodie Heavy,XL,Weiss,1,89.9,89.9,28.0
AB-2026-10423,2026-04-02,Eigener Shop,K-19402,PayPal,HOOD-ZP-M-WEI,Zip-Hoodie Heavy,M,Weiss,1,89.9,89.9,28.0
AB-2026-10424,2026-01-26,Eigener Shop,K-12374,Vorkasse,KLEID-PR-M-SCH,Sommerkleid Print,M,Schwarz,1,79.9,79.9,24.0
AB-2026-10424,2026-01-26,Eigener Shop,K-12374,Vorkasse,SOCK-3P-XL-WEI,Sneaker Socken 3er-Pack,XL,Weiss,1,19.9,19.9,4.8
AB-2026-10425,2026-04-20,Eigener Shop,K-19083,PayPal,TEE-OVS-XL-OLI,T-Shirt Oversized,XL,Oliv,1,34.9,34.9,9.0
AB-2026-10426,2026-03-26,Zalando,K-14512,PayPal,HOOD-CL-S-WEI,Hoodie Classic,S,Weiss,1,69.9,69.9,21.0
AB-2026-10427,2026-01-30,Eigener Shop,K-18628,Kreditkarte,HOOD-ZP-M-WEI,Zip-Hoodie Heavy,M,Weiss,1,89.9,89.9,28.0
AB-2026-10428,2026-01-18,Amazon,K-14171,Kreditkarte,HOOD-ZP-L-WEI,Zip-Hoodie Heavy,L,Weiss,1,89.9,89.9,28.0
AB-2026-10428,2026-01-18,Amazon,K-14171,Kreditkarte,HOOD-ZP-M-SCH,Zip-Hoodie Heavy,M,Schwarz,1,89.9,89.9,28.0
AB-2026-10428,2026-01-18,Amazon,K-14171,Kreditkarte,HOOD-CL-XS-SCH,Hoodie Classic,XS,Schwarz,1,69.9,69.9,21.0
AB-2026-10429,2026-02-19,Amazon,K-17000,Vorkasse,HOOD-ZP-XL-SCH,Zip-Hoodie Heavy,XL,Schwarz,1,89.9,89.9,28.0
AB-2026-10429,2026-02-19,Amazon,K-17000,Vorkasse,TEE-BAS-XL-NAV,T-Shirt Basic,XL,Navy,1,29.9,29.9,7.5
AB-2026-10429,2026-02-19,Amazon,K-17000,Vorkasse,JOG-CL-XL-OLI,Jogger Classic,XL,Oliv,1,64.9,64.9,19.5
AB-2026-10430,2026-05-06,Eigener Shop,K-11621,Kreditkarte,JOG-CL-S-OLI,Jogger Classic,S,Oliv,1,64.9,64.9,19.5
AB-2026-10431,2026-02-13,Eigener Shop,K-11327,Vorkasse,HOOD-CL-L-OLI,Hoodie Classic,L,Oliv,1,69.9,69.9,21.0
AB-2026-10431,2026-02-13,Eigener Shop,K-11327,Vorkasse,HOOD-CL-S-OLI,Hoodie Classic,S,Oliv,1,69.9,69.9,21.0
AB-2026-10431,2026-02-13,Eigener Shop,K-11327,Vorkasse,TEE-BAS-M-WEI,T-Shirt Basic,M,Weiss,1,29.9,29.9,7.5
AB-2026-10431,2026-02-13,Eigener Shop,K-11327,Vorkasse,TEE-BAS-S-WEI,T-Shirt Basic,S,Weiss,1,29.9,29.9,7.5
AB-2026-10432,2026-01-11,Eigener Shop,K-16208,Kreditkarte,HOOD-ZP-XL-WEI,Zip-Hoodie Heavy,XL,Weiss,1,89.9,89.9,28.0
AB-2026-10433,2026-06-18,Eigener Shop,K-16402,Rechnungskauf,HOOD-ZP-XL-WEI,Zip-Hoodie Heavy,XL,Weiss,1,89.9,89.9,28.0
AB-2026-10434,2026-02-21,Eigener Shop,K-15011,Rechnungskauf,HOOD-ZP-M-WEI,Zip-Hoodie Heavy,M,Weiss,1,89.9,89.9,28.0
AB-2026-10434,2026-02-21,Eigener Shop,K-15011,Rechnungskauf,TEE-BAS-M-NAV,T-Shirt Basic,M,Navy,1,29.9,29.9,7.5
AB-2026-10434,2026-02-21,Eigener Shop,K-15011,Rechnungskauf,KLEID-PR-XL-WEI,Sommerkleid Print,XL,Weiss,1,79.9,79.9,24.0
AB-2026-10435,2026-05-17,Eigener Shop,K-19351,Rechnungskauf,TEE-OVS-L-OLI,T-Shirt Oversized,L,Oliv,1,34.9,34.9,9.0
AB-2026-10435,2026-05-17,Eigener Shop,K-19351,Rechnungskauf,HOOD-ZP-XS-SCH,Zip-Hoodie Heavy,XS,Schwarz,1,89.9,89.9,28.0
AB-2026-10435,2026-05-17,Eigener Shop,K-19351,Rechnungskauf,KLEID-PR-L-NAV,Sommerkleid Print,L,Navy,1,79.9,79.9,24.0
AB-2026-10436,2026-03-18,Eigener Shop,K-13558,Rechnungskauf,KLEID-PR-XS-SCH,Sommerkleid Print,XS,Schwarz,1,79.9,79.9,24.0
AB-2026-10437,2026-02-10,Eigener Shop,K-15037,Kreditkarte,TEE-OVS-XS-SCH,T-Shirt Oversized,XS,Schwarz,1,34.9,34.9,9.0
AB-2026-10438,2026-06-29,Amazon,K-19816,Rechnungskauf,HOOD-ZP-XS-SCH,Zip-Hoodie Heavy,XS,Schwarz,1,89.9,89.9,28.0
AB-2026-10438,2026-06-29,Amazon,K-19816,Rechnungskauf,KLEID-PR-XL-OLI,Sommerkleid Print,XL,Oliv,1,79.9,79.9,24.0
AB-2026-10439,2026-02-21,Eigener Shop,K-10698,PayPal,JOG-CL-M-OLI,Jogger Classic,M,Oliv,1,64.9,64.9,19.5
AB-2026-10440,2026-02-18,Eigener Shop,K-17187,Kreditkarte,TEE-BAS-M-OLI,T-Shirt Basic,M,Oliv,1,29.9,29.9,7.5
AB-2026-10440,2026-02-18,Eigener Shop,K-17187,Kreditkarte,HOOD-ZP-M-WEI,Zip-Hoodie Heavy,M,Weiss,1,89.9,89.9,28.0
AB-2026-10440,2026-02-18,Eigener Shop,K-17187,Kreditkarte,JOG-CL-XS-SCH,Jogger Classic,XS,Schwarz,1,64.9,64.9,19.5
AB-2026-10441,2026-06-21,Eigener Shop,K-13318,Vorkasse,HOOD-ZP-L-SCH,Zip-Hoodie Heavy,L,Schwarz,1,89.9,89.9,28.0
AB-2026-10441,2026-06-21,Eigener Shop,K-13318,Vorkasse,HOOD-ZP-XL-SCH,Zip-Hoodie Heavy,XL,Schwarz,1,89.9,89.9,28.0
AB-2026-10442,2026-04-14,Eigener Shop,K-15210,Rechnungskauf,HOOD-CL-XS-NAV,Hoodie Classic,XS,Navy,1,69.9,69.9,21.0
AB-2026-10443,2026-03-10,Eigener Shop,K-11549,Rechnungskauf,SOCK-3P-M-OLI,Sneaker Socken 3er-Pack,M,Oliv,1,19.9,19.9,4.8
AB-2026-10444,2026-06-06,Eigener Shop,K-17976,Kreditkarte,JOG-CL-L-SCH,Jogger Classic,L,Schwarz,1,64.9,64.9,19.5
AB-2026-10444,2026-06-06,Eigener Shop,K-17976,Kreditkarte,HOOD-ZP-XL-SCH,Zip-Hoodie Heavy,XL,Schwarz,1,89.9,89.9,28.0
AB-2026-10445,2026-05-24,Amazon,K-16148,Vorkasse,JKT-RN-M-SCH,Regenjacke Tech,M,Schwarz,1,119.9,119.9,84.0
AB-2026-10445,2026-05-24,Amazon,K-16148,Vorkasse,TEE-OVS-XL-WEI,T-Shirt Oversized,XL,Weiss,1,34.9,34.9,9.0
AB-2026-10445,2026-05-24,Amazon,K-16148,Vorkasse,HOOD-CL-XL-OLI,Hoodie Classic,XL,Oliv,1,69.9,69.9,21.0
AB-2026-10446,2026-03-03,Eigener Shop,K-18456,Kreditkarte,HOOD-ZP-XL-SCH,Zip-Hoodie Heavy,XL,Schwarz,1,89.9,89.9,28.0
AB-2026-10446,2026-03-03,Eigener Shop,K-18456,Kreditkarte,CAP-LG-XS-NAV,Cap Logo,XS,Navy,1,24.9,24.9,6.0
AB-2026-10447,2026-04-17,Eigener Shop,K-15807,Kreditkarte,TEE-OVS-L-OLI,T-Shirt Oversized,L,Oliv,1,34.9,34.9,9.0
AB-2026-10448,2026-06-22,Amazon,K-16583,Kreditkarte,HOOD-ZP-XS-WEI,Zip-Hoodie Heavy,XS,Weiss,1,89.9,89.9,28.0
AB-2026-10448,2026-06-22,Amazon,K-16583,Kreditkarte,CAP-LG-S-OLI,Cap Logo,S,Oliv,1,24.9,24.9,6.0
AB-2026-10448,2026-06-22,Amazon,K-16583,Kreditkarte,TEE-BAS-L-WEI,T-Shirt Basic,L,Weiss,1,29.9,29.9,7.5
AB-2026-10449,2026-04-29,Eigener Shop,K-15124,Rechnungskauf,TEE-BAS-XS-WEI,T-Shirt Basic,XS,Weiss,1,29.9,29.9,7.5
AB-2026-10449,2026-04-29,Eigener Shop,K-15124,Rechnungskauf,SOCK-3P-XL-WEI,Sneaker Socken 3er-Pack,XL,Weiss,1,19.9,19.9,4.8
AB-2026-10449,2026-04-29,Eigener Shop,K-15124,Rechnungskauf,JOG-CL-M-NAV,Jogger Classic,M,Navy,1,64.9,64.9,19.5
AB-2026-10450,2026-05-24,Eigener Shop,K-11629,Rechnungskauf,TEE-BAS-XL-NAV,T-Shirt Basic,XL,Navy,1,29.9,29.9,7.5
AB-2026-10450,2026-05-24,Eigener Shop,K-11629,Rechnungskauf,HOOD-ZP-XS-SCH,Zip-Hoodie Heavy,XS,Schwarz,1,89.9,89.9,28.0
AB-2026-10451,2026-04-07,Zalando,K-13202,PayPal,TEE-OVS-XL-WEI,T-Shirt Oversized,XL,Weiss,1,34.9,34.9,9.0
AB-2026-10452,2026-03-11,Eigener Shop,K-16864,Rechnungskauf,TEE-OVS-M-OLI,T-Shirt Oversized,M,Oliv,1,34.9,34.9,9.0
AB-2026-10453,2026-01-06,Amazon,K-15642,Rechnungskauf,TEE-OVS-S-SCH,T-Shirt Oversized,S,Schwarz,1,34.9,34.9,9.0
AB-2026-10454,2026-02-23,Amazon,K-17114,Kreditkarte,TEE-BAS-S-SCH,T-Shirt Basic,S,Schwarz,1,29.9,29.9,7.5
AB-2026-10455,2026-06-15,Eigener Shop,K-11114,Kreditkarte,HOOD-ZP-XS-SCH,Zip-Hoodie Heavy,XS,Schwarz,1,89.9,89.9,28.0
AB-2026-10455,2026-06-15,Eigener Shop,K-11114,Kreditkarte,HOOD-ZP-S-SCH,Zip-Hoodie Heavy,S,Schwarz,1,89.9,89.9,28.0
AB-2026-10456,2026-04-12,Eigener Shop,K-14335,Vorkasse,SOCK-3P-S-SCH,Sneaker Socken 3er-Pack,S,Schwarz,1,19.9,19.9,4.8
AB-2026-10456,2026-04-12,Eigener Shop,K-14335,Vorkasse,HOOD-ZP-XL-SCH,Zip-Hoodie Heavy,XL,Schwarz,1,89.9,89.9,28.0
AB-2026-10457,2026-01-17,Eigener Shop,K-18088,Rechnungskauf,TEE-BAS-L-NAV,T-Shirt Basic,L,Navy,1,29.9,29.9,7.5
AB-2026-10457,2026-01-17,Eigener Shop,K-18088,Rechnungskauf,HOOD-ZP-S-SCH,Zip-Hoodie Heavy,S,Schwarz,1,89.9,89.9,28.0
AB-2026-10457,2026-01-17,Eigener Shop,K-18088,Rechnungskauf,HOOD-ZP-XL-SCH,Zip-Hoodie Heavy,XL,Schwarz,1,89.9,89.9,28.0
AB-2026-10458,2026-06-05,Eigener Shop,K-13074,PayPal,JKT-RN-S-SCH,Regenjacke Tech,S,Schwarz,1,119.9,119.9,84.0
AB-2026-10459,2026-06-03,Eigener Shop,K-17961,Kreditkarte,TEE-BAS-S-NAV,T-Shirt Basic,S,Navy,1,29.9,29.9,7.5
AB-2026-10460,2026-03-02,Zalando,K-14515,Rechnungskauf,CAP-LG-S-SCH,Cap Logo,S,Schwarz,1,24.9,24.9,6.0
AB-2026-10461,2026-01-24,Amazon,K-14918,Rechnungskauf,HOOD-ZP-XL-SCH,Zip-Hoodie Heavy,XL,Schwarz,1,89.9,89.9,28.0
AB-2026-10461,2026-01-24,Amazon,K-14918,Rechnungskauf,HOOD-ZP-M-WEI,Zip-Hoodie Heavy,M,Weiss,1,89.9,89.9,28.0
AB-2026-10462,2026-03-14,Zalando,K-10361,Rechnungskauf,TEE-BAS-M-SCH,T-Shirt Basic,M,Schwarz,1,29.9,29.9,7.5
AB-2026-10462,2026-03-14,Zalando,K-10361,Rechnungskauf,TEE-OVS-S-SCH,T-Shirt Oversized,S,Schwarz,1,34.9,34.9,9.0
AB-2026-10463,2026-05-02,Eigener Shop,K-12693,Rechnungskauf,HOOD-ZP-XS-WEI,Zip-Hoodie Heavy,XS,Weiss,1,89.9,89.9,28.0
AB-2026-10463,2026-05-02,Eigener Shop,K-12693,Rechnungskauf,JOG-CL-M-WEI,Jogger Classic,M,Weiss,1,64.9,64.9,19.5
AB-2026-10464,2026-02-06,Zalando,K-15098,Vorkasse,SOCK-3P-XS-WEI,Sneaker Socken 3er-Pack,XS,Weiss,1,19.9,19.9,4.8
AB-2026-10464,2026-02-06,Zalando,K-15098,Vorkasse,HOOD-ZP-S-WEI,Zip-Hoodie Heavy,S,Weiss,1,89.9,89.9,28.0
AB-2026-10465,2026-01-05,Amazon,K-14706,PayPal,JKT-RN-S-WEI,Regenjacke Tech,S,Weiss,1,119.9,119.9,84.0
AB-2026-10465,2026-01-05,Amazon,K-14706,PayPal,HOOD-ZP-L-SCH,Zip-Hoodie Heavy,L,Schwarz,1,89.9,89.9,28.0
AB-2026-10466,2026-02-13,Eigener Shop,K-18183,Kreditkarte,HOOD-ZP-XL-SCH,Zip-Hoodie Heavy,XL,Schwarz,1,89.9,89.9,28.0
AB-2026-10467,2026-01-22,Eigener Shop,K-10413,PayPal,CAP-LG-S-OLI,Cap Logo,S,Oliv,1,24.9,24.9,6.0
AB-2026-10467,2026-01-22,Eigener Shop,K-10413,PayPal,CAP-LG-XS-OLI,Cap Logo,XS,Oliv,1,24.9,24.9,6.0
AB-2026-10468,2026-06-08,Amazon,K-15330,Vorkasse,JOG-CL-XL-NAV,Jogger Classic,XL,Navy,1,64.9,64.9,19.5
AB-2026-10468,2026-06-08,Amazon,K-15330,Vorkasse,JOG-CL-XL-OLI,Jogger Classic,XL,Oliv,1,64.9,64.9,19.5
AB-2026-10468,2026-06-08,Amazon,K-15330,Vorkasse,SOCK-3P-XS-NAV,Sneaker Socken 3er-Pack,XS,Navy,1,19.9,19.9,4.8
AB-2026-10469,2026-01-12,Eigener Shop,K-10119,Rechnungskauf,SOCK-3P-M-OLI,Sneaker Socken 3er-Pack,M,Oliv,1,19.9,19.9,4.8
AB-2026-10470,2026-02-06,Eigener Shop,K-12718,Rechnungskauf,JKT-RN-S-WEI,Regenjacke Tech,S,Weiss,1,119.9,119.9,84.0
AB-2026-10470,2026-02-06,Eigener Shop,K-12718,Rechnungskauf,JKT-RN-M-WEI,Regenjacke Tech,M,Weiss,1,119.9,119.9,84.0
AB-2026-10471,2026-01-25,Zalando,K-16504,Kreditkarte,TEE-OVS-XL-OLI,T-Shirt Oversized,XL,Oliv,1,34.9,34.9,9.0
AB-2026-10471,2026-01-25,Zalando,K-16504,Kreditkarte,TEE-BAS-XS-SCH,T-Shirt Basic,XS,Schwarz,1,29.9,29.9,7.5
AB-2026-10472,2026-02-23,Eigener Shop,K-19007,PayPal,TEE-BAS-L-SCH,T-Shirt Basic,L,Schwarz,1,29.9,29.9,7.5
AB-2026-10473,2026-04-03,Amazon,K-13122,PayPal,HOOD-ZP-M-WEI,Zip-Hoodie Heavy,M,Weiss,1,89.9,89.9,28.0
AB-2026-10473,2026-04-03,Amazon,K-13122,PayPal,HOOD-ZP-S-SCH,Zip-Hoodie Heavy,S,Schwarz,1,89.9,89.9,28.0
AB-2026-10473,2026-04-03,Amazon,K-13122,PayPal,JOG-CL-M-WEI,Jogger Classic,M,Weiss,1,64.9,64.9,19.5
AB-2026-10474,2026-06-27,Amazon,K-15308,Vorkasse,JKT-RN-XL-SCH,Regenjacke Tech,XL,Schwarz,1,119.9,119.9,84.0
AB-2026-10474,2026-06-27,Amazon,K-15308,Vorkasse,JKT-RN-S-SCH,Regenjacke Tech,S,Schwarz,1,119.9,119.9,84.0
AB-2026-10474,2026-06-27,Amazon,K-15308,Vorkasse,CAP-LG-S-OLI,Cap Logo,S,Oliv,1,24.9,24.9,6.0
AB-2026-10474,2026-06-27,Amazon,K-15308,Vorkasse,CAP-LG-XS-OLI,Cap Logo,XS,Oliv,1,24.9,24.9,6.0
AB-2026-10475,2026-06-20,Eigener Shop,K-13080,Rechnungskauf,HOOD-ZP-L-WEI,Zip-Hoodie Heavy,L,Weiss,1,89.9,89.9,28.0
AB-2026-10475,2026-06-20,Eigener Shop,K-13080,Rechnungskauf,JKT-RN-S-SCH,Regenjacke Tech,S,Schwarz,1,119.9,119.9,84.0
AB-2026-10476,2026-03-21,Amazon,K-10229,Kreditkarte,TEE-BAS-XL-OLI,T-Shirt Basic,XL,Oliv,1,29.9,29.9,7.5
AB-2026-10477,2026-06-29,Eigener Shop,K-14154,Rechnungskauf,KLEID-PR-XS-OLI,Sommerkleid Print,XS,Oliv,1,79.9,79.9,24.0
AB-2026-10477,2026-06-29,Eigener Shop,K-14154,Rechnungskauf,CAP-LG-XS-NAV,Cap Logo,XS,Navy,1,24.9,24.9,6.0
AB-2026-10477,2026-06-29,Eigener Shop,K-14154,Rechnungskauf,HOOD-ZP-XL-SCH,Zip-Hoodie Heavy,XL,Schwarz,1,89.9,89.9,28.0
AB-2026-10478,2026-05-21,Eigener Shop,K-13454,Kreditkarte,JOG-CL-L-NAV,Jogger Classic,L,Navy,1,64.9,64.9,19.5
AB-2026-10478,2026-05-21,Eigener Shop,K-13454,Kreditkarte,HOOD-ZP-L-WEI,Zip-Hoodie Heavy,L,Weiss,1,89.9,89.9,28.0
AB-2026-10479,2026-04-20,Amazon,K-15797,Kreditkarte,HOOD-ZP-XL-SCH,Zip-Hoodie Heavy,XL,Schwarz,1,89.9,89.9,28.0
AB-2026-10480,2026-04-16,Amazon,K-11901,Vorkasse,HOOD-ZP-S-SCH,Zip-Hoodie Heavy,S,Schwarz,1,89.9,89.9,28.0
AB-2026-10481,2026-03-01,Amazon,K-10015,Kreditkarte,JOG-CL-XS-SCH,Jogger Classic,XS,Schwarz,1,64.9,64.9,19.5
AB-2026-10482,2026-04-04,Eigener Shop,K-15691,Kreditkarte,CAP-LG-XL-NAV,Cap Logo,XL,Navy,1,24.9,24.9,6.0
AB-2026-10483,2026-05-30,Amazon,K-17707,Vorkasse,SOCK-3P-S-WEI,Sneaker Socken 3er-Pack,S,Weiss,1,19.9,19.9,4.8
AB-2026-10483,2026-05-30,Amazon,K-17707,Vorkasse,HOOD-ZP-M-WEI,Zip-Hoodie Heavy,M,Weiss,1,89.9,89.9,28.0
AB-2026-10484,2026-04-09,Zalando,K-18522,PayPal,KLEID-PR-M-OLI,Sommerkleid Print,M,Oliv,1,79.9,79.9,24.0
AB-2026-10484,2026-04-09,Zalando,K-18522,PayPal,TEE-BAS-M-WEI,T-Shirt Basic,M,Weiss,1,29.9,29.9,7.5
AB-2026-10485,2026-04-15,Eigener Shop,K-15346,Rechnungskauf,SOCK-3P-XL-SCH,Sneaker Socken 3er-Pack,XL,Schwarz,1,19.9,19.9,4.8
AB-2026-10486,2026-05-17,Eigener Shop,K-16798,Vorkasse,KLEID-PR-M-OLI,Sommerkleid Print,M,Oliv,1,79.9,79.9,24.0
AB-2026-10486,2026-05-17,Eigener Shop,K-16798,Vorkasse,TEE-BAS-L-SCH,T-Shirt Basic,L,Schwarz,1,29.9,29.9,7.5
AB-2026-10487,2026-01-05,Amazon,K-17497,Rechnungskauf,HOOD-ZP-S-SCH,Zip-Hoodie Heavy,S,Schwarz,1,89.9,89.9,28.0
AB-2026-10487,2026-01-05,Amazon,K-17497,Rechnungskauf,HOOD-ZP-XS-WEI,Zip-Hoodie Heavy,XS,Weiss,1,89.9,89.9,28.0
AB-2026-10488,2026-04-09,Zalando,K-19989,Rechnungskauf,TEE-OVS-M-WEI,T-Shirt Oversized,M,Weiss,1,34.9,34.9,9.0
AB-2026-10488,2026-04-09,Zalando,K-19989,Rechnungskauf,TEE-OVS-S-NAV,T-Shirt Oversized,S,Navy,1,34.9,34.9,9.0
AB-2026-10489,2026-06-27,Amazon,K-14311,Rechnungskauf,TEE-OVS-XS-WEI,T-Shirt Oversized,XS,Weiss,1,34.9,34.9,9.0
AB-2026-10489,2026-06-27,Amazon,K-14311,Rechnungskauf,TEE-BAS-XS-WEI,T-Shirt Basic,XS,Weiss,1,29.9,29.9,7.5
AB-2026-10490,2026-03-06,Amazon,K-18448,Kreditkarte,HOOD-ZP-XS-SCH,Zip-Hoodie Heavy,XS,Schwarz,1,89.9,89.9,28.0
AB-2026-10491,2026-05-15,Eigener Shop,K-11155,Rechnungskauf,KLEID-PR-XS-OLI,Sommerkleid Print,XS,Oliv,1,79.9,79.9,24.0
AB-2026-10491,2026-05-15,Eigener Shop,K-11155,Rechnungskauf,JKT-RN-XS-WEI,Regenjacke Tech,XS,Weiss,1,119.9,119.9,84.0
AB-2026-10492,2026-05-25,Eigener Shop,K-14165,Rechnungskauf,HOOD-CL-M-OLI,Hoodie Classic,M,Oliv,1,69.9,69.9,21.0
AB-2026-10493,2026-04-18,Eigener Shop,K-15496,Rechnungskauf,JOG-CL-XS-OLI,Jogger Classic,XS,Oliv,1,64.9,64.9,19.5
AB-2026-10494,2026-05-05,Eigener Shop,K-18628,Rechnungskauf,JOG-CL-XL-NAV,Jogger Classic,XL,Navy,1,64.9,64.9,19.5
AB-2026-10495,2026-04-15,Amazon,K-13322,Vorkasse,JOG-CL-M-OLI,Jogger Classic,M,Oliv,1,64.9,64.9,19.5
AB-2026-10495,2026-04-15,Amazon,K-13322,Vorkasse,CAP-LG-L-WEI,Cap Logo,L,Weiss,1,24.9,24.9,6.0
AB-2026-10496,2026-04-20,Eigener Shop,K-15537,Vorkasse,HOOD-ZP-XS-WEI,Zip-Hoodie Heavy,XS,Weiss,1,89.9,89.9,28.0
AB-2026-10497,2026-03-15,Eigener Shop,K-15365,PayPal,TEE-BAS-S-WEI,T-Shirt Basic,S,Weiss,1,29.9,29.9,7.5
AB-2026-10497,2026-03-15,Eigener Shop,K-15365,PayPal,SOCK-3P-L-NAV,Sneaker Socken 3er-Pack,L,Navy,1,19.9,19.9,4.8
AB-2026-10498,2026-03-16,Amazon,K-12425,Kreditkarte,HOOD-ZP-M-WEI,Zip-Hoodie Heavy,M,Weiss,1,89.9,89.9,28.0
AB-2026-10499,2026-04-23,Eigener Shop,K-16104,Kreditkarte,HOOD-ZP-S-SCH,Zip-Hoodie Heavy,S,Schwarz,1,89.9,89.9,28.0
AB-2026-10500,2026-01-19,Eigener Shop,K-18611,PayPal,TEE-BAS-L-OLI,T-Shirt Basic,L,Oliv,1,29.9,29.9,7.5
AB-2026-10500,2026-01-19,Eigener Shop,K-18611,PayPal,TEE-BAS-M-WEI,T-Shirt Basic,M,Weiss,1,29.9,29.9,7.5
AB-2026-10501,2026-04-06,Eigener Shop,K-15254,PayPal,HOOD-CL-S-SCH,Hoodie Classic,S,Schwarz,1,69.9,69.9,21.0
AB-2026-10502,2026-02-03,Eigener Shop,K-11573,Rechnungskauf,HOOD-ZP-XS-WEI,Zip-Hoodie Heavy,XS,Weiss,1,89.9,89.9,28.0
AB-2026-10502,2026-02-03,Eigener Shop,K-11573,Rechnungskauf,JKT-RN-M-SCH,Regenjacke Tech,M,Schwarz,1,119.9,119.9,84.0
AB-2026-10503,2026-01-18,Amazon,K-10094,Rechnungskauf,JKT-RN-XS-SCH,Regenjacke Tech,XS,Schwarz,1,119.9,119.9,84.0
AB-2026-10504,2026-03-05,Amazon,K-12188,Kreditkarte,KLEID-PR-L-NAV,Sommerkleid Print,L,Navy,1,79.9,79.9,24.0
AB-2026-10504,2026-03-05,Amazon,K-12188,Kreditkarte,TEE-OVS-S-SCH,T-Shirt Oversized,S,Schwarz,1,34.9,34.9,9.0
AB-2026-10505,2026-02-17,Amazon,K-10709,Rechnungskauf,JOG-CL-S-NAV,Jogger Classic,S,Navy,1,64.9,64.9,19.5
AB-2026-10505,2026-02-17,Amazon,K-10709,Rechnungskauf,JOG-CL-L-OLI,Jogger Classic,L,Oliv,1,64.9,64.9,19.5
AB-2026-10506,2026-02-06,Eigener Shop,K-10254,Vorkasse,HOOD-ZP-XL-WEI,Zip-Hoodie Heavy,XL,Weiss,1,89.9,89.9,28.0
AB-2026-10507,2026-05-20,Eigener Shop,K-13714,Kreditkarte,KLEID-PR-XS-WEI,Sommerkleid Print,XS,Weiss,1,79.9,79.9,24.0
AB-2026-10508,2026-04-22,Eigener Shop,K-15185,Kreditkarte,JKT-RN-L-WEI,Regenjacke Tech,L,Weiss,1,119.9,119.9,84.0
AB-2026-10508,2026-04-22,Eigener Shop,K-15185,Kreditkarte,HOOD-ZP-M-SCH,Zip-Hoodie Heavy,M,Schwarz,1,89.9,89.9,28.0
AB-2026-10509,2026-04-28,Eigener Shop,K-14738,Vorkasse,TEE-OVS-XL-WEI,T-Shirt Oversized,XL,Weiss,1,34.9,34.9,9.0
AB-2026-10510,2026-04-09,Amazon,K-14755,PayPal,SOCK-3P-M-OLI,Sneaker Socken 3er-Pack,M,Oliv,1,19.9,19.9,4.8
AB-2026-10511,2026-03-22,Amazon,K-17189,Kreditkarte,SOCK-3P-S-OLI,Sneaker Socken 3er-Pack,S,Oliv,1,19.9,19.9,4.8
AB-2026-10512,2026-06-09,Zalando,K-15936,PayPal,JKT-RN-XL-SCH,Regenjacke Tech,XL,Schwarz,1,119.9,119.9,84.0
AB-2026-10513,2026-06-27,Eigener Shop,K-16847,Rechnungskauf,JOG-CL-XS-NAV,Jogger Classic,XS,Navy,1,64.9,64.9,19.5
AB-2026-10513,2026-06-27,Eigener Shop,K-16847,Rechnungskauf,HOOD-CL-M-WEI,Hoodie Classic,M,Weiss,1,69.9,69.9,21.0
AB-2026-10514,2026-04-17,Amazon,K-12918,PayPal,HOOD-ZP-S-WEI,Zip-Hoodie Heavy,S,Weiss,1,89.9,89.9,28.0
AB-2026-10514,2026-04-17,Amazon,K-12918,PayPal,KLEID-PR-XS-SCH,Sommerkleid Print,XS,Schwarz,1,79.9,79.9,24.0
AB-2026-10515,2026-06-21,Amazon,K-17131,Rechnungskauf,HOOD-CL-XL-OLI,Hoodie Classic,XL,Oliv,1,69.9,69.9,21.0
AB-2026-10515,2026-06-21,Amazon,K-17131,Rechnungskauf,TEE-OVS-L-OLI,T-Shirt Oversized,L,Oliv,1,34.9,34.9,9.0
AB-2026-10515,2026-06-21,Amazon,K-17131,Rechnungskauf,JKT-RN-L-WEI,Regenjacke Tech,L,Weiss,1,119.9,119.9,84.0
AB-2026-10516,2026-03-11,Zalando,K-10973,PayPal,TEE-OVS-XL-NAV,T-Shirt Oversized,XL,Navy,1,34.9,34.9,9.0
AB-2026-10517,2026-04-03,Amazon,K-16916,Kreditkarte,KLEID-PR-S-WEI,Sommerkleid Print,S,Weiss,1,79.9,79.9,24.0
AB-2026-10517,2026-04-03,Amazon,K-16916,Kreditkarte,SOCK-3P-XL-OLI,Sneaker Socken 3er-Pack,XL,Oliv,1,19.9,19.9,4.8
AB-2026-10517,2026-04-03,Amazon,K-16916,Kreditkarte,HOOD-ZP-M-SCH,Zip-Hoodie Heavy,M,Schwarz,1,89.9,89.9,28.0
AB-2026-10518,2026-05-03,Zalando,K-16972,Rechnungskauf,JOG-CL-S-NAV,Jogger Classic,S,Navy,1,64.9,64.9,19.5
AB-2026-10519,2026-01-07,Eigener Shop,K-13093,PayPal,HOOD-CL-M-SCH,Hoodie Classic,M,Schwarz,1,69.9,69.9,21.0
AB-2026-10520,2026-05-27,Zalando,K-15144,PayPal,TEE-BAS-L-OLI,T-Shirt Basic,L,Oliv,1,29.9,29.9,7.5
AB-2026-10520,2026-05-27,Zalando,K-15144,PayPal,HOOD-ZP-XL-WEI,Zip-Hoodie Heavy,XL,Weiss,1,89.9,89.9,28.0
AB-2026-10521,2026-03-09,Eigener Shop,K-15397,Kreditkarte,HOOD-ZP-S-SCH,Zip-Hoodie Heavy,S,Schwarz,1,89.9,89.9,28.0
AB-2026-10522,2026-03-12,Amazon,K-15969,Rechnungskauf,JKT-RN-L-WEI,Regenjacke Tech,L,Weiss,1,119.9,119.9,84.0
AB-2026-10523,2026-06-22,Eigener Shop,K-19083,Kreditkarte,TEE-OVS-M-WEI,T-Shirt Oversized,M,Weiss,1,34.9,34.9,9.0
AB-2026-10523,2026-06-22,Eigener Shop,K-19083,Kreditkarte,HOOD-ZP-S-WEI,Zip-Hoodie Heavy,S,Weiss,1,89.9,89.9,28.0
AB-2026-10524,2026-02-19,Eigener Shop,K-14061,PayPal,JKT-RN-M-SCH,Regenjacke Tech,M,Schwarz,1,119.9,119.9,84.0
AB-2026-10524,2026-02-19,Eigener Shop,K-14061,PayPal,TEE-OVS-M-NAV,T-Shirt Oversized,M,Navy,1,34.9,34.9,9.0
AB-2026-10525,2026-05-21,Eigener Shop,K-18875,PayPal,HOOD-ZP-XS-SCH,Zip-Hoodie Heavy,XS,Schwarz,1,89.9,89.9,28.0
AB-2026-10525,2026-05-21,Eigener Shop,K-18875,PayPal,TEE-BAS-M-WEI,T-Shirt Basic,M,Weiss,1,29.9,29.9,7.5
AB-2026-10526,2026-03-30,Eigener Shop,K-11677,Rechnungskauf,SOCK-3P-M-OLI,Sneaker Socken 3er-Pack,M,Oliv,1,19.9,19.9,4.8
AB-2026-10527,2026-06-21,Amazon,K-15562,Vorkasse,HOOD-ZP-L-SCH,Zip-Hoodie Heavy,L,Schwarz,1,89.9,89.9,28.0
AB-2026-10527,2026-06-21,Amazon,K-15562,Vorkasse,TEE-BAS-M-OLI,T-Shirt Basic,M,Oliv,1,29.9,29.9,7.5
AB-2026-10528,2026-05-03,Eigener Shop,K-11011,Vorkasse,HOOD-CL-S-WEI,Hoodie Classic,S,Weiss,1,69.9,69.9,21.0
AB-2026-10529,2026-05-01,Eigener Shop,K-19158,Vorkasse,KLEID-PR-XL-OLI,Sommerkleid Print,XL,Oliv,1,79.9,79.9,24.0
AB-2026-10529,2026-05-01,Eigener Shop,K-19158,Vorkasse,HOOD-ZP-XL-SCH,Zip-Hoodie Heavy,XL,Schwarz,1,89.9,89.9,28.0
AB-2026-10530,2026-04-29,Eigener Shop,K-12911,PayPal,HOOD-ZP-XS-SCH,Zip-Hoodie Heavy,XS,Schwarz,1,89.9,89.9,28.0
AB-2026-10530,2026-04-29,Eigener Shop,K-12911,PayPal,TEE-OVS-XS-WEI,T-Shirt Oversized,XS,Weiss,1,34.9,34.9,9.0
AB-2026-10531,2026-03-08,Eigener Shop,K-18528,PayPal,CAP-LG-S-WEI,Cap Logo,S,Weiss,1,24.9,24.9,6.0
AB-2026-10532,2026-05-20,Eigener Shop,K-19667,Kreditkarte,KLEID-PR-XL-WEI,Sommerkleid Print,XL,Weiss,1,79.9,79.9,24.0
AB-2026-10532,2026-05-20,Eigener Shop,K-19667,Kreditkarte,KLEID-PR-L-WEI,Sommerkleid Print,L,Weiss,1,79.9,79.9,24.0
AB-2026-10533,2026-05-01,Zalando,K-16176,Kreditkarte,TEE-BAS-M-OLI,T-Shirt Basic,M,Oliv,1,29.9,29.9,7.5
AB-2026-10533,2026-05-01,Zalando,K-16176,Kreditkarte,JOG-CL-XL-NAV,Jogger Classic,XL,Navy,1,64.9,64.9,19.5
AB-2026-10534,2026-05-12,Eigener Shop,K-10014,Vorkasse,HOOD-ZP-M-WEI,Zip-Hoodie Heavy,M,Weiss,1,89.9,89.9,28.0
AB-2026-10534,2026-05-12,Eigener Shop,K-10014,Vorkasse,TEE-BAS-M-NAV,T-Shirt Basic,M,Navy,1,29.9,29.9,7.5
AB-2026-10535,2026-06-21,Zalando,K-19500,Rechnungskauf,CAP-LG-XL-SCH,Cap Logo,XL,Schwarz,1,24.9,24.9,6.0
AB-2026-10536,2026-01-20,Amazon,K-16261,Rechnungskauf,HOOD-ZP-L-WEI,Zip-Hoodie Heavy,L,Weiss,1,89.9,89.9,28.0
AB-2026-10537,2026-02-16,Amazon,K-12571,PayPal,JOG-CL-L-WEI,Jogger Classic,L,Weiss,1,64.9,64.9,19.5
AB-2026-10537,2026-02-16,Amazon,K-12571,PayPal,JKT-RN-L-SCH,Regenjacke Tech,L,Schwarz,1,119.9,119.9,84.0
AB-2026-10538,2026-04-04,Eigener Shop,K-18410,PayPal,SOCK-3P-L-WEI,Sneaker Socken 3er-Pack,L,Weiss,1,19.9,19.9,4.8
AB-2026-10539,2026-04-02,Eigener Shop,K-18852,PayPal,KLEID-PR-M-NAV,Sommerkleid Print,M,Navy,1,79.9,79.9,24.0
AB-2026-10539,2026-04-02,Eigener Shop,K-18852,PayPal,JOG-CL-XL-WEI,Jogger Classic,XL,Weiss,1,64.9,64.9,19.5
AB-2026-10540,2026-06-29,Eigener Shop,K-13481,Rechnungskauf,SOCK-3P-L-OLI,Sneaker Socken 3er-Pack,L,Oliv,1,19.9,19.9,4.8
AB-2026-10541,2026-01-19,Amazon,K-17053,PayPal,CAP-LG-XL-WEI,Cap Logo,XL,Weiss,1,24.9,24.9,6.0
AB-2026-10542,2026-05-14,Zalando,K-12108,PayPal,JKT-RN-XL-SCH,Regenjacke Tech,XL,Schwarz,1,119.9,119.9,84.0
AB-2026-10542,2026-05-14,Zalando,K-12108,PayPal,JKT-RN-M-SCH,Regenjacke Tech,M,Schwarz,1,119.9,119.9,84.0
AB-2026-10543,2026-05-27,Zalando,K-12488,Vorkasse,TEE-BAS-XS-OLI,T-Shirt Basic,XS,Oliv,1,29.9,29.9,7.5
AB-2026-10544,2026-01-09,Eigener Shop,K-14169,Kreditkarte,SOCK-3P-M-NAV,Sneaker Socken 3er-Pack,M,Navy,1,19.9,19.9,4.8
AB-2026-10544,2026-01-09,Eigener Shop,K-14169,Kreditkarte,HOOD-ZP-L-WEI,Zip-Hoodie Heavy,L,Weiss,1,89.9,89.9,28.0
AB-2026-10545,2026-06-01,Eigener Shop,K-12039,PayPal,SOCK-3P-S-SCH,Sneaker Socken 3er-Pack,S,Schwarz,1,19.9,19.9,4.8
AB-2026-10546,2026-02-14,Zalando,K-18252,Kreditkarte,CAP-LG-XS-NAV,Cap Logo,XS,Navy,1,24.9,24.9,6.0
AB-2026-10547,2026-02-22,Amazon,K-15761,PayPal,SOCK-3P-M-SCH,Sneaker Socken 3er-Pack,M,Schwarz,1,19.9,19.9,4.8
AB-2026-10548,2026-05-16,Eigener Shop,K-13077,Vorkasse,KLEID-PR-XL-SCH,Sommerkleid Print,XL,Schwarz,1,79.9,79.9,24.0
AB-2026-10548,2026-05-16,Eigener Shop,K-13077,Vorkasse,KLEID-PR-S-SCH,Sommerkleid Print,S,Schwarz,1,79.9,79.9,24.0
AB-2026-10549,2026-04-11,Eigener Shop,K-16082,PayPal,JKT-RN-XL-SCH,Regenjacke Tech,XL,Schwarz,1,119.9,119.9,84.0
AB-2026-10549,2026-04-11,Eigener Shop,K-16082,PayPal,HOOD-CL-XS-NAV,Hoodie Classic,XS,Navy,1,69.9,69.9,21.0
AB-2026-10550,2026-04-24,Eigener Shop,K-19973,PayPal,HOOD-ZP-S-WEI,Zip-Hoodie Heavy,S,Weiss,1,89.9,89.9,28.0
AB-2026-10550,2026-04-24,Eigener Shop,K-19973,PayPal,CAP-LG-M-NAV,Cap Logo,M,Navy,1,24.9,24.9,6.0
AB-2026-10551,2026-02-06,Eigener Shop,K-13934,PayPal,HOOD-CL-M-WEI,Hoodie Classic,M,Weiss,1,69.9,69.9,21.0
AB-2026-10551,2026-02-06,Eigener Shop,K-13934,PayPal,TEE-OVS-S-WEI,T-Shirt Oversized,S,Weiss,1,34.9,34.9,9.0
AB-2026-10551,2026-02-06,Eigener Shop,K-13934,PayPal,HOOD-ZP-XS-SCH,Zip-Hoodie Heavy,XS,Schwarz,1,89.9,89.9,28.0
AB-2026-10552,2026-06-10,Eigener Shop,K-16778,PayPal,HOOD-ZP-M-WEI,Zip-Hoodie Heavy,M,Weiss,1,89.9,89.9,28.0
AB-2026-10552,2026-06-10,Eigener Shop,K-16778,PayPal,CAP-LG-L-WEI,Cap Logo,L,Weiss,1,24.9,24.9,6.0
AB-2026-10553,2026-06-06,Eigener Shop,K-10119,Kreditkarte,SOCK-3P-XL-SCH,Sneaker Socken 3er-Pack,XL,Schwarz,1,19.9,19.9,4.8
AB-2026-10553,2026-06-06,Eigener Shop,K-10119,Kreditkarte,HOOD-ZP-XL-SCH,Zip-Hoodie Heavy,XL,Schwarz,1,89.9,89.9,28.0
AB-2026-10554,2026-01-03,Eigener Shop,K-18648,Vorkasse,HOOD-ZP-M-SCH,Zip-Hoodie Heavy,M,Schwarz,1,89.9,89.9,28.0
AB-2026-10554,2026-01-03,Eigener Shop,K-18648,Vorkasse,HOOD-ZP-S-SCH,Zip-Hoodie Heavy,S,Schwarz,1,89.9,89.9,28.0
AB-2026-10555,2026-05-27,Eigener Shop,K-19180,Rechnungskauf,HOOD-ZP-XS-WEI,Zip-Hoodie Heavy,XS,Weiss,1,89.9,89.9,28.0
AB-2026-10555,2026-05-27,Eigener Shop,K-19180,Rechnungskauf,HOOD-ZP-XS-SCH,Zip-Hoodie Heavy,XS,Schwarz,1,89.9,89.9,28.0
AB-2026-10556,2026-03-08,Eigener Shop,K-18966,Kreditkarte,HOOD-ZP-XS-SCH,Zip-Hoodie Heavy,XS,Schwarz,1,89.9,89.9,28.0
AB-2026-10557,2026-01-29,Eigener Shop,K-11306,PayPal,HOOD-ZP-S-SCH,Zip-Hoodie Heavy,S,Schwarz,1,89.9,89.9,28.0
AB-2026-10557,2026-01-29,Eigener Shop,K-11306,PayPal,HOOD-ZP-XS-WEI,Zip-Hoodie Heavy,XS,Weiss,1,89.9,89.9,28.0
AB-2026-10558,2026-01-18,Eigener Shop,K-14414,PayPal,JKT-RN-XL-SCH,Regenjacke Tech,XL,Schwarz,1,119.9,119.9,84.0
AB-2026-10558,2026-01-18,Eigener Shop,K-14414,PayPal,TEE-OVS-S-NAV,T-Shirt Oversized,S,Navy,1,34.9,34.9,9.0
AB-2026-10559,2026-02-21,Eigener Shop,K-12940,Rechnungskauf,HOOD-CL-XS-NAV,Hoodie Classic,XS,Navy,1,69.9,69.9,21.0
AB-2026-10560,2026-04-08,Eigener Shop,K-10066,Kreditkarte,JOG-CL-M-WEI,Jogger Classic,M,Weiss,1,64.9,64.9,19.5
AB-2026-10561,2026-05-03,Amazon,K-10411,Kreditkarte,HOOD-ZP-XS-SCH,Zip-Hoodie Heavy,XS,Schwarz,1,89.9,89.9,28.0
AB-2026-10561,2026-05-03,Amazon,K-10411,Kreditkarte,SOCK-3P-XS-NAV,Sneaker Socken 3er-Pack,XS,Navy,1,19.9,19.9,4.8
AB-2026-10562,2026-05-15,Amazon,K-15625,Vorkasse,JKT-RN-S-WEI,Regenjacke Tech,S,Weiss,1,119.9,119.9,84.0
AB-2026-10562,2026-05-15,Amazon,K-15625,Vorkasse,HOOD-ZP-S-SCH,Zip-Hoodie Heavy,S,Schwarz,1,89.9,89.9,28.0
AB-2026-10563,2026-03-24,Eigener Shop,K-15059,Vorkasse,JOG-CL-XS-NAV,Jogger Classic,XS,Navy,1,64.9,64.9,19.5
AB-2026-10563,2026-03-24,Eigener Shop,K-15059,Vorkasse,JKT-RN-S-SCH,Regenjacke Tech,S,Schwarz,1,119.9,119.9,84.0
AB-2026-10564,2026-04-20,Eigener Shop,K-16346,Vorkasse,CAP-LG-S-NAV,Cap Logo,S,Navy,1,24.9,24.9,6.0
AB-2026-10564,2026-04-20,Eigener Shop,K-16346,Vorkasse,TEE-BAS-M-NAV,T-Shirt Basic,M,Navy,1,29.9,29.9,7.5
AB-2026-10565,2026-03-09,Zalando,K-17061,Rechnungskauf,TEE-OVS-S-WEI,T-Shirt Oversized,S,Weiss,1,34.9,34.9,9.0
AB-2026-10566,2026-04-26,Eigener Shop,K-15440,Kreditkarte,KLEID-PR-S-OLI,Sommerkleid Print,S,Oliv,1,79.9,79.9,24.0
AB-2026-10566,2026-04-26,Eigener Shop,K-15440,Kreditkarte,TEE-OVS-XS-WEI,T-Shirt Oversized,XS,Weiss,1,34.9,34.9,9.0
AB-2026-10566,2026-04-26,Eigener Shop,K-15440,Kreditkarte,HOOD-CL-M-OLI,Hoodie Classic,M,Oliv,1,69.9,69.9,21.0
AB-2026-10567,2026-05-15,Eigener Shop,K-16782,Kreditkarte,HOOD-CL-M-SCH,Hoodie Classic,M,Schwarz,1,69.9,69.9,21.0
AB-2026-10568,2026-06-07,Eigener Shop,K-11844,Vorkasse,TEE-BAS-XS-OLI,T-Shirt Basic,XS,Oliv,1,29.9,29.9,7.5
AB-2026-10568,2026-06-07,Eigener Shop,K-11844,Vorkasse,TEE-BAS-XL-OLI,T-Shirt Basic,XL,Oliv,1,29.9,29.9,7.5
AB-2026-10568,2026-06-07,Eigener Shop,K-11844,Vorkasse,HOOD-ZP-XL-SCH,Zip-Hoodie Heavy,XL,Schwarz,1,89.9,89.9,28.0
AB-2026-10568,2026-06-07,Eigener Shop,K-11844,Vorkasse,HOOD-ZP-L-SCH,Zip-Hoodie Heavy,L,Schwarz,1,89.9,89.9,28.0
AB-2026-10569,2026-06-16,Eigener Shop,K-18595,Rechnungskauf,KLEID-PR-L-SCH,Sommerkleid Print,L,Schwarz,1,79.9,79.9,24.0
AB-2026-10570,2026-01-01,Eigener Shop,K-19528,PayPal,JKT-RN-XL-WEI,Regenjacke Tech,XL,Weiss,1,119.9,119.9,84.0
AB-2026-10570,2026-01-01,Eigener Shop,K-19528,PayPal,TEE-OVS-S-NAV,T-Shirt Oversized,S,Navy,1,34.9,34.9,9.0
AB-2026-10570,2026-01-01,Eigener Shop,K-19528,PayPal,JKT-RN-XS-WEI,Regenjacke Tech,XS,Weiss,1,119.9,119.9,84.0
AB-2026-10571,2026-03-03,Eigener Shop,K-14168,Vorkasse,HOOD-ZP-M-WEI,Zip-Hoodie Heavy,M,Weiss,1,89.9,89.9,28.0
AB-2026-10572,2026-01-24,Amazon,K-19914,PayPal,HOOD-CL-L-NAV,Hoodie Classic,L,Navy,1,69.9,69.9,21.0
AB-2026-10573,2026-03-23,Eigener Shop,K-10570,Vorkasse,HOOD-ZP-XS-SCH,Zip-Hoodie Heavy,XS,Schwarz,1,89.9,89.9,28.0
AB-2026-10573,2026-03-23,Eigener Shop,K-10570,Vorkasse,HOOD-ZP-M-WEI,Zip-Hoodie Heavy,M,Weiss,1,89.9,89.9,28.0
AB-2026-10574,2026-04-10,Eigener Shop,K-16927,Rechnungskauf,TEE-OVS-L-NAV,T-Shirt Oversized,L,Navy,1,34.9,34.9,9.0
AB-2026-10575,2026-01-08,Eigener Shop,K-10591,Rechnungskauf,HOOD-ZP-L-WEI,Zip-Hoodie Heavy,L,Weiss,1,89.9,89.9,28.0
AB-2026-10576,2026-04-09,Eigener Shop,K-17623,Kreditkarte,HOOD-CL-M-OLI,Hoodie Classic,M,Oliv,1,69.9,69.9,21.0
AB-2026-10576,2026-04-09,Eigener Shop,K-17623,Kreditkarte,TEE-OVS-S-WEI,T-Shirt Oversized,S,Weiss,1,34.9,34.9,9.0
AB-2026-10576,2026-04-09,Eigener Shop,K-17623,Kreditkarte,HOOD-ZP-XL-SCH,Zip-Hoodie Heavy,XL,Schwarz,1,89.9,89.9,28.0
AB-2026-10577,2026-04-16,Zalando,K-10847,Rechnungskauf,TEE-OVS-S-WEI,T-Shirt Oversized,S,Weiss,1,34.9,34.9,9.0
AB-2026-10578,2026-03-15,Zalando,K-10987,PayPal,JKT-RN-XL-WEI,Regenjacke Tech,XL,Weiss,1,119.9,119.9,84.0
AB-2026-10578,2026-03-15,Zalando,K-10987,PayPal,JKT-RN-M-WEI,Regenjacke Tech,M,Weiss,1,119.9,119.9,84.0
AB-2026-10578,2026-03-15,Zalando,K-10987,PayPal,HOOD-ZP-S-WEI,Zip-Hoodie Heavy,S,Weiss,1,89.9,89.9,28.0
AB-2026-10579,2026-05-26,Eigener Shop,K-12111,PayPal,HOOD-ZP-XS-SCH,Zip-Hoodie Heavy,XS,Schwarz,1,89.9,89.9,28.0
AB-2026-10580,2026-06-25,Zalando,K-17360,PayPal,TEE-OVS-M-SCH,T-Shirt Oversized,M,Schwarz,1,34.9,34.9,9.0
AB-2026-10581,2026-05-24,Eigener Shop,K-17397,Vorkasse,HOOD-ZP-L-WEI,Zip-Hoodie Heavy,L,Weiss,1,89.9,89.9,28.0
AB-2026-10581,2026-05-24,Eigener Shop,K-17397,Vorkasse,CAP-LG-L-NAV,Cap Logo,L,Navy,1,24.9,24.9,6.0
AB-2026-10582,2026-05-02,Zalando,K-16750,Rechnungskauf,TEE-OVS-M-OLI,T-Shirt Oversized,M,Oliv,1,34.9,34.9,9.0
AB-2026-10583,2026-04-04,Zalando,K-12268,Rechnungskauf,HOOD-ZP-M-WEI,Zip-Hoodie Heavy,M,Weiss,1,89.9,89.9,28.0
AB-2026-10583,2026-04-04,Zalando,K-12268,Rechnungskauf,KLEID-PR-S-WEI,Sommerkleid Print,S,Weiss,1,79.9,79.9,24.0
AB-2026-10584,2026-04-14,Eigener Shop,K-11102,Rechnungskauf,TEE-BAS-XS-SCH,T-Shirt Basic,XS,Schwarz,1,29.9,29.9,7.5
AB-2026-10585,2026-05-19,Eigener Shop,K-11793,Rechnungskauf,TEE-OVS-S-OLI,T-Shirt Oversized,S,Oliv,1,34.9,34.9,9.0
AB-2026-10586,2026-06-12,Eigener Shop,K-12000,Rechnungskauf,JOG-CL-L-NAV,Jogger Classic,L,Navy,1,64.9,64.9,19.5
AB-2026-10586,2026-06-12,Eigener Shop,K-12000,Rechnungskauf,CAP-LG-XL-NAV,Cap Logo,XL,Navy,1,24.9,24.9,6.0
AB-2026-10587,2026-06-09,Eigener Shop,K-14264,Kreditkarte,HOOD-ZP-S-WEI,Zip-Hoodie Heavy,S,Weiss,1,89.9,89.9,28.0
AB-2026-10588,2026-05-19,Eigener Shop,K-13543,PayPal,HOOD-ZP-XL-WEI,Zip-Hoodie Heavy,XL,Weiss,1,89.9,89.9,28.0
AB-2026-10589,2026-03-24,Amazon,K-14723,Kreditkarte,TEE-OVS-XL-SCH,T-Shirt Oversized,XL,Schwarz,1,34.9,34.9,9.0
AB-2026-10589,2026-03-24,Amazon,K-14723,Kreditkarte,JOG-CL-XL-WEI,Jogger Classic,XL,Weiss,1,64.9,64.9,19.5
AB-2026-10590,2026-02-26,Eigener Shop,K-16998,PayPal,HOOD-ZP-S-SCH,Zip-Hoodie Heavy,S,Schwarz,1,89.9,89.9,28.0
AB-2026-10591,2026-03-05,Zalando,K-14301,PayPal,JKT-RN-XS-SCH,Regenjacke Tech,XS,Schwarz,1,119.9,119.9,84.0
AB-2026-10592,2026-06-20,Eigener Shop,K-14033,Rechnungskauf,SOCK-3P-M-OLI,Sneaker Socken 3er-Pack,M,Oliv,1,19.9,19.9,4.8
AB-2026-10593,2026-02-11,Amazon,K-18777,Kreditkarte,TEE-BAS-M-OLI,T-Shirt Basic,M,Oliv,1,29.9,29.9,7.5
AB-2026-10593,2026-02-11,Amazon,K-18777,Kreditkarte,TEE-BAS-XS-NAV,T-Shirt Basic,XS,Navy,1,29.9,29.9,7.5
AB-2026-10594,2026-03-11,Eigener Shop,K-15248,Rechnungskauf,HOOD-CL-S-NAV,Hoodie Classic,S,Navy,1,69.9,69.9,21.0
AB-2026-10595,2026-01-26,Eigener Shop,K-10868,PayPal,JKT-RN-S-SCH,Regenjacke Tech,S,Schwarz,1,119.9,119.9,84.0
AB-2026-10595,2026-01-26,Eigener Shop,K-10868,PayPal,TEE-BAS-M-WEI,T-Shirt Basic,M,Weiss,1,29.9,29.9,7.5
AB-2026-10596,2026-04-22,Eigener Shop,K-18622,Kreditkarte,JKT-RN-L-SCH,Regenjacke Tech,L,Schwarz,1,119.9,119.9,84.0
AB-2026-10597,2026-04-05,Eigener Shop,K-19400,Rechnungskauf,TEE-BAS-S-WEI,T-Shirt Basic,S,Weiss,1,29.9,29.9,7.5
AB-2026-10598,2026-01-03,Eigener Shop,K-17281,PayPal,TEE-BAS-M-WEI,T-Shirt Basic,M,Weiss,1,29.9,29.9,7.5
AB-2026-10598,2026-01-03,Eigener Shop,K-17281,PayPal,KLEID-PR-XL-WEI,Sommerkleid Print,XL,Weiss,1,79.9,79.9,24.0
AB-2026-10599,2026-01-14,Zalando,K-13330,Vorkasse,JOG-CL-XL-SCH,Jogger Classic,XL,Schwarz,1,64.9,64.9,19.5
AB-2026-10600,2026-05-09,Eigener Shop,K-13699,Rechnungskauf,HOOD-ZP-XL-WEI,Zip-Hoodie Heavy,XL,Weiss,1,89.9,89.9,28.0
AB-2026-10600,2026-05-09,Eigener Shop,K-13699,Rechnungskauf,HOOD-ZP-L-WEI,Zip-Hoodie Heavy,L,Weiss,1,89.9,89.9,28.0
AB-2026-10601,2026-05-12,Eigener Shop,K-15409,Kreditkarte,HOOD-ZP-S-WEI,Zip-Hoodie Heavy,S,Weiss,1,89.9,89.9,28.0
AB-2026-10601,2026-05-12,Eigener Shop,K-15409,Kreditkarte,KLEID-PR-S-NAV,Sommerkleid Print,S,Navy,1,79.9,79.9,24.0
AB-2026-10602,2026-02-15,Amazon,K-13615,Rechnungskauf,JOG-CL-L-WEI,Jogger Classic,L,Weiss,1,64.9,64.9,19.5
AB-2026-10602,2026-02-15,Amazon,K-13615,Rechnungskauf,TEE-BAS-S-OLI,T-Shirt Basic,S,Oliv,1,29.9,29.9,7.5
AB-2026-10603,2026-03-16,Amazon,K-12462,PayPal,JKT-RN-S-WEI,Regenjacke Tech,S,Weiss,1,119.9,119.9,84.0
AB-2026-10603,2026-03-16,Amazon,K-12462,PayPal,HOOD-ZP-L-WEI,Zip-Hoodie Heavy,L,Weiss,1,89.9,89.9,28.0
AB-2026-10604,2026-02-08,Eigener Shop,K-15925,Vorkasse,JKT-RN-M-WEI,Regenjacke Tech,M,Weiss,1,119.9,119.9,84.0
AB-2026-10605,2026-03-11,Zalando,K-10442,Rechnungskauf,HOOD-CL-XS-WEI,Hoodie Classic,XS,Weiss,1,69.9,69.9,21.0
AB-2026-10605,2026-03-11,Zalando,K-10442,Rechnungskauf,HOOD-CL-M-WEI,Hoodie Classic,M,Weiss,1,69.9,69.9,21.0
AB-2026-10606,2026-03-08,Amazon,K-10102,Rechnungskauf,HOOD-CL-XS-OLI,Hoodie Classic,XS,Oliv,1,69.9,69.9,21.0
AB-2026-10606,2026-03-08,Amazon,K-10102,Rechnungskauf,HOOD-CL-M-OLI,Hoodie Classic,M,Oliv,1,69.9,69.9,21.0
AB-2026-10607,2026-04-19,Eigener Shop,K-19279,PayPal,HOOD-ZP-L-WEI,Zip-Hoodie Heavy,L,Weiss,1,89.9,89.9,28.0
AB-2026-10607,2026-04-19,Eigener Shop,K-19279,PayPal,HOOD-ZP-L-SCH,Zip-Hoodie Heavy,L,Schwarz,1,89.9,89.9,28.0
AB-2026-10608,2026-05-18,Eigener Shop,K-13726,Vorkasse,TEE-OVS-L-SCH,T-Shirt Oversized,L,Schwarz,1,34.9,34.9,9.0
AB-2026-10608,2026-05-18,Eigener Shop,K-13726,Vorkasse,KLEID-PR-M-SCH,Sommerkleid Print,M,Schwarz,1,79.9,79.9,24.0
AB-2026-10609,2026-05-24,Eigener Shop,K-13232,Vorkasse,SOCK-3P-XS-OLI,Sneaker Socken 3er-Pack,XS,Oliv,1,19.9,19.9,4.8
AB-2026-10609,2026-05-24,Eigener Shop,K-13232,Vorkasse,TEE-BAS-L-WEI,T-Shirt Basic,L,Weiss,1,29.9,29.9,7.5
AB-2026-10610,2026-05-15,Eigener Shop,K-13722,Rechnungskauf,TEE-OVS-S-WEI,T-Shirt Oversized,S,Weiss,1,34.9,34.9,9.0
AB-2026-10611,2026-05-15,Eigener Shop,K-14173,Kreditkarte,HOOD-ZP-L-WEI,Zip-Hoodie Heavy,L,Weiss,1,89.9,89.9,28.0
AB-2026-10612,2026-02-10,Eigener Shop,K-18511,Rechnungskauf,CAP-LG-S-WEI,Cap Logo,S,Weiss,1,24.9,24.9,6.0
AB-2026-10613,2026-03-18,Eigener Shop,K-19084,PayPal,HOOD-CL-XS-NAV,Hoodie Classic,XS,Navy,1,69.9,69.9,21.0
AB-2026-10614,2026-03-02,Amazon,K-10340,PayPal,TEE-BAS-XL-NAV,T-Shirt Basic,XL,Navy,1,29.9,29.9,7.5
AB-2026-10615,2026-03-14,Zalando,K-19679,PayPal,HOOD-ZP-XS-WEI,Zip-Hoodie Heavy,XS,Weiss,1,89.9,89.9,28.0
AB-2026-10616,2026-01-08,Eigener Shop,K-12350,Rechnungskauf,SOCK-3P-L-SCH,Sneaker Socken 3er-Pack,L,Schwarz,1,19.9,19.9,4.8
AB-2026-10617,2026-05-21,Eigener Shop,K-18114,PayPal,KLEID-PR-XL-SCH,Sommerkleid Print,XL,Schwarz,1,79.9,79.9,24.0
AB-2026-10618,2026-04-11,Eigener Shop,K-12225,Vorkasse,HOOD-CL-L-WEI,Hoodie Classic,L,Weiss,1,69.9,69.9,21.0
AB-2026-10619,2026-04-04,Amazon,K-19701,Rechnungskauf,KLEID-PR-L-WEI,Sommerkleid Print,L,Weiss,1,79.9,79.9,24.0
AB-2026-10619,2026-04-04,Amazon,K-19701,Rechnungskauf,JOG-CL-XS-OLI,Jogger Classic,XS,Oliv,1,64.9,64.9,19.5
AB-2026-10620,2026-02-15,Zalando,K-19452,Kreditkarte,HOOD-ZP-M-SCH,Zip-Hoodie Heavy,M,Schwarz,1,89.9,89.9,28.0
AB-2026-10620,2026-02-15,Zalando,K-19452,Kreditkarte,HOOD-ZP-XL-SCH,Zip-Hoodie Heavy,XL,Schwarz,1,89.9,89.9,28.0
AB-2026-10620,2026-02-15,Zalando,K-19452,Kreditkarte,TEE-OVS-M-SCH,T-Shirt Oversized,M,Schwarz,1,34.9,34.9,9.0
AB-2026-10620,2026-02-15,Zalando,K-19452,Kreditkarte,TEE-OVS-XS-SCH,T-Shirt Oversized,XS,Schwarz,1,34.9,34.9,9.0
AB-2026-10621,2026-03-17,Eigener Shop,K-14226,PayPal,HOOD-ZP-M-WEI,Zip-Hoodie Heavy,M,Weiss,1,89.9,89.9,28.0
AB-2026-10622,2026-04-06,Eigener Shop,K-16460,Rechnungskauf,HOOD-ZP-XL-WEI,Zip-Hoodie Heavy,XL,Weiss,1,89.9,89.9,28.0
AB-2026-10623,2026-03-09,Eigener Shop,K-11224,PayPal,HOOD-ZP-XS-SCH,Zip-Hoodie Heavy,XS,Schwarz,1,89.9,89.9,28.0
AB-2026-10623,2026-03-09,Eigener Shop,K-11224,PayPal,TEE-BAS-XL-SCH,T-Shirt Basic,XL,Schwarz,1,29.9,29.9,7.5
AB-2026-10624,2026-05-01,Amazon,K-11623,Kreditkarte,HOOD-ZP-XS-SCH,Zip-Hoodie Heavy,XS,Schwarz,1,89.9,89.9,28.0
AB-2026-10624,2026-05-01,Amazon,K-11623,Kreditkarte,HOOD-CL-XS-SCH,Hoodie Classic,XS,Schwarz,1,69.9,69.9,21.0
AB-2026-10625,2026-06-28,Eigener Shop,K-15533,Kreditkarte,TEE-BAS-L-WEI,T-Shirt Basic,L,Weiss,1,29.9,29.9,7.5
AB-2026-10625,2026-06-28,Eigener Shop,K-15533,Kreditkarte,HOOD-CL-XL-OLI,Hoodie Classic,XL,Oliv,1,69.9,69.9,21.0
AB-2026-10626,2026-05-03,Zalando,K-12728,PayPal,JOG-CL-L-SCH,Jogger Classic,L,Schwarz,1,64.9,64.9,19.5
AB-2026-10626,2026-05-03,Zalando,K-12728,PayPal,JOG-CL-XL-SCH,Jogger Classic,XL,Schwarz,1,64.9,64.9,19.5
AB-2026-10627,2026-01-27,Zalando,K-17838,Rechnungskauf,TEE-BAS-XL-NAV,T-Shirt Basic,XL,Navy,1,29.9,29.9,7.5
AB-2026-10627,2026-01-27,Zalando,K-17838,Rechnungskauf,TEE-BAS-XS-NAV,T-Shirt Basic,XS,Navy,1,29.9,29.9,7.5
AB-2026-10628,2026-01-15,Eigener Shop,K-17984,PayPal,HOOD-ZP-S-WEI,Zip-Hoodie Heavy,S,Weiss,1,89.9,89.9,28.0
AB-2026-10628,2026-01-15,Eigener Shop,K-17984,PayPal,TEE-BAS-XL-OLI,T-Shirt Basic,XL,Oliv,1,29.9,29.9,7.5
AB-2026-10629,2026-03-22,Eigener Shop,K-11955,Kreditkarte,HOOD-ZP-M-WEI,Zip-Hoodie Heavy,M,Weiss,1,89.9,89.9,28.0
AB-2026-10630,2026-02-14,Amazon,K-17542,Rechnungskauf,JOG-CL-XS-NAV,Jogger Classic,XS,Navy,1,64.9,64.9,19.5
AB-2026-10630,2026-02-14,Amazon,K-17542,Rechnungskauf,JKT-RN-XS-SCH,Regenjacke Tech,XS,Schwarz,1,119.9,119.9,84.0
AB-2026-10631,2026-03-02,Eigener Shop,K-10420,Vorkasse,TEE-BAS-XS-OLI,T-Shirt Basic,XS,Oliv,1,29.9,29.9,7.5
AB-2026-10631,2026-03-02,Eigener Shop,K-10420,Vorkasse,HOOD-CL-M-SCH,Hoodie Classic,M,Schwarz,1,69.9,69.9,21.0
AB-2026-10632,2026-05-05,Zalando,K-10537,PayPal,TEE-BAS-XL-OLI,T-Shirt Basic,XL,Oliv,1,29.9,29.9,7.5
AB-2026-10632,2026-05-05,Zalando,K-10537,PayPal,JKT-RN-L-WEI,Regenjacke Tech,L,Weiss,1,119.9,119.9,84.0
AB-2026-10632,2026-05-05,Zalando,K-10537,PayPal,TEE-BAS-L-WEI,T-Shirt Basic,L,Weiss,1,29.9,29.9,7.5
AB-2026-10633,2026-05-30,Eigener Shop,K-18713,PayPal,TEE-BAS-XS-SCH,T-Shirt Basic,XS,Schwarz,1,29.9,29.9,7.5
AB-2026-10633,2026-05-30,Eigener Shop,K-18713,PayPal,TEE-OVS-M-OLI,T-Shirt Oversized,M,Oliv,1,34.9,34.9,9.0
AB-2026-10634,2026-05-19,Eigener Shop,K-13065,PayPal,TEE-OVS-XS-NAV,T-Shirt Oversized,XS,Navy,1,34.9,34.9,9.0
AB-2026-10635,2026-01-01,Eigener Shop,K-19849,Rechnungskauf,KLEID-PR-XS-WEI,Sommerkleid Print,XS,Weiss,1,79.9,79.9,24.0
AB-2026-10636,2026-05-30,Eigener Shop,K-15617,Rechnungskauf,HOOD-CL-XS-NAV,Hoodie Classic,XS,Navy,1,69.9,69.9,21.0
AB-2026-10637,2026-02-14,Eigener Shop,K-12857,Rechnungskauf,SOCK-3P-S-NAV,Sneaker Socken 3er-Pack,S,Navy,1,19.9,19.9,4.8
AB-2026-10638,2026-02-04,Amazon,K-19358,Kreditkarte,HOOD-CL-M-SCH,Hoodie Classic,M,Schwarz,1,69.9,69.9,21.0
AB-2026-10638,2026-02-04,Amazon,K-19358,Kreditkarte,TEE-BAS-M-SCH,T-Shirt Basic,M,Schwarz,1,29.9,29.9,7.5
AB-2026-10638,2026-02-04,Amazon,K-19358,Kreditkarte,HOOD-ZP-L-WEI,Zip-Hoodie Heavy,L,Weiss,1,89.9,89.9,28.0
AB-2026-10639,2026-05-02,Amazon,K-10795,Rechnungskauf,SOCK-3P-L-SCH,Sneaker Socken 3er-Pack,L,Schwarz,1,19.9,19.9,4.8
AB-2026-10639,2026-05-02,Amazon,K-10795,Rechnungskauf,HOOD-ZP-XL-WEI,Zip-Hoodie Heavy,XL,Weiss,1,89.9,89.9,28.0
AB-2026-10640,2026-02-11,Eigener Shop,K-17826,Kreditkarte,HOOD-ZP-S-SCH,Zip-Hoodie Heavy,S,Schwarz,1,89.9,89.9,28.0
AB-2026-10640,2026-02-11,Eigener Shop,K-17826,Kreditkarte,HOOD-ZP-XS-SCH,Zip-Hoodie Heavy,XS,Schwarz,1,89.9,89.9,28.0
AB-2026-10640,2026-02-11,Eigener Shop,K-17826,Kreditkarte,SOCK-3P-L-WEI,Sneaker Socken 3er-Pack,L,Weiss,1,19.9,19.9,4.8
AB-2026-10640,2026-02-11,Eigener Shop,K-17826,Kreditkarte,SOCK-3P-M-WEI,Sneaker Socken 3er-Pack,M,Weiss,1,19.9,19.9,4.8
AB-2026-10641,2026-02-10,Eigener Shop,K-16046,Kreditkarte,TEE-BAS-XL-WEI,T-Shirt Basic,XL,Weiss,1,29.9,29.9,7.5
AB-2026-10642,2026-04-17,Eigener Shop,K-16790,Kreditkarte,TEE-BAS-L-NAV,T-Shirt Basic,L,Navy,1,29.9,29.9,7.5
AB-2026-10643,2026-05-13,Eigener Shop,K-14569,Rechnungskauf,KLEID-PR-XL-OLI,Sommerkleid Print,XL,Oliv,1,79.9,79.9,24.0
AB-2026-10644,2026-06-23,Eigener Shop,K-18418,PayPal,JOG-CL-S-NAV,Jogger Classic,S,Navy,1,64.9,64.9,19.5
AB-2026-10644,2026-06-23,Eigener Shop,K-18418,PayPal,HOOD-ZP-M-WEI,Zip-Hoodie Heavy,M,Weiss,1,89.9,89.9,28.0
AB-2026-10645,2026-05-21,Eigener Shop,K-16661,Rechnungskauf,HOOD-ZP-XS-SCH,Zip-Hoodie Heavy,XS,Schwarz,1,89.9,89.9,28.0
AB-2026-10645,2026-05-21,Eigener Shop,K-16661,Rechnungskauf,KLEID-PR-L-NAV,Sommerkleid Print,L,Navy,1,79.9,79.9,24.0
AB-2026-10646,2026-04-10,Eigener Shop,K-19062,Kreditkarte,TEE-OVS-M-SCH,T-Shirt Oversized,M,Schwarz,1,34.9,34.9,9.0
AB-2026-10647,2026-01-28,Eigener Shop,K-13171,Rechnungskauf,TEE-BAS-XL-OLI,T-Shirt Basic,XL,Oliv,1,29.9,29.9,7.5
AB-2026-10648,2026-03-20,Amazon,K-17157,Vorkasse,KLEID-PR-XL-SCH,Sommerkleid Print,XL,Schwarz,1,79.9,79.9,24.0
AB-2026-10649,2026-03-06,Eigener Shop,K-13216,Vorkasse,JKT-RN-S-SCH,Regenjacke Tech,S,Schwarz,1,119.9,119.9,84.0
AB-2026-10649,2026-03-06,Eigener Shop,K-13216,Vorkasse,SOCK-3P-XS-NAV,Sneaker Socken 3er-Pack,XS,Navy,1,19.9,19.9,4.8
AB-2026-10650,2026-05-16,Eigener Shop,K-13290,Rechnungskauf,SOCK-3P-XL-OLI,Sneaker Socken 3er-Pack,XL,Oliv,1,19.9,19.9,4.8
AB-2026-10650,2026-05-16,Eigener Shop,K-13290,Rechnungskauf,TEE-BAS-M-NAV,T-Shirt Basic,M,Navy,1,29.9,29.9,7.5
AB-2026-10651,2026-01-18,Zalando,K-18589,Vorkasse,JOG-CL-M-OLI,Jogger Classic,M,Oliv,1,64.9,64.9,19.5
AB-2026-10652,2026-05-27,Amazon,K-17675,PayPal,JOG-CL-L-WEI,Jogger Classic,L,Weiss,1,64.9,64.9,19.5
AB-2026-10653,2026-04-13,Eigener Shop,K-16701,Rechnungskauf,JKT-RN-XS-SCH,Regenjacke Tech,XS,Schwarz,1,119.9,119.9,84.0
AB-2026-10654,2026-01-08,Eigener Shop,K-18381,Vorkasse,HOOD-ZP-XL-WEI,Zip-Hoodie Heavy,XL,Weiss,1,89.9,89.9,28.0
AB-2026-10654,2026-01-08,Eigener Shop,K-18381,Vorkasse,HOOD-ZP-M-WEI,Zip-Hoodie Heavy,M,Weiss,1,89.9,89.9,28.0
AB-2026-10654,2026-01-08,Eigener Shop,K-18381,Vorkasse,SOCK-3P-S-SCH,Sneaker Socken 3er-Pack,S,Schwarz,1,19.9,19.9,4.8
AB-2026-10654,2026-01-08,Eigener Shop,K-18381,Vorkasse,SOCK-3P-M-SCH,Sneaker Socken 3er-Pack,M,Schwarz,1,19.9,19.9,4.8
AB-2026-10655,2026-03-30,Eigener Shop,K-19860,PayPal,HOOD-ZP-S-SCH,Zip-Hoodie Heavy,S,Schwarz,1,89.9,89.9,28.0
AB-2026-10656,2026-03-17,Amazon,K-11989,PayPal,HOOD-CL-S-WEI,Hoodie Classic,S,Weiss,1,69.9,69.9,21.0
AB-2026-10657,2026-03-28,Eigener Shop,K-12720,Kreditkarte,HOOD-CL-M-WEI,Hoodie Classic,M,Weiss,1,69.9,69.9,21.0
AB-2026-10658,2026-04-23,Eigener Shop,K-12246,Vorkasse,KLEID-PR-XL-WEI,Sommerkleid Print,XL,Weiss,1,79.9,79.9,24.0
AB-2026-10659,2026-04-25,Eigener Shop,K-11614,PayPal,JKT-RN-XS-SCH,Regenjacke Tech,XS,Schwarz,1,119.9,119.9,84.0
AB-2026-10659,2026-04-25,Eigener Shop,K-11614,PayPal,TEE-BAS-S-NAV,T-Shirt Basic,S,Navy,1,29.9,29.9,7.5
AB-2026-10660,2026-05-29,Eigener Shop,K-17728,PayPal,CAP-LG-L-WEI,Cap Logo,L,Weiss,1,24.9,24.9,6.0
AB-2026-10661,2026-01-02,Eigener Shop,K-13082,PayPal,JOG-CL-XS-WEI,Jogger Classic,XS,Weiss,1,64.9,64.9,19.5
AB-2026-10662,2026-01-25,Eigener Shop,K-14389,Vorkasse,JOG-CL-XL-OLI,Jogger Classic,XL,Oliv,1,64.9,64.9,19.5
AB-2026-10662,2026-01-25,Eigener Shop,K-14389,Vorkasse,KLEID-PR-XS-NAV,Sommerkleid Print,XS,Navy,1,79.9,79.9,24.0
AB-2026-10663,2026-05-11,Eigener Shop,K-10408,Rechnungskauf,KLEID-PR-XL-NAV,Sommerkleid Print,XL,Navy,1,79.9,79.9,24.0
AB-2026-10664,2026-01-30,Eigener Shop,K-19009,Vorkasse,CAP-LG-L-SCH,Cap Logo,L,Schwarz,1,24.9,24.9,6.0
AB-2026-10665,2026-04-20,Eigener Shop,K-13626,Kreditkarte,TEE-OVS-XL-NAV,T-Shirt Oversized,XL,Navy,1,34.9,34.9,9.0
AB-2026-10665,2026-04-20,Eigener Shop,K-13626,Kreditkarte,HOOD-ZP-S-SCH,Zip-Hoodie Heavy,S,Schwarz,1,89.9,89.9,28.0
AB-2026-10666,2026-02-14,Amazon,K-19311,Rechnungskauf,JKT-RN-L-SCH,Regenjacke Tech,L,Schwarz,1,119.9,119.9,84.0
AB-2026-10666,2026-02-14,Amazon,K-19311,Rechnungskauf,TEE-OVS-M-OLI,T-Shirt Oversized,M,Oliv,1,34.9,34.9,9.0
AB-2026-10667,2026-01-19,Amazon,K-16121,Rechnungskauf,TEE-BAS-L-OLI,T-Shirt Basic,L,Oliv,1,29.9,29.9,7.5
AB-2026-10668,2026-06-20,Zalando,K-18398,Rechnungskauf,TEE-OVS-XS-WEI,T-Shirt Oversized,XS,Weiss,1,34.9,34.9,9.0
AB-2026-10669,2026-04-21,Eigener Shop,K-12139,Kreditkarte,TEE-BAS-L-OLI,T-Shirt Basic,L,Oliv,1,29.9,29.9,7.5
AB-2026-10670,2026-03-30,Eigener Shop,K-12315,Rechnungskauf,KLEID-PR-XL-NAV,Sommerkleid Print,XL,Navy,1,79.9,79.9,24.0
AB-2026-10671,2026-03-20,Eigener Shop,K-17142,PayPal,TEE-BAS-M-OLI,T-Shirt Basic,M,Oliv,1,29.9,29.9,7.5
AB-2026-10672,2026-03-17,Zalando,K-16732,Rechnungskauf,TEE-OVS-XS-SCH,T-Shirt Oversized,XS,Schwarz,1,34.9,34.9,9.0
AB-2026-10673,2026-03-09,Eigener Shop,K-11435,PayPal,TEE-BAS-L-OLI,T-Shirt Basic,L,Oliv,1,29.9,29.9,7.5
AB-2026-10674,2026-01-27,Eigener Shop,K-13534,Rechnungskauf,HOOD-ZP-L-WEI,Zip-Hoodie Heavy,L,Weiss,1,89.9,89.9,28.0
AB-2026-10675,2026-02-11,Eigener Shop,K-15484,Rechnungskauf,TEE-BAS-XS-WEI,T-Shirt Basic,XS,Weiss,1,29.9,29.9,7.5
AB-2026-10676,2026-02-21,Eigener Shop,K-13291,Vorkasse,HOOD-ZP-XS-SCH,Zip-Hoodie Heavy,XS,Schwarz,1,89.9,89.9,28.0
AB-2026-10677,2026-05-25,Eigener Shop,K-12868,Rechnungskauf,TEE-BAS-M-OLI,T-Shirt Basic,M,Oliv,1,29.9,29.9,7.5
AB-2026-10678,2026-02-03,Amazon,K-18285,PayPal,HOOD-ZP-M-WEI,Zip-Hoodie Heavy,M,Weiss,1,89.9,89.9,28.0
AB-2026-10678,2026-02-03,Amazon,K-18285,PayPal,HOOD-ZP-S-SCH,Zip-Hoodie Heavy,S,Schwarz,1,89.9,89.9,28.0
AB-2026-10678,2026-02-03,Amazon,K-18285,PayPal,KLEID-PR-XS-NAV,Sommerkleid Print,XS,Navy,1,79.9,79.9,24.0
AB-2026-10679,2026-02-03,Eigener Shop,K-11884,PayPal,TEE-OVS-XL-NAV,T-Shirt Oversized,XL,Navy,1,34.9,34.9,9.0
AB-2026-10679,2026-02-03,Eigener Shop,K-11884,PayPal,TEE-BAS-XS-NAV,T-Shirt Basic,XS,Navy,1,29.9,29.9,7.5
AB-2026-10680,2026-03-25,Eigener Shop,K-10483,PayPal,SOCK-3P-L-WEI,Sneaker Socken 3er-Pack,L,Weiss,1,19.9,19.9,4.8
AB-2026-10680,2026-03-25,Eigener Shop,K-10483,PayPal,SOCK-3P-XS-WEI,Sneaker Socken 3er-Pack,XS,Weiss,1,19.9,19.9,4.8
AB-2026-10680,2026-03-25,Eigener Shop,K-10483,PayPal,JOG-CL-M-OLI,Jogger Classic,M,Oliv,1,64.9,64.9,19.5
AB-2026-10680,2026-03-25,Eigener Shop,K-10483,PayPal,JOG-CL-L-OLI,Jogger Classic,L,Oliv,1,64.9,64.9,19.5
AB-2026-10681,2026-05-28,Eigener Shop,K-12040,PayPal,JKT-RN-S-WEI,Regenjacke Tech,S,Weiss,1,119.9,119.9,84.0
AB-2026-10681,2026-05-28,Eigener Shop,K-12040,PayPal,JOG-CL-S-OLI,Jogger Classic,S,Oliv,1,64.9,64.9,19.5
AB-2026-10682,2026-01-03,Amazon,K-12462,PayPal,HOOD-CL-S-WEI,Hoodie Classic,S,Weiss,1,69.9,69.9,21.0
AB-2026-10682,2026-01-03,Amazon,K-12462,PayPal,JKT-RN-XL-SCH,Regenjacke Tech,XL,Schwarz,1,119.9,119.9,84.0
AB-2026-10683,2026-04-28,Eigener Shop,K-18384,Kreditkarte,TEE-BAS-L-SCH,T-Shirt Basic,L,Schwarz,1,29.9,29.9,7.5
AB-2026-10684,2026-01-26,Eigener Shop,K-12279,PayPal,SOCK-3P-XL-OLI,Sneaker Socken 3er-Pack,XL,Oliv,1,19.9,19.9,4.8
AB-2026-10684,2026-01-26,Eigener Shop,K-12279,PayPal,TEE-BAS-XL-NAV,T-Shirt Basic,XL,Navy,1,29.9,29.9,7.5
AB-2026-10685,2026-06-07,Amazon,K-17857,PayPal,CAP-LG-S-OLI,Cap Logo,S,Oliv,1,24.9,24.9,6.0
AB-2026-10686,2026-06-05,Zalando,K-12424,PayPal,SOCK-3P-XS-NAV,Sneaker Socken 3er-Pack,XS,Navy,1,19.9,19.9,4.8
AB-2026-10686,2026-06-05,Zalando,K-12424,PayPal,SOCK-3P-XL-SCH,Sneaker Socken 3er-Pack,XL,Schwarz,1,19.9,19.9,4.8
AB-2026-10686,2026-06-05,Zalando,K-12424,PayPal,HOOD-CL-XL-WEI,Hoodie Classic,XL,Weiss,1,69.9,69.9,21.0
AB-2026-10687,2026-06-22,Eigener Shop,K-15773,Kreditkarte,TEE-OVS-S-OLI,T-Shirt Oversized,S,Oliv,1,34.9,34.9,9.0
AB-2026-10688,2026-05-07,Eigener Shop,K-19507,Rechnungskauf,HOOD-ZP-S-SCH,Zip-Hoodie Heavy,S,Schwarz,1,89.9,89.9,28.0
AB-2026-10688,2026-05-07,Eigener Shop,K-19507,Rechnungskauf,TEE-BAS-XS-OLI,T-Shirt Basic,XS,Oliv,1,29.9,29.9,7.5
AB-2026-10689,2026-01-28,Eigener Shop,K-18725,Rechnungskauf,HOOD-ZP-L-SCH,Zip-Hoodie Heavy,L,Schwarz,1,89.9,89.9,28.0
AB-2026-10690,2026-05-10,Amazon,K-10167,Rechnungskauf,HOOD-CL-S-WEI,Hoodie Classic,S,Weiss,1,69.9,69.9,21.0
AB-2026-10691,2026-01-02,Eigener Shop,K-18309,Rechnungskauf,HOOD-ZP-XL-WEI,Zip-Hoodie Heavy,XL,Weiss,1,89.9,89.9,28.0
AB-2026-10692,2026-06-11,Eigener Shop,K-18141,PayPal,SOCK-3P-XS-SCH,Sneaker Socken 3er-Pack,XS,Schwarz,1,19.9,19.9,4.8
AB-2026-10693,2026-04-01,Zalando,K-16834,Kreditkarte,HOOD-ZP-L-WEI,Zip-Hoodie Heavy,L,Weiss,1,89.9,89.9,28.0
AB-2026-10694,2026-05-31,Eigener Shop,K-11024,PayPal,TEE-BAS-XS-OLI,T-Shirt Basic,XS,Oliv,1,29.9,29.9,7.5
AB-2026-10694,2026-05-31,Eigener Shop,K-11024,PayPal,JOG-CL-XL-NAV,Jogger Classic,XL,Navy,1,64.9,64.9,19.5
AB-2026-10695,2026-02-02,Eigener Shop,K-16803,PayPal,TEE-BAS-M-SCH,T-Shirt Basic,M,Schwarz,1,29.9,29.9,7.5
AB-2026-10695,2026-02-02,Eigener Shop,K-16803,PayPal,HOOD-ZP-XL-WEI,Zip-Hoodie Heavy,XL,Weiss,1,89.9,89.9,28.0
AB-2026-10696,2026-02-24,Eigener Shop,K-16008,Rechnungskauf,HOOD-ZP-XL-WEI,Zip-Hoodie Heavy,XL,Weiss,1,89.9,89.9,28.0
AB-2026-10697,2026-05-02,Amazon,K-13303,Rechnungskauf,HOOD-ZP-XS-SCH,Zip-Hoodie Heavy,XS,Schwarz,1,89.9,89.9,28.0
AB-2026-10697,2026-05-02,Amazon,K-13303,Rechnungskauf,KLEID-PR-L-WEI,Sommerkleid Print,L,Weiss,1,79.9,79.9,24.0
AB-2026-10697,2026-05-02,Amazon,K-13303,Rechnungskauf,HOOD-ZP-XL-WEI,Zip-Hoodie Heavy,XL,Weiss,1,89.9,89.9,28.0
AB-2026-10698,2026-04-07,Eigener Shop,K-15115,PayPal,HOOD-ZP-M-SCH,Zip-Hoodie Heavy,M,Schwarz,1,89.9,89.9,28.0
AB-2026-10699,2026-03-21,Eigener Shop,K-11555,Vorkasse,HOOD-CL-M-WEI,Hoodie Classic,M,Weiss,1,69.9,69.9,21.0
AB-2026-10700,2026-05-12,Amazon,K-13845,Rechnungskauf,JOG-CL-XS-NAV,Jogger Classic,XS,Navy,1,64.9,64.9,19.5
AB-2026-10700,2026-05-12,Amazon,K-13845,Rechnungskauf,HOOD-ZP-L-WEI,Zip-Hoodie Heavy,L,Weiss,1,89.9,89.9,28.0
AB-2026-10701,2026-04-04,Amazon,K-10024,Rechnungskauf,TEE-BAS-L-OLI,T-Shirt Basic,L,Oliv,1,29.9,29.9,7.5
AB-2026-10702,2026-05-14,Eigener Shop,K-12256,Vorkasse,CAP-LG-S-OLI,Cap Logo,S,Oliv,1,24.9,24.9,6.0
AB-2026-10703,2026-06-14,Eigener Shop,K-18388,PayPal,CAP-LG-S-NAV,Cap Logo,S,Navy,1,24.9,24.9,6.0
AB-2026-10704,2026-03-14,Zalando,K-11994,Kreditkarte,JOG-CL-L-OLI,Jogger Classic,L,Oliv,1,64.9,64.9,19.5
AB-2026-10704,2026-03-14,Zalando,K-11994,Kreditkarte,HOOD-ZP-L-SCH,Zip-Hoodie Heavy,L,Schwarz,1,89.9,89.9,28.0
AB-2026-10705,2026-01-04,Amazon,K-12741,Kreditkarte,CAP-LG-S-NAV,Cap Logo,S,Navy,1,24.9,24.9,6.0
AB-2026-10705,2026-01-04,Amazon,K-12741,Kreditkarte,HOOD-CL-S-SCH,Hoodie Classic,S,Schwarz,1,69.9,69.9,21.0
AB-2026-10706,2026-02-28,Eigener Shop,K-16964,PayPal,KLEID-PR-S-OLI,Sommerkleid Print,S,Oliv,1,79.9,79.9,24.0
AB-2026-10707,2026-02-05,Eigener Shop,K-14648,Kreditkarte,HOOD-ZP-XS-WEI,Zip-Hoodie Heavy,XS,Weiss,1,89.9,89.9,28.0
AB-2026-10708,2026-04-21,Amazon,K-15438,Kreditkarte,TEE-BAS-M-OLI,T-Shirt Basic,M,Oliv,1,29.9,29.9,7.5
AB-2026-10709,2026-06-15,Eigener Shop,K-15870,Rechnungskauf,JKT-RN-S-SCH,Regenjacke Tech,S,Schwarz,1,119.9,119.9,84.0
AB-2026-10710,2026-04-27,Eigener Shop,K-14038,Kreditkarte,JKT-RN-S-SCH,Regenjacke Tech,S,Schwarz,1,119.9,119.9,84.0
AB-2026-10711,2026-02-28,Eigener Shop,K-15779,Kreditkarte,TEE-OVS-XS-WEI,T-Shirt Oversized,XS,Weiss,1,34.9,34.9,9.0
AB-2026-10711,2026-02-28,Eigener Shop,K-15779,Kreditkarte,KLEID-PR-L-OLI,Sommerkleid Print,L,Oliv,1,79.9,79.9,24.0
AB-2026-10712,2026-06-28,Eigener Shop,K-11744,PayPal,SOCK-3P-XS-NAV,Sneaker Socken 3er-Pack,XS,Navy,1,19.9,19.9,4.8
AB-2026-10712,2026-06-28,Eigener Shop,K-11744,PayPal,SOCK-3P-L-NAV,Sneaker Socken 3er-Pack,L,Navy,1,19.9,19.9,4.8
AB-2026-10713,2026-05-13,Amazon,K-10262,Kreditkarte,HOOD-ZP-M-SCH,Zip-Hoodie Heavy,M,Schwarz,1,89.9,89.9,28.0
AB-2026-10714,2026-03-02,Eigener Shop,K-11248,Vorkasse,HOOD-CL-M-OLI,Hoodie Classic,M,Oliv,1,69.9,69.9,21.0
AB-2026-10714,2026-03-02,Eigener Shop,K-11248,Vorkasse,HOOD-CL-L-OLI,Hoodie Classic,L,Oliv,1,69.9,69.9,21.0
AB-2026-10714,2026-03-02,Eigener Shop,K-11248,Vorkasse,JOG-CL-XL-WEI,Jogger Classic,XL,Weiss,1,64.9,64.9,19.5
AB-2026-10714,2026-03-02,Eigener Shop,K-11248,Vorkasse,JOG-CL-XS-WEI,Jogger Classic,XS,Weiss,1,64.9,64.9,19.5
AB-2026-10715,2026-02-16,Eigener Shop,K-11179,Vorkasse,HOOD-ZP-L-SCH,Zip-Hoodie Heavy,L,Schwarz,1,89.9,89.9,28.0
AB-2026-10715,2026-02-16,Eigener Shop,K-11179,Vorkasse,SOCK-3P-XL-NAV,Sneaker Socken 3er-Pack,XL,Navy,1,19.9,19.9,4.8
AB-2026-10716,2026-01-26,Eigener Shop,K-14430,Kreditkarte,HOOD-ZP-XL-SCH,Zip-Hoodie Heavy,XL,Schwarz,1,89.9,89.9,28.0
AB-2026-10717,2026-01-17,Eigener Shop,K-12784,Kreditkarte,JKT-RN-XL-WEI,Regenjacke Tech,XL,Weiss,1,119.9,119.9,84.0
AB-2026-10717,2026-01-17,Eigener Shop,K-12784,Kreditkarte,JKT-RN-S-WEI,Regenjacke Tech,S,Weiss,1,119.9,119.9,84.0
AB-2026-10717,2026-01-17,Eigener Shop,K-12784,Kreditkarte,CAP-LG-S-NAV,Cap Logo,S,Navy,1,24.9,24.9,6.0
AB-2026-10717,2026-01-17,Eigener Shop,K-12784,Kreditkarte,CAP-LG-XL-NAV,Cap Logo,XL,Navy,1,24.9,24.9,6.0
AB-2026-10717,2026-01-17,Eigener Shop,K-12784,Kreditkarte,HOOD-ZP-XL-SCH,Zip-Hoodie Heavy,XL,Schwarz,1,89.9,89.9,28.0
AB-2026-10717,2026-01-17,Eigener Shop,K-12784,Kreditkarte,HOOD-ZP-M-SCH,Zip-Hoodie Heavy,M,Schwarz,1,89.9,89.9,28.0
AB-2026-10718,2026-06-26,Eigener Shop,K-15533,Kreditkarte,CAP-LG-XL-NAV,Cap Logo,XL,Navy,1,24.9,24.9,6.0
AB-2026-10718,2026-06-26,Eigener Shop,K-15533,Kreditkarte,CAP-LG-L-NAV,Cap Logo,L,Navy,1,24.9,24.9,6.0
AB-2026-10718,2026-06-26,Eigener Shop,K-15533,Kreditkarte,KLEID-PR-L-SCH,Sommerkleid Print,L,Schwarz,1,79.9,79.9,24.0
AB-2026-10718,2026-06-26,Eigener Shop,K-15533,Kreditkarte,KLEID-PR-S-SCH,Sommerkleid Print,S,Schwarz,1,79.9,79.9,24.0
AB-2026-10718,2026-06-26,Eigener Shop,K-15533,Kreditkarte,HOOD-ZP-XS-WEI,Zip-Hoodie Heavy,XS,Weiss,1,89.9,89.9,28.0
AB-2026-10718,2026-06-26,Eigener Shop,K-15533,Kreditkarte,HOOD-ZP-XL-WEI,Zip-Hoodie Heavy,XL,Weiss,1,89.9,89.9,28.0
AB-2026-10719,2026-01-06,Eigener Shop,K-11006,PayPal,JOG-CL-M-SCH,Jogger Classic,M,Schwarz,1,64.9,64.9,19.5
AB-2026-10720,2026-01-17,Amazon,K-15168,Vorkasse,TEE-BAS-S-WEI,T-Shirt Basic,S,Weiss,1,29.9,29.9,7.5
AB-2026-10721,2026-06-17,Amazon,K-18796,Rechnungskauf,CAP-LG-L-NAV,Cap Logo,L,Navy,1,24.9,24.9,6.0
AB-2026-10722,2026-01-03,Amazon,K-12800,Vorkasse,JOG-CL-L-SCH,Jogger Classic,L,Schwarz,1,64.9,64.9,19.5
AB-2026-10723,2026-03-21,Eigener Shop,K-16098,PayPal,JOG-CL-S-NAV,Jogger Classic,S,Navy,1,64.9,64.9,19.5
AB-2026-10724,2026-04-12,Eigener Shop,K-14278,Rechnungskauf,HOOD-ZP-XL-SCH,Zip-Hoodie Heavy,XL,Schwarz,1,89.9,89.9,28.0
AB-2026-10724,2026-04-12,Eigener Shop,K-14278,Rechnungskauf,KLEID-PR-S-OLI,Sommerkleid Print,S,Oliv,1,79.9,79.9,24.0
AB-2026-10725,2026-06-04,Zalando,K-10407,Rechnungskauf,CAP-LG-XS-WEI,Cap Logo,XS,Weiss,1,24.9,24.9,6.0
AB-2026-10725,2026-06-04,Zalando,K-10407,Rechnungskauf,JKT-RN-S-SCH,Regenjacke Tech,S,Schwarz,1,119.9,119.9,84.0
AB-2026-10725,2026-06-04,Zalando,K-10407,Rechnungskauf,JKT-RN-XS-SCH,Regenjacke Tech,XS,Schwarz,1,119.9,119.9,84.0
AB-2026-10726,2026-06-11,Eigener Shop,K-18707,Vorkasse,HOOD-CL-M-SCH,Hoodie Classic,M,Schwarz,1,69.9,69.9,21.0
AB-2026-10727,2026-03-27,Eigener Shop,K-12107,Rechnungskauf,TEE-BAS-M-SCH,T-Shirt Basic,M,Schwarz,1,29.9,29.9,7.5
AB-2026-10728,2026-02-01,Eigener Shop,K-14023,Rechnungskauf,HOOD-ZP-L-SCH,Zip-Hoodie Heavy,L,Schwarz,1,89.9,89.9,28.0
AB-2026-10729,2026-05-13,Eigener Shop,K-17288,Rechnungskauf,HOOD-ZP-XL-WEI,Zip-Hoodie Heavy,XL,Weiss,1,89.9,89.9,28.0
AB-2026-10730,2026-06-10,Amazon,K-13211,Kreditkarte,HOOD-ZP-XL-WEI,Zip-Hoodie Heavy,XL,Weiss,1,89.9,89.9,28.0
AB-2026-10731,2026-05-06,Amazon,K-13568,PayPal,JKT-RN-L-WEI,Regenjacke Tech,L,Weiss,1,119.9,119.9,84.0
AB-2026-10732,2026-03-27,Eigener Shop,K-10179,Rechnungskauf,SOCK-3P-L-NAV,Sneaker Socken 3er-Pack,L,Navy,1,19.9,19.9,4.8
AB-2026-10733,2026-04-19,Eigener Shop,K-16781,PayPal,HOOD-ZP-XS-WEI,Zip-Hoodie Heavy,XS,Weiss,1,89.9,89.9,28.0
AB-2026-10733,2026-04-19,Eigener Shop,K-16781,PayPal,JKT-RN-XL-SCH,Regenjacke Tech,XL,Schwarz,1,119.9,119.9,84.0
AB-2026-10734,2026-02-14,Eigener Shop,K-13956,PayPal,JKT-RN-L-SCH,Regenjacke Tech,L,Schwarz,1,119.9,119.9,84.0
AB-2026-10735,2026-02-17,Eigener Shop,K-18642,Vorkasse,TEE-OVS-S-SCH,T-Shirt Oversized,S,Schwarz,1,34.9,34.9,9.0
AB-2026-10736,2026-06-16,Eigener Shop,K-11749,Kreditkarte,TEE-OVS-XL-SCH,T-Shirt Oversized,XL,Schwarz,1,34.9,34.9,9.0
AB-2026-10737,2026-04-07,Eigener Shop,K-17526,PayPal,HOOD-ZP-XL-WEI,Zip-Hoodie Heavy,XL,Weiss,1,89.9,89.9,28.0
AB-2026-10738,2026-03-26,Eigener Shop,K-15074,PayPal,HOOD-CL-XL-WEI,Hoodie Classic,XL,Weiss,1,69.9,69.9,21.0
AB-2026-10739,2026-03-25,Eigener Shop,K-12334,PayPal,JKT-RN-XS-SCH,Regenjacke Tech,XS,Schwarz,1,119.9,119.9,84.0
AB-2026-10740,2026-03-03,Amazon,K-18587,PayPal,JKT-RN-M-SCH,Regenjacke Tech,M,Schwarz,1,119.9,119.9,84.0
AB-2026-10740,2026-03-03,Amazon,K-18587,PayPal,HOOD-ZP-XS-SCH,Zip-Hoodie Heavy,XS,Schwarz,1,89.9,89.9,28.0
AB-2026-10741,2026-05-30,Amazon,K-10631,PayPal,HOOD-ZP-M-SCH,Zip-Hoodie Heavy,M,Schwarz,1,89.9,89.9,28.0
AB-2026-10742,2026-04-01,Amazon,K-18265,PayPal,HOOD-ZP-S-SCH,Zip-Hoodie Heavy,S,Schwarz,1,89.9,89.9,28.0
AB-2026-10743,2026-01-22,Eigener Shop,K-17592,Kreditkarte,SOCK-3P-S-SCH,Sneaker Socken 3er-Pack,S,Schwarz,1,19.9,19.9,4.8
AB-2026-10743,2026-01-22,Eigener Shop,K-17592,Kreditkarte,TEE-OVS-S-OLI,T-Shirt Oversized,S,Oliv,1,34.9,34.9,9.0
AB-2026-10744,2026-01-06,Eigener Shop,K-17170,PayPal,KLEID-PR-XS-WEI,Sommerkleid Print,XS,Weiss,1,79.9,79.9,24.0
AB-2026-10745,2026-03-14,Amazon,K-18208,Vorkasse,HOOD-CL-XL-WEI,Hoodie Classic,XL,Weiss,1,69.9,69.9,21.0
AB-2026-10746,2026-06-17,Amazon,K-19690,Rechnungskauf,HOOD-ZP-XL-SCH,Zip-Hoodie Heavy,XL,Schwarz,1,89.9,89.9,28.0
AB-2026-10747,2026-02-09,Eigener Shop,K-12750,Kreditkarte,HOOD-ZP-XL-WEI,Zip-Hoodie Heavy,XL,Weiss,1,89.9,89.9,28.0
AB-2026-10747,2026-02-09,Eigener Shop,K-12750,Kreditkarte,HOOD-ZP-L-WEI,Zip-Hoodie Heavy,L,Weiss,1,89.9,89.9,28.0
AB-2026-10748,2026-02-04,Eigener Shop,K-12055,Rechnungskauf,HOOD-ZP-XS-SCH,Zip-Hoodie Heavy,XS,Schwarz,1,89.9,89.9,28.0
AB-2026-10749,2026-03-04,Eigener Shop,K-17192,Rechnungskauf,JKT-RN-S-SCH,Regenjacke Tech,S,Schwarz,1,119.9,119.9,84.0
AB-2026-10750,2026-05-10,Eigener Shop,K-10553,Vorkasse,HOOD-CL-S-SCH,Hoodie Classic,S,Schwarz,1,69.9,69.9,21.0
AB-2026-10751,2026-02-08,Amazon,K-18641,Vorkasse,SOCK-3P-L-NAV,Sneaker Socken 3er-Pack,L,Navy,1,19.9,19.9,4.8
AB-2026-10752,2026-06-09,Amazon,K-13340,Kreditkarte,TEE-BAS-L-NAV,T-Shirt Basic,L,Navy,1,29.9,29.9,7.5
AB-2026-10752,2026-06-09,Amazon,K-13340,Kreditkarte,TEE-OVS-XL-OLI,T-Shirt Oversized,XL,Oliv,1,34.9,34.9,9.0
AB-2026-10753,2026-02-20,Eigener Shop,K-17133,Vorkasse,SOCK-3P-XL-NAV,Sneaker Socken 3er-Pack,XL,Navy,1,19.9,19.9,4.8
AB-2026-10754,2026-02-06,Eigener Shop,K-11423,Rechnungskauf,HOOD-ZP-XL-WEI,Zip-Hoodie Heavy,XL,Weiss,1,89.9,89.9,28.0
AB-2026-10754,2026-02-06,Eigener Shop,K-11423,Rechnungskauf,HOOD-CL-M-WEI,Hoodie Classic,M,Weiss,1,69.9,69.9,21.0
AB-2026-10754,2026-02-06,Eigener Shop,K-11423,Rechnungskauf,TEE-BAS-XL-SCH,T-Shirt Basic,XL,Schwarz,1,29.9,29.9,7.5
AB-2026-10755,2026-05-12,Zalando,K-16869,PayPal,HOOD-CL-L-SCH,Hoodie Classic,L,Schwarz,1,69.9,69.9,21.0
AB-2026-10756,2026-02-21,Zalando,K-19230,Vorkasse,TEE-OVS-S-NAV,T-Shirt Oversized,S,Navy,1,34.9,34.9,9.0
AB-2026-10756,2026-02-21,Zalando,K-19230,Vorkasse,JOG-CL-L-OLI,Jogger Classic,L,Oliv,1,64.9,64.9,19.5
AB-2026-10757,2026-03-14,Eigener Shop,K-11451,Rechnungskauf,SOCK-3P-S-NAV,Sneaker Socken 3er-Pack,S,Navy,1,19.9,19.9,4.8
AB-2026-10758,2026-06-10,Zalando,K-14968,PayPal,TEE-BAS-XS-NAV,T-Shirt Basic,XS,Navy,1,29.9,29.9,7.5
AB-2026-10758,2026-06-10,Zalando,K-14968,PayPal,HOOD-ZP-XL-WEI,Zip-Hoodie Heavy,XL,Weiss,1,89.9,89.9,28.0
AB-2026-10758,2026-06-10,Zalando,K-14968,PayPal,TEE-BAS-XS-SCH,T-Shirt Basic,XS,Schwarz,1,29.9,29.9,7.5
AB-2026-10759,2026-03-20,Eigener Shop,K-12041,Rechnungskauf,HOOD-CL-S-WEI,Hoodie Classic,S,Weiss,1,69.9,69.9,21.0
AB-2026-10760,2026-03-17,Eigener Shop,K-15984,Rechnungskauf,HOOD-ZP-L-WEI,Zip-Hoodie Heavy,L,Weiss,1,89.9,89.9,28.0
AB-2026-10760,2026-03-17,Eigener Shop,K-15984,Rechnungskauf,TEE-BAS-XL-SCH,T-Shirt Basic,XL,Schwarz,1,29.9,29.9,7.5
AB-2026-10761,2026-01-13,Eigener Shop,K-14269,Kreditkarte,JOG-CL-S-NAV,Jogger Classic,S,Navy,1,64.9,64.9,19.5
AB-2026-10762,2026-01-29,Amazon,K-11722,PayPal,HOOD-ZP-XS-WEI,Zip-Hoodie Heavy,XS,Weiss,1,89.9,89.9,28.0
AB-2026-10762,2026-01-29,Amazon,K-11722,PayPal,KLEID-PR-S-SCH,Sommerkleid Print,S,Schwarz,1,79.9,79.9,24.0
AB-2026-10763,2026-05-11,Eigener Shop,K-14198,Kreditkarte,HOOD-CL-S-SCH,Hoodie Classic,S,Schwarz,1,69.9,69.9,21.0
AB-2026-10764,2026-05-24,Zalando,K-15836,PayPal,HOOD-CL-L-WEI,Hoodie Classic,L,Weiss,1,69.9,69.9,21.0
AB-2026-10764,2026-05-24,Zalando,K-15836,PayPal,TEE-OVS-M-OLI,T-Shirt Oversized,M,Oliv,1,34.9,34.9,9.0
AB-2026-10765,2026-06-11,Eigener Shop,K-13144,PayPal,HOOD-ZP-XS-SCH,Zip-Hoodie Heavy,XS,Schwarz,1,89.9,89.9,28.0
AB-2026-10765,2026-06-11,Eigener Shop,K-13144,PayPal,KLEID-PR-S-WEI,Sommerkleid Print,S,Weiss,1,79.9,79.9,24.0
AB-2026-10765,2026-06-11,Eigener Shop,K-13144,PayPal,JKT-RN-S-WEI,Regenjacke Tech,S,Weiss,1,119.9,119.9,84.0
AB-2026-10766,2026-03-02,Eigener Shop,K-15894,Rechnungskauf,HOOD-ZP-L-WEI,Zip-Hoodie Heavy,L,Weiss,1,89.9,89.9,28.0
AB-2026-10767,2026-05-31,Eigener Shop,K-13175,Kreditkarte,TEE-BAS-L-WEI,T-Shirt Basic,L,Weiss,1,29.9,29.9,7.5
AB-2026-10768,2026-04-19,Zalando,K-11375,PayPal,CAP-LG-XS-WEI,Cap Logo,XS,Weiss,1,24.9,24.9,6.0
AB-2026-10768,2026-04-19,Zalando,K-11375,PayPal,HOOD-CL-L-SCH,Hoodie Classic,L,Schwarz,1,69.9,69.9,21.0
AB-2026-10769,2026-01-04,Zalando,K-10084,Vorkasse,SOCK-3P-M-WEI,Sneaker Socken 3er-Pack,M,Weiss,1,19.9,19.9,4.8
AB-2026-10769,2026-01-04,Zalando,K-10084,Vorkasse,JKT-RN-XS-SCH,Regenjacke Tech,XS,Schwarz,1,119.9,119.9,84.0
AB-2026-10770,2026-03-22,Eigener Shop,K-16915,Kreditkarte,HOOD-ZP-M-WEI,Zip-Hoodie Heavy,M,Weiss,1,89.9,89.9,28.0
AB-2026-10771,2026-01-02,Eigener Shop,K-17337,PayPal,HOOD-ZP-XS-WEI,Zip-Hoodie Heavy,XS,Weiss,1,89.9,89.9,28.0
AB-2026-10772,2026-01-04,Amazon,K-10591,Rechnungskauf,HOOD-ZP-L-WEI,Zip-Hoodie Heavy,L,Weiss,1,89.9,89.9,28.0
AB-2026-10773,2026-06-10,Eigener Shop,K-10921,Rechnungskauf,KLEID-PR-L-SCH,Sommerkleid Print,L,Schwarz,1,79.9,79.9,24.0
AB-2026-10774,2026-03-30,Amazon,K-16311,Rechnungskauf,JOG-CL-M-SCH,Jogger Classic,M,Schwarz,1,64.9,64.9,19.5
AB-2026-10774,2026-03-30,Amazon,K-16311,Rechnungskauf,KLEID-PR-M-SCH,Sommerkleid Print,M,Schwarz,1,79.9,79.9,24.0
AB-2026-10775,2026-06-17,Eigener Shop,K-17416,Rechnungskauf,HOOD-ZP-XL-WEI,Zip-Hoodie Heavy,XL,Weiss,1,89.9,89.9,28.0
AB-2026-10775,2026-06-17,Eigener Shop,K-17416,Rechnungskauf,HOOD-ZP-XS-WEI,Zip-Hoodie Heavy,XS,Weiss,1,89.9,89.9,28.0
AB-2026-10776,2026-02-10,Eigener Shop,K-14051,PayPal,CAP-LG-XL-NAV,Cap Logo,XL,Navy,1,24.9,24.9,6.0
AB-2026-10777,2026-06-30,Amazon,K-19375,Rechnungskauf,CAP-LG-S-WEI,Cap Logo,S,Weiss,1,24.9,24.9,6.0
AB-2026-10778,2026-05-10,Amazon,K-19299,Rechnungskauf,SOCK-3P-XS-OLI,Sneaker Socken 3er-Pack,XS,Oliv,1,19.9,19.9,4.8
AB-2026-10779,2026-01-15,Eigener Shop,K-19834,Kreditkarte,TEE-OVS-L-SCH,T-Shirt Oversized,L,Schwarz,1,34.9,34.9,9.0
AB-2026-10780,2026-01-29,Eigener Shop,K-14074,PayPal,JKT-RN-L-SCH,Regenjacke Tech,L,Schwarz,1,119.9,119.9,84.0
AB-2026-10781,2026-06-28,Eigener Shop,K-15001,Rechnungskauf,HOOD-ZP-XL-SCH,Zip-Hoodie Heavy,XL,Schwarz,1,89.9,89.9,28.0
AB-2026-10781,2026-06-28,Eigener Shop,K-15001,Rechnungskauf,HOOD-CL-XS-SCH,Hoodie Classic,XS,Schwarz,1,69.9,69.9,21.0
AB-2026-10782,2026-05-09,Amazon,K-13151,Vorkasse,HOOD-ZP-XL-WEI,Zip-Hoodie Heavy,XL,Weiss,1,89.9,89.9,28.0
AB-2026-10782,2026-05-09,Amazon,K-13151,Vorkasse,JOG-CL-M-WEI,Jogger Classic,M,Weiss,1,64.9,64.9,19.5
AB-2026-10783,2026-01-29,Eigener Shop,K-19931,Rechnungskauf,JOG-CL-L-OLI,Jogger Classic,L,Oliv,1,64.9,64.9,19.5
AB-2026-10784,2026-04-21,Eigener Shop,K-13227,Rechnungskauf,JOG-CL-XL-SCH,Jogger Classic,XL,Schwarz,1,64.9,64.9,19.5
AB-2026-10784,2026-04-21,Eigener Shop,K-13227,Rechnungskauf,JOG-CL-L-SCH,Jogger Classic,L,Schwarz,1,64.9,64.9,19.5
AB-2026-10784,2026-04-21,Eigener Shop,K-13227,Rechnungskauf,KLEID-PR-S-NAV,Sommerkleid Print,S,Navy,1,79.9,79.9,24.0
AB-2026-10784,2026-04-21,Eigener Shop,K-13227,Rechnungskauf,KLEID-PR-XL-NAV,Sommerkleid Print,XL,Navy,1,79.9,79.9,24.0
AB-2026-10785,2026-06-09,Eigener Shop,K-17217,PayPal,TEE-OVS-L-WEI,T-Shirt Oversized,L,Weiss,1,34.9,34.9,9.0
AB-2026-10786,2026-01-08,Zalando,K-10301,PayPal,HOOD-ZP-L-WEI,Zip-Hoodie Heavy,L,Weiss,1,89.9,89.9,28.0
AB-2026-10786,2026-01-08,Zalando,K-10301,PayPal,JOG-CL-L-SCH,Jogger Classic,L,Schwarz,1,64.9,64.9,19.5
AB-2026-10787,2026-02-16,Eigener Shop,K-12118,PayPal,SOCK-3P-XS-OLI,Sneaker Socken 3er-Pack,XS,Oliv,1,19.9,19.9,4.8
AB-2026-10788,2026-01-29,Eigener Shop,K-12482,Rechnungskauf,JKT-RN-XL-SCH,Regenjacke Tech,XL,Schwarz,1,119.9,119.9,84.0
AB-2026-10788,2026-01-29,Eigener Shop,K-12482,Rechnungskauf,HOOD-ZP-XL-WEI,Zip-Hoodie Heavy,XL,Weiss,1,89.9,89.9,28.0
AB-2026-10789,2026-04-29,Amazon,K-12405,Vorkasse,TEE-BAS-M-OLI,T-Shirt Basic,M,Oliv,1,29.9,29.9,7.5
AB-2026-10789,2026-04-29,Amazon,K-12405,Vorkasse,HOOD-CL-L-SCH,Hoodie Classic,L,Schwarz,1,69.9,69.9,21.0
AB-2026-10790,2026-02-25,Zalando,K-17651,Vorkasse,TEE-BAS-XL-SCH,T-Shirt Basic,XL,Schwarz,1,29.9,29.9,7.5
AB-2026-10791,2026-01-16,Amazon,K-11489,PayPal,SOCK-3P-XS-SCH,Sneaker Socken 3er-Pack,XS,Schwarz,1,19.9,19.9,4.8
AB-2026-10791,2026-01-16,Amazon,K-11489,PayPal,JOG-CL-S-WEI,Jogger Classic,S,Weiss,1,64.9,64.9,19.5
AB-2026-10791,2026-01-16,Amazon,K-11489,PayPal,TEE-BAS-XL-WEI,T-Shirt Basic,XL,Weiss,1,29.9,29.9,7.5
AB-2026-10792,2026-06-11,Eigener Shop,K-14520,PayPal,TEE-BAS-M-NAV,T-Shirt Basic,M,Navy,1,29.9,29.9,7.5
AB-2026-10792,2026-06-11,Eigener Shop,K-14520,PayPal,TEE-OVS-S-SCH,T-Shirt Oversized,S,Schwarz,1,34.9,34.9,9.0
AB-2026-10793,2026-04-10,Zalando,K-13299,Vorkasse,JOG-CL-XS-WEI,Jogger Classic,XS,Weiss,1,64.9,64.9,19.5
AB-2026-10793,2026-04-10,Zalando,K-13299,Vorkasse,TEE-BAS-S-OLI,T-Shirt Basic,S,Oliv,1,29.9,29.9,7.5
AB-2026-10794,2026-02-08,Eigener Shop,K-12524,PayPal,KLEID-PR-M-SCH,Sommerkleid Print,M,Schwarz,1,79.9,79.9,24.0
AB-2026-10794,2026-02-08,Eigener Shop,K-12524,PayPal,TEE-BAS-L-WEI,T-Shirt Basic,L,Weiss,1,29.9,29.9,7.5
AB-2026-10794,2026-02-08,Eigener Shop,K-12524,PayPal,KLEID-PR-XL-SCH,Sommerkleid Print,XL,Schwarz,1,79.9,79.9,24.0
AB-2026-10795,2026-06-25,Eigener Shop,K-19194,Rechnungskauf,TEE-OVS-XL-OLI,T-Shirt Oversized,XL,Oliv,1,34.9,34.9,9.0
AB-2026-10796,2026-06-30,Amazon,K-19398,PayPal,JKT-RN-M-SCH,Regenjacke Tech,M,Schwarz,1,119.9,119.9,84.0
AB-2026-10797,2026-03-19,Eigener Shop,K-13875,Vorkasse,HOOD-ZP-M-WEI,Zip-Hoodie Heavy,M,Weiss,1,89.9,89.9,28.0
AB-2026-10798,2026-04-07,Eigener Shop,K-13371,Kreditkarte,CAP-LG-L-OLI,Cap Logo,L,Oliv,1,24.9,24.9,6.0
AB-2026-10799,2026-06-27,Eigener Shop,K-17301,PayPal,HOOD-CL-XL-OLI,Hoodie Classic,XL,Oliv,1,69.9,69.9,21.0
AB-2026-10800,2026-01-22,Zalando,K-17197,PayPal,TEE-OVS-M-SCH,T-Shirt Oversized,M,Schwarz,1,34.9,34.9,9.0
AB-2026-10801,2026-04-22,Eigener Shop,K-11303,PayPal,JKT-RN-XS-WEI,Regenjacke Tech,XS,Weiss,1,119.9,119.9,84.0
AB-2026-10801,2026-04-22,Eigener Shop,K-11303,PayPal,TEE-BAS-M-NAV,T-Shirt Basic,M,Navy,1,29.9,29.9,7.5
AB-2026-10801,2026-04-22,Eigener Shop,K-11303,PayPal,TEE-OVS-S-WEI,T-Shirt Oversized,S,Weiss,1,34.9,34.9,9.0
AB-2026-10802,2026-03-15,Eigener Shop,K-13384,Rechnungskauf,HOOD-CL-S-SCH,Hoodie Classic,S,Schwarz,1,69.9,69.9,21.0
AB-2026-10802,2026-03-15,Eigener Shop,K-13384,Rechnungskauf,HOOD-ZP-XS-SCH,Zip-Hoodie Heavy,XS,Schwarz,1,89.9,89.9,28.0
AB-2026-10802,2026-03-15,Eigener Shop,K-13384,Rechnungskauf,CAP-LG-XL-NAV,Cap Logo,XL,Navy,1,24.9,24.9,6.0
AB-2026-10803,2026-02-14,Amazon,K-19670,Rechnungskauf,TEE-BAS-M-NAV,T-Shirt Basic,M,Navy,1,29.9,29.9,7.5
AB-2026-10803,2026-02-14,Amazon,K-19670,Rechnungskauf,HOOD-ZP-S-SCH,Zip-Hoodie Heavy,S,Schwarz,1,89.9,89.9,28.0
AB-2026-10804,2026-05-28,Eigener Shop,K-15422,Kreditkarte,TEE-BAS-M-NAV,T-Shirt Basic,M,Navy,1,29.9,29.9,7.5
AB-2026-10805,2026-05-19,Amazon,K-18197,Kreditkarte,HOOD-CL-XS-WEI,Hoodie Classic,XS,Weiss,1,69.9,69.9,21.0
AB-2026-10805,2026-05-19,Amazon,K-18197,Kreditkarte,TEE-BAS-XL-OLI,T-Shirt Basic,XL,Oliv,1,29.9,29.9,7.5
AB-2026-10806,2026-05-03,Eigener Shop,K-15290,Rechnungskauf,SOCK-3P-S-NAV,Sneaker Socken 3er-Pack,S,Navy,1,19.9,19.9,4.8
AB-2026-10807,2026-05-15,Eigener Shop,K-14048,Rechnungskauf,HOOD-ZP-S-SCH,Zip-Hoodie Heavy,S,Schwarz,1,89.9,89.9,28.0
AB-2026-10807,2026-05-15,Eigener Shop,K-14048,Rechnungskauf,JKT-RN-M-SCH,Regenjacke Tech,M,Schwarz,1,119.9,119.9,84.0
AB-2026-10808,2026-01-05,Eigener Shop,K-11796,Rechnungskauf,HOOD-ZP-S-WEI,Zip-Hoodie Heavy,S,Weiss,1,89.9,89.9,28.0
AB-2026-10808,2026-01-05,Eigener Shop,K-11796,Rechnungskauf,CAP-LG-XL-OLI,Cap Logo,XL,Oliv,1,24.9,24.9,6.0
AB-2026-10808,2026-01-05,Eigener Shop,K-11796,Rechnungskauf,TEE-OVS-S-WEI,T-Shirt Oversized,S,Weiss,1,34.9,34.9,9.0
AB-2026-10809,2026-03-28,Eigener Shop,K-19630,PayPal,KLEID-PR-XL-WEI,Sommerkleid Print,XL,Weiss,1,79.9,79.9,24.0
AB-2026-10809,2026-03-28,Eigener Shop,K-19630,PayPal,JOG-CL-XS-OLI,Jogger Classic,XS,Oliv,1,64.9,64.9,19.5
AB-2026-10810,2026-05-10,Eigener Shop,K-15659,PayPal,JKT-RN-L-WEI,Regenjacke Tech,L,Weiss,1,119.9,119.9,84.0
AB-2026-10811,2026-05-15,Eigener Shop,K-10858,Rechnungskauf,TEE-BAS-S-SCH,T-Shirt Basic,S,Schwarz,1,29.9,29.9,7.5
AB-2026-10812,2026-03-28,Amazon,K-14505,PayPal,HOOD-ZP-L-SCH,Zip-Hoodie Heavy,L,Schwarz,1,89.9,89.9,28.0
AB-2026-10812,2026-03-28,Amazon,K-14505,PayPal,CAP-LG-XS-WEI,Cap Logo,XS,Weiss,1,24.9,24.9,6.0
AB-2026-10813,2026-01-27,Zalando,K-16662,Vorkasse,TEE-BAS-XS-WEI,T-Shirt Basic,XS,Weiss,1,29.9,29.9,7.5
AB-2026-10814,2026-05-15,Eigener Shop,K-10853,PayPal,HOOD-ZP-XS-SCH,Zip-Hoodie Heavy,XS,Schwarz,1,89.9,89.9,28.0
AB-2026-10814,2026-05-15,Eigener Shop,K-10853,PayPal,JKT-RN-XL-WEI,Regenjacke Tech,XL,Weiss,1,119.9,119.9,84.0
AB-2026-10815,2026-01-02,Amazon,K-12863,PayPal,KLEID-PR-L-NAV,Sommerkleid Print,L,Navy,1,79.9,79.9,24.0
AB-2026-10815,2026-01-02,Amazon,K-12863,PayPal,JOG-CL-S-WEI,Jogger Classic,S,Weiss,1,64.9,64.9,19.5
AB-2026-10816,2026-01-04,Amazon,K-13048,Rechnungskauf,KLEID-PR-XL-NAV,Sommerkleid Print,XL,Navy,1,79.9,79.9,24.0
AB-2026-10816,2026-01-04,Amazon,K-13048,Rechnungskauf,KLEID-PR-XS-OLI,Sommerkleid Print,XS,Oliv,1,79.9,79.9,24.0
AB-2026-10816,2026-01-04,Amazon,K-13048,Rechnungskauf,SOCK-3P-M-NAV,Sneaker Socken 3er-Pack,M,Navy,1,19.9,19.9,4.8
AB-2026-10817,2026-03-31,Amazon,K-11806,Rechnungskauf,CAP-LG-L-NAV,Cap Logo,L,Navy,1,24.9,24.9,6.0
AB-2026-10818,2026-04-25,Eigener Shop,K-13981,Kreditkarte,HOOD-ZP-M-WEI,Zip-Hoodie Heavy,M,Weiss,1,89.9,89.9,28.0
AB-2026-10818,2026-04-25,Eigener Shop,K-13981,Kreditkarte,TEE-BAS-L-NAV,T-Shirt Basic,L,Navy,1,29.9,29.9,7.5
AB-2026-10818,2026-04-25,Eigener Shop,K-13981,Kreditkarte,TEE-BAS-L-NAV,T-Shirt Basic,L,Navy,1,29.9,29.9,7.5
AB-2026-10819,2026-03-22,Zalando,K-18230,Kreditkarte,TEE-BAS-S-NAV,T-Shirt Basic,S,Navy,1,29.9,29.9,7.5
AB-2026-10820,2026-02-10,Eigener Shop,K-16370,Rechnungskauf,JOG-CL-L-SCH,Jogger Classic,L,Schwarz,1,64.9,64.9,19.5
AB-2026-10821,2026-01-18,Eigener Shop,K-14048,Kreditkarte,JKT-RN-XS-SCH,Regenjacke Tech,XS,Schwarz,1,119.9,119.9,84.0
AB-2026-10822,2026-02-07,Eigener Shop,K-15620,PayPal,HOOD-CL-XS-OLI,Hoodie Classic,XS,Oliv,1,69.9,69.9,21.0
AB-2026-10822,2026-02-07,Eigener Shop,K-15620,PayPal,TEE-BAS-XS-NAV,T-Shirt Basic,XS,Navy,1,29.9,29.9,7.5
AB-2026-10823,2026-01-26,Amazon,K-11759,Vorkasse,CAP-LG-M-NAV,Cap Logo,M,Navy,1,24.9,24.9,6.0
AB-2026-10824,2026-01-18,Eigener Shop,K-12185,Kreditkarte,TEE-OVS-L-NAV,T-Shirt Oversized,L,Navy,1,34.9,34.9,9.0
AB-2026-10824,2026-01-18,Eigener Shop,K-12185,Kreditkarte,TEE-OVS-XL-NAV,T-Shirt Oversized,XL,Navy,1,34.9,34.9,9.0
AB-2026-10825,2026-01-28,Eigener Shop,K-10850,PayPal,SOCK-3P-M-NAV,Sneaker Socken 3er-Pack,M,Navy,1,19.9,19.9,4.8
AB-2026-10825,2026-01-28,Eigener Shop,K-10850,PayPal,HOOD-ZP-M-SCH,Zip-Hoodie Heavy,M,Schwarz,1,89.9,89.9,28.0
AB-2026-10825,2026-01-28,Eigener Shop,K-10850,PayPal,KLEID-PR-XL-WEI,Sommerkleid Print,XL,Weiss,1,79.9,79.9,24.0
AB-2026-10826,2026-04-21,Eigener Shop,K-13584,Kreditkarte,SOCK-3P-XS-WEI,Sneaker Socken 3er-Pack,XS,Weiss,1,19.9,19.9,4.8
AB-2026-10827,2026-05-23,Eigener Shop,K-11785,Rechnungskauf,KLEID-PR-XL-NAV,Sommerkleid Print,XL,Navy,1,79.9,79.9,24.0
AB-2026-10827,2026-05-23,Eigener Shop,K-11785,Rechnungskauf,KLEID-PR-L-NAV,Sommerkleid Print,L,Navy,1,79.9,79.9,24.0
AB-2026-10828,2026-02-21,Eigener Shop,K-16915,Kreditkarte,TEE-BAS-M-WEI,T-Shirt Basic,M,Weiss,1,29.9,29.9,7.5
AB-2026-10828,2026-02-21,Eigener Shop,K-16915,Kreditkarte,HOOD-ZP-XS-SCH,Zip-Hoodie Heavy,XS,Schwarz,1,89.9,89.9,28.0
AB-2026-10828,2026-02-21,Eigener Shop,K-16915,Kreditkarte,TEE-OVS-M-OLI,T-Shirt Oversized,M,Oliv,1,34.9,34.9,9.0
AB-2026-10829,2026-05-30,Eigener Shop,K-16564,Rechnungskauf,TEE-BAS-S-SCH,T-Shirt Basic,S,Schwarz,1,29.9,29.9,7.5
AB-2026-10830,2026-06-19,Amazon,K-15415,PayPal,TEE-OVS-XS-SCH,T-Shirt Oversized,XS,Schwarz,1,34.9,34.9,9.0
AB-2026-10831,2026-03-13,Eigener Shop,K-17714,Kreditkarte,CAP-LG-L-SCH,Cap Logo,L,Schwarz,1,24.9,24.9,6.0
AB-2026-10832,2026-01-03,Eigener Shop,K-10560,Vorkasse,TEE-OVS-XS-OLI,T-Shirt Oversized,XS,Oliv,1,34.9,34.9,9.0
AB-2026-10833,2026-06-07,Eigener Shop,K-19749,Kreditkarte,HOOD-ZP-M-SCH,Zip-Hoodie Heavy,M,Schwarz,1,89.9,89.9,28.0
AB-2026-10834,2026-03-02,Eigener Shop,K-12880,PayPal,HOOD-CL-M-SCH,Hoodie Classic,M,Schwarz,1,69.9,69.9,21.0
AB-2026-10834,2026-03-02,Eigener Shop,K-12880,PayPal,HOOD-CL-M-WEI,Hoodie Classic,M,Weiss,1,69.9,69.9,21.0
AB-2026-10835,2026-02-14,Eigener Shop,K-17839,Kreditkarte,TEE-OVS-S-OLI,T-Shirt Oversized,S,Oliv,1,34.9,34.9,9.0
AB-2026-10836,2026-01-24,Amazon,K-16189,Rechnungskauf,HOOD-ZP-XL-WEI,Zip-Hoodie Heavy,XL,Weiss,1,89.9,89.9,28.0
AB-2026-10836,2026-01-24,Amazon,K-16189,Rechnungskauf,KLEID-PR-S-WEI,Sommerkleid Print,S,Weiss,1,79.9,79.9,24.0
AB-2026-10837,2026-04-12,Amazon,K-11652,PayPal,CAP-LG-XS-WEI,Cap Logo,XS,Weiss,1,24.9,24.9,6.0
AB-2026-10837,2026-04-12,Amazon,K-11652,PayPal,TEE-BAS-XL-OLI,T-Shirt Basic,XL,Oliv,1,29.9,29.9,7.5
AB-2026-10838,2026-05-13,Amazon,K-19159,Rechnungskauf,TEE-OVS-S-NAV,T-Shirt Oversized,S,Navy,1,34.9,34.9,9.0
AB-2026-10839,2026-06-24,Eigener Shop,K-16631,PayPal,CAP-LG-S-WEI,Cap Logo,S,Weiss,1,24.9,24.9,6.0
AB-2026-10840,2026-04-16,Amazon,K-16669,PayPal,JKT-RN-M-SCH,Regenjacke Tech,M,Schwarz,1,119.9,119.9,84.0
AB-2026-10840,2026-04-16,Amazon,K-16669,PayPal,SOCK-3P-XS-SCH,Sneaker Socken 3er-Pack,XS,Schwarz,1,19.9,19.9,4.8
AB-2026-10841,2026-03-18,Eigener Shop,K-14861,Kreditkarte,HOOD-CL-M-OLI,Hoodie Classic,M,Oliv,1,69.9,69.9,21.0
AB-2026-10841,2026-03-18,Eigener Shop,K-14861,Kreditkarte,HOOD-CL-XS-OLI,Hoodie Classic,XS,Oliv,1,69.9,69.9,21.0
AB-2026-10842,2026-06-22,Zalando,K-12024,Rechnungskauf,JKT-RN-S-SCH,Regenjacke Tech,S,Schwarz,1,119.9,119.9,84.0
AB-2026-10843,2026-06-09,Eigener Shop,K-11019,PayPal,TEE-BAS-XS-NAV,T-Shirt Basic,XS,Navy,1,29.9,29.9,7.5
AB-2026-10844,2026-04-05,Eigener Shop,K-15473,Kreditkarte,JKT-RN-XL-SCH,Regenjacke Tech,XL,Schwarz,1,119.9,119.9,84.0
AB-2026-10844,2026-04-05,Eigener Shop,K-15473,Kreditkarte,KLEID-PR-L-WEI,Sommerkleid Print,L,Weiss,1,79.9,79.9,24.0
AB-2026-10845,2026-03-28,Amazon,K-14690,Rechnungskauf,TEE-BAS-XL-SCH,T-Shirt Basic,XL,Schwarz,1,29.9,29.9,7.5
AB-2026-10846,2026-04-20,Eigener Shop,K-19276,Rechnungskauf,KLEID-PR-XS-NAV,Sommerkleid Print,XS,Navy,1,79.9,79.9,24.0
AB-2026-10847,2026-03-08,Eigener Shop,K-12069,Rechnungskauf,CAP-LG-XS-NAV,Cap Logo,XS,Navy,1,24.9,24.9,6.0
AB-2026-10847,2026-03-08,Eigener Shop,K-12069,Rechnungskauf,HOOD-ZP-XS-SCH,Zip-Hoodie Heavy,XS,Schwarz,1,89.9,89.9,28.0
AB-2026-10848,2026-06-21,Amazon,K-12943,Vorkasse,TEE-OVS-S-NAV,T-Shirt Oversized,S,Navy,1,34.9,34.9,9.0
AB-2026-10848,2026-06-21,Amazon,K-12943,Vorkasse,TEE-OVS-M-NAV,T-Shirt Oversized,M,Navy,1,34.9,34.9,9.0
AB-2026-10849,2026-06-10,Zalando,K-18926,PayPal,HOOD-ZP-S-WEI,Zip-Hoodie Heavy,S,Weiss,1,89.9,89.9,28.0
AB-2026-10849,2026-06-10,Zalando,K-18926,PayPal,TEE-BAS-XS-OLI,T-Shirt Basic,XS,Oliv,1,29.9,29.9,7.5
AB-2026-10850,2026-04-14,Amazon,K-15974,PayPal,SOCK-3P-S-OLI,Sneaker Socken 3er-Pack,S,Oliv,1,19.9,19.9,4.8
AB-2026-10851,2026-02-22,Amazon,K-16281,Vorkasse,HOOD-ZP-XS-SCH,Zip-Hoodie Heavy,XS,Schwarz,1,89.9,89.9,28.0
AB-2026-10851,2026-02-22,Amazon,K-16281,Vorkasse,HOOD-ZP-M-WEI,Zip-Hoodie Heavy,M,Weiss,1,89.9,89.9,28.0
AB-2026-10852,2026-04-06,Eigener Shop,K-12356,PayPal,KLEID-PR-XS-NAV,Sommerkleid Print,XS,Navy,1,79.9,79.9,24.0
AB-2026-10853,2026-05-29,Eigener Shop,K-15926,Vorkasse,SOCK-3P-XL-NAV,Sneaker Socken 3er-Pack,XL,Navy,1,19.9,19.9,4.8
AB-2026-10854,2026-05-20,Amazon,K-11428,Rechnungskauf,HOOD-CL-M-NAV,Hoodie Classic,M,Navy,1,69.9,69.9,21.0
AB-2026-10855,2026-06-13,Eigener Shop,K-19611,Rechnungskauf,JOG-CL-S-SCH,Jogger Classic,S,Schwarz,1,64.9,64.9,19.5
AB-2026-10855,2026-06-13,Eigener Shop,K-19611,Rechnungskauf,JOG-CL-L-SCH,Jogger Classic,L,Schwarz,1,64.9,64.9,19.5
AB-2026-10856,2026-02-16,Amazon,K-14529,PayPal,TEE-OVS-L-NAV,T-Shirt Oversized,L,Navy,1,34.9,34.9,9.0
AB-2026-10856,2026-02-16,Amazon,K-14529,PayPal,SOCK-3P-XL-OLI,Sneaker Socken 3er-Pack,XL,Oliv,1,19.9,19.9,4.8
AB-2026-10857,2026-02-26,Amazon,K-15848,PayPal,HOOD-ZP-S-SCH,Zip-Hoodie Heavy,S,Schwarz,1,89.9,89.9,28.0
AB-2026-10857,2026-02-26,Amazon,K-15848,PayPal,HOOD-ZP-XL-SCH,Zip-Hoodie Heavy,XL,Schwarz,1,89.9,89.9,28.0
AB-2026-10857,2026-02-26,Amazon,K-15848,PayPal,HOOD-ZP-S-SCH,Zip-Hoodie Heavy,S,Schwarz,1,89.9,89.9,28.0
AB-2026-10858,2026-01-09,Amazon,K-16476,Rechnungskauf,KLEID-PR-M-SCH,Sommerkleid Print,M,Schwarz,1,79.9,79.9,24.0
AB-2026-10859,2026-01-22,Eigener Shop,K-15243,Kreditkarte,HOOD-ZP-XS-SCH,Zip-Hoodie Heavy,XS,Schwarz,1,89.9,89.9,28.0
AB-2026-10859,2026-01-22,Eigener Shop,K-15243,Kreditkarte,HOOD-ZP-S-SCH,Zip-Hoodie Heavy,S,Schwarz,1,89.9,89.9,28.0
AB-2026-10860,2026-05-03,Eigener Shop,K-19006,Rechnungskauf,HOOD-ZP-M-SCH,Zip-Hoodie Heavy,M,Schwarz,1,89.9,89.9,28.0
AB-2026-10861,2026-04-02,Eigener Shop,K-19226,PayPal,SOCK-3P-XS-NAV,Sneaker Socken 3er-Pack,XS,Navy,1,19.9,19.9,4.8
AB-2026-10862,2026-05-11,Eigener Shop,K-17479,Rechnungskauf,HOOD-CL-S-SCH,Hoodie Classic,S,Schwarz,1,69.9,69.9,21.0
AB-2026-10863,2026-04-15,Eigener Shop,K-16799,PayPal,JKT-RN-L-WEI,Regenjacke Tech,L,Weiss,1,119.9,119.9,84.0
AB-2026-10863,2026-04-15,Eigener Shop,K-16799,PayPal,KLEID-PR-M-NAV,Sommerkleid Print,M,Navy,1,79.9,79.9,24.0
AB-2026-10864,2026-06-30,Amazon,K-16906,Vorkasse,CAP-LG-M-WEI,Cap Logo,M,Weiss,1,24.9,24.9,6.0
AB-2026-10864,2026-06-30,Amazon,K-16906,Vorkasse,JKT-RN-XL-WEI,Regenjacke Tech,XL,Weiss,1,119.9,119.9,84.0
AB-2026-10865,2026-02-01,Eigener Shop,K-19313,Kreditkarte,JOG-CL-M-WEI,Jogger Classic,M,Weiss,1,64.9,64.9,19.5
AB-2026-10866,2026-02-24,Eigener Shop,K-11093,Rechnungskauf,TEE-OVS-XS-NAV,T-Shirt Oversized,XS,Navy,1,34.9,34.9,9.0
AB-2026-10867,2026-03-15,Eigener Shop,K-19563,PayPal,CAP-LG-M-SCH,Cap Logo,M,Schwarz,1,24.9,24.9,6.0
AB-2026-10868,2026-03-27,Eigener Shop,K-16275,PayPal,TEE-OVS-L-OLI,T-Shirt Oversized,L,Oliv,1,34.9,34.9,9.0
AB-2026-10869,2026-05-07,Zalando,K-18855,PayPal,CAP-LG-M-OLI,Cap Logo,M,Oliv,1,24.9,24.9,6.0
AB-2026-10870,2026-06-24,Amazon,K-16269,PayPal,JKT-RN-M-SCH,Regenjacke Tech,M,Schwarz,1,119.9,119.9,84.0
AB-2026-10870,2026-06-24,Amazon,K-16269,PayPal,HOOD-ZP-S-SCH,Zip-Hoodie Heavy,S,Schwarz,1,89.9,89.9,28.0
AB-2026-10871,2026-02-11,Eigener Shop,K-17218,Rechnungskauf,KLEID-PR-XL-WEI,Sommerkleid Print,XL,Weiss,1,79.9,79.9,24.0
AB-2026-10872,2026-05-31,Eigener Shop,K-18479,PayPal,HOOD-CL-M-NAV,Hoodie Classic,M,Navy,1,69.9,69.9,21.0
AB-2026-10873,2026-03-10,Eigener Shop,K-11041,Kreditkarte,HOOD-ZP-XL-WEI,Zip-Hoodie Heavy,XL,Weiss,1,89.9,89.9,28.0
AB-2026-10873,2026-03-10,Eigener Shop,K-11041,Kreditkarte,JKT-RN-L-WEI,Regenjacke Tech,L,Weiss,1,119.9,119.9,84.0
AB-2026-10874,2026-04-11,Amazon,K-18119,PayPal,TEE-OVS-XS-NAV,T-Shirt Oversized,XS,Navy,1,34.9,34.9,9.0
AB-2026-10875,2026-05-07,Zalando,K-17017,PayPal,JKT-RN-M-WEI,Regenjacke Tech,M,Weiss,1,119.9,119.9,84.0
AB-2026-10876,2026-01-30,Eigener Shop,K-17196,PayPal,TEE-OVS-S-NAV,T-Shirt Oversized,S,Navy,1,34.9,34.9,9.0
AB-2026-10876,2026-01-30,Eigener Shop,K-17196,PayPal,HOOD-ZP-XS-SCH,Zip-Hoodie Heavy,XS,Schwarz,1,89.9,89.9,28.0
AB-2026-10877,2026-04-16,Amazon,K-10660,PayPal,KLEID-PR-L-WEI,Sommerkleid Print,L,Weiss,1,79.9,79.9,24.0
AB-2026-10877,2026-04-16,Amazon,K-10660,PayPal,HOOD-ZP-XL-SCH,Zip-Hoodie Heavy,XL,Schwarz,1,89.9,89.9,28.0
AB-2026-10877,2026-04-16,Amazon,K-10660,PayPal,TEE-OVS-S-OLI,T-Shirt Oversized,S,Oliv,1,34.9,34.9,9.0
AB-2026-10878,2026-06-06,Eigener Shop,K-15050,Rechnungskauf,TEE-OVS-XL-SCH,T-Shirt Oversized,XL,Schwarz,1,34.9,34.9,9.0
AB-2026-10879,2026-05-11,Eigener Shop,K-17282,PayPal,JOG-CL-S-SCH,Jogger Classic,S,Schwarz,1,64.9,64.9,19.5
AB-2026-10880,2026-04-04,Eigener Shop,K-11467,Vorkasse,JKT-RN-XS-WEI,Regenjacke Tech,XS,Weiss,1,119.9,119.9,84.0
AB-2026-10880,2026-04-04,Eigener Shop,K-11467,Vorkasse,SOCK-3P-M-WEI,Sneaker Socken 3er-Pack,M,Weiss,1,19.9,19.9,4.8
AB-2026-10881,2026-03-10,Eigener Shop,K-15048,PayPal,HOOD-ZP-XL-WEI,Zip-Hoodie Heavy,XL,Weiss,1,89.9,89.9,28.0
AB-2026-10882,2026-04-10,Eigener Shop,K-18551,PayPal,HOOD-CL-S-WEI,Hoodie Classic,S,Weiss,1,69.9,69.9,21.0
AB-2026-10882,2026-04-10,Eigener Shop,K-18551,PayPal,HOOD-CL-XS-WEI,Hoodie Classic,XS,Weiss,1,69.9,69.9,21.0
AB-2026-10883,2026-02-24,Amazon,K-14178,Rechnungskauf,CAP-LG-S-NAV,Cap Logo,S,Navy,1,24.9,24.9,6.0
AB-2026-10884,2026-02-24,Eigener Shop,K-16161,PayPal,TEE-BAS-L-SCH,T-Shirt Basic,L,Schwarz,1,29.9,29.9,7.5
AB-2026-10885,2026-03-19,Eigener Shop,K-18276,Kreditkarte,TEE-BAS-XL-OLI,T-Shirt Basic,XL,Oliv,1,29.9,29.9,7.5
AB-2026-10886,2026-01-15,Zalando,K-16937,Rechnungskauf,HOOD-ZP-L-SCH,Zip-Hoodie Heavy,L,Schwarz,1,89.9,89.9,28.0
AB-2026-10886,2026-01-15,Zalando,K-16937,Rechnungskauf,HOOD-ZP-XL-SCH,Zip-Hoodie Heavy,XL,Schwarz,1,89.9,89.9,28.0
AB-2026-10887,2026-04-24,Eigener Shop,K-18592,Vorkasse,JOG-CL-XL-WEI,Jogger Classic,XL,Weiss,1,64.9,64.9,19.5
AB-2026-10888,2026-05-03,Amazon,K-10297,Kreditkarte,HOOD-CL-M-SCH,Hoodie Classic,M,Schwarz,1,69.9,69.9,21.0
AB-2026-10888,2026-05-03,Amazon,K-10297,Kreditkarte,SOCK-3P-XS-WEI,Sneaker Socken 3er-Pack,XS,Weiss,1,19.9,19.9,4.8
AB-2026-10889,2026-03-11,Eigener Shop,K-15570,PayPal,TEE-OVS-M-SCH,T-Shirt Oversized,M,Schwarz,1,34.9,34.9,9.0
AB-2026-10890,2026-05-21,Zalando,K-19103,Vorkasse,JKT-RN-L-SCH,Regenjacke Tech,L,Schwarz,1,119.9,119.9,84.0
AB-2026-10890,2026-05-21,Zalando,K-19103,Vorkasse,JKT-RN-L-WEI,Regenjacke Tech,L,Weiss,1,119.9,119.9,84.0
AB-2026-10890,2026-05-21,Zalando,K-19103,Vorkasse,HOOD-ZP-S-SCH,Zip-Hoodie Heavy,S,Schwarz,1,89.9,89.9,28.0
AB-2026-10891,2026-06-13,Amazon,K-16747,Rechnungskauf,SOCK-3P-XL-SCH,Sneaker Socken 3er-Pack,XL,Schwarz,1,19.9,19.9,4.8
AB-2026-10891,2026-06-13,Amazon,K-16747,Rechnungskauf,HOOD-ZP-XS-SCH,Zip-Hoodie Heavy,XS,Schwarz,1,89.9,89.9,28.0
AB-2026-10891,2026-06-13,Amazon,K-16747,Rechnungskauf,JKT-RN-S-SCH,Regenjacke Tech,S,Schwarz,1,119.9,119.9,84.0
AB-2026-10892,2026-06-05,Zalando,K-16756,Kreditkarte,HOOD-CL-XS-SCH,Hoodie Classic,XS,Schwarz,1,69.9,69.9,21.0
AB-2026-10893,2026-05-18,Eigener Shop,K-19676,Rechnungskauf,TEE-BAS-XS-OLI,T-Shirt Basic,XS,Oliv,1,29.9,29.9,7.5
AB-2026-10894,2026-03-05,Eigener Shop,K-18932,Kreditkarte,HOOD-ZP-XS-WEI,Zip-Hoodie Heavy,XS,Weiss,1,89.9,89.9,28.0
AB-2026-10894,2026-03-05,Eigener Shop,K-18932,Kreditkarte,KLEID-PR-XL-NAV,Sommerkleid Print,XL,Navy,1,79.9,79.9,24.0
AB-2026-10895,2026-05-28,Amazon,K-15576,Vorkasse,TEE-OVS-L-NAV,T-Shirt Oversized,L,Navy,1,34.9,34.9,9.0
AB-2026-10895,2026-05-28,Amazon,K-15576,Vorkasse,KLEID-PR-L-NAV,Sommerkleid Print,L,Navy,1,79.9,79.9,24.0
AB-2026-10895,2026-05-28,Amazon,K-15576,Vorkasse,TEE-OVS-L-SCH,T-Shirt Oversized,L,Schwarz,1,34.9,34.9,9.0
AB-2026-10896,2026-01-26,Eigener Shop,K-13682,PayPal,SOCK-3P-L-OLI,Sneaker Socken 3er-Pack,L,Oliv,1,19.9,19.9,4.8
AB-2026-10897,2026-03-29,Zalando,K-19202,Rechnungskauf,JKT-RN-M-SCH,Regenjacke Tech,M,Schwarz,1,119.9,119.9,84.0
AB-2026-10898,2026-03-06,Zalando,K-10826,Vorkasse,SOCK-3P-M-WEI,Sneaker Socken 3er-Pack,M,Weiss,1,19.9,19.9,4.8
AB-2026-10899,2026-02-02,Zalando,K-17659,Kreditkarte,HOOD-ZP-XL-SCH,Zip-Hoodie Heavy,XL,Schwarz,1,89.9,89.9,28.0
AB-2026-10899,2026-02-02,Zalando,K-17659,Kreditkarte,HOOD-CL-M-WEI,Hoodie Classic,M,Weiss,1,69.9,69.9,21.0
AB-2026-10900,2026-03-14,Zalando,K-12710,PayPal,JKT-RN-XS-WEI,Regenjacke Tech,XS,Weiss,1,119.9,119.9,84.0
AB-2026-10901,2026-04-08,Eigener Shop,K-11789,PayPal,SOCK-3P-S-NAV,Sneaker Socken 3er-Pack,S,Navy,1,19.9,19.9,4.8
AB-2026-10902,2026-04-21,Eigener Shop,K-11659,PayPal,HOOD-CL-XL-WEI,Hoodie Classic,XL,Weiss,1,69.9,69.9,21.0
AB-2026-10903,2026-02-21,Eigener Shop,K-16947,Rechnungskauf,SOCK-3P-XL-WEI,Sneaker Socken 3er-Pack,XL,Weiss,1,19.9,19.9,4.8
AB-2026-10904,2026-05-22,Eigener Shop,K-11217,Rechnungskauf,KLEID-PR-XL-WEI,Sommerkleid Print,XL,Weiss,1,79.9,79.9,24.0
AB-2026-10905,2026-01-30,Eigener Shop,K-14996,Vorkasse,SOCK-3P-XL-OLI,Sneaker Socken 3er-Pack,XL,Oliv,1,19.9,19.9,4.8
AB-2026-10905,2026-01-30,Eigener Shop,K-14996,Vorkasse,KLEID-PR-XS-NAV,Sommerkleid Print,XS,Navy,1,79.9,79.9,24.0
AB-2026-10906,2026-06-01,Amazon,K-17025,Rechnungskauf,SOCK-3P-XL-SCH,Sneaker Socken 3er-Pack,XL,Schwarz,1,19.9,19.9,4.8
AB-2026-10907,2026-06-22,Eigener Shop,K-16611,PayPal,TEE-OVS-XS-SCH,T-Shirt Oversized,XS,Schwarz,1,34.9,34.9,9.0
AB-2026-10908,2026-04-05,Amazon,K-15953,PayPal,HOOD-ZP-XS-SCH,Zip-Hoodie Heavy,XS,Schwarz,1,89.9,89.9,28.0
AB-2026-10908,2026-04-05,Amazon,K-15953,PayPal,KLEID-PR-L-NAV,Sommerkleid Print,L,Navy,1,79.9,79.9,24.0
AB-2026-10908,2026-04-05,Amazon,K-15953,PayPal,SOCK-3P-L-WEI,Sneaker Socken 3er-Pack,L,Weiss,1,19.9,19.9,4.8
AB-2026-10909,2026-01-05,Eigener Shop,K-13659,PayPal,HOOD-CL-S-NAV,Hoodie Classic,S,Navy,1,69.9,69.9,21.0
AB-2026-10909,2026-01-05,Eigener Shop,K-13659,PayPal,HOOD-ZP-S-SCH,Zip-Hoodie Heavy,S,Schwarz,1,89.9,89.9,28.0
AB-2026-10910,2026-03-02,Eigener Shop,K-15744,PayPal,JKT-RN-XS-SCH,Regenjacke Tech,XS,Schwarz,1,119.9,119.9,84.0
AB-2026-10911,2026-04-23,Eigener Shop,K-10898,Kreditkarte,TEE-OVS-XL-OLI,T-Shirt Oversized,XL,Oliv,1,34.9,34.9,9.0
AB-2026-10912,2026-06-25,Eigener Shop,K-13798,PayPal,KLEID-PR-L-WEI,Sommerkleid Print,L,Weiss,1,79.9,79.9,24.0
AB-2026-10912,2026-06-25,Eigener Shop,K-13798,PayPal,TEE-BAS-XS-NAV,T-Shirt Basic,XS,Navy,1,29.9,29.9,7.5
AB-2026-10912,2026-06-25,Eigener Shop,K-13798,PayPal,TEE-BAS-L-SCH,T-Shirt Basic,L,Schwarz,1,29.9,29.9,7.5
AB-2026-10913,2026-01-12,Eigener Shop,K-14273,PayPal,KLEID-PR-S-NAV,Sommerkleid Print,S,Navy,1,79.9,79.9,24.0
AB-2026-10914,2026-02-13,Eigener Shop,K-15305,Vorkasse,CAP-LG-M-SCH,Cap Logo,M,Schwarz,1,24.9,24.9,6.0
AB-2026-10915,2026-01-28,Eigener Shop,K-19829,Kreditkarte,HOOD-ZP-XL-WEI,Zip-Hoodie Heavy,XL,Weiss,1,89.9,89.9,28.0
AB-2026-10915,2026-01-28,Eigener Shop,K-19829,Kreditkarte,HOOD-ZP-M-SCH,Zip-Hoodie Heavy,M,Schwarz,1,89.9,89.9,28.0
AB-2026-10915,2026-01-28,Eigener Shop,K-19829,Kreditkarte,JOG-CL-XS-SCH,Jogger Classic,XS,Schwarz,1,64.9,64.9,19.5
AB-2026-10916,2026-03-14,Zalando,K-10142,Kreditkarte,HOOD-ZP-S-WEI,Zip-Hoodie Heavy,S,Weiss,1,89.9,89.9,28.0
AB-2026-10916,2026-03-14,Zalando,K-10142,Kreditkarte,CAP-LG-L-OLI,Cap Logo,L,Oliv,1,24.9,24.9,6.0
AB-2026-10917,2026-06-26,Eigener Shop,K-13702,PayPal,HOOD-CL-XS-SCH,Hoodie Classic,XS,Schwarz,1,69.9,69.9,21.0
AB-2026-10918,2026-01-20,Eigener Shop,K-16506,Rechnungskauf,HOOD-CL-L-WEI,Hoodie Classic,L,Weiss,1,69.9,69.9,21.0
AB-2026-10918,2026-01-20,Eigener Shop,K-16506,Rechnungskauf,HOOD-ZP-S-SCH,Zip-Hoodie Heavy,S,Schwarz,1,89.9,89.9,28.0
AB-2026-10919,2026-01-27,Zalando,K-17068,PayPal,TEE-BAS-L-OLI,T-Shirt Basic,L,Oliv,1,29.9,29.9,7.5
AB-2026-10920,2026-03-30,Eigener Shop,K-13469,Rechnungskauf,TEE-BAS-S-NAV,T-Shirt Basic,S,Navy,1,29.9,29.9,7.5
AB-2026-10921,2026-03-02,Amazon,K-12692,Rechnungskauf,TEE-OVS-L-OLI,T-Shirt Oversized,L,Oliv,1,34.9,34.9,9.0
AB-2026-10922,2026-04-11,Eigener Shop,K-15154,PayPal,HOOD-CL-M-NAV,Hoodie Classic,M,Navy,1,69.9,69.9,21.0
AB-2026-10923,2026-03-15,Eigener Shop,K-19374,Kreditkarte,JOG-CL-XS-NAV,Jogger Classic,XS,Navy,1,64.9,64.9,19.5
AB-2026-10924,2026-02-24,Amazon,K-11696,Rechnungskauf,HOOD-CL-L-NAV,Hoodie Classic,L,Navy,1,69.9,69.9,21.0
AB-2026-10925,2026-06-21,Zalando,K-14960,Rechnungskauf,TEE-BAS-XS-NAV,T-Shirt Basic,XS,Navy,1,29.9,29.9,7.5
AB-2026-10926,2026-03-30,Eigener Shop,K-16214,Kreditkarte,HOOD-ZP-XL-WEI,Zip-Hoodie Heavy,XL,Weiss,1,89.9,89.9,28.0
AB-2026-10926,2026-03-30,Eigener Shop,K-16214,Kreditkarte,TEE-BAS-M-NAV,T-Shirt Basic,M,Navy,1,29.9,29.9,7.5
AB-2026-10926,2026-03-30,Eigener Shop,K-16214,Kreditkarte,TEE-OVS-M-NAV,T-Shirt Oversized,M,Navy,1,34.9,34.9,9.0
AB-2026-10927,2026-03-12,Amazon,K-11780,PayPal,SOCK-3P-XS-SCH,Sneaker Socken 3er-Pack,XS,Schwarz,1,19.9,19.9,4.8
AB-2026-10928,2026-06-03,Eigener Shop,K-15091,Vorkasse,HOOD-CL-L-OLI,Hoodie Classic,L,Oliv,1,69.9,69.9,21.0
AB-2026-10928,2026-06-03,Eigener Shop,K-15091,Vorkasse,HOOD-CL-S-WEI,Hoodie Classic,S,Weiss,1,69.9,69.9,21.0
AB-2026-10929,2026-04-24,Zalando,K-14314,Kreditkarte,TEE-BAS-XL-NAV,T-Shirt Basic,XL,Navy,1,29.9,29.9,7.5
AB-2026-10929,2026-04-24,Zalando,K-14314,Kreditkarte,TEE-BAS-XS-NAV,T-Shirt Basic,XS,Navy,1,29.9,29.9,7.5
AB-2026-10930,2026-05-31,Eigener Shop,K-14558,PayPal,TEE-OVS-M-NAV,T-Shirt Oversized,M,Navy,1,34.9,34.9,9.0
AB-2026-10930,2026-05-31,Eigener Shop,K-14558,PayPal,HOOD-CL-XS-NAV,Hoodie Classic,XS,Navy,1,69.9,69.9,21.0
AB-2026-10931,2026-04-27,Eigener Shop,K-10441,PayPal,KLEID-PR-S-NAV,Sommerkleid Print,S,Navy,1,79.9,79.9,24.0
AB-2026-10931,2026-04-27,Eigener Shop,K-10441,PayPal,JKT-RN-L-WEI,Regenjacke Tech,L,Weiss,1,119.9,119.9,84.0
AB-2026-10932,2026-04-17,Eigener Shop,K-14737,Rechnungskauf,JOG-CL-M-NAV,Jogger Classic,M,Navy,1,64.9,64.9,19.5
AB-2026-10933,2026-04-12,Amazon,K-17078,PayPal,TEE-OVS-M-WEI,T-Shirt Oversized,M,Weiss,1,34.9,34.9,9.0
AB-2026-10934,2026-04-02,Eigener Shop,K-19201,Kreditkarte,HOOD-ZP-S-SCH,Zip-Hoodie Heavy,S,Schwarz,1,89.9,89.9,28.0
AB-2026-10934,2026-04-02,Eigener Shop,K-19201,Kreditkarte,JKT-RN-S-WEI,Regenjacke Tech,S,Weiss,1,119.9,119.9,84.0
AB-2026-10935,2026-03-04,Eigener Shop,K-18121,Rechnungskauf,JKT-RN-XS-WEI,Regenjacke Tech,XS,Weiss,1,119.9,119.9,84.0
AB-2026-10935,2026-03-04,Eigener Shop,K-18121,Rechnungskauf,JOG-CL-S-WEI,Jogger Classic,S,Weiss,1,64.9,64.9,19.5
AB-2026-10936,2026-02-01,Amazon,K-16498,Vorkasse,TEE-OVS-XS-WEI,T-Shirt Oversized,XS,Weiss,1,34.9,34.9,9.0
AB-2026-10937,2026-01-28,Zalando,K-16858,PayPal,HOOD-ZP-XL-SCH,Zip-Hoodie Heavy,XL,Schwarz,1,89.9,89.9,28.0
AB-2026-10938,2026-06-22,Eigener Shop,K-15207,Kreditkarte,SOCK-3P-L-SCH,Sneaker Socken 3er-Pack,L,Schwarz,1,19.9,19.9,4.8
AB-2026-10938,2026-06-22,Eigener Shop,K-15207,Kreditkarte,HOOD-ZP-M-SCH,Zip-Hoodie Heavy,M,Schwarz,1,89.9,89.9,28.0
AB-2026-10939,2026-01-04,Zalando,K-17857,PayPal,HOOD-CL-S-WEI,Hoodie Classic,S,Weiss,1,69.9,69.9,21.0
AB-2026-10939,2026-01-04,Zalando,K-17857,PayPal,HOOD-CL-L-WEI,Hoodie Classic,L,Weiss,1,69.9,69.9,21.0
AB-2026-10939,2026-01-04,Zalando,K-17857,PayPal,KLEID-PR-M-NAV,Sommerkleid Print,M,Navy,1,79.9,79.9,24.0
AB-2026-10939,2026-01-04,Zalando,K-17857,PayPal,KLEID-PR-XL-NAV,Sommerkleid Print,XL,Navy,1,79.9,79.9,24.0
AB-2026-10940,2026-03-18,Eigener Shop,K-17337,Rechnungskauf,TEE-BAS-XS-SCH,T-Shirt Basic,XS,Schwarz,1,29.9,29.9,7.5
AB-2026-10941,2026-02-16,Amazon,K-19472,Rechnungskauf,JKT-RN-M-WEI,Regenjacke Tech,M,Weiss,1,119.9,119.9,84.0
AB-2026-10942,2026-04-07,Eigener Shop,K-10712,Kreditkarte,HOOD-CL-L-WEI,Hoodie Classic,L,Weiss,1,69.9,69.9,21.0
AB-2026-10943,2026-02-09,Amazon,K-17561,Kreditkarte,HOOD-CL-M-SCH,Hoodie Classic,M,Schwarz,1,69.9,69.9,21.0
AB-2026-10943,2026-02-09,Amazon,K-17561,Kreditkarte,HOOD-ZP-XS-WEI,Zip-Hoodie Heavy,XS,Weiss,1,89.9,89.9,28.0
AB-2026-10944,2026-01-11,Eigener Shop,K-14185,Rechnungskauf,HOOD-CL-XS-SCH,Hoodie Classic,XS,Schwarz,1,69.9,69.9,21.0
AB-2026-10945,2026-05-24,Eigener Shop,K-11264,Vorkasse,KLEID-PR-L-WEI,Sommerkleid Print,L,Weiss,1,79.9,79.9,24.0
AB-2026-10946,2026-01-27,Eigener Shop,K-18153,Rechnungskauf,JKT-RN-S-WEI,Regenjacke Tech,S,Weiss,1,119.9,119.9,84.0
AB-2026-10946,2026-01-27,Eigener Shop,K-18153,Rechnungskauf,JKT-RN-S-SCH,Regenjacke Tech,S,Schwarz,1,119.9,119.9,84.0
AB-2026-10947,2026-04-05,Eigener Shop,K-12987,Vorkasse,TEE-OVS-S-WEI,T-Shirt Oversized,S,Weiss,1,34.9,34.9,9.0
AB-2026-10947,2026-04-05,Eigener Shop,K-12987,Vorkasse,JOG-CL-S-NAV,Jogger Classic,S,Navy,1,64.9,64.9,19.5
AB-2026-10948,2026-02-18,Amazon,K-14263,Rechnungskauf,JKT-RN-L-SCH,Regenjacke Tech,L,Schwarz,1,119.9,119.9,84.0
AB-2026-10949,2026-02-07,Zalando,K-13630,PayPal,HOOD-CL-M-WEI,Hoodie Classic,M,Weiss,1,69.9,69.9,21.0
AB-2026-10950,2026-04-02,Amazon,K-10232,Kreditkarte,TEE-BAS-M-NAV,T-Shirt Basic,M,Navy,1,29.9,29.9,7.5
AB-2026-10950,2026-04-02,Amazon,K-10232,Kreditkarte,HOOD-ZP-S-WEI,Zip-Hoodie Heavy,S,Weiss,1,89.9,89.9,28.0
AB-2026-10950,2026-04-02,Amazon,K-10232,Kreditkarte,TEE-BAS-XS-WEI,T-Shirt Basic,XS,Weiss,1,29.9,29.9,7.5
AB-2026-10951,2026-05-04,Zalando,K-14982,PayPal,HOOD-ZP-M-SCH,Zip-Hoodie Heavy,M,Schwarz,1,89.9,89.9,28.0
AB-2026-10952,2026-05-20,Amazon,K-13865,Kreditkarte,HOOD-ZP-XS-SCH,Zip-Hoodie Heavy,XS,Schwarz,1,89.9,89.9,28.0
AB-2026-10953,2026-06-23,Amazon,K-15102,Vorkasse,TEE-BAS-XL-SCH,T-Shirt Basic,XL,Schwarz,1,29.9,29.9,7.5
AB-2026-10954,2026-03-23,Eigener Shop,K-18023,Vorkasse,KLEID-PR-XS-OLI,Sommerkleid Print,XS,Oliv,1,79.9,79.9,24.0
AB-2026-10955,2026-01-01,Amazon,K-13756,PayPal,CAP-LG-S-SCH,Cap Logo,S,Schwarz,1,24.9,24.9,6.0
AB-2026-10956,2026-05-14,Eigener Shop,K-15543,PayPal,TEE-OVS-XS-WEI,T-Shirt Oversized,XS,Weiss,1,34.9,34.9,9.0
AB-2026-10956,2026-05-14,Eigener Shop,K-15543,PayPal,CAP-LG-XS-SCH,Cap Logo,XS,Schwarz,1,24.9,24.9,6.0
AB-2026-10957,2026-05-10,Zalando,K-13011,Rechnungskauf,HOOD-CL-M-SCH,Hoodie Classic,M,Schwarz,1,69.9,69.9,21.0
AB-2026-10958,2026-04-28,Zalando,K-14639,Kreditkarte,HOOD-CL-XL-SCH,Hoodie Classic,XL,Schwarz,1,69.9,69.9,21.0
AB-2026-10958,2026-04-28,Zalando,K-14639,Kreditkarte,CAP-LG-M-WEI,Cap Logo,M,Weiss,1,24.9,24.9,6.0
AB-2026-10959,2026-05-17,Amazon,K-10795,PayPal,HOOD-CL-L-WEI,Hoodie Classic,L,Weiss,1,69.9,69.9,21.0
AB-2026-10959,2026-05-17,Amazon,K-10795,PayPal,TEE-BAS-XL-OLI,T-Shirt Basic,XL,Oliv,1,29.9,29.9,7.5
AB-2026-10960,2026-05-02,Eigener Shop,K-16758,PayPal,KLEID-PR-M-WEI,Sommerkleid Print,M,Weiss,1,79.9,79.9,24.0
AB-2026-10960,2026-05-02,Eigener Shop,K-16758,PayPal,TEE-OVS-S-OLI,T-Shirt Oversized,S,Oliv,1,34.9,34.9,9.0
AB-2026-10961,2026-04-18,Eigener Shop,K-14841,Vorkasse,TEE-OVS-L-NAV,T-Shirt Oversized,L,Navy,1,34.9,34.9,9.0
AB-2026-10962,2026-06-01,Eigener Shop,K-17567,Vorkasse,KLEID-PR-XS-OLI,Sommerkleid Print,XS,Oliv,1,79.9,79.9,24.0
AB-2026-10962,2026-06-01,Eigener Shop,K-17567,Vorkasse,JOG-CL-S-NAV,Jogger Classic,S,Navy,1,64.9,64.9,19.5
AB-2026-10963,2026-06-19,Eigener Shop,K-18728,Rechnungskauf,HOOD-ZP-L-SCH,Zip-Hoodie Heavy,L,Schwarz,1,89.9,89.9,28.0
AB-2026-10964,2026-03-20,Amazon,K-15944,Rechnungskauf,HOOD-ZP-S-WEI,Zip-Hoodie Heavy,S,Weiss,1,89.9,89.9,28.0
AB-2026-10965,2026-05-26,Eigener Shop,K-17366,Rechnungskauf,HOOD-ZP-XL-WEI,Zip-Hoodie Heavy,XL,Weiss,1,89.9,89.9,28.0
AB-2026-10966,2026-03-07,Eigener Shop,K-19371,Rechnungskauf,HOOD-CL-S-NAV,Hoodie Classic,S,Navy,1,69.9,69.9,21.0
AB-2026-10967,2026-02-09,Eigener Shop,K-11260,Kreditkarte,TEE-BAS-S-NAV,T-Shirt Basic,S,Navy,1,29.9,29.9,7.5
AB-2026-10967,2026-02-09,Eigener Shop,K-11260,Kreditkarte,HOOD-ZP-M-SCH,Zip-Hoodie Heavy,M,Schwarz,1,89.9,89.9,28.0
AB-2026-10967,2026-02-09,Eigener Shop,K-11260,Kreditkarte,JKT-RN-L-WEI,Regenjacke Tech,L,Weiss,1,119.9,119.9,84.0
AB-2026-10968,2026-06-13,Amazon,K-14839,Rechnungskauf,HOOD-ZP-S-WEI,Zip-Hoodie Heavy,S,Weiss,1,89.9,89.9,28.0
AB-2026-10969,2026-02-15,Zalando,K-12226,PayPal,SOCK-3P-L-SCH,Sneaker Socken 3er-Pack,L,Schwarz,1,19.9,19.9,4.8
AB-2026-10969,2026-02-15,Zalando,K-12226,PayPal,JOG-CL-S-WEI,Jogger Classic,S,Weiss,1,64.9,64.9,19.5
AB-2026-10969,2026-02-15,Zalando,K-12226,PayPal,JKT-RN-S-WEI,Regenjacke Tech,S,Weiss,1,119.9,119.9,84.0
AB-2026-10970,2026-05-13,Zalando,K-19154,Vorkasse,KLEID-PR-L-WEI,Sommerkleid Print,L,Weiss,1,79.9,79.9,24.0
AB-2026-10971,2026-01-09,Eigener Shop,K-19963,Rechnungskauf,CAP-LG-M-OLI,Cap Logo,M,Oliv,1,24.9,24.9,6.0
AB-2026-10972,2026-03-23,Eigener Shop,K-19622,Vorkasse,TEE-BAS-S-NAV,T-Shirt Basic,S,Navy,1,29.9,29.9,7.5
AB-2026-10973,2026-01-30,Amazon,K-13215,Vorkasse,TEE-OVS-L-WEI,T-Shirt Oversized,L,Weiss,1,34.9,34.9,9.0
AB-2026-10974,2026-05-04,Amazon,K-12158,PayPal,HOOD-CL-M-OLI,Hoodie Classic,M,Oliv,1,69.9,69.9,21.0
AB-2026-10975,2026-04-09,Zalando,K-12224,PayPal,HOOD-ZP-XL-WEI,Zip-Hoodie Heavy,XL,Weiss,1,89.9,89.9,28.0
AB-2026-10976,2026-02-13,Amazon,K-17280,Kreditkarte,TEE-OVS-XS-WEI,T-Shirt Oversized,XS,Weiss,1,34.9,34.9,9.0
AB-2026-10977,2026-06-22,Zalando,K-12806,Kreditkarte,TEE-OVS-S-SCH,T-Shirt Oversized,S,Schwarz,1,34.9,34.9,9.0
AB-2026-10977,2026-06-22,Zalando,K-12806,Kreditkarte,JOG-CL-L-WEI,Jogger Classic,L,Weiss,1,64.9,64.9,19.5
AB-2026-10978,2026-05-09,Eigener Shop,K-13502,PayPal,JOG-CL-XL-NAV,Jogger Classic,XL,Navy,1,64.9,64.9,19.5
AB-2026-10978,2026-05-09,Eigener Shop,K-13502,PayPal,HOOD-ZP-M-SCH,Zip-Hoodie Heavy,M,Schwarz,1,89.9,89.9,28.0
AB-2026-10979,2026-02-20,Eigener Shop,K-11093,Rechnungskauf,JOG-CL-XS-WEI,Jogger Classic,XS,Weiss,1,64.9,64.9,19.5
AB-2026-10979,2026-02-20,Eigener Shop,K-11093,Rechnungskauf,SOCK-3P-L-NAV,Sneaker Socken 3er-Pack,L,Navy,1,19.9,19.9,4.8
AB-2026-10980,2026-03-06,Eigener Shop,K-12815,Kreditkarte,JKT-RN-L-SCH,Regenjacke Tech,L,Schwarz,1,119.9,119.9,84.0
AB-2026-10980,2026-03-06,Eigener Shop,K-12815,Kreditkarte,HOOD-ZP-XL-SCH,Zip-Hoodie Heavy,XL,Schwarz,1,89.9,89.9,28.0
AB-2026-10981,2026-06-29,Eigener Shop,K-18835,PayPal,KLEID-PR-M-WEI,Sommerkleid Print,M,Weiss,1,79.9,79.9,24.0
AB-2026-10981,2026-06-29,Eigener Shop,K-18835,PayPal,CAP-LG-M-WEI,Cap Logo,M,Weiss,1,24.9,24.9,6.0
AB-2026-10982,2026-05-25,Eigener Shop,K-15962,Kreditkarte,JOG-CL-L-SCH,Jogger Classic,L,Schwarz,1,64.9,64.9,19.5
AB-2026-10982,2026-05-25,Eigener Shop,K-15962,Kreditkarte,TEE-BAS-M-OLI,T-Shirt Basic,M,Oliv,1,29.9,29.9,7.5
AB-2026-10983,2026-04-01,Eigener Shop,K-11284,PayPal,HOOD-CL-XL-SCH,Hoodie Classic,XL,Schwarz,1,69.9,69.9,21.0
AB-2026-10983,2026-04-01,Eigener Shop,K-11284,PayPal,HOOD-ZP-M-SCH,Zip-Hoodie Heavy,M,Schwarz,1,89.9,89.9,28.0
AB-2026-10983,2026-04-01,Eigener Shop,K-11284,PayPal,TEE-OVS-M-SCH,T-Shirt Oversized,M,Schwarz,1,34.9,34.9,9.0
AB-2026-10984,2026-06-03,Eigener Shop,K-18182,Vorkasse,TEE-OVS-M-SCH,T-Shirt Oversized,M,Schwarz,1,34.9,34.9,9.0
AB-2026-10984,2026-06-03,Eigener Shop,K-18182,Vorkasse,HOOD-ZP-XS-WEI,Zip-Hoodie Heavy,XS,Weiss,1,89.9,89.9,28.0
AB-2026-10984,2026-06-03,Eigener Shop,K-18182,Vorkasse,HOOD-ZP-XL-SCH,Zip-Hoodie Heavy,XL,Schwarz,1,89.9,89.9,28.0
AB-2026-10985,2026-02-20,Eigener Shop,K-15413,Rechnungskauf,TEE-OVS-L-WEI,T-Shirt Oversized,L,Weiss,1,34.9,34.9,9.0
AB-2026-10985,2026-02-20,Eigener Shop,K-15413,Rechnungskauf,TEE-OVS-XS-WEI,T-Shirt Oversized,XS,Weiss,1,34.9,34.9,9.0
AB-2026-10985,2026-02-20,Eigener Shop,K-15413,Rechnungskauf,KLEID-PR-L-SCH,Sommerkleid Print,L,Schwarz,1,79.9,79.9,24.0
AB-2026-10985,2026-02-20,Eigener Shop,K-15413,Rechnungskauf,KLEID-PR-XL-SCH,Sommerkleid Print,XL,Schwarz,1,79.9,79.9,24.0
AB-2026-10986,2026-02-10,Eigener Shop,K-14136,Vorkasse,HOOD-ZP-XS-SCH,Zip-Hoodie Heavy,XS,Schwarz,1,89.9,89.9,28.0
AB-2026-10986,2026-02-10,Eigener Shop,K-14136,Vorkasse,HOOD-ZP-XL-SCH,Zip-Hoodie Heavy,XL,Schwarz,1,89.9,89.9,28.0
AB-2026-10986,2026-02-10,Eigener Shop,K-14136,Vorkasse,HOOD-CL-S-OLI,Hoodie Classic,S,Oliv,1,69.9,69.9,21.0
AB-2026-10987,2026-05-10,Eigener Shop,K-14032,Rechnungskauf,SOCK-3P-L-OLI,Sneaker Socken 3er-Pack,L,Oliv,1,19.9,19.9,4.8
AB-2026-10987,2026-05-10,Eigener Shop,K-14032,Rechnungskauf,TEE-OVS-L-WEI,T-Shirt Oversized,L,Weiss,1,34.9,34.9,9.0
AB-2026-10987,2026-05-10,Eigener Shop,K-14032,Rechnungskauf,TEE-BAS-S-OLI,T-Shirt Basic,S,Oliv,1,29.9,29.9,7.5
AB-2026-10988,2026-02-07,Eigener Shop,K-17104,PayPal,TEE-BAS-S-NAV,T-Shirt Basic,S,Navy,1,29.9,29.9,7.5
AB-2026-10989,2026-04-22,Eigener Shop,K-17888,PayPal,KLEID-PR-S-WEI,Sommerkleid Print,S,Weiss,1,79.9,79.9,24.0
AB-2026-10990,2026-02-13,Eigener Shop,K-19240,Rechnungskauf,TEE-BAS-S-WEI,T-Shirt Basic,S,Weiss,1,29.9,29.9,7.5
AB-2026-10990,2026-02-13,Eigener Shop,K-19240,Rechnungskauf,SOCK-3P-S-SCH,Sneaker Socken 3er-Pack,S,Schwarz,1,19.9,19.9,4.8
AB-2026-10991,2026-01-09,Eigener Shop,K-19950,Rechnungskauf,KLEID-PR-L-SCH,Sommerkleid Print,L,Schwarz,1,79.9,79.9,24.0
AB-2026-10991,2026-01-09,Eigener Shop,K-19950,Rechnungskauf,HOOD-CL-XL-NAV,Hoodie Classic,XL,Navy,1,69.9,69.9,21.0
AB-2026-10992,2026-04-21,Eigener Shop,K-12812,PayPal,HOOD-ZP-L-SCH,Zip-Hoodie Heavy,L,Schwarz,1,89.9,89.9,28.0
AB-2026-10992,2026-04-21,Eigener Shop,K-12812,PayPal,SOCK-3P-M-OLI,Sneaker Socken 3er-Pack,M,Oliv,1,19.9,19.9,4.8
AB-2026-10993,2026-03-16,Amazon,K-12530,Rechnungskauf,JKT-RN-XS-SCH,Regenjacke Tech,XS,Schwarz,1,119.9,119.9,84.0
AB-2026-10994,2026-02-16,Eigener Shop,K-13873,Vorkasse,SOCK-3P-XL-OLI,Sneaker Socken 3er-Pack,XL,Oliv,1,19.9,19.9,4.8
AB-2026-10995,2026-06-04,Eigener Shop,K-14157,Kreditkarte,TEE-BAS-XL-OLI,T-Shirt Basic,XL,Oliv,1,29.9,29.9,7.5
AB-2026-10996,2026-03-09,Zalando,K-15828,PayPal,HOOD-CL-L-SCH,Hoodie Classic,L,Schwarz,1,69.9,69.9,21.0
AB-2026-10997,2026-02-16,Eigener Shop,K-14400,Rechnungskauf,HOOD-CL-M-WEI,Hoodie Classic,M,Weiss,1,69.9,69.9,21.0
AB-2026-10998,2026-05-03,Amazon,K-18853,Kreditkarte,TEE-OVS-XS-WEI,T-Shirt Oversized,XS,Weiss,1,34.9,34.9,9.0
AB-2026-10998,2026-05-03,Amazon,K-18853,Kreditkarte,HOOD-CL-L-NAV,Hoodie Classic,L,Navy,1,69.9,69.9,21.0
AB-2026-10999,2026-04-24,Eigener Shop,K-16696,Vorkasse,JOG-CL-XL-WEI,Jogger Classic,XL,Weiss,1,64.9,64.9,19.5
AB-2026-10999,2026-04-24,Eigener Shop,K-16696,Vorkasse,HOOD-CL-XL-SCH,Hoodie Classic,XL,Schwarz,1,69.9,69.9,21.0
AB-2026-11000,2026-03-23,Eigener Shop,K-19706,PayPal,JKT-RN-L-WEI,Regenjacke Tech,L,Weiss,1,119.9,119.9,84.0
AB-2026-11000,2026-03-23,Eigener Shop,K-19706,PayPal,TEE-OVS-M-SCH,T-Shirt Oversized,M,Schwarz,1,34.9,34.9,9.0
AB-2026-11001,2026-04-13,Eigener Shop,K-16074,Rechnungskauf,SOCK-3P-S-SCH,Sneaker Socken 3er-Pack,S,Schwarz,1,19.9,19.9,4.8
AB-2026-11001,2026-04-13,Eigener Shop,K-16074,Rechnungskauf,HOOD-ZP-M-SCH,Zip-Hoodie Heavy,M,Schwarz,1,89.9,89.9,28.0
AB-2026-11001,2026-04-13,Eigener Shop,K-16074,Rechnungskauf,HOOD-ZP-XS-WEI,Zip-Hoodie Heavy,XS,Weiss,1,89.9,89.9,28.0
AB-2026-11002,2026-05-18,Eigener Shop,K-10442,Kreditkarte,KLEID-PR-M-OLI,Sommerkleid Print,M,Oliv,1,79.9,79.9,24.0
AB-2026-11002,2026-05-18,Eigener Shop,K-10442,Kreditkarte,KLEID-PR-XS-OLI,Sommerkleid Print,XS,Oliv,1,79.9,79.9,24.0
AB-2026-11003,2026-02-23,Amazon,K-16713,Kreditkarte,TEE-OVS-XS-OLI,T-Shirt Oversized,XS,Oliv,1,34.9,34.9,9.0
AB-2026-11004,2026-05-07,Amazon,K-17873,PayPal,JOG-CL-S-SCH,Jogger Classic,S,Schwarz,1,64.9,64.9,19.5
AB-2026-11005,2026-04-20,Zalando,K-16343,PayPal,SOCK-3P-S-OLI,Sneaker Socken 3er-Pack,S,Oliv,1,19.9,19.9,4.8
AB-2026-11005,2026-04-20,Zalando,K-16343,PayPal,JOG-CL-M-WEI,Jogger Classic,M,Weiss,1,64.9,64.9,19.5
AB-2026-11006,2026-03-31,Amazon,K-14442,Vorkasse,KLEID-PR-M-OLI,Sommerkleid Print,M,Oliv,1,79.9,79.9,24.0
AB-2026-11006,2026-03-31,Amazon,K-14442,Vorkasse,KLEID-PR-XL-OLI,Sommerkleid Print,XL,Oliv,1,79.9,79.9,24.0
AB-2026-11007,2026-05-25,Eigener Shop,K-17095,PayPal,TEE-OVS-XL-NAV,T-Shirt Oversized,XL,Navy,1,34.9,34.9,9.0
AB-2026-11008,2026-04-27,Eigener Shop,K-16275,Vorkasse,HOOD-CL-L-OLI,Hoodie Classic,L,Oliv,1,69.9,69.9,21.0
AB-2026-11009,2026-05-04,Amazon,K-15864,Rechnungskauf,HOOD-ZP-S-SCH,Zip-Hoodie Heavy,S,Schwarz,1,89.9,89.9,28.0
AB-2026-11009,2026-05-04,Amazon,K-15864,Rechnungskauf,HOOD-CL-XS-WEI,Hoodie Classic,XS,Weiss,1,69.9,69.9,21.0
AB-2026-11009,2026-05-04,Amazon,K-15864,Rechnungskauf,CAP-LG-S-SCH,Cap Logo,S,Schwarz,1,24.9,24.9,6.0
AB-2026-11010,2026-04-29,Amazon,K-13960,Rechnungskauf,TEE-OVS-M-OLI,T-Shirt Oversized,M,Oliv,1,34.9,34.9,9.0
AB-2026-11011,2026-04-20,Eigener Shop,K-19991,Rechnungskauf,HOOD-ZP-L-SCH,Zip-Hoodie Heavy,L,Schwarz,1,89.9,89.9,28.0
AB-2026-11011,2026-04-20,Eigener Shop,K-19991,Rechnungskauf,HOOD-ZP-S-WEI,Zip-Hoodie Heavy,S,Weiss,1,89.9,89.9,28.0
AB-2026-11012,2026-05-23,Eigener Shop,K-11693,Vorkasse,JOG-CL-XL-SCH,Jogger Classic,XL,Schwarz,1,64.9,64.9,19.5
AB-2026-11013,2026-06-20,Eigener Shop,K-18890,Vorkasse,KLEID-PR-M-NAV,Sommerkleid Print,M,Navy,1,79.9,79.9,24.0
AB-2026-11014,2026-02-10,Eigener Shop,K-13407,Vorkasse,HOOD-ZP-XS-SCH,Zip-Hoodie Heavy,XS,Schwarz,1,89.9,89.9,28.0
AB-2026-11015,2026-06-09,Eigener Shop,K-19979,PayPal,KLEID-PR-XS-WEI,Sommerkleid Print,XS,Weiss,1,79.9,79.9,24.0
AB-2026-11015,2026-06-09,Eigener Shop,K-19979,PayPal,KLEID-PR-M-WEI,Sommerkleid Print,M,Weiss,1,79.9,79.9,24.0
AB-2026-11015,2026-06-09,Eigener Shop,K-19979,PayPal,HOOD-ZP-XS-SCH,Zip-Hoodie Heavy,XS,Schwarz,1,89.9,89.9,28.0
AB-2026-11015,2026-06-09,Eigener Shop,K-19979,PayPal,HOOD-ZP-M-SCH,Zip-Hoodie Heavy,M,Schwarz,1,89.9,89.9,28.0
AB-2026-11015,2026-06-09,Eigener Shop,K-19979,PayPal,HOOD-ZP-XL-SCH,Zip-Hoodie Heavy,XL,Schwarz,1,89.9,89.9,28.0
AB-2026-11015,2026-06-09,Eigener Shop,K-19979,PayPal,HOOD-ZP-L-SCH,Zip-Hoodie Heavy,L,Schwarz,1,89.9,89.9,28.0
AB-2026-11016,2026-02-25,Eigener Shop,K-15336,Vorkasse,JOG-CL-XS-SCH,Jogger Classic,XS,Schwarz,1,64.9,64.9,19.5
AB-2026-11017,2026-01-04,Eigener Shop,K-17505,Kreditkarte,KLEID-PR-XS-WEI,Sommerkleid Print,XS,Weiss,1,79.9,79.9,24.0
AB-2026-11017,2026-01-04,Eigener Shop,K-17505,Kreditkarte,HOOD-ZP-M-SCH,Zip-Hoodie Heavy,M,Schwarz,1,89.9,89.9,28.0
AB-2026-11018,2026-01-20,Zalando,K-13674,Vorkasse,JKT-RN-XS-SCH,Regenjacke Tech,XS,Schwarz,1,119.9,119.9,84.0
AB-2026-11018,2026-01-20,Zalando,K-13674,Vorkasse,JKT-RN-XL-SCH,Regenjacke Tech,XL,Schwarz,1,119.9,119.9,84.0
AB-2026-11019,2026-03-12,Zalando,K-17135,PayPal,HOOD-ZP-XL-WEI,Zip-Hoodie Heavy,XL,Weiss,1,89.9,89.9,28.0
AB-2026-11019,2026-03-12,Zalando,K-17135,PayPal,HOOD-ZP-M-SCH,Zip-Hoodie Heavy,M,Schwarz,1,89.9,89.9,28.0
AB-2026-11019,2026-03-12,Zalando,K-17135,PayPal,JOG-CL-L-NAV,Jogger Classic,L,Navy,1,64.9,64.9,19.5
AB-2026-11020,2026-05-27,Eigener Shop,K-11298,PayPal,TEE-OVS-XS-WEI,T-Shirt Oversized,XS,Weiss,1,34.9,34.9,9.0
AB-2026-11021,2026-01-08,Eigener Shop,K-16031,PayPal,HOOD-CL-XS-NAV,Hoodie Classic,XS,Navy,1,69.9,69.9,21.0
AB-2026-11022,2026-03-06,Amazon,K-14059,Vorkasse,JKT-RN-XL-SCH,Regenjacke Tech,XL,Schwarz,1,119.9,119.9,84.0
AB-2026-11022,2026-03-06,Amazon,K-14059,Vorkasse,HOOD-ZP-M-SCH,Zip-Hoodie Heavy,M,Schwarz,1,89.9,89.9,28.0
AB-2026-11023,2026-05-03,Amazon,K-11519,Kreditkarte,KLEID-PR-XS-WEI,Sommerkleid Print,XS,Weiss,1,79.9,79.9,24.0
AB-2026-11023,2026-05-03,Amazon,K-11519,Kreditkarte,TEE-OVS-S-WEI,T-Shirt Oversized,S,Weiss,1,34.9,34.9,9.0
AB-2026-11023,2026-05-03,Amazon,K-11519,Kreditkarte,TEE-BAS-XS-SCH,T-Shirt Basic,XS,Schwarz,1,29.9,29.9,7.5
AB-2026-11024,2026-03-31,Zalando,K-16204,PayPal,TEE-BAS-M-OLI,T-Shirt Basic,M,Oliv,1,29.9,29.9,7.5
AB-2026-11025,2026-01-25,Amazon,K-16656,PayPal,KLEID-PR-M-SCH,Sommerkleid Print,M,Schwarz,1,79.9,79.9,24.0
AB-2026-11026,2026-01-11,Eigener Shop,K-18604,PayPal,JKT-RN-S-WEI,Regenjacke Tech,S,Weiss,1,119.9,119.9,84.0
AB-2026-11027,2026-02-04,Zalando,K-10798,Kreditkarte,KLEID-PR-XS-SCH,Sommerkleid Print,XS,Schwarz,1,79.9,79.9,24.0
AB-2026-11028,2026-04-09,Eigener Shop,K-11722,Rechnungskauf,TEE-OVS-XL-OLI,T-Shirt Oversized,XL,Oliv,1,34.9,34.9,9.0
AB-2026-11028,2026-04-09,Eigener Shop,K-11722,Rechnungskauf,HOOD-ZP-XL-SCH,Zip-Hoodie Heavy,XL,Schwarz,1,89.9,89.9,28.0
AB-2026-11029,2026-04-28,Zalando,K-17558,PayPal,TEE-OVS-L-SCH,T-Shirt Oversized,L,Schwarz,1,34.9,34.9,9.0
AB-2026-11030,2026-03-06,Eigener Shop,K-16692,Kreditkarte,JOG-CL-M-NAV,Jogger Classic,M,Navy,1,64.9,64.9,19.5
AB-2026-11031,2026-06-09,Zalando,K-10672,PayPal,SOCK-3P-XL-SCH,Sneaker Socken 3er-Pack,XL,Schwarz,1,19.9,19.9,4.8
AB-2026-11032,2026-04-27,Eigener Shop,K-12820,PayPal,HOOD-CL-L-NAV,Hoodie Classic,L,Navy,1,69.9,69.9,21.0
AB-2026-11032,2026-04-27,Eigener Shop,K-12820,PayPal,HOOD-CL-S-NAV,Hoodie Classic,S,Navy,1,69.9,69.9,21.0
AB-2026-11033,2026-02-20,Eigener Shop,K-14852,Vorkasse,HOOD-ZP-XS-SCH,Zip-Hoodie Heavy,XS,Schwarz,1,89.9,89.9,28.0
AB-2026-11033,2026-02-20,Eigener Shop,K-14852,Vorkasse,JKT-RN-M-SCH,Regenjacke Tech,M,Schwarz,1,119.9,119.9,84.0
AB-2026-11034,2026-03-14,Eigener Shop,K-16097,Rechnungskauf,HOOD-ZP-M-WEI,Zip-Hoodie Heavy,M,Weiss,1,89.9,89.9,28.0
AB-2026-11035,2026-04-16,Eigener Shop,K-16260,Vorkasse,SOCK-3P-L-SCH,Sneaker Socken 3er-Pack,L,Schwarz,1,19.9,19.9,4.8
AB-2026-11036,2026-03-22,Eigener Shop,K-17513,Rechnungskauf,JOG-CL-S-OLI,Jogger Classic,S,Oliv,1,64.9,64.9,19.5
AB-2026-11037,2026-05-01,Zalando,K-13143,Rechnungskauf,HOOD-ZP-XS-SCH,Zip-Hoodie Heavy,XS,Schwarz,1,89.9,89.9,28.0
AB-2026-11037,2026-05-01,Zalando,K-13143,Rechnungskauf,JOG-CL-S-SCH,Jogger Classic,S,Schwarz,1,64.9,64.9,19.5
AB-2026-11038,2026-04-15,Amazon,K-18741,Rechnungskauf,CAP-LG-XS-WEI,Cap Logo,XS,Weiss,1,24.9,24.9,6.0
AB-2026-11038,2026-04-15,Amazon,K-18741,Rechnungskauf,TEE-BAS-L-WEI,T-Shirt Basic,L,Weiss,1,29.9,29.9,7.5
AB-2026-11039,2026-01-21,Zalando,K-11438,Vorkasse,TEE-BAS-L-WEI,T-Shirt Basic,L,Weiss,1,29.9,29.9,7.5
AB-2026-11039,2026-01-21,Zalando,K-11438,Vorkasse,JOG-CL-L-OLI,Jogger Classic,L,Oliv,1,64.9,64.9,19.5
AB-2026-11040,2026-04-25,Amazon,K-15970,PayPal,TEE-OVS-XS-WEI,T-Shirt Oversized,XS,Weiss,1,34.9,34.9,9.0
AB-2026-11040,2026-04-25,Amazon,K-15970,PayPal,KLEID-PR-XL-NAV,Sommerkleid Print,XL,Navy,1,79.9,79.9,24.0
AB-2026-11041,2026-06-10,Eigener Shop,K-14676,Vorkasse,HOOD-CL-S-NAV,Hoodie Classic,S,Navy,1,69.9,69.9,21.0
AB-2026-11042,2026-03-19,Eigener Shop,K-12888,Rechnungskauf,HOOD-ZP-XS-WEI,Zip-Hoodie Heavy,XS,Weiss,1,89.9,89.9,28.0
AB-2026-11043,2026-06-19,Eigener Shop,K-11510,PayPal,HOOD-ZP-XS-WEI,Zip-Hoodie Heavy,XS,Weiss,1,89.9,89.9,28.0
AB-2026-11044,2026-03-14,Eigener Shop,K-15752,PayPal,SOCK-3P-XL-SCH,Sneaker Socken 3er-Pack,XL,Schwarz,1,19.9,19.9,4.8
AB-2026-11044,2026-03-14,Eigener Shop,K-15752,PayPal,SOCK-3P-S-SCH,Sneaker Socken 3er-Pack,S,Schwarz,1,19.9,19.9,4.8
AB-2026-11045,2026-02-02,Eigener Shop,K-17759,Rechnungskauf,TEE-BAS-S-SCH,T-Shirt Basic,S,Schwarz,1,29.9,29.9,7.5
AB-2026-11046,2026-02-09,Eigener Shop,K-17331,PayPal,JKT-RN-XL-WEI,Regenjacke Tech,XL,Weiss,1,119.9,119.9,84.0
AB-2026-11047,2026-05-23,Zalando,K-13998,PayPal,CAP-LG-L-OLI,Cap Logo,L,Oliv,1,24.9,24.9,6.0
AB-2026-11047,2026-05-23,Zalando,K-13998,PayPal,CAP-LG-S-OLI,Cap Logo,S,Oliv,1,24.9,24.9,6.0
AB-2026-11047,2026-05-23,Zalando,K-13998,PayPal,JOG-CL-XL-NAV,Jogger Classic,XL,Navy,1,64.9,64.9,19.5
AB-2026-11047,2026-05-23,Zalando,K-13998,PayPal,JOG-CL-L-NAV,Jogger Classic,L,Navy,1,64.9,64.9,19.5
AB-2026-11048,2026-01-30,Eigener Shop,K-17946,PayPal,HOOD-ZP-S-SCH,Zip-Hoodie Heavy,S,Schwarz,1,89.9,89.9,28.0
AB-2026-11049,2026-06-03,Eigener Shop,K-19805,Rechnungskauf,KLEID-PR-M-OLI,Sommerkleid Print,M,Oliv,1,79.9,79.9,24.0
AB-2026-11050,2026-06-12,Eigener Shop,K-15595,Rechnungskauf,HOOD-CL-M-NAV,Hoodie Classic,M,Navy,1,69.9,69.9,21.0
AB-2026-11051,2026-04-14,Eigener Shop,K-11699,PayPal,SOCK-3P-L-NAV,Sneaker Socken 3er-Pack,L,Navy,1,19.9,19.9,4.8
AB-2026-11051,2026-04-14,Eigener Shop,K-11699,PayPal,HOOD-CL-L-SCH,Hoodie Classic,L,Schwarz,1,69.9,69.9,21.0
AB-2026-11052,2026-05-29,Amazon,K-11802,PayPal,JOG-CL-XS-WEI,Jogger Classic,XS,Weiss,1,64.9,64.9,19.5
AB-2026-11053,2026-04-27,Eigener Shop,K-11126,PayPal,KLEID-PR-M-NAV,Sommerkleid Print,M,Navy,1,79.9,79.9,24.0
AB-2026-11053,2026-04-27,Eigener Shop,K-11126,PayPal,HOOD-ZP-S-WEI,Zip-Hoodie Heavy,S,Weiss,1,89.9,89.9,28.0
AB-2026-11054,2026-02-19,Eigener Shop,K-11026,PayPal,TEE-BAS-L-NAV,T-Shirt Basic,L,Navy,1,29.9,29.9,7.5
AB-2026-11055,2026-05-31,Eigener Shop,K-12115,PayPal,HOOD-CL-XL-SCH,Hoodie Classic,XL,Schwarz,1,69.9,69.9,21.0
AB-2026-11056,2026-01-27,Zalando,K-14499,Rechnungskauf,JOG-CL-XL-OLI,Jogger Classic,XL,Oliv,1,64.9,64.9,19.5
AB-2026-11056,2026-01-27,Zalando,K-14499,Rechnungskauf,CAP-LG-S-OLI,Cap Logo,S,Oliv,1,24.9,24.9,6.0
AB-2026-11056,2026-01-27,Zalando,K-14499,Rechnungskauf,TEE-OVS-XS-SCH,T-Shirt Oversized,XS,Schwarz,1,34.9,34.9,9.0
AB-2026-11057,2026-04-03,Eigener Shop,K-15496,PayPal,HOOD-CL-S-NAV,Hoodie Classic,S,Navy,1,69.9,69.9,21.0
AB-2026-11058,2026-04-19,Eigener Shop,K-16399,Rechnungskauf,TEE-BAS-S-SCH,T-Shirt Basic,S,Schwarz,1,29.9,29.9,7.5
AB-2026-11059,2026-03-19,Amazon,K-15895,Rechnungskauf,TEE-OVS-L-OLI,T-Shirt Oversized,L,Oliv,1,34.9,34.9,9.0
AB-2026-11059,2026-03-19,Amazon,K-15895,Rechnungskauf,HOOD-ZP-L-SCH,Zip-Hoodie Heavy,L,Schwarz,1,89.9,89.9,28.0
AB-2026-11059,2026-03-19,Amazon,K-15895,Rechnungskauf,HOOD-ZP-L-WEI,Zip-Hoodie Heavy,L,Weiss,1,89.9,89.9,28.0
AB-2026-11060,2026-01-03,Eigener Shop,K-10494,PayPal,SOCK-3P-M-WEI,Sneaker Socken 3er-Pack,M,Weiss,1,19.9,19.9,4.8
AB-2026-11060,2026-01-03,Eigener Shop,K-10494,PayPal,HOOD-ZP-XS-SCH,Zip-Hoodie Heavy,XS,Schwarz,1,89.9,89.9,28.0
AB-2026-11060,2026-01-03,Eigener Shop,K-10494,PayPal,TEE-OVS-L-NAV,T-Shirt Oversized,L,Navy,1,34.9,34.9,9.0
AB-2026-11061,2026-02-07,Eigener Shop,K-12675,Vorkasse,TEE-OVS-M-NAV,T-Shirt Oversized,M,Navy,1,34.9,34.9,9.0
AB-2026-11061,2026-02-07,Eigener Shop,K-12675,Vorkasse,HOOD-ZP-M-SCH,Zip-Hoodie Heavy,M,Schwarz,1,89.9,89.9,28.0
AB-2026-11062,2026-04-21,Eigener Shop,K-11510,Rechnungskauf,SOCK-3P-L-OLI,Sneaker Socken 3er-Pack,L,Oliv,1,19.9,19.9,4.8
AB-2026-11062,2026-04-21,Eigener Shop,K-11510,Rechnungskauf,CAP-LG-L-NAV,Cap Logo,L,Navy,1,24.9,24.9,6.0
AB-2026-11063,2026-04-06,Eigener Shop,K-10883,Kreditkarte,JKT-RN-L-WEI,Regenjacke Tech,L,Weiss,1,119.9,119.9,84.0
AB-2026-11063,2026-04-06,Eigener Shop,K-10883,Kreditkarte,KLEID-PR-XL-OLI,Sommerkleid Print,XL,Oliv,1,79.9,79.9,24.0
AB-2026-11064,2026-04-26,Eigener Shop,K-10169,Rechnungskauf,SOCK-3P-L-SCH,Sneaker Socken 3er-Pack,L,Schwarz,1,19.9,19.9,4.8
AB-2026-11065,2026-05-15,Eigener Shop,K-13523,Rechnungskauf,HOOD-CL-S-WEI,Hoodie Classic,S,Weiss,1,69.9,69.9,21.0
AB-2026-11066,2026-04-16,Eigener Shop,K-16760,Kreditkarte,JOG-CL-M-SCH,Jogger Classic,M,Schwarz,1,64.9,64.9,19.5
AB-2026-11067,2026-02-04,Eigener Shop,K-14243,Rechnungskauf,JOG-CL-S-OLI,Jogger Classic,S,Oliv,1,64.9,64.9,19.5
AB-2026-11068,2026-06-05,Eigener Shop,K-16345,Rechnungskauf,HOOD-ZP-M-SCH,Zip-Hoodie Heavy,M,Schwarz,1,89.9,89.9,28.0
AB-2026-11068,2026-06-05,Eigener Shop,K-16345,Rechnungskauf,JOG-CL-M-WEI,Jogger Classic,M,Weiss,1,64.9,64.9,19.5
AB-2026-11068,2026-06-05,Eigener Shop,K-16345,Rechnungskauf,HOOD-ZP-S-SCH,Zip-Hoodie Heavy,S,Schwarz,1,89.9,89.9,28.0
AB-2026-11069,2026-05-06,Eigener Shop,K-15042,PayPal,TEE-OVS-L-WEI,T-Shirt Oversized,L,Weiss,1,34.9,34.9,9.0
AB-2026-11070,2026-05-07,Eigener Shop,K-14826,Rechnungskauf,HOOD-ZP-L-SCH,Zip-Hoodie Heavy,L,Schwarz,1,89.9,89.9,28.0
AB-2026-11071,2026-02-21,Eigener Shop,K-16504,PayPal,TEE-BAS-L-SCH,T-Shirt Basic,L,Schwarz,1,29.9,29.9,7.5
AB-2026-11071,2026-02-21,Eigener Shop,K-16504,PayPal,HOOD-CL-M-SCH,Hoodie Classic,M,Schwarz,1,69.9,69.9,21.0
AB-2026-11072,2026-01-17,Amazon,K-16310,Kreditkarte,JKT-RN-M-WEI,Regenjacke Tech,M,Weiss,1,119.9,119.9,84.0
AB-2026-11072,2026-01-17,Amazon,K-16310,Kreditkarte,JKT-RN-XL-WEI,Regenjacke Tech,XL,Weiss,1,119.9,119.9,84.0
AB-2026-11073,2026-04-12,Eigener Shop,K-18891,Rechnungskauf,JKT-RN-L-SCH,Regenjacke Tech,L,Schwarz,1,119.9,119.9,84.0
AB-2026-11074,2026-06-19,Eigener Shop,K-11827,Kreditkarte,JKT-RN-XL-WEI,Regenjacke Tech,XL,Weiss,1,119.9,119.9,84.0
AB-2026-11074,2026-06-19,Eigener Shop,K-11827,Kreditkarte,CAP-LG-S-SCH,Cap Logo,S,Schwarz,1,24.9,24.9,6.0
AB-2026-11074,2026-06-19,Eigener Shop,K-11827,Kreditkarte,TEE-BAS-M-SCH,T-Shirt Basic,M,Schwarz,1,29.9,29.9,7.5
AB-2026-11075,2026-01-10,Eigener Shop,K-13244,PayPal,HOOD-ZP-L-SCH,Zip-Hoodie Heavy,L,Schwarz,1,89.9,89.9,28.0
AB-2026-11075,2026-01-10,Eigener Shop,K-13244,PayPal,CAP-LG-S-WEI,Cap Logo,S,Weiss,1,24.9,24.9,6.0
AB-2026-11076,2026-06-17,Zalando,K-13670,Rechnungskauf,CAP-LG-XL-SCH,Cap Logo,XL,Schwarz,1,24.9,24.9,6.0
AB-2026-11076,2026-06-17,Zalando,K-13670,Rechnungskauf,KLEID-PR-L-WEI,Sommerkleid Print,L,Weiss,1,79.9,79.9,24.0
AB-2026-11076,2026-06-17,Zalando,K-13670,Rechnungskauf,SOCK-3P-L-WEI,Sneaker Socken 3er-Pack,L,Weiss,1,19.9,19.9,4.8
AB-2026-11077,2026-01-02,Eigener Shop,K-18089,Vorkasse,JOG-CL-XL-WEI,Jogger Classic,XL,Weiss,1,64.9,64.9,19.5
AB-2026-11078,2026-01-15,Eigener Shop,K-12112,Vorkasse,SOCK-3P-L-OLI,Sneaker Socken 3er-Pack,L,Oliv,1,19.9,19.9,4.8
AB-2026-11079,2026-02-26,Eigener Shop,K-17518,Kreditkarte,CAP-LG-XL-NAV,Cap Logo,XL,Navy,1,24.9,24.9,6.0
AB-2026-11079,2026-02-26,Eigener Shop,K-17518,Kreditkarte,TEE-OVS-S-SCH,T-Shirt Oversized,S,Schwarz,1,34.9,34.9,9.0
AB-2026-11080,2026-03-16,Amazon,K-15019,Rechnungskauf,TEE-OVS-S-SCH,T-Shirt Oversized,S,Schwarz,1,34.9,34.9,9.0
AB-2026-11080,2026-03-16,Amazon,K-15019,Rechnungskauf,SOCK-3P-S-NAV,Sneaker Socken 3er-Pack,S,Navy,1,19.9,19.9,4.8
AB-2026-11080,2026-03-16,Amazon,K-15019,Rechnungskauf,TEE-BAS-L-SCH,T-Shirt Basic,L,Schwarz,1,29.9,29.9,7.5
AB-2026-11081,2026-04-15,Amazon,K-13165,Rechnungskauf,HOOD-CL-S-SCH,Hoodie Classic,S,Schwarz,1,69.9,69.9,21.0
AB-2026-11082,2026-06-09,Amazon,K-15173,PayPal,TEE-BAS-XL-WEI,T-Shirt Basic,XL,Weiss,1,29.9,29.9,7.5
AB-2026-11083,2026-04-17,Eigener Shop,K-17330,Rechnungskauf,HOOD-ZP-L-SCH,Zip-Hoodie Heavy,L,Schwarz,1,89.9,89.9,28.0
AB-2026-11084,2026-04-20,Eigener Shop,K-14229,Vorkasse,HOOD-ZP-M-WEI,Zip-Hoodie Heavy,M,Weiss,1,89.9,89.9,28.0
AB-2026-11085,2026-03-25,Eigener Shop,K-19107,Kreditkarte,CAP-LG-S-OLI,Cap Logo,S,Oliv,1,24.9,24.9,6.0
AB-2026-11085,2026-03-25,Eigener Shop,K-19107,Kreditkarte,CAP-LG-XS-WEI,Cap Logo,XS,Weiss,1,24.9,24.9,6.0
AB-2026-11086,2026-03-11,Eigener Shop,K-15644,Rechnungskauf,TEE-OVS-XS-NAV,T-Shirt Oversized,XS,Navy,1,34.9,34.9,9.0
AB-2026-11087,2026-01-06,Eigener Shop,K-18763,Kreditkarte,JOG-CL-S-SCH,Jogger Classic,S,Schwarz,1,64.9,64.9,19.5
AB-2026-11088,2026-04-23,Eigener Shop,K-12088,Vorkasse,HOOD-ZP-XS-SCH,Zip-Hoodie Heavy,XS,Schwarz,1,89.9,89.9,28.0
AB-2026-11089,2026-02-05,Eigener Shop,K-18163,Kreditkarte,HOOD-ZP-XS-SCH,Zip-Hoodie Heavy,XS,Schwarz,1,89.9,89.9,28.0
AB-2026-11090,2026-06-06,Eigener Shop,K-19096,Rechnungskauf,HOOD-CL-L-OLI,Hoodie Classic,L,Oliv,1,69.9,69.9,21.0
AB-2026-11091,2026-03-18,Eigener Shop,K-18388,PayPal,HOOD-CL-XL-NAV,Hoodie Classic,XL,Navy,1,69.9,69.9,21.0
AB-2026-11091,2026-03-18,Eigener Shop,K-18388,PayPal,TEE-BAS-M-SCH,T-Shirt Basic,M,Schwarz,1,29.9,29.9,7.5
AB-2026-11092,2026-06-03,Eigener Shop,K-19894,Vorkasse,HOOD-ZP-XS-SCH,Zip-Hoodie Heavy,XS,Schwarz,1,89.9,89.9,28.0
AB-2026-11092,2026-06-03,Eigener Shop,K-19894,Vorkasse,JOG-CL-L-SCH,Jogger Classic,L,Schwarz,1,64.9,64.9,19.5
AB-2026-11093,2026-06-17,Zalando,K-17345,Vorkasse,KLEID-PR-M-NAV,Sommerkleid Print,M,Navy,1,79.9,79.9,24.0
AB-2026-11093,2026-06-17,Zalando,K-17345,Vorkasse,TEE-BAS-L-SCH,T-Shirt Basic,L,Schwarz,1,29.9,29.9,7.5
AB-2026-11094,2026-05-22,Eigener Shop,K-18997,Kreditkarte,HOOD-ZP-XL-WEI,Zip-Hoodie Heavy,XL,Weiss,1,89.9,89.9,28.0
AB-2026-11095,2026-03-20,Eigener Shop,K-12053,PayPal,KLEID-PR-M-WEI,Sommerkleid Print,M,Weiss,1,79.9,79.9,24.0
AB-2026-11096,2026-05-03,Eigener Shop,K-11880,Kreditkarte,HOOD-ZP-S-SCH,Zip-Hoodie Heavy,S,Schwarz,1,89.9,89.9,28.0
AB-2026-11097,2026-04-10,Zalando,K-10169,PayPal,HOOD-ZP-L-WEI,Zip-Hoodie Heavy,L,Weiss,1,89.9,89.9,28.0
AB-2026-11097,2026-04-10,Zalando,K-10169,PayPal,HOOD-CL-L-NAV,Hoodie Classic,L,Navy,1,69.9,69.9,21.0
AB-2026-11098,2026-02-15,Zalando,K-13862,PayPal,TEE-OVS-M-WEI,T-Shirt Oversized,M,Weiss,1,34.9,34.9,9.0
AB-2026-11099,2026-06-16,Eigener Shop,K-18133,Kreditkarte,HOOD-CL-XL-OLI,Hoodie Classic,XL,Oliv,1,69.9,69.9,21.0
AB-2026-11099,2026-06-16,Eigener Shop,K-18133,Kreditkarte,JKT-RN-XL-WEI,Regenjacke Tech,XL,Weiss,1,119.9,119.9,84.0
AB-2026-11100,2026-02-25,Eigener Shop,K-19274,Kreditkarte,HOOD-CL-L-SCH,Hoodie Classic,L,Schwarz,1,69.9,69.9,21.0
AB-2026-11100,2026-02-25,Eigener Shop,K-19274,Kreditkarte,HOOD-ZP-XL-WEI,Zip-Hoodie Heavy,XL,Weiss,1,89.9,89.9,28.0
AB-2026-11101,2026-02-25,Amazon,K-10984,Rechnungskauf,TEE-BAS-L-WEI,T-Shirt Basic,L,Weiss,1,29.9,29.9,7.5
AB-2026-11102,2026-06-30,Eigener Shop,K-18295,Vorkasse,SOCK-3P-XS-OLI,Sneaker Socken 3er-Pack,XS,Oliv,1,19.9,19.9,4.8
AB-2026-11103,2026-04-06,Eigener Shop,K-13237,Vorkasse,JOG-CL-S-OLI,Jogger Classic,S,Oliv,1,64.9,64.9,19.5
AB-2026-11104,2026-05-16,Amazon,K-12688,Rechnungskauf,JOG-CL-XS-OLI,Jogger Classic,XS,Oliv,1,64.9,64.9,19.5
AB-2026-11105,2026-01-11,Eigener Shop,K-17465,PayPal,JKT-RN-XS-WEI,Regenjacke Tech,XS,Weiss,1,119.9,119.9,84.0
AB-2026-11106,2026-03-28,Eigener Shop,K-16635,PayPal,TEE-BAS-M-SCH,T-Shirt Basic,M,Schwarz,1,29.9,29.9,7.5
AB-2026-11107,2026-04-27,Amazon,K-14526,PayPal,CAP-LG-XL-NAV,Cap Logo,XL,Navy,1,24.9,24.9,6.0
AB-2026-11107,2026-04-27,Amazon,K-14526,PayPal,KLEID-PR-S-NAV,Sommerkleid Print,S,Navy,1,79.9,79.9,24.0
AB-2026-11108,2026-04-04,Zalando,K-11311,Rechnungskauf,TEE-BAS-M-NAV,T-Shirt Basic,M,Navy,1,29.9,29.9,7.5
AB-2026-11109,2026-06-18,Amazon,K-19389,Rechnungskauf,SOCK-3P-L-WEI,Sneaker Socken 3er-Pack,L,Weiss,1,19.9,19.9,4.8
AB-2026-11110,2026-04-13,Eigener Shop,K-10059,PayPal,JOG-CL-L-WEI,Jogger Classic,L,Weiss,1,64.9,64.9,19.5
AB-2026-11110,2026-04-13,Eigener Shop,K-10059,PayPal,KLEID-PR-L-SCH,Sommerkleid Print,L,Schwarz,1,79.9,79.9,24.0
AB-2026-11111,2026-04-26,Eigener Shop,K-15909,Kreditkarte,SOCK-3P-M-NAV,Sneaker Socken 3er-Pack,M,Navy,1,19.9,19.9,4.8
AB-2026-11111,2026-04-26,Eigener Shop,K-15909,Kreditkarte,KLEID-PR-M-OLI,Sommerkleid Print,M,Oliv,1,79.9,79.9,24.0
AB-2026-11112,2026-02-22,Eigener Shop,K-11651,Rechnungskauf,CAP-LG-XS-NAV,Cap Logo,XS,Navy,1,24.9,24.9,6.0
AB-2026-11113,2026-01-09,Eigener Shop,K-16349,Rechnungskauf,SOCK-3P-M-WEI,Sneaker Socken 3er-Pack,M,Weiss,1,19.9,19.9,4.8
AB-2026-11114,2026-02-17,Amazon,K-12703,Kreditkarte,HOOD-ZP-M-SCH,Zip-Hoodie Heavy,M,Schwarz,1,89.9,89.9,28.0
AB-2026-11115,2026-03-24,Eigener Shop,K-17591,Vorkasse,SOCK-3P-XL-OLI,Sneaker Socken 3er-Pack,XL,Oliv,1,19.9,19.9,4.8
AB-2026-11116,2026-06-21,Amazon,K-14093,Kreditkarte,CAP-LG-XS-NAV,Cap Logo,XS,Navy,1,24.9,24.9,6.0
AB-2026-11117,2026-06-17,Amazon,K-10414,PayPal,JKT-RN-XL-WEI,Regenjacke Tech,XL,Weiss,1,119.9,119.9,84.0
AB-2026-11117,2026-06-17,Amazon,K-10414,PayPal,JKT-RN-M-WEI,Regenjacke Tech,M,Weiss,1,119.9,119.9,84.0
AB-2026-11117,2026-06-17,Amazon,K-10414,PayPal,JKT-RN-L-SCH,Regenjacke Tech,L,Schwarz,1,119.9,119.9,84.0
AB-2026-11117,2026-06-17,Amazon,K-10414,PayPal,JKT-RN-M-SCH,Regenjacke Tech,M,Schwarz,1,119.9,119.9,84.0
AB-2026-11118,2026-01-15,Eigener Shop,K-10377,PayPal,HOOD-ZP-XL-SCH,Zip-Hoodie Heavy,XL,Schwarz,1,89.9,89.9,28.0
AB-2026-11119,2026-01-28,Eigener Shop,K-18348,PayPal,HOOD-ZP-XL-SCH,Zip-Hoodie Heavy,XL,Schwarz,1,89.9,89.9,28.0
AB-2026-11120,2026-01-26,Eigener Shop,K-18941,Rechnungskauf,KLEID-PR-M-SCH,Sommerkleid Print,M,Schwarz,1,79.9,79.9,24.0
AB-2026-11121,2026-06-26,Eigener Shop,K-15455,Rechnungskauf,HOOD-ZP-L-SCH,Zip-Hoodie Heavy,L,Schwarz,1,89.9,89.9,28.0
AB-2026-11122,2026-01-31,Amazon,K-15825,Rechnungskauf,HOOD-ZP-M-SCH,Zip-Hoodie Heavy,M,Schwarz,1,89.9,89.9,28.0
AB-2026-11122,2026-01-31,Amazon,K-15825,Rechnungskauf,SOCK-3P-XS-SCH,Sneaker Socken 3er-Pack,XS,Schwarz,1,19.9,19.9,4.8
AB-2026-11123,2026-05-07,Amazon,K-13524,Rechnungskauf,KLEID-PR-L-OLI,Sommerkleid Print,L,Oliv,1,79.9,79.9,24.0
AB-2026-11124,2026-05-25,Amazon,K-10396,PayPal,TEE-OVS-L-NAV,T-Shirt Oversized,L,Navy,1,34.9,34.9,9.0
AB-2026-11125,2026-04-08,Eigener Shop,K-14518,Rechnungskauf,CAP-LG-XS-OLI,Cap Logo,XS,Oliv,1,24.9,24.9,6.0
AB-2026-11125,2026-04-08,Eigener Shop,K-14518,Rechnungskauf,TEE-BAS-M-OLI,T-Shirt Basic,M,Oliv,1,29.9,29.9,7.5
AB-2026-11126,2026-05-17,Amazon,K-16426,Rechnungskauf,HOOD-ZP-S-SCH,Zip-Hoodie Heavy,S,Schwarz,1,89.9,89.9,28.0
AB-2026-11127,2026-01-23,Eigener Shop,K-19042,PayPal,TEE-OVS-L-OLI,T-Shirt Oversized,L,Oliv,1,34.9,34.9,9.0
AB-2026-11127,2026-01-23,Eigener Shop,K-19042,PayPal,HOOD-ZP-L-SCH,Zip-Hoodie Heavy,L,Schwarz,1,89.9,89.9,28.0
AB-2026-11128,2026-06-05,Eigener Shop,K-18837,Rechnungskauf,SOCK-3P-XL-SCH,Sneaker Socken 3er-Pack,XL,Schwarz,1,19.9,19.9,4.8
AB-2026-11129,2026-04-05,Eigener Shop,K-12358,Vorkasse,CAP-LG-M-NAV,Cap Logo,M,Navy,1,24.9,24.9,6.0
AB-2026-11130,2026-05-31,Eigener Shop,K-15388,Kreditkarte,JOG-CL-XS-NAV,Jogger Classic,XS,Navy,1,64.9,64.9,19.5
AB-2026-11131,2026-06-10,Zalando,K-12853,PayPal,KLEID-PR-XL-WEI,Sommerkleid Print,XL,Weiss,1,79.9,79.9,24.0
AB-2026-11132,2026-01-16,Zalando,K-14994,PayPal,HOOD-ZP-M-WEI,Zip-Hoodie Heavy,M,Weiss,1,89.9,89.9,28.0
AB-2026-11133,2026-03-13,Amazon,K-16582,Rechnungskauf,KLEID-PR-L-SCH,Sommerkleid Print,L,Schwarz,1,79.9,79.9,24.0
AB-2026-11134,2026-06-28,Zalando,K-12894,Kreditkarte,TEE-BAS-XS-SCH,T-Shirt Basic,XS,Schwarz,1,29.9,29.9,7.5
AB-2026-11135,2026-03-09,Eigener Shop,K-10635,Kreditkarte,KLEID-PR-M-OLI,Sommerkleid Print,M,Oliv,1,79.9,79.9,24.0
AB-2026-11136,2026-03-31,Eigener Shop,K-13984,Kreditkarte,TEE-BAS-S-OLI,T-Shirt Basic,S,Oliv,1,29.9,29.9,7.5
AB-2026-11137,2026-05-16,Amazon,K-19638,Rechnungskauf,TEE-BAS-XL-WEI,T-Shirt Basic,XL,Weiss,1,29.9,29.9,7.5
AB-2026-11137,2026-05-16,Amazon,K-19638,Rechnungskauf,TEE-BAS-XL-SCH,T-Shirt Basic,XL,Schwarz,1,29.9,29.9,7.5
AB-2026-11138,2026-01-21,Eigener Shop,K-12587,Kreditkarte,KLEID-PR-L-NAV,Sommerkleid Print,L,Navy,1,79.9,79.9,24.0
AB-2026-11138,2026-01-21,Eigener Shop,K-12587,Kreditkarte,HOOD-ZP-M-SCH,Zip-Hoodie Heavy,M,Schwarz,1,89.9,89.9,28.0
AB-2026-11139,2026-01-13,Eigener Shop,K-17792,Rechnungskauf,HOOD-ZP-L-SCH,Zip-Hoodie Heavy,L,Schwarz,1,89.9,89.9,28.0
AB-2026-11140,2026-02-18,Eigener Shop,K-14783,PayPal,CAP-LG-M-WEI,Cap Logo,M,Weiss,1,24.9,24.9,6.0
AB-2026-11141,2026-06-26,Eigener Shop,K-14930,Vorkasse,JKT-RN-XS-SCH,Regenjacke Tech,XS,Schwarz,1,119.9,119.9,84.0
AB-2026-11142,2026-02-19,Amazon,K-18208,Rechnungskauf,HOOD-CL-XL-SCH,Hoodie Classic,XL,Schwarz,1,69.9,69.9,21.0
AB-2026-11143,2026-02-27,Eigener Shop,K-10562,Vorkasse,HOOD-ZP-XL-WEI,Zip-Hoodie Heavy,XL,Weiss,1,89.9,89.9,28.0
AB-2026-11144,2026-01-05,Amazon,K-13949,PayPal,HOOD-CL-XS-NAV,Hoodie Classic,XS,Navy,1,69.9,69.9,21.0
AB-2026-11144,2026-01-05,Amazon,K-13949,PayPal,CAP-LG-XS-SCH,Cap Logo,XS,Schwarz,1,24.9,24.9,6.0
AB-2026-11145,2026-03-09,Amazon,K-13082,Rechnungskauf,HOOD-ZP-XS-SCH,Zip-Hoodie Heavy,XS,Schwarz,1,89.9,89.9,28.0
AB-2026-11146,2026-02-20,Zalando,K-17227,Vorkasse,CAP-LG-XS-WEI,Cap Logo,XS,Weiss,1,24.9,24.9,6.0
AB-2026-11147,2026-04-14,Amazon,K-19094,Vorkasse,TEE-BAS-XL-OLI,T-Shirt Basic,XL,Oliv,1,29.9,29.9,7.5
AB-2026-11148,2026-01-30,Eigener Shop,K-19646,Kreditkarte,TEE-BAS-XS-SCH,T-Shirt Basic,XS,Schwarz,1,29.9,29.9,7.5
AB-2026-11149,2026-03-20,Amazon,K-12609,Kreditkarte,JKT-RN-M-WEI,Regenjacke Tech,M,Weiss,1,119.9,119.9,84.0
AB-2026-11149,2026-03-20,Amazon,K-12609,Kreditkarte,KLEID-PR-L-NAV,Sommerkleid Print,L,Navy,1,79.9,79.9,24.0
AB-2026-11149,2026-03-20,Amazon,K-12609,Kreditkarte,HOOD-ZP-S-SCH,Zip-Hoodie Heavy,S,Schwarz,1,89.9,89.9,28.0
AB-2026-11150,2026-02-18,Amazon,K-12800,PayPal,TEE-OVS-XS-NAV,T-Shirt Oversized,XS,Navy,1,34.9,34.9,9.0
AB-2026-11151,2026-03-31,Eigener Shop,K-17901,Rechnungskauf,TEE-BAS-L-OLI,T-Shirt Basic,L,Oliv,1,29.9,29.9,7.5
AB-2026-11152,2026-05-09,Eigener Shop,K-13011,Vorkasse,HOOD-ZP-XL-WEI,Zip-Hoodie Heavy,XL,Weiss,1,89.9,89.9,28.0
AB-2026-11152,2026-05-09,Eigener Shop,K-13011,Vorkasse,HOOD-ZP-S-SCH,Zip-Hoodie Heavy,S,Schwarz,1,89.9,89.9,28.0
AB-2026-11153,2026-02-11,Zalando,K-19301,Kreditkarte,JOG-CL-M-OLI,Jogger Classic,M,Oliv,1,64.9,64.9,19.5
AB-2026-11153,2026-02-11,Zalando,K-19301,Kreditkarte,KLEID-PR-S-OLI,Sommerkleid Print,S,Oliv,1,79.9,79.9,24.0
AB-2026-11154,2026-02-17,Eigener Shop,K-12128,Rechnungskauf,JKT-RN-M-SCH,Regenjacke Tech,M,Schwarz,1,119.9,119.9,84.0
AB-2026-11155,2026-03-02,Amazon,K-12792,PayPal,TEE-OVS-L-NAV,T-Shirt Oversized,L,Navy,1,34.9,34.9,9.0
AB-2026-11156,2026-01-12,Eigener Shop,K-19820,Vorkasse,JKT-RN-S-SCH,Regenjacke Tech,S,Schwarz,1,119.9,119.9,84.0
AB-2026-11157,2026-05-11,Zalando,K-13384,Rechnungskauf,HOOD-ZP-XL-SCH,Zip-Hoodie Heavy,XL,Schwarz,1,89.9,89.9,28.0
AB-2026-11158,2026-02-27,Zalando,K-19380,PayPal,KLEID-PR-XL-WEI,Sommerkleid Print,XL,Weiss,1,79.9,79.9,24.0
AB-2026-11159,2026-05-07,Amazon,K-12243,PayPal,KLEID-PR-S-WEI,Sommerkleid Print,S,Weiss,1,79.9,79.9,24.0
AB-2026-11160,2026-03-21,Eigener Shop,K-13258,Rechnungskauf,KLEID-PR-L-OLI,Sommerkleid Print,L,Oliv,1,79.9,79.9,24.0
AB-2026-11161,2026-06-24,Eigener Shop,K-10724,Vorkasse,HOOD-CL-L-NAV,Hoodie Classic,L,Navy,1,69.9,69.9,21.0
AB-2026-11162,2026-06-07,Zalando,K-19507,PayPal,KLEID-PR-L-NAV,Sommerkleid Print,L,Navy,1,79.9,79.9,24.0
AB-2026-11162,2026-06-07,Zalando,K-19507,PayPal,JOG-CL-S-WEI,Jogger Classic,S,Weiss,1,64.9,64.9,19.5
AB-2026-11163,2026-05-30,Amazon,K-17339,Rechnungskauf,CAP-LG-XS-OLI,Cap Logo,XS,Oliv,1,24.9,24.9,6.0
AB-2026-11163,2026-05-30,Amazon,K-17339,Rechnungskauf,CAP-LG-M-OLI,Cap Logo,M,Oliv,1,24.9,24.9,6.0
AB-2026-11164,2026-02-19,Eigener Shop,K-18562,PayPal,JKT-RN-S-SCH,Regenjacke Tech,S,Schwarz,1,119.9,119.9,84.0
AB-2026-11165,2026-05-16,Eigener Shop,K-18825,Vorkasse,JOG-CL-M-NAV,Jogger Classic,M,Navy,1,64.9,64.9,19.5
AB-2026-11165,2026-05-16,Eigener Shop,K-18825,Vorkasse,SOCK-3P-L-WEI,Sneaker Socken 3er-Pack,L,Weiss,1,19.9,19.9,4.8
AB-2026-11165,2026-05-16,Eigener Shop,K-18825,Vorkasse,HOOD-ZP-L-SCH,Zip-Hoodie Heavy,L,Schwarz,1,89.9,89.9,28.0
AB-2026-11166,2026-02-05,Eigener Shop,K-17097,PayPal,TEE-BAS-S-WEI,T-Shirt Basic,S,Weiss,1,29.9,29.9,7.5
AB-2026-11166,2026-02-05,Eigener Shop,K-17097,PayPal,KLEID-PR-S-WEI,Sommerkleid Print,S,Weiss,1,79.9,79.9,24.0
AB-2026-11167,2026-04-05,Zalando,K-13100,PayPal,JKT-RN-L-SCH,Regenjacke Tech,L,Schwarz,1,119.9,119.9,84.0
AB-2026-11168,2026-04-10,Amazon,K-18865,Rechnungskauf,TEE-OVS-L-SCH,T-Shirt Oversized,L,Schwarz,1,34.9,34.9,9.0
AB-2026-11168,2026-04-10,Amazon,K-18865,Rechnungskauf,TEE-OVS-XL-SCH,T-Shirt Oversized,XL,Schwarz,1,34.9,34.9,9.0
AB-2026-11168,2026-04-10,Amazon,K-18865,Rechnungskauf,HOOD-ZP-M-WEI,Zip-Hoodie Heavy,M,Weiss,1,89.9,89.9,28.0
AB-2026-11168,2026-04-10,Amazon,K-18865,Rechnungskauf,HOOD-ZP-L-WEI,Zip-Hoodie Heavy,L,Weiss,1,89.9,89.9,28.0
AB-2026-11169,2026-05-07,Zalando,K-18011,Rechnungskauf,HOOD-ZP-M-WEI,Zip-Hoodie Heavy,M,Weiss,1,89.9,89.9,28.0
AB-2026-11170,2026-05-23,Amazon,K-15013,Rechnungskauf,HOOD-ZP-L-WEI,Zip-Hoodie Heavy,L,Weiss,1,89.9,89.9,28.0
AB-2026-11171,2026-05-21,Eigener Shop,K-16894,Vorkasse,SOCK-3P-L-WEI,Sneaker Socken 3er-Pack,L,Weiss,1,19.9,19.9,4.8
AB-2026-11171,2026-05-21,Eigener Shop,K-16894,Vorkasse,TEE-BAS-S-OLI,T-Shirt Basic,S,Oliv,1,29.9,29.9,7.5
AB-2026-11172,2026-05-16,Eigener Shop,K-17513,PayPal,JKT-RN-S-SCH,Regenjacke Tech,S,Schwarz,1,119.9,119.9,84.0
AB-2026-11173,2026-02-09,Amazon,K-12040,PayPal,SOCK-3P-L-NAV,Sneaker Socken 3er-Pack,L,Navy,1,19.9,19.9,4.8
AB-2026-11173,2026-02-09,Amazon,K-12040,PayPal,TEE-BAS-M-WEI,T-Shirt Basic,M,Weiss,1,29.9,29.9,7.5
AB-2026-11174,2026-02-21,Amazon,K-18347,Rechnungskauf,KLEID-PR-XS-OLI,Sommerkleid Print,XS,Oliv,1,79.9,79.9,24.0
AB-2026-11175,2026-01-21,Zalando,K-15290,PayPal,HOOD-ZP-XS-WEI,Zip-Hoodie Heavy,XS,Weiss,1,89.9,89.9,28.0
AB-2026-11176,2026-06-03,Eigener Shop,K-15327,PayPal,SOCK-3P-M-NAV,Sneaker Socken 3er-Pack,M,Navy,1,19.9,19.9,4.8
AB-2026-11176,2026-06-03,Eigener Shop,K-15327,PayPal,HOOD-ZP-L-SCH,Zip-Hoodie Heavy,L,Schwarz,1,89.9,89.9,28.0
AB-2026-11176,2026-06-03,Eigener Shop,K-15327,PayPal,TEE-BAS-S-OLI,T-Shirt Basic,S,Oliv,1,29.9,29.9,7.5
AB-2026-11177,2026-06-11,Eigener Shop,K-16706,PayPal,HOOD-ZP-XL-WEI,Zip-Hoodie Heavy,XL,Weiss,1,89.9,89.9,28.0
AB-2026-11177,2026-06-11,Eigener Shop,K-16706,PayPal,CAP-LG-M-NAV,Cap Logo,M,Navy,1,24.9,24.9,6.0
AB-2026-11178,2026-06-01,Zalando,K-11929,Kreditkarte,SOCK-3P-M-NAV,Sneaker Socken 3er-Pack,M,Navy,1,19.9,19.9,4.8
AB-2026-11178,2026-06-01,Zalando,K-11929,Kreditkarte,SOCK-3P-L-NAV,Sneaker Socken 3er-Pack,L,Navy,1,19.9,19.9,4.8
AB-2026-11179,2026-06-19,Amazon,K-11921,Vorkasse,TEE-OVS-XL-WEI,T-Shirt Oversized,XL,Weiss,1,34.9,34.9,9.0
AB-2026-11179,2026-06-19,Amazon,K-11921,Vorkasse,KLEID-PR-M-OLI,Sommerkleid Print,M,Oliv,1,79.9,79.9,24.0
AB-2026-11180,2026-03-25,Eigener Shop,K-11587,Vorkasse,CAP-LG-M-NAV,Cap Logo,M,Navy,1,24.9,24.9,6.0
AB-2026-11181,2026-03-30,Eigener Shop,K-14297,Kreditkarte,HOOD-ZP-S-WEI,Zip-Hoodie Heavy,S,Weiss,1,89.9,89.9,28.0
AB-2026-11181,2026-03-30,Eigener Shop,K-14297,Kreditkarte,HOOD-ZP-M-WEI,Zip-Hoodie Heavy,M,Weiss,1,89.9,89.9,28.0
AB-2026-11182,2026-06-06,Eigener Shop,K-11659,Kreditkarte,JKT-RN-M-SCH,Regenjacke Tech,M,Schwarz,1,119.9,119.9,84.0
AB-2026-11182,2026-06-06,Eigener Shop,K-11659,Kreditkarte,JKT-RN-L-WEI,Regenjacke Tech,L,Weiss,1,119.9,119.9,84.0
AB-2026-11183,2026-01-10,Zalando,K-16955,PayPal,JKT-RN-M-WEI,Regenjacke Tech,M,Weiss,1,119.9,119.9,84.0
AB-2026-11184,2026-03-17,Amazon,K-16863,Kreditkarte,KLEID-PR-M-OLI,Sommerkleid Print,M,Oliv,1,79.9,79.9,24.0
AB-2026-11185,2026-01-18,Eigener Shop,K-14724,PayPal,JOG-CL-S-SCH,Jogger Classic,S,Schwarz,1,64.9,64.9,19.5
AB-2026-11186,2026-04-24,Amazon,K-13923,Kreditkarte,KLEID-PR-L-NAV,Sommerkleid Print,L,Navy,1,79.9,79.9,24.0
AB-2026-11186,2026-04-24,Amazon,K-13923,Kreditkarte,JOG-CL-L-WEI,Jogger Classic,L,Weiss,1,64.9,64.9,19.5
AB-2026-11186,2026-04-24,Amazon,K-13923,Kreditkarte,HOOD-ZP-M-WEI,Zip-Hoodie Heavy,M,Weiss,1,89.9,89.9,28.0
AB-2026-11187,2026-01-01,Eigener Shop,K-12849,PayPal,KLEID-PR-XL-SCH,Sommerkleid Print,XL,Schwarz,1,79.9,79.9,24.0
AB-2026-11187,2026-01-01,Eigener Shop,K-12849,PayPal,JOG-CL-L-NAV,Jogger Classic,L,Navy,1,64.9,64.9,19.5
AB-2026-11188,2026-05-13,Amazon,K-13575,Rechnungskauf,HOOD-ZP-XS-WEI,Zip-Hoodie Heavy,XS,Weiss,1,89.9,89.9,28.0
AB-2026-11188,2026-05-13,Amazon,K-13575,Rechnungskauf,KLEID-PR-M-OLI,Sommerkleid Print,M,Oliv,1,79.9,79.9,24.0
AB-2026-11189,2026-02-06,Amazon,K-19037,Vorkasse,SOCK-3P-S-WEI,Sneaker Socken 3er-Pack,S,Weiss,1,19.9,19.9,4.8
AB-2026-11190,2026-06-28,Zalando,K-10662,Vorkasse,TEE-OVS-XS-OLI,T-Shirt Oversized,XS,Oliv,1,34.9,34.9,9.0
AB-2026-11191,2026-01-27,Eigener Shop,K-19168,Vorkasse,HOOD-ZP-XL-WEI,Zip-Hoodie Heavy,XL,Weiss,1,89.9,89.9,28.0
AB-2026-11192,2026-01-14,Eigener Shop,K-14779,PayPal,JKT-RN-XL-SCH,Regenjacke Tech,XL,Schwarz,1,119.9,119.9,84.0
AB-2026-11193,2026-06-11,Eigener Shop,K-17605,Kreditkarte,SOCK-3P-XS-NAV,Sneaker Socken 3er-Pack,XS,Navy,1,19.9,19.9,4.8
AB-2026-11194,2026-06-10,Zalando,K-18503,PayPal,CAP-LG-L-WEI,Cap Logo,L,Weiss,1,24.9,24.9,6.0
AB-2026-11195,2026-01-27,Eigener Shop,K-14843,PayPal,KLEID-PR-S-WEI,Sommerkleid Print,S,Weiss,1,79.9,79.9,24.0
AB-2026-11195,2026-01-27,Eigener Shop,K-14843,PayPal,JKT-RN-S-WEI,Regenjacke Tech,S,Weiss,1,119.9,119.9,84.0
AB-2026-11196,2026-05-13,Zalando,K-15422,Vorkasse,HOOD-ZP-XS-SCH,Zip-Hoodie Heavy,XS,Schwarz,1,89.9,89.9,28.0
AB-2026-11196,2026-05-13,Zalando,K-15422,Vorkasse,HOOD-ZP-S-WEI,Zip-Hoodie Heavy,S,Weiss,1,89.9,89.9,28.0
AB-2026-11197,2026-06-12,Eigener Shop,K-11858,PayPal,HOOD-ZP-XS-SCH,Zip-Hoodie Heavy,XS,Schwarz,1,89.9,89.9,28.0
AB-2026-11198,2026-01-22,Eigener Shop,K-11040,Rechnungskauf,HOOD-ZP-XL-WEI,Zip-Hoodie Heavy,XL,Weiss,1,89.9,89.9,28.0
AB-2026-11198,2026-01-22,Eigener Shop,K-11040,Rechnungskauf,JKT-RN-M-WEI,Regenjacke Tech,M,Weiss,1,119.9,119.9,84.0
AB-2026-11199,2026-04-15,Eigener Shop,K-12875,Vorkasse,TEE-BAS-L-OLI,T-Shirt Basic,L,Oliv,1,29.9,29.9,7.5
AB-2026-11200,2026-05-25,Amazon,K-19096,Rechnungskauf,TEE-BAS-S-NAV,T-Shirt Basic,S,Navy,1,29.9,29.9,7.5
AB-2026-11200,2026-05-25,Amazon,K-19096,Rechnungskauf,TEE-BAS-L-NAV,T-Shirt Basic,L,Navy,1,29.9,29.9,7.5
AB-2026-11200,2026-05-25,Amazon,K-19096,Rechnungskauf,HOOD-ZP-XS-SCH,Zip-Hoodie Heavy,XS,Schwarz,1,89.9,89.9,28.0
AB-2026-11200,2026-05-25,Amazon,K-19096,Rechnungskauf,HOOD-ZP-L-SCH,Zip-Hoodie Heavy,L,Schwarz,1,89.9,89.9,28.0
AB-2026-11200,2026-05-25,Amazon,K-19096,Rechnungskauf,JOG-CL-XL-NAV,Jogger Classic,XL,Navy,1,64.9,64.9,19.5
AB-2026-11200,2026-05-25,Amazon,K-19096,Rechnungskauf,JOG-CL-L-NAV,Jogger Classic,L,Navy,1,64.9,64.9,19.5
AB-2026-11201,2026-03-10,Eigener Shop,K-18970,Rechnungskauf,HOOD-ZP-XL-SCH,Zip-Hoodie Heavy,XL,Schwarz,1,89.9,89.9,28.0
AB-2026-11201,2026-03-10,Eigener Shop,K-18970,Rechnungskauf,HOOD-CL-XL-NAV,Hoodie Classic,XL,Navy,1,69.9,69.9,21.0
AB-2026-11201,2026-03-10,Eigener Shop,K-18970,Rechnungskauf,JKT-RN-XS-SCH,Regenjacke Tech,XS,Schwarz,1,119.9,119.9,84.0
AB-2026-11202,2026-02-02,Amazon,K-10931,PayPal,JOG-CL-S-OLI,Jogger Classic,S,Oliv,1,64.9,64.9,19.5
AB-2026-11202,2026-02-02,Amazon,K-10931,PayPal,KLEID-PR-S-SCH,Sommerkleid Print,S,Schwarz,1,79.9,79.9,24.0
AB-2026-11203,2026-01-17,Zalando,K-12967,PayPal,HOOD-CL-L-SCH,Hoodie Classic,L,Schwarz,1,69.9,69.9,21.0
AB-2026-11203,2026-01-17,Zalando,K-12967,PayPal,HOOD-CL-XL-SCH,Hoodie Classic,XL,Schwarz,1,69.9,69.9,21.0
AB-2026-11204,2026-05-23,Amazon,K-15814,Rechnungskauf,TEE-OVS-XS-NAV,T-Shirt Oversized,XS,Navy,1,34.9,34.9,9.0
AB-2026-11205,2026-03-21,Amazon,K-13528,PayPal,TEE-OVS-M-WEI,T-Shirt Oversized,M,Weiss,1,34.9,34.9,9.0
AB-2026-11206,2026-04-05,Amazon,K-11667,Rechnungskauf,HOOD-CL-L-SCH,Hoodie Classic,L,Schwarz,1,69.9,69.9,21.0
AB-2026-11206,2026-04-05,Amazon,K-11667,Rechnungskauf,HOOD-CL-XL-SCH,Hoodie Classic,XL,Schwarz,1,69.9,69.9,21.0
AB-2026-11206,2026-04-05,Amazon,K-11667,Rechnungskauf,KLEID-PR-S-NAV,Sommerkleid Print,S,Navy,1,79.9,79.9,24.0
AB-2026-11206,2026-04-05,Amazon,K-11667,Rechnungskauf,KLEID-PR-XS-NAV,Sommerkleid Print,XS,Navy,1,79.9,79.9,24.0
AB-2026-11207,2026-03-16,Eigener Shop,K-14938,Rechnungskauf,JOG-CL-XL-SCH,Jogger Classic,XL,Schwarz,1,64.9,64.9,19.5
AB-2026-11208,2026-06-10,Eigener Shop,K-15467,Vorkasse,HOOD-ZP-M-SCH,Zip-Hoodie Heavy,M,Schwarz,1,89.9,89.9,28.0
AB-2026-11209,2026-02-23,Zalando,K-10772,Rechnungskauf,JOG-CL-S-NAV,Jogger Classic,S,Navy,1,64.9,64.9,19.5
AB-2026-11209,2026-02-23,Zalando,K-10772,Rechnungskauf,SOCK-3P-XS-OLI,Sneaker Socken 3er-Pack,XS,Oliv,1,19.9,19.9,4.8
AB-2026-11210,2026-02-05,Eigener Shop,K-18738,PayPal,HOOD-ZP-S-WEI,Zip-Hoodie Heavy,S,Weiss,1,89.9,89.9,28.0
AB-2026-11210,2026-02-05,Eigener Shop,K-18738,PayPal,HOOD-ZP-M-WEI,Zip-Hoodie Heavy,M,Weiss,1,89.9,89.9,28.0
AB-2026-11211,2026-01-03,Eigener Shop,K-18354,Rechnungskauf,KLEID-PR-S-OLI,Sommerkleid Print,S,Oliv,1,79.9,79.9,24.0
AB-2026-11212,2026-01-20,Amazon,K-18029,PayPal,HOOD-CL-XL-WEI,Hoodie Classic,XL,Weiss,1,69.9,69.9,21.0
AB-2026-11212,2026-01-20,Amazon,K-18029,PayPal,HOOD-ZP-XL-SCH,Zip-Hoodie Heavy,XL,Schwarz,1,89.9,89.9,28.0
AB-2026-11213,2026-01-21,Eigener Shop,K-16270,Rechnungskauf,HOOD-ZP-XL-WEI,Zip-Hoodie Heavy,XL,Weiss,1,89.9,89.9,28.0
AB-2026-11214,2026-04-15,Eigener Shop,K-12923,Kreditkarte,HOOD-ZP-L-WEI,Zip-Hoodie Heavy,L,Weiss,1,89.9,89.9,28.0
AB-2026-11215,2026-01-09,Eigener Shop,K-19482,Vorkasse,JOG-CL-XS-WEI,Jogger Classic,XS,Weiss,1,64.9,64.9,19.5
AB-2026-11215,2026-01-09,Eigener Shop,K-19482,Vorkasse,HOOD-ZP-S-WEI,Zip-Hoodie Heavy,S,Weiss,1,89.9,89.9,28.0
AB-2026-11216,2026-03-06,Amazon,K-11286,Rechnungskauf,CAP-LG-M-NAV,Cap Logo,M,Navy,1,24.9,24.9,6.0
AB-2026-11217,2026-02-19,Eigener Shop,K-17048,PayPal,JKT-RN-L-SCH,Regenjacke Tech,L,Schwarz,1,119.9,119.9,84.0
AB-2026-11218,2026-03-21,Amazon,K-16658,Kreditkarte,JOG-CL-XL-WEI,Jogger Classic,XL,Weiss,1,64.9,64.9,19.5
AB-2026-11219,2026-04-23,Zalando,K-10755,Vorkasse,TEE-BAS-L-SCH,T-Shirt Basic,L,Schwarz,1,29.9,29.9,7.5
AB-2026-11219,2026-04-23,Zalando,K-10755,Vorkasse,JOG-CL-L-OLI,Jogger Classic,L,Oliv,1,64.9,64.9,19.5
AB-2026-11220,2026-02-10,Eigener Shop,K-18372,Kreditkarte,TEE-BAS-S-NAV,T-Shirt Basic,S,Navy,1,29.9,29.9,7.5
AB-2026-11221,2026-02-23,Eigener Shop,K-11450,PayPal,TEE-OVS-M-NAV,T-Shirt Oversized,M,Navy,1,34.9,34.9,9.0
AB-2026-11222,2026-03-11,Amazon,K-10201,PayPal,JKT-RN-M-SCH,Regenjacke Tech,M,Schwarz,1,119.9,119.9,84.0
AB-2026-11222,2026-03-11,Amazon,K-10201,PayPal,JKT-RN-L-SCH,Regenjacke Tech,L,Schwarz,1,119.9,119.9,84.0
AB-2026-11222,2026-03-11,Amazon,K-10201,PayPal,HOOD-ZP-XS-WEI,Zip-Hoodie Heavy,XS,Weiss,1,89.9,89.9,28.0
AB-2026-11222,2026-03-11,Amazon,K-10201,PayPal,HOOD-ZP-S-WEI,Zip-Hoodie Heavy,S,Weiss,1,89.9,89.9,28.0
AB-2026-11223,2026-02-26,Amazon,K-12928,PayPal,TEE-OVS-M-OLI,T-Shirt Oversized,M,Oliv,1,34.9,34.9,9.0
AB-2026-11224,2026-04-14,Eigener Shop,K-19035,Kreditkarte,HOOD-ZP-L-WEI,Zip-Hoodie Heavy,L,Weiss,1,89.9,89.9,28.0
AB-2026-11225,2026-06-06,Amazon,K-17766,PayPal,HOOD-ZP-XL-SCH,Zip-Hoodie Heavy,XL,Schwarz,1,89.9,89.9,28.0
AB-2026-11226,2026-02-16,Amazon,K-18588,Kreditkarte,TEE-BAS-XS-WEI,T-Shirt Basic,XS,Weiss,1,29.9,29.9,7.5
AB-2026-11226,2026-02-16,Amazon,K-18588,Kreditkarte,CAP-LG-L-SCH,Cap Logo,L,Schwarz,1,24.9,24.9,6.0
AB-2026-11227,2026-04-28,Eigener Shop,K-11834,Kreditkarte,CAP-LG-S-SCH,Cap Logo,S,Schwarz,1,24.9,24.9,6.0
AB-2026-11228,2026-05-09,Eigener Shop,K-15883,Rechnungskauf,HOOD-ZP-XL-SCH,Zip-Hoodie Heavy,XL,Schwarz,1,89.9,89.9,28.0
AB-2026-11228,2026-05-09,Eigener Shop,K-15883,Rechnungskauf,HOOD-ZP-S-SCH,Zip-Hoodie Heavy,S,Schwarz,1,89.9,89.9,28.0
AB-2026-11229,2026-06-01,Eigener Shop,K-10874,Kreditkarte,SOCK-3P-XS-SCH,Sneaker Socken 3er-Pack,XS,Schwarz,1,19.9,19.9,4.8
AB-2026-11229,2026-06-01,Eigener Shop,K-10874,Kreditkarte,TEE-OVS-S-NAV,T-Shirt Oversized,S,Navy,1,34.9,34.9,9.0
AB-2026-11230,2026-04-09,Eigener Shop,K-13542,PayPal,JKT-RN-L-SCH,Regenjacke Tech,L,Schwarz,1,119.9,119.9,84.0
AB-2026-11231,2026-04-02,Eigener Shop,K-15949,Rechnungskauf,TEE-OVS-M-WEI,T-Shirt Oversized,M,Weiss,1,34.9,34.9,9.0
AB-2026-11231,2026-04-02,Eigener Shop,K-15949,Rechnungskauf,TEE-BAS-S-WEI,T-Shirt Basic,S,Weiss,1,29.9,29.9,7.5
AB-2026-11232,2026-05-22,Eigener Shop,K-14677,PayPal,TEE-BAS-L-SCH,T-Shirt Basic,L,Schwarz,1,29.9,29.9,7.5
AB-2026-11233,2026-01-30,Zalando,K-18782,PayPal,JKT-RN-S-WEI,Regenjacke Tech,S,Weiss,1,119.9,119.9,84.0
AB-2026-11233,2026-01-30,Zalando,K-18782,PayPal,KLEID-PR-S-NAV,Sommerkleid Print,S,Navy,1,79.9,79.9,24.0
AB-2026-11234,2026-02-11,Eigener Shop,K-15453,Vorkasse,TEE-BAS-M-OLI,T-Shirt Basic,M,Oliv,1,29.9,29.9,7.5
AB-2026-11235,2026-01-24,Eigener Shop,K-14557,PayPal,JKT-RN-XL-SCH,Regenjacke Tech,XL,Schwarz,1,119.9,119.9,84.0
AB-2026-11236,2026-01-12,Eigener Shop,K-12046,Vorkasse,JOG-CL-S-OLI,Jogger Classic,S,Oliv,1,64.9,64.9,19.5
AB-2026-11237,2026-04-28,Amazon,K-13095,Kreditkarte,HOOD-ZP-S-WEI,Zip-Hoodie Heavy,S,Weiss,1,89.9,89.9,28.0
AB-2026-11237,2026-04-28,Amazon,K-13095,Kreditkarte,JKT-RN-XL-SCH,Regenjacke Tech,XL,Schwarz,1,119.9,119.9,84.0
AB-2026-11238,2026-02-01,Eigener Shop,K-14240,Vorkasse,HOOD-ZP-S-SCH,Zip-Hoodie Heavy,S,Schwarz,1,89.9,89.9,28.0
AB-2026-11238,2026-02-01,Eigener Shop,K-14240,Vorkasse,JKT-RN-XL-WEI,Regenjacke Tech,XL,Weiss,1,119.9,119.9,84.0
AB-2026-11239,2026-03-29,Eigener Shop,K-12202,Kreditkarte,HOOD-ZP-XS-WEI,Zip-Hoodie Heavy,XS,Weiss,1,89.9,89.9,28.0
AB-2026-11239,2026-03-29,Eigener Shop,K-12202,Kreditkarte,HOOD-ZP-XL-WEI,Zip-Hoodie Heavy,XL,Weiss,1,89.9,89.9,28.0
AB-2026-11240,2026-06-14,Eigener Shop,K-11542,Rechnungskauf,TEE-OVS-XL-WEI,T-Shirt Oversized,XL,Weiss,1,34.9,34.9,9.0
AB-2026-11240,2026-06-14,Eigener Shop,K-11542,Rechnungskauf,SOCK-3P-M-OLI,Sneaker Socken 3er-Pack,M,Oliv,1,19.9,19.9,4.8
AB-2026-11241,2026-03-07,Eigener Shop,K-14443,Rechnungskauf,HOOD-CL-XL-NAV,Hoodie Classic,XL,Navy,1,69.9,69.9,21.0
AB-2026-11241,2026-03-07,Eigener Shop,K-14443,Rechnungskauf,TEE-OVS-S-NAV,T-Shirt Oversized,S,Navy,1,34.9,34.9,9.0
AB-2026-11242,2026-06-20,Zalando,K-15563,PayPal,TEE-BAS-XL-SCH,T-Shirt Basic,XL,Schwarz,1,29.9,29.9,7.5
AB-2026-11243,2026-01-07,Zalando,K-11706,Kreditkarte,HOOD-ZP-S-WEI,Zip-Hoodie Heavy,S,Weiss,1,89.9,89.9,28.0
AB-2026-11244,2026-06-26,Amazon,K-18105,Kreditkarte,TEE-BAS-M-SCH,T-Shirt Basic,M,Schwarz,1,29.9,29.9,7.5
AB-2026-11245,2026-04-05,Eigener Shop,K-11225,Rechnungskauf,HOOD-ZP-L-WEI,Zip-Hoodie Heavy,L,Weiss,1,89.9,89.9,28.0
AB-2026-11246,2026-05-30,Eigener Shop,K-11779,Rechnungskauf,TEE-BAS-L-NAV,T-Shirt Basic,L,Navy,1,29.9,29.9,7.5
AB-2026-11246,2026-05-30,Eigener Shop,K-11779,Rechnungskauf,TEE-BAS-S-NAV,T-Shirt Basic,S,Navy,1,29.9,29.9,7.5
AB-2026-11247,2026-03-14,Eigener Shop,K-17602,PayPal,HOOD-CL-M-WEI,Hoodie Classic,M,Weiss,1,69.9,69.9,21.0
AB-2026-11248,2026-06-14,Amazon,K-15844,Kreditkarte,JOG-CL-M-WEI,Jogger Classic,M,Weiss,1,64.9,64.9,19.5
AB-2026-11249,2026-04-11,Eigener Shop,K-18245,Rechnungskauf,HOOD-CL-XL-OLI,Hoodie Classic,XL,Oliv,1,69.9,69.9,21.0
AB-2026-11249,2026-04-11,Eigener Shop,K-18245,Rechnungskauf,HOOD-CL-M-OLI,Hoodie Classic,M,Oliv,1,69.9,69.9,21.0
AB-2026-11249,2026-04-11,Eigener Shop,K-18245,Rechnungskauf,HOOD-CL-L-SCH,Hoodie Classic,L,Schwarz,1,69.9,69.9,21.0
AB-2026-11249,2026-04-11,Eigener Shop,K-18245,Rechnungskauf,HOOD-CL-XL-SCH,Hoodie Classic,XL,Schwarz,1,69.9,69.9,21.0
AB-2026-11249,2026-04-11,Eigener Shop,K-18245,Rechnungskauf,CAP-LG-XS-NAV,Cap Logo,XS,Navy,1,24.9,24.9,6.0
AB-2026-11249,2026-04-11,Eigener Shop,K-18245,Rechnungskauf,CAP-LG-L-NAV,Cap Logo,L,Navy,1,24.9,24.9,6.0
AB-2026-11250,2026-01-15,Zalando,K-11463,PayPal,KLEID-PR-L-NAV,Sommerkleid Print,L,Navy,1,79.9,79.9,24.0
AB-2026-11251,2026-02-07,Eigener Shop,K-11405,Rechnungskauf,HOOD-ZP-M-WEI,Zip-Hoodie Heavy,M,Weiss,1,89.9,89.9,28.0
AB-2026-11252,2026-03-05,Amazon,K-15435,Rechnungskauf,CAP-LG-S-OLI,Cap Logo,S,Oliv,1,24.9,24.9,6.0
AB-2026-11252,2026-03-05,Amazon,K-15435,Rechnungskauf,JKT-RN-M-SCH,Regenjacke Tech,M,Schwarz,1,119.9,119.9,84.0
AB-2026-11252,2026-03-05,Amazon,K-15435,Rechnungskauf,HOOD-ZP-S-WEI,Zip-Hoodie Heavy,S,Weiss,1,89.9,89.9,28.0
AB-2026-11253,2026-05-20,Eigener Shop,K-16839,Rechnungskauf,SOCK-3P-XS-WEI,Sneaker Socken 3er-Pack,XS,Weiss,1,19.9,19.9,4.8
AB-2026-11253,2026-05-20,Eigener Shop,K-16839,Rechnungskauf,HOOD-CL-L-WEI,Hoodie Classic,L,Weiss,1,69.9,69.9,21.0
AB-2026-11254,2026-03-19,Amazon,K-15864,PayPal,SOCK-3P-L-OLI,Sneaker Socken 3er-Pack,L,Oliv,1,19.9,19.9,4.8
AB-2026-11254,2026-03-19,Amazon,K-15864,PayPal,HOOD-ZP-S-SCH,Zip-Hoodie Heavy,S,Schwarz,1,89.9,89.9,28.0
AB-2026-11255,2026-03-09,Amazon,K-14526,Rechnungskauf,HOOD-ZP-S-SCH,Zip-Hoodie Heavy,S,Schwarz,1,89.9,89.9,28.0
AB-2026-11255,2026-03-09,Amazon,K-14526,Rechnungskauf,HOOD-ZP-S-WEI,Zip-Hoodie Heavy,S,Weiss,1,89.9,89.9,28.0
AB-2026-11256,2026-05-18,Eigener Shop,K-15545,Vorkasse,HOOD-ZP-L-SCH,Zip-Hoodie Heavy,L,Schwarz,1,89.9,89.9,28.0
AB-2026-11257,2026-05-25,Eigener Shop,K-17824,PayPal,JKT-RN-L-WEI,Regenjacke Tech,L,Weiss,1,119.9,119.9,84.0
AB-2026-11257,2026-05-25,Eigener Shop,K-17824,PayPal,TEE-OVS-XL-WEI,T-Shirt Oversized,XL,Weiss,1,34.9,34.9,9.0
AB-2026-11258,2026-02-26,Eigener Shop,K-16414,Rechnungskauf,TEE-BAS-S-SCH,T-Shirt Basic,S,Schwarz,1,29.9,29.9,7.5
AB-2026-11259,2026-05-29,Amazon,K-19044,Vorkasse,SOCK-3P-L-NAV,Sneaker Socken 3er-Pack,L,Navy,1,19.9,19.9,4.8
AB-2026-11260,2026-06-12,Eigener Shop,K-17321,Vorkasse,HOOD-CL-M-OLI,Hoodie Classic,M,Oliv,1,69.9,69.9,21.0
AB-2026-11260,2026-06-12,Eigener Shop,K-17321,Vorkasse,HOOD-CL-L-OLI,Hoodie Classic,L,Oliv,1,69.9,69.9,21.0
AB-2026-11261,2026-01-11,Eigener Shop,K-19689,PayPal,TEE-OVS-L-NAV,T-Shirt Oversized,L,Navy,1,34.9,34.9,9.0
AB-2026-11261,2026-01-11,Eigener Shop,K-19689,PayPal,TEE-BAS-XS-WEI,T-Shirt Basic,XS,Weiss,1,29.9,29.9,7.5
AB-2026-11261,2026-01-11,Eigener Shop,K-19689,PayPal,HOOD-ZP-M-WEI,Zip-Hoodie Heavy,M,Weiss,1,89.9,89.9,28.0
AB-2026-11262,2026-05-24,Zalando,K-17145,PayPal,HOOD-ZP-XL-SCH,Zip-Hoodie Heavy,XL,Schwarz,1,89.9,89.9,28.0
AB-2026-11262,2026-05-24,Zalando,K-17145,PayPal,HOOD-ZP-L-SCH,Zip-Hoodie Heavy,L,Schwarz,1,89.9,89.9,28.0
AB-2026-11263,2026-01-22,Eigener Shop,K-16894,Kreditkarte,HOOD-ZP-M-SCH,Zip-Hoodie Heavy,M,Schwarz,1,89.9,89.9,28.0
AB-2026-11263,2026-01-22,Eigener Shop,K-16894,Kreditkarte,SOCK-3P-S-WEI,Sneaker Socken 3er-Pack,S,Weiss,1,19.9,19.9,4.8
AB-2026-11263,2026-01-22,Eigener Shop,K-16894,Kreditkarte,TEE-BAS-XL-NAV,T-Shirt Basic,XL,Navy,1,29.9,29.9,7.5
AB-2026-11264,2026-06-20,Eigener Shop,K-14492,Rechnungskauf,JOG-CL-L-SCH,Jogger Classic,L,Schwarz,1,64.9,64.9,19.5
AB-2026-11264,2026-06-20,Eigener Shop,K-14492,Rechnungskauf,HOOD-ZP-XL-SCH,Zip-Hoodie Heavy,XL,Schwarz,1,89.9,89.9,28.0
AB-2026-11265,2026-01-04,Amazon,K-16445,Rechnungskauf,HOOD-ZP-S-WEI,Zip-Hoodie Heavy,S,Weiss,1,89.9,89.9,28.0
AB-2026-11265,2026-01-04,Amazon,K-16445,Rechnungskauf,CAP-LG-M-SCH,Cap Logo,M,Schwarz,1,24.9,24.9,6.0
AB-2026-11266,2026-04-03,Eigener Shop,K-17872,Rechnungskauf,TEE-BAS-L-NAV,T-Shirt Basic,L,Navy,1,29.9,29.9,7.5
AB-2026-11267,2026-03-17,Eigener Shop,K-12011,Rechnungskauf,TEE-BAS-M-SCH,T-Shirt Basic,M,Schwarz,1,29.9,29.9,7.5
AB-2026-11267,2026-03-17,Eigener Shop,K-12011,Rechnungskauf,TEE-BAS-S-SCH,T-Shirt Basic,S,Schwarz,1,29.9,29.9,7.5
AB-2026-11268,2026-04-19,Eigener Shop,K-18562,Kreditkarte,TEE-OVS-XL-SCH,T-Shirt Oversized,XL,Schwarz,1,34.9,34.9,9.0
AB-2026-11268,2026-04-19,Eigener Shop,K-18562,Kreditkarte,TEE-BAS-XL-SCH,T-Shirt Basic,XL,Schwarz,1,29.9,29.9,7.5
AB-2026-11269,2026-02-02,Eigener Shop,K-13335,Kreditkarte,JOG-CL-M-NAV,Jogger Classic,M,Navy,1,64.9,64.9,19.5
AB-2026-11269,2026-02-02,Eigener Shop,K-13335,Kreditkarte,JOG-CL-XS-SCH,Jogger Classic,XS,Schwarz,1,64.9,64.9,19.5
AB-2026-11270,2026-03-25,Eigener Shop,K-13209,PayPal,JKT-RN-S-WEI,Regenjacke Tech,S,Weiss,1,119.9,119.9,84.0
AB-2026-11271,2026-01-11,Eigener Shop,K-17633,PayPal,JOG-CL-L-NAV,Jogger Classic,L,Navy,1,64.9,64.9,19.5
AB-2026-11272,2026-02-20,Amazon,K-16870,Rechnungskauf,JKT-RN-XS-SCH,Regenjacke Tech,XS,Schwarz,1,119.9,119.9,84.0
AB-2026-11273,2026-01-26,Eigener Shop,K-13143,PayPal,TEE-BAS-L-WEI,T-Shirt Basic,L,Weiss,1,29.9,29.9,7.5
AB-2026-11274,2026-03-20,Eigener Shop,K-15424,Rechnungskauf,SOCK-3P-XS-WEI,Sneaker Socken 3er-Pack,XS,Weiss,1,19.9,19.9,4.8
AB-2026-11275,2026-01-14,Eigener Shop,K-17119,Vorkasse,SOCK-3P-XS-WEI,Sneaker Socken 3er-Pack,XS,Weiss,1,19.9,19.9,4.8
AB-2026-11276,2026-01-11,Amazon,K-13519,Rechnungskauf,HOOD-ZP-M-SCH,Zip-Hoodie Heavy,M,Schwarz,1,89.9,89.9,28.0
AB-2026-11276,2026-01-11,Amazon,K-13519,Rechnungskauf,HOOD-CL-XL-OLI,Hoodie Classic,XL,Oliv,1,69.9,69.9,21.0
AB-2026-11277,2026-06-11,Eigener Shop,K-11358,Kreditkarte,CAP-LG-S-NAV,Cap Logo,S,Navy,1,24.9,24.9,6.0
AB-2026-11277,2026-06-11,Eigener Shop,K-11358,Kreditkarte,TEE-BAS-S-SCH,T-Shirt Basic,S,Schwarz,1,29.9,29.9,7.5
AB-2026-11278,2026-01-16,Amazon,K-15901,Vorkasse,TEE-BAS-M-WEI,T-Shirt Basic,M,Weiss,1,29.9,29.9,7.5
AB-2026-11278,2026-01-16,Amazon,K-15901,Vorkasse,TEE-OVS-XL-OLI,T-Shirt Oversized,XL,Oliv,1,34.9,34.9,9.0
AB-2026-11279,2026-04-29,Eigener Shop,K-16614,PayPal,TEE-OVS-M-SCH,T-Shirt Oversized,M,Schwarz,1,34.9,34.9,9.0
AB-2026-11279,2026-04-29,Eigener Shop,K-16614,PayPal,TEE-OVS-L-SCH,T-Shirt Oversized,L,Schwarz,1,34.9,34.9,9.0
AB-2026-11279,2026-04-29,Eigener Shop,K-16614,PayPal,HOOD-CL-M-OLI,Hoodie Classic,M,Oliv,1,69.9,69.9,21.0
AB-2026-11279,2026-04-29,Eigener Shop,K-16614,PayPal,HOOD-CL-XS-OLI,Hoodie Classic,XS,Oliv,1,69.9,69.9,21.0
AB-2026-11280,2026-01-03,Eigener Shop,K-11609,Rechnungskauf,JOG-CL-XS-WEI,Jogger Classic,XS,Weiss,1,64.9,64.9,19.5
AB-2026-11281,2026-06-09,Eigener Shop,K-19429,Kreditkarte,HOOD-ZP-XL-WEI,Zip-Hoodie Heavy,XL,Weiss,1,89.9,89.9,28.0
AB-2026-11282,2026-06-25,Eigener Shop,K-17103,PayPal,KLEID-PR-S-WEI,Sommerkleid Print,S,Weiss,1,79.9,79.9,24.0
AB-2026-11282,2026-06-25,Eigener Shop,K-17103,PayPal,KLEID-PR-XS-WEI,Sommerkleid Print,XS,Weiss,1,79.9,79.9,24.0
AB-2026-11282,2026-06-25,Eigener Shop,K-17103,PayPal,JOG-CL-XL-SCH,Jogger Classic,XL,Schwarz,1,64.9,64.9,19.5
AB-2026-11282,2026-06-25,Eigener Shop,K-17103,PayPal,JOG-CL-S-SCH,Jogger Classic,S,Schwarz,1,64.9,64.9,19.5
AB-2026-11283,2026-01-31,Amazon,K-15494,Rechnungskauf,TEE-BAS-L-NAV,T-Shirt Basic,L,Navy,1,29.9,29.9,7.5
AB-2026-11284,2026-04-02,Eigener Shop,K-14580,Vorkasse,TEE-BAS-M-NAV,T-Shirt Basic,M,Navy,1,29.9,29.9,7.5
AB-2026-11285,2026-04-13,Zalando,K-17970,Vorkasse,TEE-OVS-XL-NAV,T-Shirt Oversized,XL,Navy,1,34.9,34.9,9.0
AB-2026-11285,2026-04-13,Zalando,K-17970,Vorkasse,TEE-OVS-M-NAV,T-Shirt Oversized,M,Navy,1,34.9,34.9,9.0
AB-2026-11286,2026-02-17,Eigener Shop,K-15258,PayPal,HOOD-ZP-S-WEI,Zip-Hoodie Heavy,S,Weiss,1,89.9,89.9,28.0
AB-2026-11286,2026-02-17,Eigener Shop,K-15258,PayPal,HOOD-ZP-S-SCH,Zip-Hoodie Heavy,S,Schwarz,1,89.9,89.9,28.0
AB-2026-11287,2026-01-15,Eigener Shop,K-13781,PayPal,TEE-OVS-XL-OLI,T-Shirt Oversized,XL,Oliv,1,34.9,34.9,9.0
AB-2026-11288,2026-05-04,Eigener Shop,K-19146,Vorkasse,TEE-OVS-XS-WEI,T-Shirt Oversized,XS,Weiss,1,34.9,34.9,9.0
AB-2026-11289,2026-05-05,Eigener Shop,K-19577,PayPal,JKT-RN-XS-WEI,Regenjacke Tech,XS,Weiss,1,119.9,119.9,84.0
AB-2026-11289,2026-05-05,Eigener Shop,K-19577,PayPal,JKT-RN-S-WEI,Regenjacke Tech,S,Weiss,1,119.9,119.9,84.0
AB-2026-11290,2026-03-16,Zalando,K-15274,Kreditkarte,SOCK-3P-XS-WEI,Sneaker Socken 3er-Pack,XS,Weiss,1,19.9,19.9,4.8
AB-2026-11291,2026-06-29,Eigener Shop,K-14869,Rechnungskauf,JKT-RN-L-WEI,Regenjacke Tech,L,Weiss,1,119.9,119.9,84.0
AB-2026-11292,2026-06-24,Eigener Shop,K-12389,PayPal,HOOD-ZP-L-SCH,Zip-Hoodie Heavy,L,Schwarz,1,89.9,89.9,28.0
AB-2026-11293,2026-03-10,Eigener Shop,K-16791,Rechnungskauf,JOG-CL-XS-NAV,Jogger Classic,XS,Navy,1,64.9,64.9,19.5
AB-2026-11294,2026-01-19,Eigener Shop,K-12748,Rechnungskauf,TEE-BAS-S-OLI,T-Shirt Basic,S,Oliv,1,29.9,29.9,7.5
AB-2026-11295,2026-01-20,Eigener Shop,K-15782,Rechnungskauf,HOOD-ZP-M-SCH,Zip-Hoodie Heavy,M,Schwarz,1,89.9,89.9,28.0
AB-2026-11295,2026-01-20,Eigener Shop,K-15782,Rechnungskauf,HOOD-ZP-XL-SCH,Zip-Hoodie Heavy,XL,Schwarz,1,89.9,89.9,28.0
AB-2026-11296,2026-05-15,Eigener Shop,K-16503,Kreditkarte,JOG-CL-L-OLI,Jogger Classic,L,Oliv,1,64.9,64.9,19.5
AB-2026-11297,2026-06-20,Eigener Shop,K-16888,PayPal,JKT-RN-L-WEI,Regenjacke Tech,L,Weiss,1,119.9,119.9,84.0
AB-2026-11298,2026-04-07,Eigener Shop,K-18965,Vorkasse,JOG-CL-XS-NAV,Jogger Classic,XS,Navy,1,64.9,64.9,19.5
AB-2026-11299,2026-02-05,Zalando,K-18831,Rechnungskauf,SOCK-3P-M-OLI,Sneaker Socken 3er-Pack,M,Oliv,1,19.9,19.9,4.8
AB-2026-11299,2026-02-05,Zalando,K-18831,Rechnungskauf,HOOD-ZP-S-SCH,Zip-Hoodie Heavy,S,Schwarz,1,89.9,89.9,28.0
AB-2026-11300,2026-05-16,Eigener Shop,K-14852,Rechnungskauf,HOOD-ZP-M-WEI,Zip-Hoodie Heavy,M,Weiss,1,89.9,89.9,28.0
AB-2026-11301,2026-06-07,Zalando,K-14314,Kreditkarte,KLEID-PR-M-WEI,Sommerkleid Print,M,Weiss,1,79.9,79.9,24.0
AB-2026-11302,2026-06-13,Amazon,K-14072,PayPal,HOOD-ZP-L-WEI,Zip-Hoodie Heavy,L,Weiss,1,89.9,89.9,28.0
AB-2026-11303,2026-02-03,Eigener Shop,K-12046,PayPal,JKT-RN-S-SCH,Regenjacke Tech,S,Schwarz,1,119.9,119.9,84.0
AB-2026-11304,2026-01-26,Eigener Shop,K-17507,Rechnungskauf,HOOD-CL-XL-NAV,Hoodie Classic,XL,Navy,1,69.9,69.9,21.0
AB-2026-11304,2026-01-26,Eigener Shop,K-17507,Rechnungskauf,KLEID-PR-XS-NAV,Sommerkleid Print,XS,Navy,1,79.9,79.9,24.0
AB-2026-11305,2026-06-06,Amazon,K-12305,PayPal,HOOD-ZP-XS-WEI,Zip-Hoodie Heavy,XS,Weiss,1,89.9,89.9,28.0
AB-2026-11306,2026-05-28,Zalando,K-16411,Kreditkarte,JKT-RN-L-SCH,Regenjacke Tech,L,Schwarz,1,119.9,119.9,84.0
AB-2026-11307,2026-04-22,Eigener Shop,K-15092,PayPal,JOG-CL-L-SCH,Jogger Classic,L,Schwarz,1,64.9,64.9,19.5
AB-2026-11308,2026-03-19,Eigener Shop,K-12841,Kreditkarte,HOOD-ZP-L-WEI,Zip-Hoodie Heavy,L,Weiss,1,89.9,89.9,28.0
AB-2026-11309,2026-02-02,Eigener Shop,K-18451,Vorkasse,HOOD-ZP-XL-SCH,Zip-Hoodie Heavy,XL,Schwarz,1,89.9,89.9,28.0
AB-2026-11310,2026-02-07,Zalando,K-18053,Rechnungskauf,JOG-CL-M-OLI,Jogger Classic,M,Oliv,1,64.9,64.9,19.5
AB-2026-11311,2026-06-30,Eigener Shop,K-17326,Rechnungskauf,SOCK-3P-XL-SCH,Sneaker Socken 3er-Pack,XL,Schwarz,1,19.9,19.9,4.8
AB-2026-11311,2026-06-30,Eigener Shop,K-17326,Rechnungskauf,CAP-LG-M-OLI,Cap Logo,M,Oliv,1,24.9,24.9,6.0
AB-2026-11312,2026-06-22,Eigener Shop,K-18378,PayPal,JKT-RN-XS-SCH,Regenjacke Tech,XS,Schwarz,1,119.9,119.9,84.0
AB-2026-11312,2026-06-22,Eigener Shop,K-18378,PayPal,CAP-LG-M-WEI,Cap Logo,M,Weiss,1,24.9,24.9,6.0
AB-2026-11313,2026-02-09,Eigener Shop,K-15501,PayPal,TEE-OVS-L-SCH,T-Shirt Oversized,L,Schwarz,1,34.9,34.9,9.0
AB-2026-11314,2026-04-01,Amazon,K-10039,Vorkasse,TEE-BAS-XS-OLI,T-Shirt Basic,XS,Oliv,1,29.9,29.9,7.5
AB-2026-11315,2026-05-04,Eigener Shop,K-12556,Kreditkarte,KLEID-PR-S-WEI,Sommerkleid Print,S,Weiss,1,79.9,79.9,24.0
AB-2026-11316,2026-02-11,Amazon,K-18226,Kreditkarte,KLEID-PR-L-WEI,Sommerkleid Print,L,Weiss,1,79.9,79.9,24.0
AB-2026-11317,2026-05-30,Eigener Shop,K-13124,Rechnungskauf,KLEID-PR-L-WEI,Sommerkleid Print,L,Weiss,1,79.9,79.9,24.0
AB-2026-11317,2026-05-30,Eigener Shop,K-13124,Rechnungskauf,KLEID-PR-XS-WEI,Sommerkleid Print,XS,Weiss,1,79.9,79.9,24.0
AB-2026-11317,2026-05-30,Eigener Shop,K-13124,Rechnungskauf,CAP-LG-S-OLI,Cap Logo,S,Oliv,1,24.9,24.9,6.0
AB-2026-11317,2026-05-30,Eigener Shop,K-13124,Rechnungskauf,CAP-LG-XS-OLI,Cap Logo,XS,Oliv,1,24.9,24.9,6.0
AB-2026-11318,2026-05-26,Amazon,K-13668,Kreditkarte,TEE-BAS-XL-OLI,T-Shirt Basic,XL,Oliv,1,29.9,29.9,7.5
AB-2026-11318,2026-05-26,Amazon,K-13668,Kreditkarte,TEE-BAS-XS-SCH,T-Shirt Basic,XS,Schwarz,1,29.9,29.9,7.5
AB-2026-11319,2026-05-15,Eigener Shop,K-18533,Rechnungskauf,KLEID-PR-L-SCH,Sommerkleid Print,L,Schwarz,1,79.9,79.9,24.0
AB-2026-11320,2026-06-03,Amazon,K-19956,Vorkasse,TEE-BAS-XL-OLI,T-Shirt Basic,XL,Oliv,1,29.9,29.9,7.5
AB-2026-11321,2026-04-08,Eigener Shop,K-17358,Vorkasse,CAP-LG-L-SCH,Cap Logo,L,Schwarz,1,24.9,24.9,6.0
AB-2026-11322,2026-04-25,Eigener Shop,K-17662,PayPal,HOOD-ZP-L-SCH,Zip-Hoodie Heavy,L,Schwarz,1,89.9,89.9,28.0
AB-2026-11323,2026-01-22,Eigener Shop,K-10543,Vorkasse,HOOD-ZP-M-SCH,Zip-Hoodie Heavy,M,Schwarz,1,89.9,89.9,28.0
AB-2026-11324,2026-02-01,Amazon,K-19161,Vorkasse,CAP-LG-S-OLI,Cap Logo,S,Oliv,1,24.9,24.9,6.0
AB-2026-11325,2026-06-19,Amazon,K-16991,PayPal,TEE-OVS-XL-SCH,T-Shirt Oversized,XL,Schwarz,1,34.9,34.9,9.0
AB-2026-11326,2026-05-15,Eigener Shop,K-18155,PayPal,HOOD-ZP-S-SCH,Zip-Hoodie Heavy,S,Schwarz,1,89.9,89.9,28.0
AB-2026-11327,2026-01-06,Eigener Shop,K-15848,Vorkasse,HOOD-ZP-M-SCH,Zip-Hoodie Heavy,M,Schwarz,1,89.9,89.9,28.0
AB-2026-11328,2026-03-29,Eigener Shop,K-14194,Rechnungskauf,TEE-OVS-M-WEI,T-Shirt Oversized,M,Weiss,1,34.9,34.9,9.0
AB-2026-11329,2026-06-08,Eigener Shop,K-10278,Vorkasse,JOG-CL-XL-WEI,Jogger Classic,XL,Weiss,1,64.9,64.9,19.5
AB-2026-11330,2026-01-28,Eigener Shop,K-10605,Vorkasse,HOOD-ZP-XS-WEI,Zip-Hoodie Heavy,XS,Weiss,1,89.9,89.9,28.0
AB-2026-11331,2026-04-01,Amazon,K-17128,PayPal,SOCK-3P-S-WEI,Sneaker Socken 3er-Pack,S,Weiss,1,19.9,19.9,4.8
AB-2026-11331,2026-04-01,Amazon,K-17128,PayPal,TEE-OVS-L-WEI,T-Shirt Oversized,L,Weiss,1,34.9,34.9,9.0
AB-2026-11332,2026-01-01,Amazon,K-13880,PayPal,JOG-CL-L-OLI,Jogger Classic,L,Oliv,1,64.9,64.9,19.5
AB-2026-11333,2026-05-05,Amazon,K-17423,PayPal,HOOD-ZP-XS-SCH,Zip-Hoodie Heavy,XS,Schwarz,1,89.9,89.9,28.0
AB-2026-11334,2026-03-20,Eigener Shop,K-13918,Rechnungskauf,JKT-RN-XS-WEI,Regenjacke Tech,XS,Weiss,1,119.9,119.9,84.0
AB-2026-11334,2026-03-20,Eigener Shop,K-13918,Rechnungskauf,TEE-BAS-L-SCH,T-Shirt Basic,L,Schwarz,1,29.9,29.9,7.5
AB-2026-11335,2026-02-07,Zalando,K-18276,PayPal,JKT-RN-S-SCH,Regenjacke Tech,S,Schwarz,1,119.9,119.9,84.0
AB-2026-11335,2026-02-07,Zalando,K-18276,PayPal,TEE-BAS-L-WEI,T-Shirt Basic,L,Weiss,1,29.9,29.9,7.5
AB-2026-11335,2026-02-07,Zalando,K-18276,PayPal,HOOD-CL-M-NAV,Hoodie Classic,M,Navy,1,69.9,69.9,21.0
AB-2026-11336,2026-04-15,Eigener Shop,K-18924,PayPal,JOG-CL-L-OLI,Jogger Classic,L,Oliv,1,64.9,64.9,19.5
AB-2026-11337,2026-05-13,Eigener Shop,K-13416,Kreditkarte,JKT-RN-XL-SCH,Regenjacke Tech,XL,Schwarz,1,119.9,119.9,84.0
AB-2026-11337,2026-05-13,Eigener Shop,K-13416,Kreditkarte,HOOD-ZP-XS-WEI,Zip-Hoodie Heavy,XS,Weiss,1,89.9,89.9,28.0
AB-2026-11338,2026-04-26,Amazon,K-11687,Rechnungskauf,HOOD-ZP-S-WEI,Zip-Hoodie Heavy,S,Weiss,1,89.9,89.9,28.0
AB-2026-11338,2026-04-26,Amazon,K-11687,Rechnungskauf,HOOD-ZP-XS-WEI,Zip-Hoodie Heavy,XS,Weiss,1,89.9,89.9,28.0
AB-2026-11339,2026-04-29,Eigener Shop,K-17008,PayPal,CAP-LG-XL-OLI,Cap Logo,XL,Oliv,1,24.9,24.9,6.0
AB-2026-11340,2026-06-09,Zalando,K-11013,Rechnungskauf,CAP-LG-XL-SCH,Cap Logo,XL,Schwarz,1,24.9,24.9,6.0
AB-2026-11341,2026-05-30,Eigener Shop,K-12079,Kreditkarte,TEE-OVS-M-SCH,T-Shirt Oversized,M,Schwarz,1,34.9,34.9,9.0
AB-2026-11342,2026-04-23,Eigener Shop,K-12182,Kreditkarte,CAP-LG-XL-NAV,Cap Logo,XL,Navy,1,24.9,24.9,6.0
AB-2026-11342,2026-04-23,Eigener Shop,K-12182,Kreditkarte,JKT-RN-S-SCH,Regenjacke Tech,S,Schwarz,1,119.9,119.9,84.0
AB-2026-11343,2026-02-05,Eigener Shop,K-14582,Rechnungskauf,HOOD-ZP-L-SCH,Zip-Hoodie Heavy,L,Schwarz,1,89.9,89.9,28.0
AB-2026-11344,2026-01-03,Eigener Shop,K-10484,Rechnungskauf,TEE-BAS-L-SCH,T-Shirt Basic,L,Schwarz,1,29.9,29.9,7.5
AB-2026-11345,2026-02-06,Amazon,K-16325,Rechnungskauf,CAP-LG-XS-NAV,Cap Logo,XS,Navy,1,24.9,24.9,6.0
AB-2026-11346,2026-02-23,Amazon,K-11027,PayPal,HOOD-CL-XS-WEI,Hoodie Classic,XS,Weiss,1,69.9,69.9,21.0
AB-2026-11346,2026-02-23,Amazon,K-11027,PayPal,TEE-BAS-S-WEI,T-Shirt Basic,S,Weiss,1,29.9,29.9,7.5
AB-2026-11347,2026-03-28,Zalando,K-12376,Vorkasse,HOOD-ZP-XS-WEI,Zip-Hoodie Heavy,XS,Weiss,1,89.9,89.9,28.0
AB-2026-11348,2026-01-28,Eigener Shop,K-12040,Kreditkarte,KLEID-PR-L-WEI,Sommerkleid Print,L,Weiss,1,79.9,79.9,24.0
AB-2026-11349,2026-06-18,Amazon,K-19327,PayPal,JKT-RN-XS-SCH,Regenjacke Tech,XS,Schwarz,1,119.9,119.9,84.0
AB-2026-11349,2026-06-18,Amazon,K-19327,PayPal,SOCK-3P-M-WEI,Sneaker Socken 3er-Pack,M,Weiss,1,19.9,19.9,4.8
AB-2026-11350,2026-03-11,Eigener Shop,K-14742,Kreditkarte,HOOD-ZP-L-WEI,Zip-Hoodie Heavy,L,Weiss,1,89.9,89.9,28.0
AB-2026-11350,2026-03-11,Eigener Shop,K-14742,Kreditkarte,HOOD-CL-XL-OLI,Hoodie Classic,XL,Oliv,1,69.9,69.9,21.0
AB-2026-11350,2026-03-11,Eigener Shop,K-14742,Kreditkarte,JOG-CL-L-SCH,Jogger Classic,L,Schwarz,1,64.9,64.9,19.5
AB-2026-11351,2026-03-02,Eigener Shop,K-10877,Kreditkarte,JOG-CL-M-SCH,Jogger Classic,M,Schwarz,1,64.9,64.9,19.5
AB-2026-11352,2026-02-26,Amazon,K-14801,PayPal,TEE-OVS-XS-SCH,T-Shirt Oversized,XS,Schwarz,1,34.9,34.9,9.0
AB-2026-11353,2026-01-11,Amazon,K-12418,Vorkasse,HOOD-ZP-L-WEI,Zip-Hoodie Heavy,L,Weiss,1,89.9,89.9,28.0
AB-2026-11353,2026-01-11,Amazon,K-12418,Vorkasse,TEE-OVS-XL-OLI,T-Shirt Oversized,XL,Oliv,1,34.9,34.9,9.0
AB-2026-11354,2026-01-05,Eigener Shop,K-11910,PayPal,CAP-LG-L-OLI,Cap Logo,L,Oliv,1,24.9,24.9,6.0
AB-2026-11354,2026-01-05,Eigener Shop,K-11910,PayPal,KLEID-PR-XS-OLI,Sommerkleid Print,XS,Oliv,1,79.9,79.9,24.0
AB-2026-11354,2026-01-05,Eigener Shop,K-11910,PayPal,KLEID-PR-S-OLI,Sommerkleid Print,S,Oliv,1,79.9,79.9,24.0
AB-2026-11355,2026-05-28,Amazon,K-10859,Vorkasse,HOOD-ZP-XL-SCH,Zip-Hoodie Heavy,XL,Schwarz,1,89.9,89.9,28.0
AB-2026-11355,2026-05-28,Amazon,K-10859,Vorkasse,HOOD-ZP-XL-SCH,Zip-Hoodie Heavy,XL,Schwarz,1,89.9,89.9,28.0
AB-2026-11356,2026-02-14,Eigener Shop,K-18933,Vorkasse,TEE-OVS-XL-SCH,T-Shirt Oversized,XL,Schwarz,1,34.9,34.9,9.0
AB-2026-11356,2026-02-14,Eigener Shop,K-18933,Vorkasse,TEE-OVS-XS-SCH,T-Shirt Oversized,XS,Schwarz,1,34.9,34.9,9.0
AB-2026-11357,2026-01-27,Zalando,K-13671,Vorkasse,HOOD-ZP-M-WEI,Zip-Hoodie Heavy,M,Weiss,1,89.9,89.9,28.0
AB-2026-11358,2026-03-10,Eigener Shop,K-11317,Vorkasse,HOOD-ZP-M-WEI,Zip-Hoodie Heavy,M,Weiss,1,89.9,89.9,28.0
AB-2026-11358,2026-03-10,Eigener Shop,K-11317,Vorkasse,TEE-OVS-S-OLI,T-Shirt Oversized,S,Oliv,1,34.9,34.9,9.0
AB-2026-11358,2026-03-10,Eigener Shop,K-11317,Vorkasse,JOG-CL-XL-WEI,Jogger Classic,XL,Weiss,1,64.9,64.9,19.5
AB-2026-11359,2026-03-04,Eigener Shop,K-11708,Vorkasse,HOOD-ZP-XS-SCH,Zip-Hoodie Heavy,XS,Schwarz,1,89.9,89.9,28.0
AB-2026-11360,2026-06-11,Amazon,K-16116,PayPal,HOOD-CL-S-WEI,Hoodie Classic,S,Weiss,1,69.9,69.9,21.0
AB-2026-11361,2026-04-25,Eigener Shop,K-19668,Kreditkarte,JKT-RN-L-SCH,Regenjacke Tech,L,Schwarz,1,119.9,119.9,84.0
AB-2026-11361,2026-04-25,Eigener Shop,K-19668,Kreditkarte,TEE-BAS-XL-NAV,T-Shirt Basic,XL,Navy,1,29.9,29.9,7.5
AB-2026-11362,2026-06-11,Amazon,K-17220,Rechnungskauf,SOCK-3P-M-NAV,Sneaker Socken 3er-Pack,M,Navy,1,19.9,19.9,4.8
AB-2026-11363,2026-04-23,Eigener Shop,K-13489,PayPal,HOOD-CL-S-SCH,Hoodie Classic,S,Schwarz,1,69.9,69.9,21.0
AB-2026-11364,2026-04-24,Zalando,K-15353,Rechnungskauf,HOOD-ZP-XS-SCH,Zip-Hoodie Heavy,XS,Schwarz,1,89.9,89.9,28.0
AB-2026-11365,2026-02-08,Amazon,K-17622,Vorkasse,KLEID-PR-M-OLI,Sommerkleid Print,M,Oliv,1,79.9,79.9,24.0
AB-2026-11365,2026-02-08,Amazon,K-17622,Vorkasse,KLEID-PR-XS-OLI,Sommerkleid Print,XS,Oliv,1,79.9,79.9,24.0
AB-2026-11366,2026-01-06,Eigener Shop,K-11454,Kreditkarte,HOOD-ZP-XS-WEI,Zip-Hoodie Heavy,XS,Weiss,1,89.9,89.9,28.0
AB-2026-11366,2026-01-06,Eigener Shop,K-11454,Kreditkarte,SOCK-3P-L-SCH,Sneaker Socken 3er-Pack,L,Schwarz,1,19.9,19.9,4.8
AB-2026-11366,2026-01-06,Eigener Shop,K-11454,Kreditkarte,HOOD-CL-XS-SCH,Hoodie Classic,XS,Schwarz,1,69.9,69.9,21.0
AB-2026-11367,2026-05-09,Eigener Shop,K-13148,Kreditkarte,CAP-LG-M-OLI,Cap Logo,M,Oliv,1,24.9,24.9,6.0
AB-2026-11367,2026-05-09,Eigener Shop,K-13148,Kreditkarte,CAP-LG-L-OLI,Cap Logo,L,Oliv,1,24.9,24.9,6.0
AB-2026-11368,2026-05-29,Eigener Shop,K-12420,Vorkasse,TEE-BAS-M-SCH,T-Shirt Basic,M,Schwarz,1,29.9,29.9,7.5
AB-2026-11369,2026-04-11,Eigener Shop,K-19981,Vorkasse,TEE-BAS-M-NAV,T-Shirt Basic,M,Navy,1,29.9,29.9,7.5
AB-2026-11370,2026-02-06,Eigener Shop,K-17960,Rechnungskauf,HOOD-CL-S-WEI,Hoodie Classic,S,Weiss,1,69.9,69.9,21.0
AB-2026-11371,2026-02-15,Eigener Shop,K-15340,Vorkasse,HOOD-ZP-S-SCH,Zip-Hoodie Heavy,S,Schwarz,1,89.9,89.9,28.0
AB-2026-11371,2026-02-15,Eigener Shop,K-15340,Vorkasse,JKT-RN-XL-SCH,Regenjacke Tech,XL,Schwarz,1,119.9,119.9,84.0
AB-2026-11371,2026-02-15,Eigener Shop,K-15340,Vorkasse,KLEID-PR-XL-NAV,Sommerkleid Print,XL,Navy,1,79.9,79.9,24.0
AB-2026-11372,2026-01-10,Eigener Shop,K-12136,Rechnungskauf,TEE-BAS-S-SCH,T-Shirt Basic,S,Schwarz,1,29.9,29.9,7.5
AB-2026-11372,2026-01-10,Eigener Shop,K-12136,Rechnungskauf,JKT-RN-M-WEI,Regenjacke Tech,M,Weiss,1,119.9,119.9,84.0
AB-2026-11373,2026-04-10,Zalando,K-17666,Rechnungskauf,JOG-CL-XL-WEI,Jogger Classic,XL,Weiss,1,64.9,64.9,19.5
AB-2026-11374,2026-05-04,Amazon,K-14231,Kreditkarte,TEE-BAS-S-SCH,T-Shirt Basic,S,Schwarz,1,29.9,29.9,7.5
AB-2026-11375,2026-04-04,Eigener Shop,K-11100,Rechnungskauf,HOOD-CL-M-NAV,Hoodie Classic,M,Navy,1,69.9,69.9,21.0
AB-2026-11375,2026-04-04,Eigener Shop,K-11100,Rechnungskauf,HOOD-ZP-XL-SCH,Zip-Hoodie Heavy,XL,Schwarz,1,89.9,89.9,28.0
AB-2026-11376,2026-05-10,Amazon,K-11835,Rechnungskauf,TEE-OVS-M-OLI,T-Shirt Oversized,M,Oliv,1,34.9,34.9,9.0
AB-2026-11376,2026-05-10,Amazon,K-11835,Rechnungskauf,TEE-BAS-L-OLI,T-Shirt Basic,L,Oliv,1,29.9,29.9,7.5
AB-2026-11377,2026-05-26,Amazon,K-12592,Vorkasse,HOOD-CL-XS-SCH,Hoodie Classic,XS,Schwarz,1,69.9,69.9,21.0
AB-2026-11378,2026-03-04,Amazon,K-11712,Kreditkarte,CAP-LG-L-SCH,Cap Logo,L,Schwarz,1,24.9,24.9,6.0
AB-2026-11379,2026-05-31,Eigener Shop,K-19336,PayPal,CAP-LG-L-OLI,Cap Logo,L,Oliv,1,24.9,24.9,6.0
AB-2026-11380,2026-05-05,Eigener Shop,K-18233,Kreditkarte,JKT-RN-XS-SCH,Regenjacke Tech,XS,Schwarz,1,119.9,119.9,84.0
AB-2026-11380,2026-05-05,Eigener Shop,K-18233,Kreditkarte,JOG-CL-L-WEI,Jogger Classic,L,Weiss,1,64.9,64.9,19.5
AB-2026-11381,2026-04-03,Amazon,K-12489,PayPal,JKT-RN-XS-WEI,Regenjacke Tech,XS,Weiss,1,119.9,119.9,84.0
AB-2026-11381,2026-04-03,Amazon,K-12489,PayPal,JKT-RN-XL-WEI,Regenjacke Tech,XL,Weiss,1,119.9,119.9,84.0
AB-2026-11381,2026-04-03,Amazon,K-12489,PayPal,CAP-LG-L-NAV,Cap Logo,L,Navy,1,24.9,24.9,6.0
AB-2026-11381,2026-04-03,Amazon,K-12489,PayPal,CAP-LG-S-NAV,Cap Logo,S,Navy,1,24.9,24.9,6.0
AB-2026-11382,2026-03-18,Amazon,K-18526,Rechnungskauf,TEE-OVS-XS-WEI,T-Shirt Oversized,XS,Weiss,1,34.9,34.9,9.0
AB-2026-11382,2026-03-18,Amazon,K-18526,Rechnungskauf,JKT-RN-XS-WEI,Regenjacke Tech,XS,Weiss,1,119.9,119.9,84.0
AB-2026-11383,2026-03-25,Eigener Shop,K-17488,PayPal,HOOD-CL-XS-NAV,Hoodie Classic,XS,Navy,1,69.9,69.9,21.0
AB-2026-11383,2026-03-25,Eigener Shop,K-17488,PayPal,JKT-RN-S-SCH,Regenjacke Tech,S,Schwarz,1,119.9,119.9,84.0
AB-2026-11384,2026-04-12,Zalando,K-18572,PayPal,JKT-RN-M-SCH,Regenjacke Tech,M,Schwarz,1,119.9,119.9,84.0
AB-2026-11384,2026-04-12,Zalando,K-18572,PayPal,HOOD-ZP-S-WEI,Zip-Hoodie Heavy,S,Weiss,1,89.9,89.9,28.0
AB-2026-11385,2026-06-17,Amazon,K-12774,PayPal,SOCK-3P-XL-OLI,Sneaker Socken 3er-Pack,XL,Oliv,1,19.9,19.9,4.8
AB-2026-11386,2026-02-27,Amazon,K-19648,Vorkasse,JKT-RN-XL-SCH,Regenjacke Tech,XL,Schwarz,1,119.9,119.9,84.0
AB-2026-11387,2026-06-19,Amazon,K-10564,Kreditkarte,HOOD-ZP-L-WEI,Zip-Hoodie Heavy,L,Weiss,1,89.9,89.9,28.0
AB-2026-11388,2026-02-25,Eigener Shop,K-11150,Kreditkarte,KLEID-PR-M-NAV,Sommerkleid Print,M,Navy,1,79.9,79.9,24.0
AB-2026-11389,2026-05-13,Amazon,K-10953,PayPal,HOOD-ZP-L-SCH,Zip-Hoodie Heavy,L,Schwarz,1,89.9,89.9,28.0
AB-2026-11390,2026-04-11,Amazon,K-18977,Rechnungskauf,TEE-OVS-XS-OLI,T-Shirt Oversized,XS,Oliv,1,34.9,34.9,9.0
AB-2026-11391,2026-03-10,Eigener Shop,K-11384,PayPal,TEE-BAS-M-NAV,T-Shirt Basic,M,Navy,1,29.9,29.9,7.5
AB-2026-11392,2026-04-06,Eigener Shop,K-16084,PayPal,TEE-OVS-M-WEI,T-Shirt Oversized,M,Weiss,1,34.9,34.9,9.0
AB-2026-11393,2026-05-17,Amazon,K-18497,Rechnungskauf,KLEID-PR-M-SCH,Sommerkleid Print,M,Schwarz,1,79.9,79.9,24.0
AB-2026-11394,2026-01-06,Eigener Shop,K-10119,PayPal,SOCK-3P-L-NAV,Sneaker Socken 3er-Pack,L,Navy,1,19.9,19.9,4.8
AB-2026-11394,2026-01-06,Eigener Shop,K-10119,PayPal,SOCK-3P-XL-OLI,Sneaker Socken 3er-Pack,XL,Oliv,1,19.9,19.9,4.8
AB-2026-11394,2026-01-06,Eigener Shop,K-10119,PayPal,JOG-CL-XL-OLI,Jogger Classic,XL,Oliv,1,64.9,64.9,19.5
AB-2026-11395,2026-06-28,Eigener Shop,K-14380,Rechnungskauf,KLEID-PR-XS-WEI,Sommerkleid Print,XS,Weiss,1,79.9,79.9,24.0
AB-2026-11396,2026-03-03,Zalando,K-16422,PayPal,JKT-RN-S-SCH,Regenjacke Tech,S,Schwarz,1,119.9,119.9,84.0
AB-2026-11397,2026-06-18,Amazon,K-11377,Kreditkarte,HOOD-ZP-M-SCH,Zip-Hoodie Heavy,M,Schwarz,1,89.9,89.9,28.0
AB-2026-11397,2026-06-18,Amazon,K-11377,Kreditkarte,HOOD-ZP-XS-SCH,Zip-Hoodie Heavy,XS,Schwarz,1,89.9,89.9,28.0
AB-2026-11398,2026-05-25,Eigener Shop,K-18168,PayPal,HOOD-ZP-XS-WEI,Zip-Hoodie Heavy,XS,Weiss,1,89.9,89.9,28.0
AB-2026-11399,2026-06-03,Eigener Shop,K-18883,PayPal,CAP-LG-S-WEI,Cap Logo,S,Weiss,1,24.9,24.9,6.0
AB-2026-11400,2026-04-17,Eigener Shop,K-19243,PayPal,HOOD-ZP-M-SCH,Zip-Hoodie Heavy,M,Schwarz,1,89.9,89.9,28.0
AB-2026-11401,2026-06-18,Eigener Shop,K-13136,PayPal,HOOD-ZP-M-WEI,Zip-Hoodie Heavy,M,Weiss,1,89.9,89.9,28.0
AB-2026-11402,2026-01-06,Amazon,K-18112,Rechnungskauf,HOOD-CL-L-SCH,Hoodie Classic,L,Schwarz,1,69.9,69.9,21.0
AB-2026-11402,2026-01-06,Amazon,K-18112,Rechnungskauf,SOCK-3P-XS-WEI,Sneaker Socken 3er-Pack,XS,Weiss,1,19.9,19.9,4.8
AB-2026-11403,2026-06-23,Eigener Shop,K-10442,Vorkasse,HOOD-ZP-S-SCH,Zip-Hoodie Heavy,S,Schwarz,1,89.9,89.9,28.0
AB-2026-11403,2026-06-23,Eigener Shop,K-10442,Vorkasse,HOOD-ZP-XL-SCH,Zip-Hoodie Heavy,XL,Schwarz,1,89.9,89.9,28.0
AB-2026-11404,2026-02-09,Zalando,K-17386,PayPal,HOOD-CL-XS-WEI,Hoodie Classic,XS,Weiss,1,69.9,69.9,21.0
AB-2026-11405,2026-06-06,Eigener Shop,K-16776,PayPal,HOOD-CL-XL-SCH,Hoodie Classic,XL,Schwarz,1,69.9,69.9,21.0
AB-2026-11405,2026-06-06,Eigener Shop,K-16776,PayPal,SOCK-3P-M-NAV,Sneaker Socken 3er-Pack,M,Navy,1,19.9,19.9,4.8
AB-2026-11405,2026-06-06,Eigener Shop,K-16776,PayPal,JKT-RN-XS-WEI,Regenjacke Tech,XS,Weiss,1,119.9,119.9,84.0
AB-2026-11406,2026-04-01,Eigener Shop,K-12115,Rechnungskauf,KLEID-PR-M-NAV,Sommerkleid Print,M,Navy,1,79.9,79.9,24.0
AB-2026-11407,2026-04-27,Eigener Shop,K-17348,PayPal,JKT-RN-XL-WEI,Regenjacke Tech,XL,Weiss,1,119.9,119.9,84.0
AB-2026-11407,2026-04-27,Eigener Shop,K-17348,PayPal,JOG-CL-M-OLI,Jogger Classic,M,Oliv,1,64.9,64.9,19.5
AB-2026-11408,2026-04-26,Eigener Shop,K-10403,PayPal,HOOD-CL-L-NAV,Hoodie Classic,L,Navy,1,69.9,69.9,21.0
AB-2026-11409,2026-03-01,Eigener Shop,K-11957,PayPal,JKT-RN-XL-WEI,Regenjacke Tech,XL,Weiss,1,119.9,119.9,84.0
AB-2026-11410,2026-02-20,Zalando,K-18663,Rechnungskauf,TEE-OVS-XL-NAV,T-Shirt Oversized,XL,Navy,1,34.9,34.9,9.0
AB-2026-11411,2026-01-08,Eigener Shop,K-11282,PayPal,TEE-BAS-S-OLI,T-Shirt Basic,S,Oliv,1,29.9,29.9,7.5
AB-2026-11411,2026-01-08,Eigener Shop,K-11282,PayPal,HOOD-CL-XL-WEI,Hoodie Classic,XL,Weiss,1,69.9,69.9,21.0
AB-2026-11412,2026-04-14,Zalando,K-11307,PayPal,HOOD-CL-XL-WEI,Hoodie Classic,XL,Weiss,1,69.9,69.9,21.0
AB-2026-11413,2026-02-26,Eigener Shop,K-10299,Kreditkarte,SOCK-3P-XL-WEI,Sneaker Socken 3er-Pack,XL,Weiss,1,19.9,19.9,4.8
AB-2026-11413,2026-02-26,Eigener Shop,K-10299,Kreditkarte,HOOD-ZP-S-SCH,Zip-Hoodie Heavy,S,Schwarz,1,89.9,89.9,28.0
AB-2026-11414,2026-06-09,Eigener Shop,K-12090,Rechnungskauf,TEE-BAS-XS-OLI,T-Shirt Basic,XS,Oliv,1,29.9,29.9,7.5
AB-2026-11415,2026-04-15,Amazon,K-12556,PayPal,TEE-BAS-XL-WEI,T-Shirt Basic,XL,Weiss,1,29.9,29.9,7.5
AB-2026-11415,2026-04-15,Amazon,K-12556,PayPal,CAP-LG-M-WEI,Cap Logo,M,Weiss,1,24.9,24.9,6.0
AB-2026-11416,2026-02-20,Amazon,K-17572,PayPal,TEE-BAS-S-SCH,T-Shirt Basic,S,Schwarz,1,29.9,29.9,7.5
AB-2026-11416,2026-02-20,Amazon,K-17572,PayPal,KLEID-PR-S-SCH,Sommerkleid Print,S,Schwarz,1,79.9,79.9,24.0
AB-2026-11417,2026-05-31,Eigener Shop,K-10757,PayPal,JKT-RN-S-SCH,Regenjacke Tech,S,Schwarz,1,119.9,119.9,84.0
AB-2026-11418,2026-05-20,Zalando,K-19297,PayPal,TEE-BAS-XS-NAV,T-Shirt Basic,XS,Navy,1,29.9,29.9,7.5
AB-2026-11418,2026-05-20,Zalando,K-19297,PayPal,JOG-CL-M-OLI,Jogger Classic,M,Oliv,1,64.9,64.9,19.5
AB-2026-11419,2026-02-15,Zalando,K-10542,PayPal,JKT-RN-M-SCH,Regenjacke Tech,M,Schwarz,1,119.9,119.9,84.0
AB-2026-11420,2026-03-31,Eigener Shop,K-13337,Rechnungskauf,TEE-BAS-L-SCH,T-Shirt Basic,L,Schwarz,1,29.9,29.9,7.5
AB-2026-11420,2026-03-31,Eigener Shop,K-13337,Rechnungskauf,KLEID-PR-M-OLI,Sommerkleid Print,M,Oliv,1,79.9,79.9,24.0
AB-2026-11421,2026-01-15,Eigener Shop,K-16426,Rechnungskauf,HOOD-ZP-L-SCH,Zip-Hoodie Heavy,L,Schwarz,1,89.9,89.9,28.0
AB-2026-11422,2026-01-06,Eigener Shop,K-16524,PayPal,JOG-CL-M-OLI,Jogger Classic,M,Oliv,1,64.9,64.9,19.5
AB-2026-11423,2026-04-21,Eigener Shop,K-12540,PayPal,SOCK-3P-S-WEI,Sneaker Socken 3er-Pack,S,Weiss,1,19.9,19.9,4.8
AB-2026-11424,2026-02-04,Zalando,K-10798,Kreditkarte,JKT-RN-XL-SCH,Regenjacke Tech,XL,Schwarz,1,119.9,119.9,84.0
AB-2026-11425,2026-06-21,Eigener Shop,K-16813,PayPal,HOOD-CL-XL-WEI,Hoodie Classic,XL,Weiss,1,69.9,69.9,21.0
AB-2026-11426,2026-05-29,Eigener Shop,K-19374,Rechnungskauf,JOG-CL-XL-SCH,Jogger Classic,XL,Schwarz,1,64.9,64.9,19.5
AB-2026-11427,2026-03-29,Zalando,K-16368,PayPal,TEE-BAS-L-NAV,T-Shirt Basic,L,Navy,1,29.9,29.9,7.5
AB-2026-11428,2026-05-26,Eigener Shop,K-18452,Kreditkarte,CAP-LG-S-SCH,Cap Logo,S,Schwarz,1,24.9,24.9,6.0
AB-2026-11428,2026-05-26,Eigener Shop,K-18452,Kreditkarte,TEE-BAS-M-NAV,T-Shirt Basic,M,Navy,1,29.9,29.9,7.5
AB-2026-11429,2026-02-04,Eigener Shop,K-13388,Rechnungskauf,HOOD-ZP-L-WEI,Zip-Hoodie Heavy,L,Weiss,1,89.9,89.9,28.0
AB-2026-11429,2026-02-04,Eigener Shop,K-13388,Rechnungskauf,KLEID-PR-XL-SCH,Sommerkleid Print,XL,Schwarz,1,79.9,79.9,24.0
AB-2026-11430,2026-03-14,Amazon,K-12609,Kreditkarte,JKT-RN-XL-SCH,Regenjacke Tech,XL,Schwarz,1,119.9,119.9,84.0
AB-2026-11430,2026-03-14,Amazon,K-12609,Kreditkarte,HOOD-CL-M-OLI,Hoodie Classic,M,Oliv,1,69.9,69.9,21.0
AB-2026-11431,2026-01-11,Eigener Shop,K-19564,PayPal,HOOD-ZP-XL-WEI,Zip-Hoodie Heavy,XL,Weiss,1,89.9,89.9,28.0
AB-2026-11432,2026-01-19,Amazon,K-14610,Rechnungskauf,HOOD-ZP-L-WEI,Zip-Hoodie Heavy,L,Weiss,1,89.9,89.9,28.0
AB-2026-11432,2026-01-19,Amazon,K-14610,Rechnungskauf,SOCK-3P-XL-NAV,Sneaker Socken 3er-Pack,XL,Navy,1,19.9,19.9,4.8
AB-2026-11433,2026-02-08,Eigener Shop,K-16051,PayPal,HOOD-ZP-S-WEI,Zip-Hoodie Heavy,S,Weiss,1,89.9,89.9,28.0
AB-2026-11434,2026-01-09,Zalando,K-19184,PayPal,SOCK-3P-S-WEI,Sneaker Socken 3er-Pack,S,Weiss,1,19.9,19.9,4.8
AB-2026-11435,2026-06-27,Eigener Shop,K-13854,PayPal,JKT-RN-L-SCH,Regenjacke Tech,L,Schwarz,1,119.9,119.9,84.0
AB-2026-11435,2026-06-27,Eigener Shop,K-13854,PayPal,TEE-OVS-M-OLI,T-Shirt Oversized,M,Oliv,1,34.9,34.9,9.0
AB-2026-11436,2026-05-16,Zalando,K-19876,Kreditkarte,HOOD-CL-S-WEI,Hoodie Classic,S,Weiss,1,69.9,69.9,21.0
AB-2026-11436,2026-05-16,Zalando,K-19876,Kreditkarte,TEE-BAS-S-SCH,T-Shirt Basic,S,Schwarz,1,29.9,29.9,7.5
AB-2026-11436,2026-05-16,Zalando,K-19876,Kreditkarte,JKT-RN-L-WEI,Regenjacke Tech,L,Weiss,1,119.9,119.9,84.0
AB-2026-11437,2026-02-28,Eigener Shop,K-17512,Kreditkarte,HOOD-ZP-XL-WEI,Zip-Hoodie Heavy,XL,Weiss,1,89.9,89.9,28.0
AB-2026-11437,2026-02-28,Eigener Shop,K-17512,Kreditkarte,TEE-BAS-L-NAV,T-Shirt Basic,L,Navy,1,29.9,29.9,7.5
AB-2026-11437,2026-02-28,Eigener Shop,K-17512,Kreditkarte,TEE-OVS-XS-NAV,T-Shirt Oversized,XS,Navy,1,34.9,34.9,9.0
AB-2026-11438,2026-02-19,Eigener Shop,K-11366,PayPal,KLEID-PR-XS-OLI,Sommerkleid Print,XS,Oliv,1,79.9,79.9,24.0
AB-2026-11439,2026-06-05,Eigener Shop,K-15061,PayPal,CAP-LG-S-SCH,Cap Logo,S,Schwarz,1,24.9,24.9,6.0
AB-2026-11440,2026-06-03,Amazon,K-13326,PayPal,HOOD-CL-XS-OLI,Hoodie Classic,XS,Oliv,1,69.9,69.9,21.0
AB-2026-11441,2026-01-24,Eigener Shop,K-17920,Kreditkarte,JKT-RN-L-SCH,Regenjacke Tech,L,Schwarz,1,119.9,119.9,84.0
AB-2026-11441,2026-01-24,Eigener Shop,K-17920,Kreditkarte,JKT-RN-M-SCH,Regenjacke Tech,M,Schwarz,1,119.9,119.9,84.0
AB-2026-11441,2026-01-24,Eigener Shop,K-17920,Kreditkarte,SOCK-3P-L-OLI,Sneaker Socken 3er-Pack,L,Oliv,1,19.9,19.9,4.8
AB-2026-11441,2026-01-24,Eigener Shop,K-17920,Kreditkarte,SOCK-3P-S-OLI,Sneaker Socken 3er-Pack,S,Oliv,1,19.9,19.9,4.8
AB-2026-11442,2026-01-01,Zalando,K-17395,Rechnungskauf,HOOD-ZP-L-SCH,Zip-Hoodie Heavy,L,Schwarz,1,89.9,89.9,28.0
AB-2026-11443,2026-06-26,Zalando,K-16341,PayPal,JOG-CL-M-SCH,Jogger Classic,M,Schwarz,1,64.9,64.9,19.5
AB-2026-11443,2026-06-26,Zalando,K-16341,PayPal,KLEID-PR-S-OLI,Sommerkleid Print,S,Oliv,1,79.9,79.9,24.0
AB-2026-11443,2026-06-26,Zalando,K-16341,PayPal,TEE-BAS-XL-NAV,T-Shirt Basic,XL,Navy,1,29.9,29.9,7.5
AB-2026-11444,2026-02-16,Amazon,K-15844,Rechnungskauf,JKT-RN-M-WEI,Regenjacke Tech,M,Weiss,1,119.9,119.9,84.0
AB-2026-11444,2026-02-16,Amazon,K-15844,Rechnungskauf,HOOD-CL-S-SCH,Hoodie Classic,S,Schwarz,1,69.9,69.9,21.0
AB-2026-11445,2026-05-28,Eigener Shop,K-18503,Kreditkarte,TEE-BAS-M-NAV,T-Shirt Basic,M,Navy,1,29.9,29.9,7.5
AB-2026-11446,2026-03-14,Amazon,K-15417,Vorkasse,TEE-OVS-S-NAV,T-Shirt Oversized,S,Navy,1,34.9,34.9,9.0
AB-2026-11447,2026-06-05,Eigener Shop,K-15394,Kreditkarte,SOCK-3P-S-OLI,Sneaker Socken 3er-Pack,S,Oliv,1,19.9,19.9,4.8
AB-2026-11447,2026-06-05,Eigener Shop,K-15394,Kreditkarte,HOOD-ZP-XL-WEI,Zip-Hoodie Heavy,XL,Weiss,1,89.9,89.9,28.0
AB-2026-11448,2026-04-18,Amazon,K-11148,PayPal,JOG-CL-S-WEI,Jogger Classic,S,Weiss,1,64.9,64.9,19.5
AB-2026-11449,2026-02-21,Eigener Shop,K-16215,PayPal,TEE-OVS-S-SCH,T-Shirt Oversized,S,Schwarz,1,34.9,34.9,9.0
AB-2026-11450,2026-06-20,Eigener Shop,K-18325,Vorkasse,KLEID-PR-XS-OLI,Sommerkleid Print,XS,Oliv,1,79.9,79.9,24.0
AB-2026-11451,2026-04-14,Eigener Shop,K-19632,PayPal,TEE-OVS-S-NAV,T-Shirt Oversized,S,Navy,1,34.9,34.9,9.0
AB-2026-11452,2026-05-24,Eigener Shop,K-18638,Rechnungskauf,HOOD-ZP-XS-WEI,Zip-Hoodie Heavy,XS,Weiss,1,89.9,89.9,28.0
AB-2026-11453,2026-01-12,Zalando,K-10830,Kreditkarte,HOOD-ZP-S-SCH,Zip-Hoodie Heavy,S,Schwarz,1,89.9,89.9,28.0
AB-2026-11453,2026-01-12,Zalando,K-10830,Kreditkarte,TEE-OVS-XS-OLI,T-Shirt Oversized,XS,Oliv,1,34.9,34.9,9.0
AB-2026-11454,2026-01-01,Eigener Shop,K-11559,Kreditkarte,HOOD-ZP-XL-WEI,Zip-Hoodie Heavy,XL,Weiss,1,89.9,89.9,28.0
AB-2026-11455,2026-01-18,Eigener Shop,K-19476,Vorkasse,TEE-OVS-L-NAV,T-Shirt Oversized,L,Navy,1,34.9,34.9,9.0
AB-2026-11456,2026-06-11,Eigener Shop,K-16252,Vorkasse,JKT-RN-XL-SCH,Regenjacke Tech,XL,Schwarz,1,119.9,119.9,84.0
AB-2026-11456,2026-06-11,Eigener Shop,K-16252,Vorkasse,KLEID-PR-XS-OLI,Sommerkleid Print,XS,Oliv,1,79.9,79.9,24.0
AB-2026-11457,2026-01-07,Zalando,K-19216,PayPal,HOOD-ZP-XS-WEI,Zip-Hoodie Heavy,XS,Weiss,1,89.9,89.9,28.0
AB-2026-11458,2026-04-02,Eigener Shop,K-17736,Kreditkarte,KLEID-PR-S-WEI,Sommerkleid Print,S,Weiss,1,79.9,79.9,24.0
AB-2026-11458,2026-04-02,Eigener Shop,K-17736,Kreditkarte,HOOD-ZP-L-SCH,Zip-Hoodie Heavy,L,Schwarz,1,89.9,89.9,28.0
AB-2026-11459,2026-01-17,Eigener Shop,K-19569,Vorkasse,TEE-BAS-S-WEI,T-Shirt Basic,S,Weiss,1,29.9,29.9,7.5
AB-2026-11459,2026-01-17,Eigener Shop,K-19569,Vorkasse,HOOD-ZP-XS-SCH,Zip-Hoodie Heavy,XS,Schwarz,1,89.9,89.9,28.0
AB-2026-11460,2026-06-30,Eigener Shop,K-10676,PayPal,TEE-BAS-M-NAV,T-Shirt Basic,M,Navy,1,29.9,29.9,7.5
AB-2026-11460,2026-06-30,Eigener Shop,K-10676,PayPal,JOG-CL-M-NAV,Jogger Classic,M,Navy,1,64.9,64.9,19.5
AB-2026-11460,2026-06-30,Eigener Shop,K-10676,PayPal,JKT-RN-S-WEI,Regenjacke Tech,S,Weiss,1,119.9,119.9,84.0
AB-2026-11461,2026-03-31,Eigener Shop,K-11019,Rechnungskauf,TEE-BAS-L-WEI,T-Shirt Basic,L,Weiss,1,29.9,29.9,7.5
AB-2026-11462,2026-03-09,Zalando,K-17710,Kreditkarte,KLEID-PR-L-WEI,Sommerkleid Print,L,Weiss,1,79.9,79.9,24.0
AB-2026-11462,2026-03-09,Zalando,K-17710,Kreditkarte,KLEID-PR-XL-WEI,Sommerkleid Print,XL,Weiss,1,79.9,79.9,24.0
AB-2026-11463,2026-02-09,Eigener Shop,K-15225,Rechnungskauf,JKT-RN-L-WEI,Regenjacke Tech,L,Weiss,1,119.9,119.9,84.0
AB-2026-11464,2026-04-25,Amazon,K-12419,Vorkasse,CAP-LG-XL-SCH,Cap Logo,XL,Schwarz,1,24.9,24.9,6.0
AB-2026-11464,2026-04-25,Amazon,K-12419,Vorkasse,JKT-RN-XL-SCH,Regenjacke Tech,XL,Schwarz,1,119.9,119.9,84.0
AB-2026-11464,2026-04-25,Amazon,K-12419,Vorkasse,HOOD-ZP-S-WEI,Zip-Hoodie Heavy,S,Weiss,1,89.9,89.9,28.0
AB-2026-11465,2026-01-31,Eigener Shop,K-18567,PayPal,HOOD-ZP-M-SCH,Zip-Hoodie Heavy,M,Schwarz,1,89.9,89.9,28.0
AB-2026-11466,2026-02-07,Eigener Shop,K-11647,Rechnungskauf,JOG-CL-XL-OLI,Jogger Classic,XL,Oliv,1,64.9,64.9,19.5
AB-2026-11466,2026-02-07,Eigener Shop,K-11647,Rechnungskauf,JKT-RN-XL-WEI,Regenjacke Tech,XL,Weiss,1,119.9,119.9,84.0
AB-2026-11467,2026-01-18,Amazon,K-10282,PayPal,KLEID-PR-S-NAV,Sommerkleid Print,S,Navy,1,79.9,79.9,24.0
AB-2026-11467,2026-01-18,Amazon,K-10282,PayPal,KLEID-PR-XS-NAV,Sommerkleid Print,XS,Navy,1,79.9,79.9,24.0
AB-2026-11468,2026-01-08,Eigener Shop,K-17146,PayPal,KLEID-PR-M-WEI,Sommerkleid Print,M,Weiss,1,79.9,79.9,24.0
AB-2026-11468,2026-01-08,Eigener Shop,K-17146,PayPal,HOOD-ZP-XL-WEI,Zip-Hoodie Heavy,XL,Weiss,1,89.9,89.9,28.0
AB-2026-11469,2026-01-04,Amazon,K-19986,Rechnungskauf,TEE-OVS-L-NAV,T-Shirt Oversized,L,Navy,1,34.9,34.9,9.0
AB-2026-11470,2026-06-29,Eigener Shop,K-11158,PayPal,HOOD-CL-M-NAV,Hoodie Classic,M,Navy,1,69.9,69.9,21.0
AB-2026-11470,2026-06-29,Eigener Shop,K-11158,PayPal,TEE-BAS-L-OLI,T-Shirt Basic,L,Oliv,1,29.9,29.9,7.5
AB-2026-11471,2026-03-01,Amazon,K-11656,Kreditkarte,JOG-CL-L-SCH,Jogger Classic,L,Schwarz,1,64.9,64.9,19.5
AB-2026-11472,2026-06-21,Amazon,K-13495,PayPal,JOG-CL-M-SCH,Jogger Classic,M,Schwarz,1,64.9,64.9,19.5
AB-2026-11473,2026-02-19,Eigener Shop,K-15043,Vorkasse,HOOD-CL-M-OLI,Hoodie Classic,M,Oliv,1,69.9,69.9,21.0
AB-2026-11474,2026-02-18,Eigener Shop,K-19294,Vorkasse,JKT-RN-S-WEI,Regenjacke Tech,S,Weiss,1,119.9,119.9,84.0
AB-2026-11474,2026-02-18,Eigener Shop,K-19294,Vorkasse,JKT-RN-XL-WEI,Regenjacke Tech,XL,Weiss,1,119.9,119.9,84.0
AB-2026-11474,2026-02-18,Eigener Shop,K-19294,Vorkasse,JKT-RN-M-WEI,Regenjacke Tech,M,Weiss,1,119.9,119.9,84.0
AB-2026-11474,2026-02-18,Eigener Shop,K-19294,Vorkasse,JKT-RN-L-WEI,Regenjacke Tech,L,Weiss,1,119.9,119.9,84.0
AB-2026-11475,2026-01-16,Eigener Shop,K-10032,Kreditkarte,CAP-LG-S-SCH,Cap Logo,S,Schwarz,1,24.9,24.9,6.0
AB-2026-11476,2026-02-20,Eigener Shop,K-19617,Rechnungskauf,JOG-CL-S-OLI,Jogger Classic,S,Oliv,1,64.9,64.9,19.5
AB-2026-11477,2026-04-13,Eigener Shop,K-12651,Rechnungskauf,JOG-CL-S-NAV,Jogger Classic,S,Navy,1,64.9,64.9,19.5
AB-2026-11477,2026-04-13,Eigener Shop,K-12651,Rechnungskauf,HOOD-ZP-L-SCH,Zip-Hoodie Heavy,L,Schwarz,1,89.9,89.9,28.0
AB-2026-11478,2026-01-17,Eigener Shop,K-14069,PayPal,TEE-BAS-M-SCH,T-Shirt Basic,M,Schwarz,1,29.9,29.9,7.5
AB-2026-11479,2026-05-23,Amazon,K-16822,PayPal,HOOD-ZP-XL-SCH,Zip-Hoodie Heavy,XL,Schwarz,1,89.9,89.9,28.0
AB-2026-11480,2026-06-22,Amazon,K-11823,PayPal,JKT-RN-XS-SCH,Regenjacke Tech,XS,Schwarz,1,119.9,119.9,84.0
AB-2026-11480,2026-06-22,Amazon,K-11823,PayPal,SOCK-3P-L-WEI,Sneaker Socken 3er-Pack,L,Weiss,1,19.9,19.9,4.8
AB-2026-11481,2026-01-29,Amazon,K-15643,Rechnungskauf,TEE-BAS-XS-NAV,T-Shirt Basic,XS,Navy,1,29.9,29.9,7.5
AB-2026-11482,2026-02-18,Amazon,K-10150,Rechnungskauf,CAP-LG-L-SCH,Cap Logo,L,Schwarz,1,24.9,24.9,6.0
AB-2026-11483,2026-02-13,Eigener Shop,K-15533,Vorkasse,HOOD-ZP-XS-WEI,Zip-Hoodie Heavy,XS,Weiss,1,89.9,89.9,28.0
AB-2026-11484,2026-04-26,Eigener Shop,K-17515,PayPal,TEE-BAS-XS-SCH,T-Shirt Basic,XS,Schwarz,1,29.9,29.9,7.5
AB-2026-11484,2026-04-26,Eigener Shop,K-17515,PayPal,SOCK-3P-M-SCH,Sneaker Socken 3er-Pack,M,Schwarz,1,19.9,19.9,4.8
AB-2026-11485,2026-04-09,Eigener Shop,K-12935,PayPal,TEE-OVS-M-WEI,T-Shirt Oversized,M,Weiss,1,34.9,34.9,9.0
AB-2026-11485,2026-04-09,Eigener Shop,K-12935,PayPal,CAP-LG-M-WEI,Cap Logo,M,Weiss,1,24.9,24.9,6.0
AB-2026-11486,2026-02-03,Amazon,K-16190,PayPal,HOOD-CL-L-OLI,Hoodie Classic,L,Oliv,1,69.9,69.9,21.0
AB-2026-11486,2026-02-03,Amazon,K-16190,PayPal,JOG-CL-XS-NAV,Jogger Classic,XS,Navy,1,64.9,64.9,19.5
AB-2026-11487,2026-02-24,Eigener Shop,K-14071,Rechnungskauf,TEE-OVS-S-OLI,T-Shirt Oversized,S,Oliv,1,34.9,34.9,9.0
AB-2026-11487,2026-02-24,Eigener Shop,K-14071,Rechnungskauf,HOOD-CL-L-OLI,Hoodie Classic,L,Oliv,1,69.9,69.9,21.0
AB-2026-11487,2026-02-24,Eigener Shop,K-14071,Rechnungskauf,SOCK-3P-L-OLI,Sneaker Socken 3er-Pack,L,Oliv,1,19.9,19.9,4.8
AB-2026-11488,2026-05-25,Eigener Shop,K-15542,PayPal,TEE-BAS-XL-SCH,T-Shirt Basic,XL,Schwarz,1,29.9,29.9,7.5
AB-2026-11489,2026-04-28,Eigener Shop,K-14993,PayPal,JOG-CL-S-WEI,Jogger Classic,S,Weiss,1,64.9,64.9,19.5
AB-2026-11489,2026-04-28,Eigener Shop,K-14993,PayPal,HOOD-ZP-S-WEI,Zip-Hoodie Heavy,S,Weiss,1,89.9,89.9,28.0
AB-2026-11489,2026-04-28,Eigener Shop,K-14993,PayPal,JOG-CL-XL-SCH,Jogger Classic,XL,Schwarz,1,64.9,64.9,19.5
AB-2026-11490,2026-05-06,Eigener Shop,K-14223,Kreditkarte,HOOD-CL-XL-SCH,Hoodie Classic,XL,Schwarz,1,69.9,69.9,21.0
AB-2026-11490,2026-05-06,Eigener Shop,K-14223,Kreditkarte,JOG-CL-S-NAV,Jogger Classic,S,Navy,1,64.9,64.9,19.5
AB-2026-11491,2026-04-07,Zalando,K-13922,Kreditkarte,HOOD-ZP-M-SCH,Zip-Hoodie Heavy,M,Schwarz,1,89.9,89.9,28.0
AB-2026-11492,2026-03-31,Eigener Shop,K-19511,PayPal,TEE-BAS-XL-SCH,T-Shirt Basic,XL,Schwarz,1,29.9,29.9,7.5
AB-2026-11493,2026-06-19,Eigener Shop,K-18778,PayPal,HOOD-ZP-L-WEI,Zip-Hoodie Heavy,L,Weiss,1,89.9,89.9,28.0
AB-2026-11494,2026-06-30,Eigener Shop,K-10839,Kreditkarte,HOOD-ZP-XL-WEI,Zip-Hoodie Heavy,XL,Weiss,1,89.9,89.9,28.0
AB-2026-11494,2026-06-30,Eigener Shop,K-10839,Kreditkarte,KLEID-PR-XL-OLI,Sommerkleid Print,XL,Oliv,1,79.9,79.9,24.0
AB-2026-11495,2026-03-14,Eigener Shop,K-16292,Kreditkarte,TEE-BAS-L-WEI,T-Shirt Basic,L,Weiss,1,29.9,29.9,7.5
AB-2026-11495,2026-03-14,Eigener Shop,K-16292,Kreditkarte,JKT-RN-M-WEI,Regenjacke Tech,M,Weiss,1,119.9,119.9,84.0
AB-2026-11495,2026-03-14,Eigener Shop,K-16292,Kreditkarte,TEE-OVS-S-SCH,T-Shirt Oversized,S,Schwarz,1,34.9,34.9,9.0
AB-2026-11496,2026-04-16,Eigener Shop,K-17042,PayPal,KLEID-PR-XL-WEI,Sommerkleid Print,XL,Weiss,1,79.9,79.9,24.0
AB-2026-11496,2026-04-16,Eigener Shop,K-17042,PayPal,CAP-LG-L-OLI,Cap Logo,L,Oliv,1,24.9,24.9,6.0
AB-2026-11497,2026-05-13,Eigener Shop,K-15640,Vorkasse,HOOD-ZP-XL-WEI,Zip-Hoodie Heavy,XL,Weiss,1,89.9,89.9,28.0
AB-2026-11497,2026-05-13,Eigener Shop,K-15640,Vorkasse,HOOD-ZP-L-WEI,Zip-Hoodie Heavy,L,Weiss,1,89.9,89.9,28.0
AB-2026-11498,2026-06-06,Amazon,K-18054,Rechnungskauf,KLEID-PR-XL-OLI,Sommerkleid Print,XL,Oliv,1,79.9,79.9,24.0
AB-2026-11498,2026-06-06,Amazon,K-18054,Rechnungskauf,CAP-LG-XL-NAV,Cap Logo,XL,Navy,1,24.9,24.9,6.0
AB-2026-11499,2026-01-07,Eigener Shop,K-16000,Vorkasse,JKT-RN-XS-SCH,Regenjacke Tech,XS,Schwarz,1,119.9,119.9,84.0
AB-2026-11499,2026-01-07,Eigener Shop,K-16000,Vorkasse,HOOD-CL-S-NAV,Hoodie Classic,S,Navy,1,69.9,69.9,21.0
AB-2026-11500,2026-04-09,Eigener Shop,K-17051,PayPal,KLEID-PR-L-OLI,Sommerkleid Print,L,Oliv,1,79.9,79.9,24.0
AB-2026-11501,2026-05-26,Eigener Shop,K-15642,PayPal,HOOD-CL-L-WEI,Hoodie Classic,L,Weiss,1,69.9,69.9,21.0
AB-2026-11502,2026-05-16,Eigener Shop,K-14480,Rechnungskauf,HOOD-ZP-M-SCH,Zip-Hoodie Heavy,M,Schwarz,1,89.9,89.9,28.0
AB-2026-11503,2026-01-26,Amazon,K-12302,Kreditkarte,HOOD-ZP-XL-SCH,Zip-Hoodie Heavy,XL,Schwarz,1,89.9,89.9,28.0
AB-2026-11504,2026-01-14,Eigener Shop,K-11789,Rechnungskauf,JOG-CL-L-OLI,Jogger Classic,L,Oliv,1,64.9,64.9,19.5
AB-2026-11505,2026-05-03,Eigener Shop,K-13945,PayPal,KLEID-PR-XS-OLI,Sommerkleid Print,XS,Oliv,1,79.9,79.9,24.0
AB-2026-11505,2026-05-03,Eigener Shop,K-13945,PayPal,SOCK-3P-S-NAV,Sneaker Socken 3er-Pack,S,Navy,1,19.9,19.9,4.8
AB-2026-11505,2026-05-03,Eigener Shop,K-13945,PayPal,SOCK-3P-S-WEI,Sneaker Socken 3er-Pack,S,Weiss,1,19.9,19.9,4.8
AB-2026-11506,2026-03-13,Eigener Shop,K-10456,Kreditkarte,HOOD-ZP-L-SCH,Zip-Hoodie Heavy,L,Schwarz,1,89.9,89.9,28.0
AB-2026-11507,2026-05-19,Amazon,K-14820,Rechnungskauf,KLEID-PR-XL-OLI,Sommerkleid Print,XL,Oliv,1,79.9,79.9,24.0
AB-2026-11508,2026-03-21,Eigener Shop,K-17278,Kreditkarte,JOG-CL-M-OLI,Jogger Classic,M,Oliv,1,64.9,64.9,19.5
AB-2026-11509,2026-05-24,Eigener Shop,K-10180,Rechnungskauf,SOCK-3P-XS-WEI,Sneaker Socken 3er-Pack,XS,Weiss,1,19.9,19.9,4.8
AB-2026-11510,2026-03-27,Eigener Shop,K-17670,Vorkasse,HOOD-ZP-XS-SCH,Zip-Hoodie Heavy,XS,Schwarz,1,89.9,89.9,28.0
AB-2026-11511,2026-05-22,Zalando,K-12574,Rechnungskauf,TEE-BAS-L-WEI,T-Shirt Basic,L,Weiss,1,29.9,29.9,7.5
AB-2026-11512,2026-01-04,Amazon,K-10320,PayPal,JKT-RN-XS-SCH,Regenjacke Tech,XS,Schwarz,1,119.9,119.9,84.0
AB-2026-11512,2026-01-04,Amazon,K-10320,PayPal,KLEID-PR-S-NAV,Sommerkleid Print,S,Navy,1,79.9,79.9,24.0
AB-2026-11513,2026-04-17,Eigener Shop,K-17471,Kreditkarte,CAP-LG-M-SCH,Cap Logo,M,Schwarz,1,24.9,24.9,6.0
AB-2026-11514,2026-05-14,Eigener Shop,K-10619,Vorkasse,TEE-BAS-XS-NAV,T-Shirt Basic,XS,Navy,1,29.9,29.9,7.5
AB-2026-11515,2026-03-11,Eigener Shop,K-14658,PayPal,KLEID-PR-L-SCH,Sommerkleid Print,L,Schwarz,1,79.9,79.9,24.0
AB-2026-11515,2026-03-11,Eigener Shop,K-14658,PayPal,JKT-RN-XL-SCH,Regenjacke Tech,XL,Schwarz,1,119.9,119.9,84.0
AB-2026-11516,2026-04-16,Eigener Shop,K-12117,PayPal,JOG-CL-XS-WEI,Jogger Classic,XS,Weiss,1,64.9,64.9,19.5
AB-2026-11516,2026-04-16,Eigener Shop,K-12117,PayPal,JKT-RN-S-SCH,Regenjacke Tech,S,Schwarz,1,119.9,119.9,84.0
AB-2026-11517,2026-05-12,Eigener Shop,K-17162,PayPal,JOG-CL-XL-NAV,Jogger Classic,XL,Navy,1,64.9,64.9,19.5
AB-2026-11517,2026-05-12,Eigener Shop,K-17162,PayPal,HOOD-ZP-S-WEI,Zip-Hoodie Heavy,S,Weiss,1,89.9,89.9,28.0
AB-2026-11518,2026-03-18,Amazon,K-17278,Rechnungskauf,TEE-OVS-XS-SCH,T-Shirt Oversized,XS,Schwarz,1,34.9,34.9,9.0
AB-2026-11519,2026-02-15,Eigener Shop,K-13520,PayPal,CAP-LG-S-NAV,Cap Logo,S,Navy,1,24.9,24.9,6.0
AB-2026-11519,2026-02-15,Eigener Shop,K-13520,PayPal,TEE-BAS-XS-OLI,T-Shirt Basic,XS,Oliv,1,29.9,29.9,7.5
AB-2026-11520,2026-06-27,Eigener Shop,K-10737,Vorkasse,TEE-BAS-S-NAV,T-Shirt Basic,S,Navy,1,29.9,29.9,7.5
AB-2026-11520,2026-06-27,Eigener Shop,K-10737,Vorkasse,HOOD-ZP-XL-SCH,Zip-Hoodie Heavy,XL,Schwarz,1,89.9,89.9,28.0
AB-2026-11520,2026-06-27,Eigener Shop,K-10737,Vorkasse,HOOD-ZP-XL-WEI,Zip-Hoodie Heavy,XL,Weiss,1,89.9,89.9,28.0
AB-2026-11521,2026-05-25,Eigener Shop,K-13438,Kreditkarte,JOG-CL-L-OLI,Jogger Classic,L,Oliv,1,64.9,64.9,19.5
AB-2026-11522,2026-03-31,Eigener Shop,K-14230,Rechnungskauf,HOOD-CL-L-WEI,Hoodie Classic,L,Weiss,1,69.9,69.9,21.0
AB-2026-11523,2026-06-07,Eigener Shop,K-13468,Rechnungskauf,TEE-OVS-XL-OLI,T-Shirt Oversized,XL,Oliv,1,34.9,34.9,9.0
AB-2026-11523,2026-06-07,Eigener Shop,K-13468,Rechnungskauf,TEE-BAS-L-SCH,T-Shirt Basic,L,Schwarz,1,29.9,29.9,7.5
AB-2026-11524,2026-05-20,Eigener Shop,K-11236,Rechnungskauf,TEE-BAS-XS-WEI,T-Shirt Basic,XS,Weiss,1,29.9,29.9,7.5
AB-2026-11524,2026-05-20,Eigener Shop,K-11236,Rechnungskauf,TEE-BAS-M-WEI,T-Shirt Basic,M,Weiss,1,29.9,29.9,7.5
AB-2026-11525,2026-04-27,Zalando,K-12375,Kreditkarte,HOOD-ZP-M-WEI,Zip-Hoodie Heavy,M,Weiss,1,89.9,89.9,28.0
AB-2026-11525,2026-04-27,Zalando,K-12375,Kreditkarte,TEE-BAS-S-NAV,T-Shirt Basic,S,Navy,1,29.9,29.9,7.5
AB-2026-11526,2026-05-07,Eigener Shop,K-17216,Vorkasse,TEE-OVS-XS-WEI,T-Shirt Oversized,XS,Weiss,1,34.9,34.9,9.0
AB-2026-11527,2026-05-05,Eigener Shop,K-10325,PayPal,TEE-BAS-S-SCH,T-Shirt Basic,S,Schwarz,1,29.9,29.9,7.5
AB-2026-11528,2026-03-05,Eigener Shop,K-11079,Vorkasse,TEE-OVS-XL-NAV,T-Shirt Oversized,XL,Navy,1,34.9,34.9,9.0
AB-2026-11529,2026-03-11,Zalando,K-11092,Rechnungskauf,CAP-LG-S-OLI,Cap Logo,S,Oliv,1,24.9,24.9,6.0
AB-2026-11530,2026-05-11,Amazon,K-10442,PayPal,JOG-CL-S-SCH,Jogger Classic,S,Schwarz,1,64.9,64.9,19.5
AB-2026-11530,2026-05-11,Amazon,K-10442,PayPal,JOG-CL-M-SCH,Jogger Classic,M,Schwarz,1,64.9,64.9,19.5
AB-2026-11531,2026-03-19,Eigener Shop,K-13064,PayPal,JKT-RN-S-SCH,Regenjacke Tech,S,Schwarz,1,119.9,119.9,84.0
AB-2026-11532,2026-03-05,Amazon,K-17639,Vorkasse,CAP-LG-XL-OLI,Cap Logo,XL,Oliv,1,24.9,24.9,6.0
AB-2026-11532,2026-03-05,Amazon,K-17639,Vorkasse,JKT-RN-M-WEI,Regenjacke Tech,M,Weiss,1,119.9,119.9,84.0
AB-2026-11533,2026-02-01,Amazon,K-13029,Rechnungskauf,HOOD-CL-S-WEI,Hoodie Classic,S,Weiss,1,69.9,69.9,21.0
AB-2026-11534,2026-04-16,Eigener Shop,K-14341,Rechnungskauf,HOOD-ZP-XL-SCH,Zip-Hoodie Heavy,XL,Schwarz,1,89.9,89.9,28.0
AB-2026-11535,2026-04-03,Zalando,K-17199,Kreditkarte,HOOD-ZP-S-SCH,Zip-Hoodie Heavy,S,Schwarz,1,89.9,89.9,28.0
AB-2026-11535,2026-04-03,Zalando,K-17199,Kreditkarte,HOOD-ZP-L-SCH,Zip-Hoodie Heavy,L,Schwarz,1,89.9,89.9,28.0
AB-2026-11536,2026-06-26,Eigener Shop,K-12668,Rechnungskauf,KLEID-PR-M-SCH,Sommerkleid Print,M,Schwarz,1,79.9,79.9,24.0
AB-2026-11537,2026-06-18,Eigener Shop,K-17768,Rechnungskauf,TEE-BAS-L-SCH,T-Shirt Basic,L,Schwarz,1,29.9,29.9,7.5
AB-2026-11538,2026-06-21,Eigener Shop,K-19026,Vorkasse,HOOD-ZP-S-WEI,Zip-Hoodie Heavy,S,Weiss,1,89.9,89.9,28.0
AB-2026-11539,2026-01-12,Eigener Shop,K-17317,Kreditkarte,TEE-BAS-S-OLI,T-Shirt Basic,S,Oliv,1,29.9,29.9,7.5
AB-2026-11539,2026-01-12,Eigener Shop,K-17317,Kreditkarte,HOOD-ZP-S-WEI,Zip-Hoodie Heavy,S,Weiss,1,89.9,89.9,28.0
AB-2026-11540,2026-03-07,Eigener Shop,K-14865,PayPal,CAP-LG-XL-NAV,Cap Logo,XL,Navy,1,24.9,24.9,6.0
AB-2026-11540,2026-03-07,Eigener Shop,K-14865,PayPal,HOOD-ZP-XL-SCH,Zip-Hoodie Heavy,XL,Schwarz,1,89.9,89.9,28.0
AB-2026-11541,2026-05-30,Eigener Shop,K-11443,Kreditkarte,TEE-BAS-XL-OLI,T-Shirt Basic,XL,Oliv,1,29.9,29.9,7.5
AB-2026-11542,2026-01-30,Eigener Shop,K-18874,Vorkasse,JOG-CL-S-WEI,Jogger Classic,S,Weiss,1,64.9,64.9,19.5
AB-2026-11542,2026-01-30,Eigener Shop,K-18874,Vorkasse,JKT-RN-XS-SCH,Regenjacke Tech,XS,Schwarz,1,119.9,119.9,84.0
AB-2026-11543,2026-04-22,Eigener Shop,K-14066,Rechnungskauf,TEE-BAS-M-OLI,T-Shirt Basic,M,Oliv,1,29.9,29.9,7.5
AB-2026-11544,2026-06-16,Eigener Shop,K-11087,Rechnungskauf,HOOD-ZP-XL-WEI,Zip-Hoodie Heavy,XL,Weiss,1,89.9,89.9,28.0
AB-2026-11544,2026-06-16,Eigener Shop,K-11087,Rechnungskauf,HOOD-CL-XL-OLI,Hoodie Classic,XL,Oliv,1,69.9,69.9,21.0
AB-2026-11545,2026-01-16,Amazon,K-17599,Rechnungskauf,KLEID-PR-L-SCH,Sommerkleid Print,L,Schwarz,1,79.9,79.9,24.0
AB-2026-11545,2026-01-16,Amazon,K-17599,Rechnungskauf,JOG-CL-M-SCH,Jogger Classic,M,Schwarz,1,64.9,64.9,19.5
AB-2026-11546,2026-04-27,Eigener Shop,K-18151,Vorkasse,CAP-LG-L-WEI,Cap Logo,L,Weiss,1,24.9,24.9,6.0
AB-2026-11547,2026-03-30,Amazon,K-19009,Kreditkarte,SOCK-3P-XS-WEI,Sneaker Socken 3er-Pack,XS,Weiss,1,19.9,19.9,4.8
AB-2026-11548,2026-03-08,Eigener Shop,K-10275,Kreditkarte,JOG-CL-S-OLI,Jogger Classic,S,Oliv,1,64.9,64.9,19.5
AB-2026-11548,2026-03-08,Eigener Shop,K-10275,Kreditkarte,JOG-CL-XL-SCH,Jogger Classic,XL,Schwarz,1,64.9,64.9,19.5
AB-2026-11549,2026-01-28,Eigener Shop,K-10444,PayPal,TEE-OVS-L-WEI,T-Shirt Oversized,L,Weiss,1,34.9,34.9,9.0
AB-2026-11549,2026-01-28,Eigener Shop,K-10444,PayPal,SOCK-3P-XS-WEI,Sneaker Socken 3er-Pack,XS,Weiss,1,19.9,19.9,4.8
AB-2026-11550,2026-04-06,Eigener Shop,K-16008,Kreditkarte,TEE-BAS-L-NAV,T-Shirt Basic,L,Navy,1,29.9,29.9,7.5
AB-2026-11550,2026-04-06,Eigener Shop,K-16008,Kreditkarte,TEE-BAS-M-NAV,T-Shirt Basic,M,Navy,1,29.9,29.9,7.5
AB-2026-11551,2026-02-26,Eigener Shop,K-12311,PayPal,HOOD-ZP-L-SCH,Zip-Hoodie Heavy,L,Schwarz,1,89.9,89.9,28.0
AB-2026-11551,2026-02-26,Eigener Shop,K-12311,PayPal,HOOD-ZP-L-WEI,Zip-Hoodie Heavy,L,Weiss,1,89.9,89.9,28.0
AB-2026-11551,2026-02-26,Eigener Shop,K-12311,PayPal,JKT-RN-L-SCH,Regenjacke Tech,L,Schwarz,1,119.9,119.9,84.0
AB-2026-11552,2026-01-03,Zalando,K-10863,Rechnungskauf,HOOD-ZP-XS-WEI,Zip-Hoodie Heavy,XS,Weiss,1,89.9,89.9,28.0
AB-2026-11552,2026-01-03,Zalando,K-10863,Rechnungskauf,HOOD-ZP-XS-SCH,Zip-Hoodie Heavy,XS,Schwarz,1,89.9,89.9,28.0
AB-2026-11552,2026-01-03,Zalando,K-10863,Rechnungskauf,JOG-CL-XS-SCH,Jogger Classic,XS,Schwarz,1,64.9,64.9,19.5
AB-2026-11553,2026-02-09,Eigener Shop,K-18077,PayPal,JKT-RN-L-WEI,Regenjacke Tech,L,Weiss,1,119.9,119.9,84.0
AB-2026-11553,2026-02-09,Eigener Shop,K-18077,PayPal,JKT-RN-XL-WEI,Regenjacke Tech,XL,Weiss,1,119.9,119.9,84.0
AB-2026-11554,2026-03-29,Eigener Shop,K-15296,Kreditkarte,HOOD-ZP-L-WEI,Zip-Hoodie Heavy,L,Weiss,1,89.9,89.9,28.0
AB-2026-11555,2026-06-24,Eigener Shop,K-16865,Rechnungskauf,SOCK-3P-M-NAV,Sneaker Socken 3er-Pack,M,Navy,1,19.9,19.9,4.8
AB-2026-11556,2026-05-02,Zalando,K-11745,PayPal,TEE-BAS-L-OLI,T-Shirt Basic,L,Oliv,1,29.9,29.9,7.5
AB-2026-11557,2026-01-31,Amazon,K-15149,PayPal,TEE-BAS-XS-SCH,T-Shirt Basic,XS,Schwarz,1,29.9,29.9,7.5
AB-2026-11558,2026-01-11,Amazon,K-18754,Kreditkarte,TEE-OVS-L-OLI,T-Shirt Oversized,L,Oliv,1,34.9,34.9,9.0
AB-2026-11558,2026-01-11,Amazon,K-18754,Kreditkarte,HOOD-ZP-M-SCH,Zip-Hoodie Heavy,M,Schwarz,1,89.9,89.9,28.0
AB-2026-11559,2026-03-04,Zalando,K-11882,Kreditkarte,HOOD-ZP-L-WEI,Zip-Hoodie Heavy,L,Weiss,1,89.9,89.9,28.0
AB-2026-11559,2026-03-04,Zalando,K-11882,Kreditkarte,HOOD-ZP-L-SCH,Zip-Hoodie Heavy,L,Schwarz,1,89.9,89.9,28.0
AB-2026-11560,2026-04-21,Eigener Shop,K-13068,PayPal,HOOD-CL-XS-NAV,Hoodie Classic,XS,Navy,1,69.9,69.9,21.0
AB-2026-11561,2026-01-12,Amazon,K-16194,PayPal,KLEID-PR-L-OLI,Sommerkleid Print,L,Oliv,1,79.9,79.9,24.0
AB-2026-11561,2026-01-12,Amazon,K-16194,PayPal,HOOD-CL-M-NAV,Hoodie Classic,M,Navy,1,69.9,69.9,21.0
AB-2026-11562,2026-03-21,Eigener Shop,K-13469,PayPal,HOOD-CL-XS-SCH,Hoodie Classic,XS,Schwarz,1,69.9,69.9,21.0
AB-2026-11562,2026-03-21,Eigener Shop,K-13469,PayPal,SOCK-3P-XL-SCH,Sneaker Socken 3er-Pack,XL,Schwarz,1,19.9,19.9,4.8
AB-2026-11562,2026-03-21,Eigener Shop,K-13469,PayPal,SOCK-3P-XS-SCH,Sneaker Socken 3er-Pack,XS,Schwarz,1,19.9,19.9,4.8
AB-2026-11563,2026-03-01,Amazon,K-19259,Rechnungskauf,HOOD-CL-M-OLI,Hoodie Classic,M,Oliv,1,69.9,69.9,21.0
AB-2026-11563,2026-03-01,Amazon,K-19259,Rechnungskauf,TEE-OVS-XL-NAV,T-Shirt Oversized,XL,Navy,1,34.9,34.9,9.0
AB-2026-11564,2026-04-07,Eigener Shop,K-19667,Rechnungskauf,HOOD-ZP-XL-WEI,Zip-Hoodie Heavy,XL,Weiss,1,89.9,89.9,28.0
AB-2026-11565,2026-02-04,Eigener Shop,K-15831,Kreditkarte,KLEID-PR-M-SCH,Sommerkleid Print,M,Schwarz,1,79.9,79.9,24.0
AB-2026-11565,2026-02-04,Eigener Shop,K-15831,Kreditkarte,KLEID-PR-L-SCH,Sommerkleid Print,L,Schwarz,1,79.9,79.9,24.0
AB-2026-11566,2026-03-10,Zalando,K-13447,PayPal,CAP-LG-L-WEI,Cap Logo,L,Weiss,1,24.9,24.9,6.0
AB-2026-11567,2026-06-23,Amazon,K-12932,PayPal,TEE-OVS-XL-NAV,T-Shirt Oversized,XL,Navy,1,34.9,34.9,9.0
AB-2026-11568,2026-02-07,Eigener Shop,K-15821,Rechnungskauf,TEE-BAS-L-WEI,T-Shirt Basic,L,Weiss,1,29.9,29.9,7.5
AB-2026-11569,2026-06-08,Amazon,K-14560,Kreditkarte,HOOD-ZP-S-SCH,Zip-Hoodie Heavy,S,Schwarz,1,89.9,89.9,28.0
AB-2026-11569,2026-06-08,Amazon,K-14560,Kreditkarte,HOOD-ZP-XL-SCH,Zip-Hoodie Heavy,XL,Schwarz,1,89.9,89.9,28.0
AB-2026-11570,2026-02-06,Amazon,K-19367,Rechnungskauf,JOG-CL-XS-WEI,Jogger Classic,XS,Weiss,1,64.9,64.9,19.5
AB-2026-11570,2026-02-06,Amazon,K-19367,Rechnungskauf,KLEID-PR-S-OLI,Sommerkleid Print,S,Oliv,1,79.9,79.9,24.0
AB-2026-11571,2026-02-06,Amazon,K-18815,PayPal,TEE-BAS-M-NAV,T-Shirt Basic,M,Navy,1,29.9,29.9,7.5
AB-2026-11572,2026-05-11,Eigener Shop,K-13067,Rechnungskauf,KLEID-PR-S-SCH,Sommerkleid Print,S,Schwarz,1,79.9,79.9,24.0
AB-2026-11572,2026-05-11,Eigener Shop,K-13067,Rechnungskauf,SOCK-3P-XS-NAV,Sneaker Socken 3er-Pack,XS,Navy,1,19.9,19.9,4.8
AB-2026-11573,2026-01-03,Eigener Shop,K-19235,Rechnungskauf,JOG-CL-XL-OLI,Jogger Classic,XL,Oliv,1,64.9,64.9,19.5
AB-2026-11574,2026-01-23,Eigener Shop,K-17297,Kreditkarte,KLEID-PR-XL-WEI,Sommerkleid Print,XL,Weiss,1,79.9,79.9,24.0
AB-2026-11574,2026-01-23,Eigener Shop,K-17297,Kreditkarte,JOG-CL-L-WEI,Jogger Classic,L,Weiss,1,64.9,64.9,19.5
AB-2026-11575,2026-03-23,Eigener Shop,K-14479,PayPal,KLEID-PR-S-OLI,Sommerkleid Print,S,Oliv,1,79.9,79.9,24.0
AB-2026-11576,2026-03-08,Zalando,K-10941,Rechnungskauf,HOOD-CL-L-NAV,Hoodie Classic,L,Navy,1,69.9,69.9,21.0
AB-2026-11577,2026-06-26,Eigener Shop,K-17304,Kreditkarte,CAP-LG-L-OLI,Cap Logo,L,Oliv,1,24.9,24.9,6.0
AB-2026-11577,2026-06-26,Eigener Shop,K-17304,Kreditkarte,CAP-LG-S-OLI,Cap Logo,S,Oliv,1,24.9,24.9,6.0
AB-2026-11577,2026-06-26,Eigener Shop,K-17304,Kreditkarte,HOOD-ZP-XS-SCH,Zip-Hoodie Heavy,XS,Schwarz,1,89.9,89.9,28.0
AB-2026-11577,2026-06-26,Eigener Shop,K-17304,Kreditkarte,HOOD-ZP-L-SCH,Zip-Hoodie Heavy,L,Schwarz,1,89.9,89.9,28.0
AB-2026-11578,2026-02-06,Eigener Shop,K-13066,Kreditkarte,TEE-BAS-XL-NAV,T-Shirt Basic,XL,Navy,1,29.9,29.9,7.5
AB-2026-11578,2026-02-06,Eigener Shop,K-13066,Kreditkarte,HOOD-CL-XS-NAV,Hoodie Classic,XS,Navy,1,69.9,69.9,21.0
AB-2026-11579,2026-02-23,Eigener Shop,K-11481,Rechnungskauf,TEE-BAS-XS-NAV,T-Shirt Basic,XS,Navy,1,29.9,29.9,7.5
AB-2026-11580,2026-01-25,Eigener Shop,K-12791,Kreditkarte,HOOD-ZP-XL-SCH,Zip-Hoodie Heavy,XL,Schwarz,1,89.9,89.9,28.0
AB-2026-11581,2026-03-05,Amazon,K-18521,Vorkasse,JOG-CL-XS-OLI,Jogger Classic,XS,Oliv,1,64.9,64.9,19.5
AB-2026-11582,2026-03-29,Eigener Shop,K-18234,PayPal,HOOD-ZP-L-SCH,Zip-Hoodie Heavy,L,Schwarz,1,89.9,89.9,28.0
AB-2026-11583,2026-02-23,Eigener Shop,K-10072,PayPal,KLEID-PR-L-OLI,Sommerkleid Print,L,Oliv,1,79.9,79.9,24.0
AB-2026-11583,2026-02-23,Eigener Shop,K-10072,PayPal,SOCK-3P-M-NAV,Sneaker Socken 3er-Pack,M,Navy,1,19.9,19.9,4.8
AB-2026-11584,2026-05-05,Eigener Shop,K-11878,Vorkasse,SOCK-3P-L-SCH,Sneaker Socken 3er-Pack,L,Schwarz,1,19.9,19.9,4.8
AB-2026-11585,2026-02-05,Amazon,K-14240,PayPal,HOOD-ZP-L-WEI,Zip-Hoodie Heavy,L,Weiss,1,89.9,89.9,28.0
AB-2026-11586,2026-04-03,Amazon,K-12832,Rechnungskauf,HOOD-ZP-L-SCH,Zip-Hoodie Heavy,L,Schwarz,1,89.9,89.9,28.0
AB-2026-11587,2026-06-13,Eigener Shop,K-12027,PayPal,JKT-RN-L-SCH,Regenjacke Tech,L,Schwarz,1,119.9,119.9,84.0
AB-2026-11588,2026-05-15,Eigener Shop,K-19407,PayPal,HOOD-ZP-XS-WEI,Zip-Hoodie Heavy,XS,Weiss,1,89.9,89.9,28.0
AB-2026-11588,2026-05-15,Eigener Shop,K-19407,PayPal,KLEID-PR-S-NAV,Sommerkleid Print,S,Navy,1,79.9,79.9,24.0
AB-2026-11588,2026-05-15,Eigener Shop,K-19407,PayPal,TEE-OVS-M-SCH,T-Shirt Oversized,M,Schwarz,1,34.9,34.9,9.0
AB-2026-11589,2026-01-22,Eigener Shop,K-10607,Vorkasse,TEE-BAS-XS-NAV,T-Shirt Basic,XS,Navy,1,29.9,29.9,7.5
AB-2026-11589,2026-01-22,Eigener Shop,K-10607,Vorkasse,JOG-CL-M-SCH,Jogger Classic,M,Schwarz,1,64.9,64.9,19.5
AB-2026-11589,2026-01-22,Eigener Shop,K-10607,Vorkasse,TEE-OVS-L-NAV,T-Shirt Oversized,L,Navy,1,34.9,34.9,9.0
AB-2026-11590,2026-04-21,Eigener Shop,K-15299,Rechnungskauf,TEE-BAS-XS-WEI,T-Shirt Basic,XS,Weiss,1,29.9,29.9,7.5
AB-2026-11590,2026-04-21,Eigener Shop,K-15299,Rechnungskauf,HOOD-CL-S-WEI,Hoodie Classic,S,Weiss,1,69.9,69.9,21.0
AB-2026-11590,2026-04-21,Eigener Shop,K-15299,Rechnungskauf,JKT-RN-L-SCH,Regenjacke Tech,L,Schwarz,1,119.9,119.9,84.0
AB-2026-11591,2026-04-10,Eigener Shop,K-13060,Rechnungskauf,JOG-CL-S-NAV,Jogger Classic,S,Navy,1,64.9,64.9,19.5
AB-2026-11592,2026-01-24,Amazon,K-13991,Vorkasse,HOOD-ZP-S-SCH,Zip-Hoodie Heavy,S,Schwarz,1,89.9,89.9,28.0
AB-2026-11593,2026-06-09,Zalando,K-17822,PayPal,CAP-LG-XL-NAV,Cap Logo,XL,Navy,1,24.9,24.9,6.0
AB-2026-11593,2026-06-09,Zalando,K-17822,PayPal,JOG-CL-XS-OLI,Jogger Classic,XS,Oliv,1,64.9,64.9,19.5
AB-2026-11593,2026-06-09,Zalando,K-17822,PayPal,JKT-RN-XL-WEI,Regenjacke Tech,XL,Weiss,1,119.9,119.9,84.0
AB-2026-11594,2026-01-16,Eigener Shop,K-14431,Kreditkarte,JKT-RN-S-WEI,Regenjacke Tech,S,Weiss,1,119.9,119.9,84.0
AB-2026-11595,2026-03-15,Amazon,K-12794,Kreditkarte,TEE-BAS-XL-SCH,T-Shirt Basic,XL,Schwarz,1,29.9,29.9,7.5
AB-2026-11596,2026-03-21,Eigener Shop,K-15472,Rechnungskauf,JOG-CL-XL-WEI,Jogger Classic,XL,Weiss,1,64.9,64.9,19.5
AB-2026-11596,2026-03-21,Eigener Shop,K-15472,Rechnungskauf,JOG-CL-XS-WEI,Jogger Classic,XS,Weiss,1,64.9,64.9,19.5
AB-2026-11597,2026-01-16,Amazon,K-15090,Vorkasse,JKT-RN-XL-WEI,Regenjacke Tech,XL,Weiss,1,119.9,119.9,84.0
AB-2026-11597,2026-01-16,Amazon,K-15090,Vorkasse,JKT-RN-S-WEI,Regenjacke Tech,S,Weiss,1,119.9,119.9,84.0
AB-2026-11597,2026-01-16,Amazon,K-15090,Vorkasse,TEE-BAS-S-WEI,T-Shirt Basic,S,Weiss,1,29.9,29.9,7.5
AB-2026-11598,2026-05-14,Amazon,K-17287,Vorkasse,CAP-LG-XL-SCH,Cap Logo,XL,Schwarz,1,24.9,24.9,6.0
AB-2026-11599,2026-05-02,Eigener Shop,K-12698,PayPal,TEE-BAS-S-WEI,T-Shirt Basic,S,Weiss,1,29.9,29.9,7.5
AB-2026-11600,2026-05-09,Eigener Shop,K-15237,Kreditkarte,JKT-RN-S-WEI,Regenjacke Tech,S,Weiss,1,119.9,119.9,84.0
AB-2026-11601,2026-06-21,Zalando,K-13432,PayPal,SOCK-3P-XL-SCH,Sneaker Socken 3er-Pack,XL,Schwarz,1,19.9,19.9,4.8
AB-2026-11602,2026-06-05,Eigener Shop,K-15140,Vorkasse,HOOD-CL-S-WEI,Hoodie Classic,S,Weiss,1,69.9,69.9,21.0
AB-2026-11603,2026-06-17,Eigener Shop,K-10710,PayPal,KLEID-PR-M-WEI,Sommerkleid Print,M,Weiss,1,79.9,79.9,24.0
AB-2026-11604,2026-06-08,Eigener Shop,K-13962,Rechnungskauf,SOCK-3P-S-OLI,Sneaker Socken 3er-Pack,S,Oliv,1,19.9,19.9,4.8
AB-2026-11605,2026-06-24,Eigener Shop,K-18103,Kreditkarte,JKT-RN-XS-SCH,Regenjacke Tech,XS,Schwarz,1,119.9,119.9,84.0
AB-2026-11605,2026-06-24,Eigener Shop,K-18103,Kreditkarte,CAP-LG-L-WEI,Cap Logo,L,Weiss,1,24.9,24.9,6.0
AB-2026-11606,2026-01-08,Eigener Shop,K-12307,Rechnungskauf,HOOD-ZP-XS-SCH,Zip-Hoodie Heavy,XS,Schwarz,1,89.9,89.9,28.0
AB-2026-11606,2026-01-08,Eigener Shop,K-12307,Rechnungskauf,TEE-BAS-S-WEI,T-Shirt Basic,S,Weiss,1,29.9,29.9,7.5
AB-2026-11607,2026-03-29,Eigener Shop,K-12985,Kreditkarte,JOG-CL-M-NAV,Jogger Classic,M,Navy,1,64.9,64.9,19.5
AB-2026-11607,2026-03-29,Eigener Shop,K-12985,Kreditkarte,JOG-CL-XS-NAV,Jogger Classic,XS,Navy,1,64.9,64.9,19.5
AB-2026-11608,2026-06-21,Eigener Shop,K-17011,Rechnungskauf,JOG-CL-L-WEI,Jogger Classic,L,Weiss,1,64.9,64.9,19.5
AB-2026-11608,2026-06-21,Eigener Shop,K-17011,Rechnungskauf,TEE-BAS-L-SCH,T-Shirt Basic,L,Schwarz,1,29.9,29.9,7.5
AB-2026-11608,2026-06-21,Eigener Shop,K-17011,Rechnungskauf,HOOD-ZP-S-SCH,Zip-Hoodie Heavy,S,Schwarz,1,89.9,89.9,28.0
AB-2026-11609,2026-03-26,Eigener Shop,K-10088,PayPal,TEE-OVS-XL-OLI,T-Shirt Oversized,XL,Oliv,1,34.9,34.9,9.0
AB-2026-11610,2026-01-31,Amazon,K-11932,Kreditkarte,HOOD-CL-XL-WEI,Hoodie Classic,XL,Weiss,1,69.9,69.9,21.0
AB-2026-11610,2026-01-31,Amazon,K-11932,Kreditkarte,TEE-OVS-L-WEI,T-Shirt Oversized,L,Weiss,1,34.9,34.9,9.0
AB-2026-11611,2026-05-24,Amazon,K-13231,Kreditkarte,KLEID-PR-L-WEI,Sommerkleid Print,L,Weiss,1,79.9,79.9,24.0
AB-2026-11612,2026-03-31,Eigener Shop,K-10926,Vorkasse,JOG-CL-L-WEI,Jogger Classic,L,Weiss,1,64.9,64.9,19.5
AB-2026-11612,2026-03-31,Eigener Shop,K-10926,Vorkasse,TEE-BAS-XL-SCH,T-Shirt Basic,XL,Schwarz,1,29.9,29.9,7.5
AB-2026-11613,2026-03-22,Zalando,K-19857,Kreditkarte,SOCK-3P-L-OLI,Sneaker Socken 3er-Pack,L,Oliv,1,19.9,19.9,4.8
AB-2026-11613,2026-03-22,Zalando,K-19857,Kreditkarte,CAP-LG-L-NAV,Cap Logo,L,Navy,1,24.9,24.9,6.0
AB-2026-11614,2026-04-24,Eigener Shop,K-12958,Vorkasse,HOOD-ZP-XL-SCH,Zip-Hoodie Heavy,XL,Schwarz,1,89.9,89.9,28.0
AB-2026-11615,2026-05-24,Zalando,K-11446,PayPal,JOG-CL-XS-SCH,Jogger Classic,XS,Schwarz,1,64.9,64.9,19.5
AB-2026-11616,2026-02-09,Eigener Shop,K-10617,Rechnungskauf,KLEID-PR-M-WEI,Sommerkleid Print,M,Weiss,1,79.9,79.9,24.0
AB-2026-11617,2026-04-24,Eigener Shop,K-14234,Vorkasse,CAP-LG-M-OLI,Cap Logo,M,Oliv,1,24.9,24.9,6.0
AB-2026-11618,2026-06-22,Eigener Shop,K-16051,Vorkasse,JOG-CL-L-NAV,Jogger Classic,L,Navy,1,64.9,64.9,19.5
AB-2026-11619,2026-06-15,Eigener Shop,K-10141,Rechnungskauf,SOCK-3P-M-WEI,Sneaker Socken 3er-Pack,M,Weiss,1,19.9,19.9,4.8
AB-2026-11620,2026-04-19,Eigener Shop,K-16398,Kreditkarte,TEE-OVS-L-NAV,T-Shirt Oversized,L,Navy,1,34.9,34.9,9.0
AB-2026-11620,2026-04-19,Eigener Shop,K-16398,Kreditkarte,HOOD-ZP-XL-SCH,Zip-Hoodie Heavy,XL,Schwarz,1,89.9,89.9,28.0
AB-2026-11621,2026-01-05,Eigener Shop,K-18451,Vorkasse,KLEID-PR-L-SCH,Sommerkleid Print,L,Schwarz,1,79.9,79.9,24.0
AB-2026-11622,2026-01-16,Eigener Shop,K-12139,Rechnungskauf,TEE-BAS-L-WEI,T-Shirt Basic,L,Weiss,1,29.9,29.9,7.5
AB-2026-11623,2026-05-22,Amazon,K-13543,Rechnungskauf,JOG-CL-XS-NAV,Jogger Classic,XS,Navy,1,64.9,64.9,19.5
AB-2026-11624,2026-02-10,Eigener Shop,K-11667,PayPal,TEE-OVS-S-NAV,T-Shirt Oversized,S,Navy,1,34.9,34.9,9.0
AB-2026-11624,2026-02-10,Eigener Shop,K-11667,PayPal,SOCK-3P-XL-NAV,Sneaker Socken 3er-Pack,XL,Navy,1,19.9,19.9,4.8
AB-2026-11625,2026-02-17,Amazon,K-13962,PayPal,TEE-BAS-S-NAV,T-Shirt Basic,S,Navy,1,29.9,29.9,7.5
AB-2026-11626,2026-02-21,Amazon,K-11433,Rechnungskauf,HOOD-ZP-L-SCH,Zip-Hoodie Heavy,L,Schwarz,1,89.9,89.9,28.0
AB-2026-11626,2026-02-21,Amazon,K-11433,Rechnungskauf,HOOD-ZP-XS-WEI,Zip-Hoodie Heavy,XS,Weiss,1,89.9,89.9,28.0
AB-2026-11626,2026-02-21,Amazon,K-11433,Rechnungskauf,JKT-RN-S-WEI,Regenjacke Tech,S,Weiss,1,119.9,119.9,84.0
AB-2026-11627,2026-06-03,Eigener Shop,K-19543,PayPal,KLEID-PR-XL-OLI,Sommerkleid Print,XL,Oliv,1,79.9,79.9,24.0
AB-2026-11628,2026-05-30,Eigener Shop,K-17077,Vorkasse,TEE-BAS-XL-SCH,T-Shirt Basic,XL,Schwarz,1,29.9,29.9,7.5
AB-2026-11629,2026-03-15,Zalando,K-14519,Rechnungskauf,CAP-LG-XL-SCH,Cap Logo,XL,Schwarz,1,24.9,24.9,6.0
AB-2026-11629,2026-03-15,Zalando,K-14519,Rechnungskauf,CAP-LG-M-SCH,Cap Logo,M,Schwarz,1,24.9,24.9,6.0
AB-2026-11630,2026-06-27,Eigener Shop,K-18160,Rechnungskauf,TEE-BAS-S-WEI,T-Shirt Basic,S,Weiss,1,29.9,29.9,7.5
AB-2026-11631,2026-04-05,Amazon,K-14745,PayPal,JKT-RN-XL-SCH,Regenjacke Tech,XL,Schwarz,1,119.9,119.9,84.0
AB-2026-11632,2026-02-07,Eigener Shop,K-17202,PayPal,SOCK-3P-S-NAV,Sneaker Socken 3er-Pack,S,Navy,1,19.9,19.9,4.8
AB-2026-11632,2026-02-07,Eigener Shop,K-17202,PayPal,HOOD-ZP-XS-WEI,Zip-Hoodie Heavy,XS,Weiss,1,89.9,89.9,28.0
AB-2026-11633,2026-05-23,Eigener Shop,K-11051,Kreditkarte,SOCK-3P-S-NAV,Sneaker Socken 3er-Pack,S,Navy,1,19.9,19.9,4.8
AB-2026-11633,2026-05-23,Eigener Shop,K-11051,Kreditkarte,JOG-CL-S-SCH,Jogger Classic,S,Schwarz,1,64.9,64.9,19.5
AB-2026-11634,2026-04-12,Amazon,K-10706,Kreditkarte,KLEID-PR-S-WEI,Sommerkleid Print,S,Weiss,1,79.9,79.9,24.0
AB-2026-11634,2026-04-12,Amazon,K-10706,Kreditkarte,SOCK-3P-S-WEI,Sneaker Socken 3er-Pack,S,Weiss,1,19.9,19.9,4.8
AB-2026-11635,2026-05-19,Eigener Shop,K-13580,Kreditkarte,JOG-CL-L-OLI,Jogger Classic,L,Oliv,1,64.9,64.9,19.5
AB-2026-11635,2026-05-19,Eigener Shop,K-13580,Kreditkarte,TEE-BAS-M-WEI,T-Shirt Basic,M,Weiss,1,29.9,29.9,7.5
AB-2026-11636,2026-05-25,Amazon,K-10325,Kreditkarte,SOCK-3P-S-NAV,Sneaker Socken 3er-Pack,S,Navy,1,19.9,19.9,4.8
AB-2026-11637,2026-03-21,Eigener Shop,K-13990,PayPal,SOCK-3P-M-NAV,Sneaker Socken 3er-Pack,M,Navy,1,19.9,19.9,4.8
AB-2026-11638,2026-05-16,Eigener Shop,K-10997,PayPal,TEE-OVS-S-OLI,T-Shirt Oversized,S,Oliv,1,34.9,34.9,9.0
AB-2026-11638,2026-05-16,Eigener Shop,K-10997,PayPal,TEE-OVS-XL-OLI,T-Shirt Oversized,XL,Oliv,1,34.9,34.9,9.0
AB-2026-11638,2026-05-16,Eigener Shop,K-10997,PayPal,HOOD-ZP-XS-WEI,Zip-Hoodie Heavy,XS,Weiss,1,89.9,89.9,28.0
AB-2026-11638,2026-05-16,Eigener Shop,K-10997,PayPal,HOOD-ZP-XL-WEI,Zip-Hoodie Heavy,XL,Weiss,1,89.9,89.9,28.0
AB-2026-11639,2026-04-11,Eigener Shop,K-16355,Vorkasse,CAP-LG-M-SCH,Cap Logo,M,Schwarz,1,24.9,24.9,6.0
AB-2026-11639,2026-04-11,Eigener Shop,K-16355,Vorkasse,CAP-LG-S-SCH,Cap Logo,S,Schwarz,1,24.9,24.9,6.0
AB-2026-11639,2026-04-11,Eigener Shop,K-16355,Vorkasse,TEE-BAS-S-SCH,T-Shirt Basic,S,Schwarz,1,29.9,29.9,7.5
AB-2026-11639,2026-04-11,Eigener Shop,K-16355,Vorkasse,TEE-BAS-XS-SCH,T-Shirt Basic,XS,Schwarz,1,29.9,29.9,7.5
AB-2026-11640,2026-03-10,Zalando,K-12302,PayPal,JOG-CL-S-WEI,Jogger Classic,S,Weiss,1,64.9,64.9,19.5
AB-2026-11640,2026-03-10,Zalando,K-12302,PayPal,JOG-CL-M-WEI,Jogger Classic,M,Weiss,1,64.9,64.9,19.5
AB-2026-11641,2026-05-20,Eigener Shop,K-13495,Rechnungskauf,HOOD-ZP-M-SCH,Zip-Hoodie Heavy,M,Schwarz,1,89.9,89.9,28.0
AB-2026-11642,2026-01-04,Eigener Shop,K-10353,Vorkasse,CAP-LG-L-OLI,Cap Logo,L,Oliv,1,24.9,24.9,6.0
AB-2026-11643,2026-05-13,Eigener Shop,K-18477,Vorkasse,HOOD-ZP-XL-SCH,Zip-Hoodie Heavy,XL,Schwarz,1,89.9,89.9,28.0
AB-2026-11643,2026-05-13,Eigener Shop,K-18477,Vorkasse,HOOD-ZP-M-SCH,Zip-Hoodie Heavy,M,Schwarz,1,89.9,89.9,28.0
AB-2026-11644,2026-03-29,Eigener Shop,K-18170,Rechnungskauf,KLEID-PR-S-NAV,Sommerkleid Print,S,Navy,1,79.9,79.9,24.0
AB-2026-11645,2026-02-23,Eigener Shop,K-13843,PayPal,SOCK-3P-M-WEI,Sneaker Socken 3er-Pack,M,Weiss,1,19.9,19.9,4.8
AB-2026-11646,2026-06-03,Amazon,K-10492,Kreditkarte,HOOD-ZP-XL-SCH,Zip-Hoodie Heavy,XL,Schwarz,1,89.9,89.9,28.0
AB-2026-11646,2026-06-03,Amazon,K-10492,Kreditkarte,HOOD-ZP-XS-SCH,Zip-Hoodie Heavy,XS,Schwarz,1,89.9,89.9,28.0
AB-2026-11647,2026-04-30,Amazon,K-18380,Rechnungskauf,HOOD-ZP-L-SCH,Zip-Hoodie Heavy,L,Schwarz,1,89.9,89.9,28.0
AB-2026-11648,2026-05-04,Zalando,K-18260,Vorkasse,TEE-OVS-XS-SCH,T-Shirt Oversized,XS,Schwarz,1,34.9,34.9,9.0
AB-2026-11648,2026-05-04,Zalando,K-18260,Vorkasse,TEE-OVS-L-SCH,T-Shirt Oversized,L,Schwarz,1,34.9,34.9,9.0
AB-2026-11649,2026-01-30,Amazon,K-18756,PayPal,HOOD-ZP-XL-WEI,Zip-Hoodie Heavy,XL,Weiss,1,89.9,89.9,28.0
AB-2026-11650,2026-01-24,Eigener Shop,K-14253,PayPal,SOCK-3P-S-OLI,Sneaker Socken 3er-Pack,S,Oliv,1,19.9,19.9,4.8
AB-2026-11651,2026-04-30,Amazon,K-17891,PayPal,HOOD-ZP-XS-WEI,Zip-Hoodie Heavy,XS,Weiss,1,89.9,89.9,28.0
AB-2026-11652,2026-04-15,Eigener Shop,K-10185,Kreditkarte,SOCK-3P-XL-NAV,Sneaker Socken 3er-Pack,XL,Navy,1,19.9,19.9,4.8
AB-2026-11653,2026-04-26,Zalando,K-13370,PayPal,KLEID-PR-XS-OLI,Sommerkleid Print,XS,Oliv,1,79.9,79.9,24.0
AB-2026-11653,2026-04-26,Zalando,K-13370,PayPal,TEE-BAS-M-OLI,T-Shirt Basic,M,Oliv,1,29.9,29.9,7.5
AB-2026-11653,2026-04-26,Zalando,K-13370,PayPal,TEE-OVS-XS-OLI,T-Shirt Oversized,XS,Oliv,1,34.9,34.9,9.0
AB-2026-11654,2026-02-16,Eigener Shop,K-15469,PayPal,TEE-OVS-XS-WEI,T-Shirt Oversized,XS,Weiss,1,34.9,34.9,9.0
AB-2026-11655,2026-06-18,Eigener Shop,K-13804,Vorkasse,JOG-CL-XS-SCH,Jogger Classic,XS,Schwarz,1,64.9,64.9,19.5
AB-2026-11655,2026-06-18,Eigener Shop,K-13804,Vorkasse,JKT-RN-S-WEI,Regenjacke Tech,S,Weiss,1,119.9,119.9,84.0
AB-2026-11655,2026-06-18,Eigener Shop,K-13804,Vorkasse,TEE-OVS-L-NAV,T-Shirt Oversized,L,Navy,1,34.9,34.9,9.0
AB-2026-11656,2026-05-04,Amazon,K-11442,PayPal,HOOD-CL-S-SCH,Hoodie Classic,S,Schwarz,1,69.9,69.9,21.0
AB-2026-11657,2026-04-30,Zalando,K-10763,Kreditkarte,KLEID-PR-L-NAV,Sommerkleid Print,L,Navy,1,79.9,79.9,24.0
AB-2026-11657,2026-04-30,Zalando,K-10763,Kreditkarte,SOCK-3P-L-WEI,Sneaker Socken 3er-Pack,L,Weiss,1,19.9,19.9,4.8
AB-2026-11658,2026-02-03,Amazon,K-17223,Kreditkarte,JOG-CL-XS-OLI,Jogger Classic,XS,Oliv,1,64.9,64.9,19.5
AB-2026-11658,2026-02-03,Amazon,K-17223,Kreditkarte,KLEID-PR-XL-WEI,Sommerkleid Print,XL,Weiss,1,79.9,79.9,24.0
AB-2026-11659,2026-03-06,Eigener Shop,K-10870,PayPal,HOOD-ZP-XL-SCH,Zip-Hoodie Heavy,XL,Schwarz,1,89.9,89.9,28.0
AB-2026-11660,2026-03-04,Zalando,K-14679,Kreditkarte,TEE-OVS-M-SCH,T-Shirt Oversized,M,Schwarz,1,34.9,34.9,9.0
AB-2026-11660,2026-03-04,Zalando,K-14679,Kreditkarte,JKT-RN-M-SCH,Regenjacke Tech,M,Schwarz,1,119.9,119.9,84.0
AB-2026-11661,2026-02-28,Amazon,K-11690,Vorkasse,HOOD-ZP-L-SCH,Zip-Hoodie Heavy,L,Schwarz,1,89.9,89.9,28.0
AB-2026-11661,2026-02-28,Amazon,K-11690,Vorkasse,HOOD-ZP-S-SCH,Zip-Hoodie Heavy,S,Schwarz,1,89.9,89.9,28.0
AB-2026-11662,2026-03-08,Zalando,K-17141,Rechnungskauf,KLEID-PR-L-SCH,Sommerkleid Print,L,Schwarz,1,79.9,79.9,24.0
AB-2026-11662,2026-03-08,Zalando,K-17141,Rechnungskauf,HOOD-CL-L-NAV,Hoodie Classic,L,Navy,1,69.9,69.9,21.0
AB-2026-11663,2026-05-30,Eigener Shop,K-16540,Vorkasse,TEE-OVS-M-NAV,T-Shirt Oversized,M,Navy,1,34.9,34.9,9.0
AB-2026-11663,2026-05-30,Eigener Shop,K-16540,Vorkasse,TEE-OVS-XS-NAV,T-Shirt Oversized,XS,Navy,1,34.9,34.9,9.0
AB-2026-11664,2026-05-26,Eigener Shop,K-16927,PayPal,HOOD-CL-M-WEI,Hoodie Classic,M,Weiss,1,69.9,69.9,21.0
AB-2026-11664,2026-05-26,Eigener Shop,K-16927,PayPal,HOOD-CL-S-WEI,Hoodie Classic,S,Weiss,1,69.9,69.9,21.0
AB-2026-11665,2026-05-21,Eigener Shop,K-13220,Rechnungskauf,HOOD-ZP-XL-SCH,Zip-Hoodie Heavy,XL,Schwarz,1,89.9,89.9,28.0
AB-2026-11666,2026-02-18,Eigener Shop,K-14209,Vorkasse,HOOD-CL-M-WEI,Hoodie Classic,M,Weiss,1,69.9,69.9,21.0
AB-2026-11667,2026-04-17,Eigener Shop,K-11298,PayPal,CAP-LG-L-WEI,Cap Logo,L,Weiss,1,24.9,24.9,6.0
AB-2026-11668,2026-01-03,Eigener Shop,K-11220,Kreditkarte,TEE-OVS-L-NAV,T-Shirt Oversized,L,Navy,1,34.9,34.9,9.0
AB-2026-11669,2026-05-12,Amazon,K-16034,Vorkasse,JKT-RN-XS-WEI,Regenjacke Tech,XS,Weiss,1,119.9,119.9,84.0
AB-2026-11669,2026-05-12,Amazon,K-16034,Vorkasse,JKT-RN-S-WEI,Regenjacke Tech,S,Weiss,1,119.9,119.9,84.0
AB-2026-11669,2026-05-12,Amazon,K-16034,Vorkasse,HOOD-ZP-S-WEI,Zip-Hoodie Heavy,S,Weiss,1,89.9,89.9,28.0
AB-2026-11669,2026-05-12,Amazon,K-16034,Vorkasse,HOOD-ZP-M-WEI,Zip-Hoodie Heavy,M,Weiss,1,89.9,89.9,28.0
AB-2026-11670,2026-05-21,Amazon,K-18320,PayPal,JOG-CL-S-WEI,Jogger Classic,S,Weiss,1,64.9,64.9,19.5
AB-2026-11671,2026-01-04,Eigener Shop,K-19244,Vorkasse,HOOD-CL-XS-NAV,Hoodie Classic,XS,Navy,1,69.9,69.9,21.0
AB-2026-11671,2026-01-04,Eigener Shop,K-19244,Vorkasse,TEE-BAS-L-OLI,T-Shirt Basic,L,Oliv,1,29.9,29.9,7.5
AB-2026-11672,2026-01-03,Eigener Shop,K-12829,Kreditkarte,CAP-LG-L-SCH,Cap Logo,L,Schwarz,1,24.9,24.9,6.0
AB-2026-11672,2026-01-03,Eigener Shop,K-12829,Kreditkarte,SOCK-3P-XL-WEI,Sneaker Socken 3er-Pack,XL,Weiss,1,19.9,19.9,4.8
AB-2026-11673,2026-05-12,Eigener Shop,K-14720,Kreditkarte,TEE-OVS-XS-NAV,T-Shirt Oversized,XS,Navy,1,34.9,34.9,9.0
AB-2026-11674,2026-02-22,Amazon,K-11202,Kreditkarte,KLEID-PR-L-OLI,Sommerkleid Print,L,Oliv,1,79.9,79.9,24.0
AB-2026-11675,2026-01-20,Zalando,K-19753,Rechnungskauf,HOOD-ZP-XS-WEI,Zip-Hoodie Heavy,XS,Weiss,1,89.9,89.9,28.0
AB-2026-11676,2026-02-19,Eigener Shop,K-16874,Rechnungskauf,JOG-CL-M-SCH,Jogger Classic,M,Schwarz,1,64.9,64.9,19.5
AB-2026-11677,2026-04-10,Eigener Shop,K-18642,Rechnungskauf,TEE-BAS-L-NAV,T-Shirt Basic,L,Navy,1,29.9,29.9,7.5
AB-2026-11677,2026-04-10,Eigener Shop,K-18642,Rechnungskauf,HOOD-CL-M-NAV,Hoodie Classic,M,Navy,1,69.9,69.9,21.0
AB-2026-11678,2026-02-21,Eigener Shop,K-16734,Kreditkarte,HOOD-CL-XL-SCH,Hoodie Classic,XL,Schwarz,1,69.9,69.9,21.0
AB-2026-11679,2026-06-20,Eigener Shop,K-12232,Rechnungskauf,CAP-LG-S-OLI,Cap Logo,S,Oliv,1,24.9,24.9,6.0
AB-2026-11680,2026-06-09,Eigener Shop,K-10309,Vorkasse,KLEID-PR-S-SCH,Sommerkleid Print,S,Schwarz,1,79.9,79.9,24.0
AB-2026-11681,2026-02-01,Eigener Shop,K-17213,Vorkasse,HOOD-ZP-L-SCH,Zip-Hoodie Heavy,L,Schwarz,1,89.9,89.9,28.0
AB-2026-11681,2026-02-01,Eigener Shop,K-17213,Vorkasse,SOCK-3P-XS-WEI,Sneaker Socken 3er-Pack,XS,Weiss,1,19.9,19.9,4.8
AB-2026-11682,2026-01-18,Amazon,K-16366,Kreditkarte,JOG-CL-XS-NAV,Jogger Classic,XS,Navy,1,64.9,64.9,19.5
AB-2026-11683,2026-01-18,Eigener Shop,K-11215,Vorkasse,HOOD-ZP-XL-WEI,Zip-Hoodie Heavy,XL,Weiss,1,89.9,89.9,28.0
AB-2026-11684,2026-03-30,Eigener Shop,K-11006,Rechnungskauf,TEE-BAS-XL-SCH,T-Shirt Basic,XL,Schwarz,1,29.9,29.9,7.5
AB-2026-11684,2026-03-30,Eigener Shop,K-11006,Rechnungskauf,TEE-BAS-M-SCH,T-Shirt Basic,M,Schwarz,1,29.9,29.9,7.5
AB-2026-11685,2026-03-19,Eigener Shop,K-14007,Vorkasse,CAP-LG-XL-OLI,Cap Logo,XL,Oliv,1,24.9,24.9,6.0
AB-2026-11686,2026-05-14,Eigener Shop,K-15942,Rechnungskauf,JOG-CL-XL-SCH,Jogger Classic,XL,Schwarz,1,64.9,64.9,19.5
AB-2026-11687,2026-04-18,Eigener Shop,K-19995,PayPal,TEE-BAS-M-SCH,T-Shirt Basic,M,Schwarz,1,29.9,29.9,7.5
AB-2026-11688,2026-06-04,Eigener Shop,K-13935,PayPal,JKT-RN-S-SCH,Regenjacke Tech,S,Schwarz,1,119.9,119.9,84.0
AB-2026-11689,2026-05-05,Amazon,K-14210,Rechnungskauf,JOG-CL-S-SCH,Jogger Classic,S,Schwarz,1,64.9,64.9,19.5
AB-2026-11690,2026-01-28,Eigener Shop,K-17276,Vorkasse,KLEID-PR-XL-WEI,Sommerkleid Print,XL,Weiss,1,79.9,79.9,24.0
AB-2026-11691,2026-05-24,Eigener Shop,K-17234,PayPal,TEE-OVS-M-OLI,T-Shirt Oversized,M,Oliv,1,34.9,34.9,9.0
AB-2026-11691,2026-05-24,Eigener Shop,K-17234,PayPal,KLEID-PR-S-WEI,Sommerkleid Print,S,Weiss,1,79.9,79.9,24.0
AB-2026-11692,2026-06-10,Eigener Shop,K-13320,Rechnungskauf,HOOD-CL-XS-OLI,Hoodie Classic,XS,Oliv,1,69.9,69.9,21.0
AB-2026-11693,2026-02-01,Zalando,K-17214,PayPal,TEE-BAS-XL-SCH,T-Shirt Basic,XL,Schwarz,1,29.9,29.9,7.5
AB-2026-11694,2026-05-02,Amazon,K-10578,Rechnungskauf,HOOD-ZP-XL-SCH,Zip-Hoodie Heavy,XL,Schwarz,1,89.9,89.9,28.0
AB-2026-11695,2026-06-19,Eigener Shop,K-12193,Rechnungskauf,HOOD-ZP-M-SCH,Zip-Hoodie Heavy,M,Schwarz,1,89.9,89.9,28.0
AB-2026-11696,2026-04-09,Amazon,K-19853,PayPal,CAP-LG-S-OLI,Cap Logo,S,Oliv,1,24.9,24.9,6.0
AB-2026-11696,2026-04-09,Amazon,K-19853,PayPal,CAP-LG-M-OLI,Cap Logo,M,Oliv,1,24.9,24.9,6.0
AB-2026-11697,2026-05-17,Amazon,K-17556,Vorkasse,HOOD-CL-M-WEI,Hoodie Classic,M,Weiss,1,69.9,69.9,21.0
AB-2026-11698,2026-02-17,Amazon,K-15685,Vorkasse,CAP-LG-L-WEI,Cap Logo,L,Weiss,1,24.9,24.9,6.0
AB-2026-11699,2026-02-07,Eigener Shop,K-14744,PayPal,HOOD-ZP-L-WEI,Zip-Hoodie Heavy,L,Weiss,1,89.9,89.9,28.0
AB-2026-11700,2026-03-27,Eigener Shop,K-13994,Kreditkarte,TEE-BAS-S-WEI,T-Shirt Basic,S,Weiss,1,29.9,29.9,7.5
AB-2026-11700,2026-03-27,Eigener Shop,K-13994,Kreditkarte,HOOD-ZP-S-WEI,Zip-Hoodie Heavy,S,Weiss,1,89.9,89.9,28.0
AB-2026-11701,2026-03-09,Eigener Shop,K-16508,Rechnungskauf,JKT-RN-M-WEI,Regenjacke Tech,M,Weiss,1,119.9,119.9,84.0
AB-2026-11702,2026-06-04,Eigener Shop,K-10789,Rechnungskauf,KLEID-PR-M-OLI,Sommerkleid Print,M,Oliv,1,79.9,79.9,24.0
AB-2026-11702,2026-06-04,Eigener Shop,K-10789,Rechnungskauf,HOOD-ZP-S-WEI,Zip-Hoodie Heavy,S,Weiss,1,89.9,89.9,28.0
AB-2026-11703,2026-06-05,Eigener Shop,K-11024,PayPal,JKT-RN-M-WEI,Regenjacke Tech,M,Weiss,1,119.9,119.9,84.0
AB-2026-11704,2026-03-13,Eigener Shop,K-16290,Kreditkarte,TEE-BAS-L-OLI,T-Shirt Basic,L,Oliv,1,29.9,29.9,7.5
AB-2026-11704,2026-03-13,Eigener Shop,K-16290,Kreditkarte,HOOD-ZP-XS-SCH,Zip-Hoodie Heavy,XS,Schwarz,1,89.9,89.9,28.0
AB-2026-11705,2026-05-26,Eigener Shop,K-18140,PayPal,HOOD-ZP-M-SCH,Zip-Hoodie Heavy,M,Schwarz,1,89.9,89.9,28.0
AB-2026-11706,2026-06-13,Amazon,K-13761,PayPal,JKT-RN-S-WEI,Regenjacke Tech,S,Weiss,1,119.9,119.9,84.0
AB-2026-11707,2026-02-26,Eigener Shop,K-15608,Kreditkarte,HOOD-CL-M-WEI,Hoodie Classic,M,Weiss,1,69.9,69.9,21.0
AB-2026-11707,2026-02-26,Eigener Shop,K-15608,Kreditkarte,HOOD-CL-M-OLI,Hoodie Classic,M,Oliv,1,69.9,69.9,21.0
AB-2026-11707,2026-02-26,Eigener Shop,K-15608,Kreditkarte,HOOD-ZP-S-SCH,Zip-Hoodie Heavy,S,Schwarz,1,89.9,89.9,28.0
AB-2026-11708,2026-04-17,Zalando,K-13672,PayPal,TEE-OVS-XL-SCH,T-Shirt Oversized,XL,Schwarz,1,34.9,34.9,9.0
AB-2026-11709,2026-01-28,Zalando,K-13899,PayPal,JOG-CL-XS-OLI,Jogger Classic,XS,Oliv,1,64.9,64.9,19.5
AB-2026-11710,2026-02-16,Eigener Shop,K-10031,Kreditkarte,HOOD-ZP-M-SCH,Zip-Hoodie Heavy,M,Schwarz,1,89.9,89.9,28.0
AB-2026-11711,2026-05-22,Eigener Shop,K-13418,Rechnungskauf,KLEID-PR-S-WEI,Sommerkleid Print,S,Weiss,1,79.9,79.9,24.0
AB-2026-11711,2026-05-22,Eigener Shop,K-13418,Rechnungskauf,KLEID-PR-XL-WEI,Sommerkleid Print,XL,Weiss,1,79.9,79.9,24.0
AB-2026-11712,2026-01-04,Eigener Shop,K-16768,Kreditkarte,CAP-LG-L-OLI,Cap Logo,L,Oliv,1,24.9,24.9,6.0
AB-2026-11712,2026-01-04,Eigener Shop,K-16768,Kreditkarte,HOOD-ZP-S-SCH,Zip-Hoodie Heavy,S,Schwarz,1,89.9,89.9,28.0
AB-2026-11713,2026-05-26,Zalando,K-17296,Kreditkarte,HOOD-CL-L-NAV,Hoodie Classic,L,Navy,1,69.9,69.9,21.0
AB-2026-11714,2026-06-18,Amazon,K-12521,Vorkasse,TEE-OVS-S-OLI,T-Shirt Oversized,S,Oliv,1,34.9,34.9,9.0
AB-2026-11715,2026-06-05,Eigener Shop,K-19297,PayPal,JKT-RN-S-SCH,Regenjacke Tech,S,Schwarz,1,119.9,119.9,84.0
AB-2026-11715,2026-06-05,Eigener Shop,K-19297,PayPal,HOOD-CL-XS-WEI,Hoodie Classic,XS,Weiss,1,69.9,69.9,21.0
AB-2026-11716,2026-02-28,Amazon,K-10872,Kreditkarte,HOOD-CL-L-WEI,Hoodie Classic,L,Weiss,1,69.9,69.9,21.0
AB-2026-11717,2026-06-26,Zalando,K-19857,PayPal,JKT-RN-L-SCH,Regenjacke Tech,L,Schwarz,1,119.9,119.9,84.0
AB-2026-11717,2026-06-26,Zalando,K-19857,PayPal,HOOD-ZP-XL-SCH,Zip-Hoodie Heavy,XL,Schwarz,1,89.9,89.9,28.0
AB-2026-11717,2026-06-26,Zalando,K-19857,PayPal,JOG-CL-XL-NAV,Jogger Classic,XL,Navy,1,64.9,64.9,19.5
AB-2026-11718,2026-05-12,Eigener Shop,K-12990,PayPal,KLEID-PR-L-NAV,Sommerkleid Print,L,Navy,1,79.9,79.9,24.0
AB-2026-11718,2026-05-12,Eigener Shop,K-12990,PayPal,JOG-CL-M-WEI,Jogger Classic,M,Weiss,1,64.9,64.9,19.5
AB-2026-11719,2026-03-26,Eigener Shop,K-12724,Rechnungskauf,SOCK-3P-M-NAV,Sneaker Socken 3er-Pack,M,Navy,1,19.9,19.9,4.8
AB-2026-11719,2026-03-26,Eigener Shop,K-12724,Rechnungskauf,KLEID-PR-L-WEI,Sommerkleid Print,L,Weiss,1,79.9,79.9,24.0
AB-2026-11720,2026-05-19,Eigener Shop,K-12346,Rechnungskauf,HOOD-ZP-XL-SCH,Zip-Hoodie Heavy,XL,Schwarz,1,89.9,89.9,28.0
AB-2026-11721,2026-04-11,Eigener Shop,K-10095,PayPal,CAP-LG-XS-OLI,Cap Logo,XS,Oliv,1,24.9,24.9,6.0
AB-2026-11721,2026-04-11,Eigener Shop,K-10095,PayPal,CAP-LG-XL-OLI,Cap Logo,XL,Oliv,1,24.9,24.9,6.0
AB-2026-11722,2026-02-18,Eigener Shop,K-10811,PayPal,TEE-BAS-XL-WEI,T-Shirt Basic,XL,Weiss,1,29.9,29.9,7.5
AB-2026-11722,2026-02-18,Eigener Shop,K-10811,PayPal,HOOD-ZP-XS-SCH,Zip-Hoodie Heavy,XS,Schwarz,1,89.9,89.9,28.0
AB-2026-11722,2026-02-18,Eigener Shop,K-10811,PayPal,HOOD-CL-M-NAV,Hoodie Classic,M,Navy,1,69.9,69.9,21.0
AB-2026-11723,2026-02-24,Eigener Shop,K-13381,PayPal,TEE-OVS-M-SCH,T-Shirt Oversized,M,Schwarz,1,34.9,34.9,9.0
AB-2026-11723,2026-02-24,Eigener Shop,K-13381,PayPal,HOOD-CL-XS-OLI,Hoodie Classic,XS,Oliv,1,69.9,69.9,21.0
AB-2026-11723,2026-02-24,Eigener Shop,K-13381,PayPal,SOCK-3P-L-WEI,Sneaker Socken 3er-Pack,L,Weiss,1,19.9,19.9,4.8
AB-2026-11724,2026-04-15,Eigener Shop,K-19370,Kreditkarte,HOOD-ZP-S-WEI,Zip-Hoodie Heavy,S,Weiss,1,89.9,89.9,28.0
AB-2026-11725,2026-03-11,Amazon,K-18382,Kreditkarte,JOG-CL-XL-OLI,Jogger Classic,XL,Oliv,1,64.9,64.9,19.5
AB-2026-11725,2026-03-11,Amazon,K-18382,Kreditkarte,HOOD-ZP-L-WEI,Zip-Hoodie Heavy,L,Weiss,1,89.9,89.9,28.0
AB-2026-11726,2026-05-04,Eigener Shop,K-11545,Rechnungskauf,SOCK-3P-L-OLI,Sneaker Socken 3er-Pack,L,Oliv,1,19.9,19.9,4.8
AB-2026-11727,2026-02-09,Eigener Shop,K-19250,Vorkasse,TEE-BAS-M-SCH,T-Shirt Basic,M,Schwarz,1,29.9,29.9,7.5
AB-2026-11728,2026-02-17,Amazon,K-18353,Vorkasse,JOG-CL-L-WEI,Jogger Classic,L,Weiss,1,64.9,64.9,19.5
AB-2026-11728,2026-02-17,Amazon,K-18353,Vorkasse,JOG-CL-S-WEI,Jogger Classic,S,Weiss,1,64.9,64.9,19.5
AB-2026-11729,2026-06-01,Zalando,K-15001,PayPal,JKT-RN-M-WEI,Regenjacke Tech,M,Weiss,1,119.9,119.9,84.0
AB-2026-11729,2026-06-01,Zalando,K-15001,PayPal,SOCK-3P-L-NAV,Sneaker Socken 3er-Pack,L,Navy,1,19.9,19.9,4.8
AB-2026-11730,2026-03-25,Eigener Shop,K-11281,Kreditkarte,HOOD-ZP-XS-WEI,Zip-Hoodie Heavy,XS,Weiss,1,89.9,89.9,28.0
AB-2026-11731,2026-04-11,Amazon,K-12845,Kreditkarte,TEE-BAS-XS-OLI,T-Shirt Basic,XS,Oliv,1,29.9,29.9,7.5
AB-2026-11732,2026-01-17,Eigener Shop,K-13501,Kreditkarte,TEE-BAS-L-OLI,T-Shirt Basic,L,Oliv,1,29.9,29.9,7.5
AB-2026-11733,2026-05-23,Eigener Shop,K-18853,Kreditkarte,CAP-LG-L-OLI,Cap Logo,L,Oliv,1,24.9,24.9,6.0
AB-2026-11733,2026-05-23,Eigener Shop,K-18853,Kreditkarte,CAP-LG-XL-OLI,Cap Logo,XL,Oliv,1,24.9,24.9,6.0
AB-2026-11734,2026-05-19,Zalando,K-10012,Vorkasse,HOOD-ZP-L-SCH,Zip-Hoodie Heavy,L,Schwarz,1,89.9,89.9,28.0
AB-2026-11735,2026-02-28,Eigener Shop,K-19687,Rechnungskauf,HOOD-CL-M-OLI,Hoodie Classic,M,Oliv,1,69.9,69.9,21.0
AB-2026-11736,2026-05-10,Amazon,K-15550,PayPal,HOOD-CL-XS-OLI,Hoodie Classic,XS,Oliv,1,69.9,69.9,21.0
AB-2026-11736,2026-05-10,Amazon,K-15550,PayPal,TEE-BAS-M-SCH,T-Shirt Basic,M,Schwarz,1,29.9,29.9,7.5
AB-2026-11737,2026-04-25,Amazon,K-12386,Rechnungskauf,CAP-LG-M-WEI,Cap Logo,M,Weiss,1,24.9,24.9,6.0
AB-2026-11738,2026-01-22,Eigener Shop,K-16350,Rechnungskauf,SOCK-3P-XL-NAV,Sneaker Socken 3er-Pack,XL,Navy,1,19.9,19.9,4.8
AB-2026-11739,2026-05-15,Eigener Shop,K-12568,PayPal,TEE-OVS-XS-SCH,T-Shirt Oversized,XS,Schwarz,1,34.9,34.9,9.0
AB-2026-11740,2026-03-03,Amazon,K-19555,Rechnungskauf,TEE-OVS-XS-WEI,T-Shirt Oversized,XS,Weiss,1,34.9,34.9,9.0
AB-2026-11741,2026-03-21,Eigener Shop,K-18810,Rechnungskauf,HOOD-ZP-XS-SCH,Zip-Hoodie Heavy,XS,Schwarz,1,89.9,89.9,28.0
AB-2026-11742,2026-05-31,Eigener Shop,K-10364,PayPal,JOG-CL-XS-WEI,Jogger Classic,XS,Weiss,1,64.9,64.9,19.5
AB-2026-11742,2026-05-31,Eigener Shop,K-10364,PayPal,CAP-LG-XS-SCH,Cap Logo,XS,Schwarz,1,24.9,24.9,6.0
AB-2026-11743,2026-04-12,Eigener Shop,K-11228,Kreditkarte,HOOD-CL-S-SCH,Hoodie Classic,S,Schwarz,1,69.9,69.9,21.0
AB-2026-11744,2026-01-22,Eigener Shop,K-14257,PayPal,TEE-BAS-L-OLI,T-Shirt Basic,L,Oliv,1,29.9,29.9,7.5
AB-2026-11745,2026-06-28,Eigener Shop,K-16148,PayPal,TEE-OVS-S-WEI,T-Shirt Oversized,S,Weiss,1,34.9,34.9,9.0
AB-2026-11745,2026-06-28,Eigener Shop,K-16148,PayPal,SOCK-3P-XL-WEI,Sneaker Socken 3er-Pack,XL,Weiss,1,19.9,19.9,4.8
AB-2026-11746,2026-02-01,Amazon,K-18648,Vorkasse,HOOD-ZP-S-WEI,Zip-Hoodie Heavy,S,Weiss,1,89.9,89.9,28.0
AB-2026-11746,2026-02-01,Amazon,K-18648,Vorkasse,KLEID-PR-L-SCH,Sommerkleid Print,L,Schwarz,1,79.9,79.9,24.0
AB-2026-11746,2026-02-01,Amazon,K-18648,Vorkasse,TEE-BAS-M-NAV,T-Shirt Basic,M,Navy,1,29.9,29.9,7.5
AB-2026-11747,2026-04-29,Eigener Shop,K-13825,Kreditkarte,JKT-RN-S-SCH,Regenjacke Tech,S,Schwarz,1,119.9,119.9,84.0
AB-2026-11748,2026-01-31,Eigener Shop,K-10846,PayPal,KLEID-PR-S-OLI,Sommerkleid Print,S,Oliv,1,79.9,79.9,24.0
AB-2026-11749,2026-01-15,Eigener Shop,K-13224,Vorkasse,KLEID-PR-L-WEI,Sommerkleid Print,L,Weiss,1,79.9,79.9,24.0
AB-2026-11750,2026-06-08,Eigener Shop,K-14358,Vorkasse,KLEID-PR-S-SCH,Sommerkleid Print,S,Schwarz,1,79.9,79.9,24.0
AB-2026-11751,2026-01-29,Eigener Shop,K-15074,Kreditkarte,SOCK-3P-L-WEI,Sneaker Socken 3er-Pack,L,Weiss,1,19.9,19.9,4.8
AB-2026-11752,2026-02-06,Eigener Shop,K-17416,PayPal,TEE-BAS-M-NAV,T-Shirt Basic,M,Navy,1,29.9,29.9,7.5
AB-2026-11752,2026-02-06,Eigener Shop,K-17416,PayPal,TEE-OVS-L-SCH,T-Shirt Oversized,L,Schwarz,1,34.9,34.9,9.0
AB-2026-11753,2026-06-24,Eigener Shop,K-11121,PayPal,SOCK-3P-XS-WEI,Sneaker Socken 3er-Pack,XS,Weiss,1,19.9,19.9,4.8
AB-2026-11753,2026-06-24,Eigener Shop,K-11121,PayPal,KLEID-PR-L-NAV,Sommerkleid Print,L,Navy,1,79.9,79.9,24.0
AB-2026-11754,2026-04-28,Zalando,K-14448,Rechnungskauf,KLEID-PR-S-OLI,Sommerkleid Print,S,Oliv,1,79.9,79.9,24.0
AB-2026-11754,2026-04-28,Zalando,K-14448,Rechnungskauf,KLEID-PR-XS-OLI,Sommerkleid Print,XS,Oliv,1,79.9,79.9,24.0
AB-2026-11755,2026-01-06,Amazon,K-10580,Kreditkarte,JOG-CL-L-WEI,Jogger Classic,L,Weiss,1,64.9,64.9,19.5
AB-2026-11756,2026-06-28,Amazon,K-13801,PayPal,CAP-LG-S-WEI,Cap Logo,S,Weiss,1,24.9,24.9,6.0
AB-2026-11756,2026-06-28,Amazon,K-13801,PayPal,HOOD-ZP-XS-SCH,Zip-Hoodie Heavy,XS,Schwarz,1,89.9,89.9,28.0
AB-2026-11756,2026-06-28,Amazon,K-13801,PayPal,CAP-LG-L-WEI,Cap Logo,L,Weiss,1,24.9,24.9,6.0
AB-2026-11757,2026-03-31,Zalando,K-14149,Rechnungskauf,JOG-CL-L-SCH,Jogger Classic,L,Schwarz,1,64.9,64.9,19.5
AB-2026-11758,2026-04-27,Eigener Shop,K-11065,Kreditkarte,JKT-RN-XL-SCH,Regenjacke Tech,XL,Schwarz,1,119.9,119.9,84.0
AB-2026-11759,2026-05-05,Amazon,K-11568,Rechnungskauf,JKT-RN-M-SCH,Regenjacke Tech,M,Schwarz,1,119.9,119.9,84.0
AB-2026-11759,2026-05-05,Amazon,K-11568,Rechnungskauf,HOOD-CL-XL-NAV,Hoodie Classic,XL,Navy,1,69.9,69.9,21.0
AB-2026-11760,2026-01-14,Eigener Shop,K-19176,PayPal,KLEID-PR-XL-SCH,Sommerkleid Print,XL,Schwarz,1,79.9,79.9,24.0
AB-2026-11761,2026-03-29,Eigener Shop,K-10558,PayPal,CAP-LG-XS-SCH,Cap Logo,XS,Schwarz,1,24.9,24.9,6.0
AB-2026-11762,2026-01-08,Eigener Shop,K-16942,Rechnungskauf,TEE-OVS-S-NAV,T-Shirt Oversized,S,Navy,1,34.9,34.9,9.0
AB-2026-11762,2026-01-08,Eigener Shop,K-16942,Rechnungskauf,JOG-CL-S-SCH,Jogger Classic,S,Schwarz,1,64.9,64.9,19.5
AB-2026-11763,2026-05-09,Zalando,K-10222,PayPal,HOOD-ZP-M-WEI,Zip-Hoodie Heavy,M,Weiss,1,89.9,89.9,28.0
AB-2026-11764,2026-05-14,Eigener Shop,K-16256,Vorkasse,HOOD-ZP-M-SCH,Zip-Hoodie Heavy,M,Schwarz,1,89.9,89.9,28.0
AB-2026-11765,2026-03-20,Eigener Shop,K-10897,Kreditkarte,SOCK-3P-XL-NAV,Sneaker Socken 3er-Pack,XL,Navy,1,19.9,19.9,4.8
AB-2026-11765,2026-03-20,Eigener Shop,K-10897,Kreditkarte,TEE-BAS-S-NAV,T-Shirt Basic,S,Navy,1,29.9,29.9,7.5
AB-2026-11765,2026-03-20,Eigener Shop,K-10897,Kreditkarte,JKT-RN-XL-SCH,Regenjacke Tech,XL,Schwarz,1,119.9,119.9,84.0
AB-2026-11766,2026-04-15,Eigener Shop,K-15965,PayPal,KLEID-PR-S-OLI,Sommerkleid Print,S,Oliv,1,79.9,79.9,24.0
AB-2026-11767,2026-06-15,Eigener Shop,K-12953,Kreditkarte,KLEID-PR-L-WEI,Sommerkleid Print,L,Weiss,1,79.9,79.9,24.0
AB-2026-11768,2026-03-21,Amazon,K-16336,Rechnungskauf,JOG-CL-XS-WEI,Jogger Classic,XS,Weiss,1,64.9,64.9,19.5
AB-2026-11768,2026-03-21,Amazon,K-16336,Rechnungskauf,JKT-RN-M-WEI,Regenjacke Tech,M,Weiss,1,119.9,119.9,84.0
AB-2026-11769,2026-05-13,Eigener Shop,K-10532,Rechnungskauf,HOOD-ZP-XL-SCH,Zip-Hoodie Heavy,XL,Schwarz,1,89.9,89.9,28.0
AB-2026-11769,2026-05-13,Eigener Shop,K-10532,Rechnungskauf,JKT-RN-L-WEI,Regenjacke Tech,L,Weiss,1,119.9,119.9,84.0
AB-2026-11770,2026-03-16,Zalando,K-13360,PayPal,KLEID-PR-XL-NAV,Sommerkleid Print,XL,Navy,1,79.9,79.9,24.0
AB-2026-11770,2026-03-16,Zalando,K-13360,PayPal,HOOD-ZP-XL-SCH,Zip-Hoodie Heavy,XL,Schwarz,1,89.9,89.9,28.0
AB-2026-11770,2026-03-16,Zalando,K-13360,PayPal,HOOD-ZP-XL-WEI,Zip-Hoodie Heavy,XL,Weiss,1,89.9,89.9,28.0
AB-2026-11771,2026-03-22,Eigener Shop,K-15590,Rechnungskauf,HOOD-ZP-XL-WEI,Zip-Hoodie Heavy,XL,Weiss,1,89.9,89.9,28.0
AB-2026-11771,2026-03-22,Eigener Shop,K-15590,Rechnungskauf,SOCK-3P-XS-NAV,Sneaker Socken 3er-Pack,XS,Navy,1,19.9,19.9,4.8
AB-2026-11771,2026-03-22,Eigener Shop,K-15590,Rechnungskauf,JOG-CL-M-OLI,Jogger Classic,M,Oliv,1,64.9,64.9,19.5
AB-2026-11772,2026-06-10,Eigener Shop,K-12461,Kreditkarte,HOOD-ZP-XS-SCH,Zip-Hoodie Heavy,XS,Schwarz,1,89.9,89.9,28.0
AB-2026-11773,2026-02-21,Eigener Shop,K-11450,Rechnungskauf,SOCK-3P-XL-WEI,Sneaker Socken 3er-Pack,XL,Weiss,1,19.9,19.9,4.8
AB-2026-11774,2026-02-04,Amazon,K-18205,PayPal,TEE-OVS-XL-OLI,T-Shirt Oversized,XL,Oliv,1,34.9,34.9,9.0
AB-2026-11775,2026-05-25,Amazon,K-14649,PayPal,JKT-RN-XL-SCH,Regenjacke Tech,XL,Schwarz,1,119.9,119.9,84.0
AB-2026-11776,2026-05-08,Eigener Shop,K-19585,Kreditkarte,CAP-LG-XS-SCH,Cap Logo,XS,Schwarz,1,24.9,24.9,6.0
AB-2026-11776,2026-05-08,Eigener Shop,K-19585,Kreditkarte,CAP-LG-L-WEI,Cap Logo,L,Weiss,1,24.9,24.9,6.0
AB-2026-11776,2026-05-08,Eigener Shop,K-19585,Kreditkarte,HOOD-ZP-S-SCH,Zip-Hoodie Heavy,S,Schwarz,1,89.9,89.9,28.0
AB-2026-11777,2026-06-07,Eigener Shop,K-11472,Rechnungskauf,JKT-RN-L-WEI,Regenjacke Tech,L,Weiss,1,119.9,119.9,84.0
AB-2026-11778,2026-01-14,Zalando,K-15291,Rechnungskauf,HOOD-ZP-L-WEI,Zip-Hoodie Heavy,L,Weiss,1,89.9,89.9,28.0
AB-2026-11778,2026-01-14,Zalando,K-15291,Rechnungskauf,SOCK-3P-M-NAV,Sneaker Socken 3er-Pack,M,Navy,1,19.9,19.9,4.8
AB-2026-11779,2026-05-18,Eigener Shop,K-19780,Rechnungskauf,KLEID-PR-L-WEI,Sommerkleid Print,L,Weiss,1,79.9,79.9,24.0
AB-2026-11779,2026-05-18,Eigener Shop,K-19780,Rechnungskauf,JKT-RN-M-WEI,Regenjacke Tech,M,Weiss,1,119.9,119.9,84.0
AB-2026-11779,2026-05-18,Eigener Shop,K-19780,Rechnungskauf,JOG-CL-XL-OLI,Jogger Classic,XL,Oliv,1,64.9,64.9,19.5
AB-2026-11780,2026-06-09,Eigener Shop,K-18944,Vorkasse,KLEID-PR-XS-OLI,Sommerkleid Print,XS,Oliv,1,79.9,79.9,24.0
AB-2026-11781,2026-01-16,Eigener Shop,K-10108,PayPal,JOG-CL-L-WEI,Jogger Classic,L,Weiss,1,64.9,64.9,19.5
AB-2026-11782,2026-01-06,Eigener Shop,K-15388,Vorkasse,HOOD-CL-L-NAV,Hoodie Classic,L,Navy,1,69.9,69.9,21.0
AB-2026-11783,2026-06-14,Eigener Shop,K-16966,Vorkasse,CAP-LG-L-SCH,Cap Logo,L,Schwarz,1,24.9,24.9,6.0
AB-2026-11783,2026-06-14,Eigener Shop,K-16966,Vorkasse,JKT-RN-L-WEI,Regenjacke Tech,L,Weiss,1,119.9,119.9,84.0
AB-2026-11784,2026-01-28,Zalando,K-14793,Rechnungskauf,SOCK-3P-XS-OLI,Sneaker Socken 3er-Pack,XS,Oliv,1,19.9,19.9,4.8
AB-2026-11784,2026-01-28,Zalando,K-14793,Rechnungskauf,KLEID-PR-XL-OLI,Sommerkleid Print,XL,Oliv,1,79.9,79.9,24.0
AB-2026-11785,2026-05-19,Eigener Shop,K-13813,PayPal,TEE-BAS-L-WEI,T-Shirt Basic,L,Weiss,1,29.9,29.9,7.5
AB-2026-11786,2026-02-20,Amazon,K-12064,Kreditkarte,HOOD-ZP-XL-SCH,Zip-Hoodie Heavy,XL,Schwarz,1,89.9,89.9,28.0
AB-2026-11786,2026-02-20,Amazon,K-12064,Kreditkarte,TEE-BAS-M-WEI,T-Shirt Basic,M,Weiss,1,29.9,29.9,7.5
AB-2026-11787,2026-01-02,Amazon,K-16116,PayPal,HOOD-ZP-XL-SCH,Zip-Hoodie Heavy,XL,Schwarz,1,89.9,89.9,28.0
AB-2026-11788,2026-05-24,Amazon,K-12144,PayPal,KLEID-PR-XS-NAV,Sommerkleid Print,XS,Navy,1,79.9,79.9,24.0
AB-2026-11788,2026-05-24,Amazon,K-12144,PayPal,HOOD-ZP-XL-WEI,Zip-Hoodie Heavy,XL,Weiss,1,89.9,89.9,28.0
AB-2026-11788,2026-05-24,Amazon,K-12144,PayPal,TEE-OVS-L-NAV,T-Shirt Oversized,L,Navy,1,34.9,34.9,9.0
AB-2026-11789,2026-02-01,Eigener Shop,K-13516,Kreditkarte,HOOD-ZP-S-SCH,Zip-Hoodie Heavy,S,Schwarz,1,89.9,89.9,28.0
AB-2026-11790,2026-04-29,Eigener Shop,K-16642,Rechnungskauf,HOOD-CL-M-OLI,Hoodie Classic,M,Oliv,1,69.9,69.9,21.0
AB-2026-11790,2026-04-29,Eigener Shop,K-16642,Rechnungskauf,SOCK-3P-XL-OLI,Sneaker Socken 3er-Pack,XL,Oliv,1,19.9,19.9,4.8
AB-2026-11791,2026-05-05,Eigener Shop,K-15224,Vorkasse,HOOD-ZP-L-WEI,Zip-Hoodie Heavy,L,Weiss,1,89.9,89.9,28.0
AB-2026-11791,2026-05-05,Eigener Shop,K-15224,Vorkasse,JKT-RN-L-WEI,Regenjacke Tech,L,Weiss,1,119.9,119.9,84.0
AB-2026-11792,2026-06-28,Eigener Shop,K-14315,PayPal,TEE-BAS-M-NAV,T-Shirt Basic,M,Navy,1,29.9,29.9,7.5
AB-2026-11793,2026-02-23,Eigener Shop,K-15503,Rechnungskauf,HOOD-ZP-M-SCH,Zip-Hoodie Heavy,M,Schwarz,1,89.9,89.9,28.0
AB-2026-11794,2026-04-09,Amazon,K-12098,Kreditkarte,CAP-LG-S-WEI,Cap Logo,S,Weiss,1,24.9,24.9,6.0
AB-2026-11795,2026-06-30,Eigener Shop,K-17891,Rechnungskauf,JKT-RN-M-WEI,Regenjacke Tech,M,Weiss,1,119.9,119.9,84.0
AB-2026-11795,2026-06-30,Eigener Shop,K-17891,Rechnungskauf,JKT-RN-XS-WEI,Regenjacke Tech,XS,Weiss,1,119.9,119.9,84.0
AB-2026-11795,2026-06-30,Eigener Shop,K-17891,Rechnungskauf,JKT-RN-S-WEI,Regenjacke Tech,S,Weiss,1,119.9,119.9,84.0
AB-2026-11795,2026-06-30,Eigener Shop,K-17891,Rechnungskauf,JKT-RN-L-WEI,Regenjacke Tech,L,Weiss,1,119.9,119.9,84.0
AB-2026-11795,2026-06-30,Eigener Shop,K-17891,Rechnungskauf,SOCK-3P-S-WEI,Sneaker Socken 3er-Pack,S,Weiss,1,19.9,19.9,4.8
AB-2026-11795,2026-06-30,Eigener Shop,K-17891,Rechnungskauf,SOCK-3P-XL-WEI,Sneaker Socken 3er-Pack,XL,Weiss,1,19.9,19.9,4.8
AB-2026-11796,2026-02-10,Amazon,K-12200,Vorkasse,SOCK-3P-XL-NAV,Sneaker Socken 3er-Pack,XL,Navy,1,19.9,19.9,4.8
AB-2026-11797,2026-04-27,Eigener Shop,K-16143,Rechnungskauf,TEE-BAS-L-OLI,T-Shirt Basic,L,Oliv,1,29.9,29.9,7.5
AB-2026-11797,2026-04-27,Eigener Shop,K-16143,Rechnungskauf,KLEID-PR-XS-NAV,Sommerkleid Print,XS,Navy,1,79.9,79.9,24.0
AB-2026-11798,2026-05-30,Eigener Shop,K-14101,Rechnungskauf,TEE-OVS-S-SCH,T-Shirt Oversized,S,Schwarz,1,34.9,34.9,9.0
AB-2026-11799,2026-06-07,Zalando,K-16207,PayPal,HOOD-ZP-M-SCH,Zip-Hoodie Heavy,M,Schwarz,1,89.9,89.9,28.0
AB-2026-11800,2026-05-13,Amazon,K-18196,PayPal,TEE-BAS-XL-NAV,T-Shirt Basic,XL,Navy,1,29.9,29.9,7.5
AB-2026-11801,2026-03-12,Zalando,K-18854,Rechnungskauf,JOG-CL-M-WEI,Jogger Classic,M,Weiss,1,64.9,64.9,19.5
AB-2026-11802,2026-04-10,Eigener Shop,K-11392,PayPal,HOOD-CL-M-NAV,Hoodie Classic,M,Navy,1,69.9,69.9,21.0
AB-2026-11802,2026-04-10,Eigener Shop,K-11392,PayPal,HOOD-ZP-XL-WEI,Zip-Hoodie Heavy,XL,Weiss,1,89.9,89.9,28.0
AB-2026-11802,2026-04-10,Eigener Shop,K-11392,PayPal,TEE-BAS-XS-WEI,T-Shirt Basic,XS,Weiss,1,29.9,29.9,7.5
AB-2026-11803,2026-03-02,Amazon,K-11700,PayPal,CAP-LG-S-SCH,Cap Logo,S,Schwarz,1,24.9,24.9,6.0
AB-2026-11804,2026-05-17,Eigener Shop,K-17018,Vorkasse,KLEID-PR-L-OLI,Sommerkleid Print,L,Oliv,1,79.9,79.9,24.0
AB-2026-11805,2026-02-05,Eigener Shop,K-16517,Rechnungskauf,KLEID-PR-XL-SCH,Sommerkleid Print,XL,Schwarz,1,79.9,79.9,24.0
AB-2026-11806,2026-06-21,Amazon,K-16016,Rechnungskauf,TEE-OVS-XS-SCH,T-Shirt Oversized,XS,Schwarz,1,34.9,34.9,9.0
AB-2026-11806,2026-06-21,Amazon,K-16016,Rechnungskauf,JKT-RN-XL-SCH,Regenjacke Tech,XL,Schwarz,1,119.9,119.9,84.0
AB-2026-11807,2026-06-14,Zalando,K-13143,Kreditkarte,JKT-RN-M-SCH,Regenjacke Tech,M,Schwarz,1,119.9,119.9,84.0
AB-2026-11808,2026-05-05,Amazon,K-10964,Rechnungskauf,JOG-CL-L-SCH,Jogger Classic,L,Schwarz,1,64.9,64.9,19.5
AB-2026-11808,2026-05-05,Amazon,K-10964,Rechnungskauf,SOCK-3P-L-SCH,Sneaker Socken 3er-Pack,L,Schwarz,1,19.9,19.9,4.8
AB-2026-11809,2026-04-12,Eigener Shop,K-17875,Vorkasse,JOG-CL-S-WEI,Jogger Classic,S,Weiss,1,64.9,64.9,19.5
AB-2026-11809,2026-04-12,Eigener Shop,K-17875,Vorkasse,SOCK-3P-M-WEI,Sneaker Socken 3er-Pack,M,Weiss,1,19.9,19.9,4.8
AB-2026-11810,2026-01-13,Eigener Shop,K-11268,Rechnungskauf,SOCK-3P-S-NAV,Sneaker Socken 3er-Pack,S,Navy,1,19.9,19.9,4.8
AB-2026-11811,2026-05-02,Eigener Shop,K-14918,Kreditkarte,SOCK-3P-S-NAV,Sneaker Socken 3er-Pack,S,Navy,1,19.9,19.9,4.8
AB-2026-11812,2026-05-29,Amazon,K-10467,Kreditkarte,KLEID-PR-XL-OLI,Sommerkleid Print,XL,Oliv,1,79.9,79.9,24.0
AB-2026-11812,2026-05-29,Amazon,K-10467,Kreditkarte,TEE-OVS-XS-OLI,T-Shirt Oversized,XS,Oliv,1,34.9,34.9,9.0
AB-2026-11813,2026-05-14,Eigener Shop,K-18795,Kreditkarte,JKT-RN-M-WEI,Regenjacke Tech,M,Weiss,1,119.9,119.9,84.0
AB-2026-11814,2026-02-18,Eigener Shop,K-13550,PayPal,TEE-BAS-S-WEI,T-Shirt Basic,S,Weiss,1,29.9,29.9,7.5
AB-2026-11815,2026-03-09,Eigener Shop,K-16921,Rechnungskauf,HOOD-ZP-L-SCH,Zip-Hoodie Heavy,L,Schwarz,1,89.9,89.9,28.0
AB-2026-11815,2026-03-09,Eigener Shop,K-16921,Rechnungskauf,JKT-RN-XS-SCH,Regenjacke Tech,XS,Schwarz,1,119.9,119.9,84.0
AB-2026-11816,2026-03-29,Eigener Shop,K-14051,Rechnungskauf,KLEID-PR-M-NAV,Sommerkleid Print,M,Navy,1,79.9,79.9,24.0
AB-2026-11817,2026-04-14,Eigener Shop,K-15410,Kreditkarte,JOG-CL-XS-OLI,Jogger Classic,XS,Oliv,1,64.9,64.9,19.5
AB-2026-11817,2026-04-14,Eigener Shop,K-15410,Kreditkarte,CAP-LG-S-WEI,Cap Logo,S,Weiss,1,24.9,24.9,6.0
AB-2026-11818,2026-06-22,Eigener Shop,K-15727,Kreditkarte,TEE-OVS-XL-WEI,T-Shirt Oversized,XL,Weiss,1,34.9,34.9,9.0
AB-2026-11818,2026-06-22,Eigener Shop,K-15727,Kreditkarte,JKT-RN-XS-SCH,Regenjacke Tech,XS,Schwarz,1,119.9,119.9,84.0
AB-2026-11819,2026-05-08,Zalando,K-10030,Rechnungskauf,KLEID-PR-XS-WEI,Sommerkleid Print,XS,Weiss,1,79.9,79.9,24.0
AB-2026-11819,2026-05-08,Zalando,K-10030,Rechnungskauf,KLEID-PR-S-WEI,Sommerkleid Print,S,Weiss,1,79.9,79.9,24.0
AB-2026-11819,2026-05-08,Zalando,K-10030,Rechnungskauf,SOCK-3P-S-NAV,Sneaker Socken 3er-Pack,S,Navy,1,19.9,19.9,4.8
AB-2026-11819,2026-05-08,Zalando,K-10030,Rechnungskauf,SOCK-3P-L-NAV,Sneaker Socken 3er-Pack,L,Navy,1,19.9,19.9,4.8
AB-2026-11820,2026-02-03,Eigener Shop,K-16923,Vorkasse,HOOD-ZP-M-WEI,Zip-Hoodie Heavy,M,Weiss,1,89.9,89.9,28.0
AB-2026-11821,2026-01-23,Eigener Shop,K-17683,Kreditkarte,JKT-RN-XL-WEI,Regenjacke Tech,XL,Weiss,1,119.9,119.9,84.0
AB-2026-11822,2026-05-30,Zalando,K-10128,Vorkasse,SOCK-3P-S-WEI,Sneaker Socken 3er-Pack,S,Weiss,1,19.9,19.9,4.8
AB-2026-11823,2026-01-24,Eigener Shop,K-17763,Kreditkarte,JKT-RN-M-WEI,Regenjacke Tech,M,Weiss,1,119.9,119.9,84.0
AB-2026-11823,2026-01-24,Eigener Shop,K-17763,Kreditkarte,TEE-BAS-S-SCH,T-Shirt Basic,S,Schwarz,1,29.9,29.9,7.5
AB-2026-11824,2026-02-17,Eigener Shop,K-19589,Rechnungskauf,HOOD-CL-L-OLI,Hoodie Classic,L,Oliv,1,69.9,69.9,21.0
AB-2026-11825,2026-01-20,Amazon,K-17219,PayPal,JOG-CL-M-SCH,Jogger Classic,M,Schwarz,1,64.9,64.9,19.5
AB-2026-11826,2026-02-08,Eigener Shop,K-16120,PayPal,JKT-RN-XS-SCH,Regenjacke Tech,XS,Schwarz,1,119.9,119.9,84.0
AB-2026-11826,2026-02-08,Eigener Shop,K-16120,PayPal,JKT-RN-M-WEI,Regenjacke Tech,M,Weiss,1,119.9,119.9,84.0
AB-2026-11827,2026-04-30,Eigener Shop,K-11565,PayPal,JKT-RN-XS-WEI,Regenjacke Tech,XS,Weiss,1,119.9,119.9,84.0
AB-2026-11828,2026-05-08,Eigener Shop,K-15481,Vorkasse,SOCK-3P-XS-OLI,Sneaker Socken 3er-Pack,XS,Oliv,1,19.9,19.9,4.8
AB-2026-11828,2026-05-08,Eigener Shop,K-15481,Vorkasse,HOOD-ZP-L-WEI,Zip-Hoodie Heavy,L,Weiss,1,89.9,89.9,28.0
AB-2026-11829,2026-04-07,Amazon,K-12653,Rechnungskauf,HOOD-ZP-XL-SCH,Zip-Hoodie Heavy,XL,Schwarz,1,89.9,89.9,28.0
AB-2026-11830,2026-06-29,Eigener Shop,K-19201,PayPal,HOOD-ZP-L-SCH,Zip-Hoodie Heavy,L,Schwarz,1,89.9,89.9,28.0
AB-2026-11831,2026-05-11,Eigener Shop,K-17568,Kreditkarte,SOCK-3P-S-NAV,Sneaker Socken 3er-Pack,S,Navy,1,19.9,19.9,4.8
AB-2026-11832,2026-05-04,Eigener Shop,K-17734,Kreditkarte,JKT-RN-M-SCH,Regenjacke Tech,M,Schwarz,1,119.9,119.9,84.0
AB-2026-11832,2026-05-04,Eigener Shop,K-17734,Kreditkarte,JKT-RN-M-SCH,Regenjacke Tech,M,Schwarz,1,119.9,119.9,84.0
AB-2026-11833,2026-01-22,Amazon,K-16969,Rechnungskauf,KLEID-PR-XL-NAV,Sommerkleid Print,XL,Navy,1,79.9,79.9,24.0
AB-2026-11833,2026-01-22,Amazon,K-16969,Rechnungskauf,HOOD-ZP-XL-WEI,Zip-Hoodie Heavy,XL,Weiss,1,89.9,89.9,28.0
AB-2026-11834,2026-05-29,Amazon,K-16134,Vorkasse,TEE-BAS-M-SCH,T-Shirt Basic,M,Schwarz,1,29.9,29.9,7.5
AB-2026-11834,2026-05-29,Amazon,K-16134,Vorkasse,HOOD-CL-S-WEI,Hoodie Classic,S,Weiss,1,69.9,69.9,21.0
AB-2026-11834,2026-05-29,Amazon,K-16134,Vorkasse,TEE-BAS-XS-OLI,T-Shirt Basic,XS,Oliv,1,29.9,29.9,7.5
AB-2026-11835,2026-02-19,Eigener Shop,K-13138,PayPal,TEE-OVS-XL-OLI,T-Shirt Oversized,XL,Oliv,1,34.9,34.9,9.0
AB-2026-11835,2026-02-19,Eigener Shop,K-13138,PayPal,HOOD-ZP-XL-SCH,Zip-Hoodie Heavy,XL,Schwarz,1,89.9,89.9,28.0
AB-2026-11836,2026-04-11,Eigener Shop,K-14790,Rechnungskauf,TEE-OVS-S-OLI,T-Shirt Oversized,S,Oliv,1,34.9,34.9,9.0
AB-2026-11837,2026-03-19,Amazon,K-14474,Rechnungskauf,CAP-LG-L-WEI,Cap Logo,L,Weiss,1,24.9,24.9,6.0
AB-2026-11837,2026-03-19,Amazon,K-14474,Rechnungskauf,HOOD-ZP-XL-WEI,Zip-Hoodie Heavy,XL,Weiss,1,89.9,89.9,28.0
AB-2026-11837,2026-03-19,Amazon,K-14474,Rechnungskauf,HOOD-ZP-M-SCH,Zip-Hoodie Heavy,M,Schwarz,1,89.9,89.9,28.0
AB-2026-11838,2026-05-27,Eigener Shop,K-11575,PayPal,TEE-BAS-S-NAV,T-Shirt Basic,S,Navy,1,29.9,29.9,7.5
AB-2026-11838,2026-05-27,Eigener Shop,K-11575,PayPal,TEE-BAS-XL-NAV,T-Shirt Basic,XL,Navy,1,29.9,29.9,7.5
AB-2026-11839,2026-03-17,Eigener Shop,K-10270,PayPal,KLEID-PR-XS-WEI,Sommerkleid Print,XS,Weiss,1,79.9,79.9,24.0
AB-2026-11840,2026-05-07,Zalando,K-12387,PayPal,JKT-RN-S-WEI,Regenjacke Tech,S,Weiss,1,119.9,119.9,84.0
AB-2026-11841,2026-01-22,Eigener Shop,K-14650,Vorkasse,JOG-CL-XL-WEI,Jogger Classic,XL,Weiss,1,64.9,64.9,19.5
AB-2026-11842,2026-01-20,Eigener Shop,K-10180,Rechnungskauf,TEE-BAS-S-SCH,T-Shirt Basic,S,Schwarz,1,29.9,29.9,7.5
AB-2026-11843,2026-05-24,Amazon,K-17200,Rechnungskauf,TEE-BAS-XL-SCH,T-Shirt Basic,XL,Schwarz,1,29.9,29.9,7.5
AB-2026-11844,2026-05-17,Amazon,K-10516,Vorkasse,KLEID-PR-L-NAV,Sommerkleid Print,L,Navy,1,79.9,79.9,24.0
AB-2026-11845,2026-05-17,Eigener Shop,K-14259,PayPal,JOG-CL-L-OLI,Jogger Classic,L,Oliv,1,64.9,64.9,19.5
AB-2026-11845,2026-05-17,Eigener Shop,K-14259,PayPal,SOCK-3P-XL-WEI,Sneaker Socken 3er-Pack,XL,Weiss,1,19.9,19.9,4.8
AB-2026-11846,2026-06-03,Amazon,K-19884,Rechnungskauf,CAP-LG-M-NAV,Cap Logo,M,Navy,1,24.9,24.9,6.0
AB-2026-11846,2026-06-03,Amazon,K-19884,Rechnungskauf,KLEID-PR-XS-WEI,Sommerkleid Print,XS,Weiss,1,79.9,79.9,24.0
AB-2026-11847,2026-05-30,Amazon,K-19535,PayPal,JOG-CL-L-WEI,Jogger Classic,L,Weiss,1,64.9,64.9,19.5
AB-2026-11848,2026-06-19,Eigener Shop,K-12885,Rechnungskauf,TEE-OVS-XS-NAV,T-Shirt Oversized,XS,Navy,1,34.9,34.9,9.0
AB-2026-11849,2026-03-21,Eigener Shop,K-19194,Rechnungskauf,HOOD-ZP-XL-SCH,Zip-Hoodie Heavy,XL,Schwarz,1,89.9,89.9,28.0
AB-2026-11850,2026-06-01,Zalando,K-13920,Rechnungskauf,SOCK-3P-S-NAV,Sneaker Socken 3er-Pack,S,Navy,1,19.9,19.9,4.8
AB-2026-11851,2026-03-03,Eigener Shop,K-12784,Kreditkarte,SOCK-3P-XL-OLI,Sneaker Socken 3er-Pack,XL,Oliv,1,19.9,19.9,4.8
AB-2026-11852,2026-03-20,Amazon,K-17801,Rechnungskauf,HOOD-ZP-M-WEI,Zip-Hoodie Heavy,M,Weiss,1,89.9,89.9,28.0
AB-2026-11852,2026-03-20,Amazon,K-17801,Rechnungskauf,KLEID-PR-L-WEI,Sommerkleid Print,L,Weiss,1,79.9,79.9,24.0
AB-2026-11853,2026-05-09,Eigener Shop,K-11633,Kreditkarte,HOOD-CL-M-OLI,Hoodie Classic,M,Oliv,1,69.9,69.9,21.0
AB-2026-11854,2026-04-27,Zalando,K-10442,Rechnungskauf,TEE-BAS-S-NAV,T-Shirt Basic,S,Navy,1,29.9,29.9,7.5
AB-2026-11854,2026-04-27,Zalando,K-10442,Rechnungskauf,TEE-BAS-M-NAV,T-Shirt Basic,M,Navy,1,29.9,29.9,7.5
AB-2026-11855,2026-04-30,Eigener Shop,K-18304,Rechnungskauf,JOG-CL-S-OLI,Jogger Classic,S,Oliv,1,64.9,64.9,19.5
AB-2026-11856,2026-01-15,Eigener Shop,K-13214,Vorkasse,HOOD-CL-XS-NAV,Hoodie Classic,XS,Navy,1,69.9,69.9,21.0
AB-2026-11857,2026-03-06,Eigener Shop,K-17072,Vorkasse,HOOD-ZP-S-SCH,Zip-Hoodie Heavy,S,Schwarz,1,89.9,89.9,28.0
AB-2026-11858,2026-01-11,Eigener Shop,K-11221,PayPal,HOOD-CL-XL-OLI,Hoodie Classic,XL,Oliv,1,69.9,69.9,21.0
AB-2026-11859,2026-03-18,Eigener Shop,K-19663,Rechnungskauf,TEE-BAS-XS-SCH,T-Shirt Basic,XS,Schwarz,1,29.9,29.9,7.5
AB-2026-11860,2026-04-21,Amazon,K-16745,Rechnungskauf,SOCK-3P-L-SCH,Sneaker Socken 3er-Pack,L,Schwarz,1,19.9,19.9,4.8
AB-2026-11860,2026-04-21,Amazon,K-16745,Rechnungskauf,HOOD-CL-S-OLI,Hoodie Classic,S,Oliv,1,69.9,69.9,21.0
AB-2026-11861,2026-02-26,Amazon,K-15355,PayPal,CAP-LG-L-SCH,Cap Logo,L,Schwarz,1,24.9,24.9,6.0
AB-2026-11862,2026-02-10,Eigener Shop,K-10576,PayPal,TEE-OVS-M-WEI,T-Shirt Oversized,M,Weiss,1,34.9,34.9,9.0
AB-2026-11863,2026-06-16,Eigener Shop,K-16967,Kreditkarte,JKT-RN-M-SCH,Regenjacke Tech,M,Schwarz,1,119.9,119.9,84.0
AB-2026-11863,2026-06-16,Eigener Shop,K-16967,Kreditkarte,JKT-RN-XL-WEI,Regenjacke Tech,XL,Weiss,1,119.9,119.9,84.0
AB-2026-11864,2026-02-11,Eigener Shop,K-13992,Rechnungskauf,CAP-LG-XS-OLI,Cap Logo,XS,Oliv,1,24.9,24.9,6.0
AB-2026-11865,2026-04-21,Amazon,K-17316,Vorkasse,JKT-RN-M-WEI,Regenjacke Tech,M,Weiss,1,119.9,119.9,84.0
AB-2026-11866,2026-06-17,Eigener Shop,K-14451,Rechnungskauf,KLEID-PR-M-OLI,Sommerkleid Print,M,Oliv,1,79.9,79.9,24.0
AB-2026-11866,2026-06-17,Eigener Shop,K-14451,Rechnungskauf,HOOD-ZP-M-SCH,Zip-Hoodie Heavy,M,Schwarz,1,89.9,89.9,28.0
AB-2026-11867,2026-05-20,Eigener Shop,K-15418,Rechnungskauf,JOG-CL-XL-OLI,Jogger Classic,XL,Oliv,1,64.9,64.9,19.5
AB-2026-11867,2026-05-20,Eigener Shop,K-15418,Rechnungskauf,JOG-CL-S-OLI,Jogger Classic,S,Oliv,1,64.9,64.9,19.5
AB-2026-11868,2026-01-01,Amazon,K-12199,Vorkasse,JKT-RN-XL-SCH,Regenjacke Tech,XL,Schwarz,1,119.9,119.9,84.0
AB-2026-11868,2026-01-01,Amazon,K-12199,Vorkasse,TEE-OVS-L-WEI,T-Shirt Oversized,L,Weiss,1,34.9,34.9,9.0
AB-2026-11869,2026-06-29,Eigener Shop,K-14425,Rechnungskauf,KLEID-PR-M-SCH,Sommerkleid Print,M,Schwarz,1,79.9,79.9,24.0
AB-2026-11869,2026-06-29,Eigener Shop,K-14425,Rechnungskauf,KLEID-PR-XL-SCH,Sommerkleid Print,XL,Schwarz,1,79.9,79.9,24.0
AB-2026-11869,2026-06-29,Eigener Shop,K-14425,Rechnungskauf,TEE-OVS-M-SCH,T-Shirt Oversized,M,Schwarz,1,34.9,34.9,9.0
AB-2026-11869,2026-06-29,Eigener Shop,K-14425,Rechnungskauf,TEE-OVS-L-SCH,T-Shirt Oversized,L,Schwarz,1,34.9,34.9,9.0
AB-2026-11870,2026-02-07,Eigener Shop,K-14022,Vorkasse,KLEID-PR-S-NAV,Sommerkleid Print,S,Navy,1,79.9,79.9,24.0
AB-2026-11871,2026-04-05,Zalando,K-17751,Rechnungskauf,JKT-RN-M-SCH,Regenjacke Tech,M,Schwarz,1,119.9,119.9,84.0
AB-2026-11871,2026-04-05,Zalando,K-17751,Rechnungskauf,HOOD-CL-M-OLI,Hoodie Classic,M,Oliv,1,69.9,69.9,21.0
AB-2026-11871,2026-04-05,Zalando,K-17751,Rechnungskauf,KLEID-PR-XL-OLI,Sommerkleid Print,XL,Oliv,1,79.9,79.9,24.0
AB-2026-11872,2026-03-23,Eigener Shop,K-12264,Vorkasse,TEE-BAS-L-OLI,T-Shirt Basic,L,Oliv,1,29.9,29.9,7.5
AB-2026-11873,2026-02-19,Eigener Shop,K-12466,Kreditkarte,KLEID-PR-XL-OLI,Sommerkleid Print,XL,Oliv,1,79.9,79.9,24.0
AB-2026-11874,2026-06-03,Eigener Shop,K-19076,Kreditkarte,KLEID-PR-L-WEI,Sommerkleid Print,L,Weiss,1,79.9,79.9,24.0
AB-2026-11874,2026-06-03,Eigener Shop,K-19076,Kreditkarte,JOG-CL-M-OLI,Jogger Classic,M,Oliv,1,64.9,64.9,19.5
AB-2026-11875,2026-05-20,Amazon,K-19731,Vorkasse,JOG-CL-XL-SCH,Jogger Classic,XL,Schwarz,1,64.9,64.9,19.5
AB-2026-11875,2026-05-20,Amazon,K-19731,Vorkasse,HOOD-ZP-XS-SCH,Zip-Hoodie Heavy,XS,Schwarz,1,89.9,89.9,28.0
AB-2026-11876,2026-02-23,Zalando,K-16107,Kreditkarte,HOOD-CL-S-NAV,Hoodie Classic,S,Navy,1,69.9,69.9,21.0
AB-2026-11877,2026-06-27,Amazon,K-11491,PayPal,JOG-CL-XS-OLI,Jogger Classic,XS,Oliv,1,64.9,64.9,19.5
AB-2026-11877,2026-06-27,Amazon,K-11491,PayPal,HOOD-ZP-XS-SCH,Zip-Hoodie Heavy,XS,Schwarz,1,89.9,89.9,28.0
AB-2026-11878,2026-03-31,Eigener Shop,K-17943,Rechnungskauf,TEE-BAS-M-SCH,T-Shirt Basic,M,Schwarz,1,29.9,29.9,7.5
AB-2026-11879,2026-02-24,Eigener Shop,K-17201,PayPal,TEE-OVS-M-WEI,T-Shirt Oversized,M,Weiss,1,34.9,34.9,9.0
AB-2026-11879,2026-02-24,Eigener Shop,K-17201,PayPal,TEE-OVS-S-WEI,T-Shirt Oversized,S,Weiss,1,34.9,34.9,9.0
AB-2026-11880,2026-03-13,Amazon,K-15564,PayPal,CAP-LG-XL-NAV,Cap Logo,XL,Navy,1,24.9,24.9,6.0
AB-2026-11880,2026-03-13,Amazon,K-15564,PayPal,KLEID-PR-S-NAV,Sommerkleid Print,S,Navy,1,79.9,79.9,24.0
AB-2026-11881,2026-02-28,Eigener Shop,K-19823,Vorkasse,HOOD-CL-S-OLI,Hoodie Classic,S,Oliv,1,69.9,69.9,21.0
AB-2026-11882,2026-02-12,Amazon,K-14515,Rechnungskauf,HOOD-CL-XL-SCH,Hoodie Classic,XL,Schwarz,1,69.9,69.9,21.0
AB-2026-11882,2026-02-12,Amazon,K-14515,Rechnungskauf,HOOD-CL-S-SCH,Hoodie Classic,S,Schwarz,1,69.9,69.9,21.0
AB-2026-11883,2026-03-10,Eigener Shop,K-12921,Rechnungskauf,JOG-CL-S-NAV,Jogger Classic,S,Navy,1,64.9,64.9,19.5
AB-2026-11883,2026-03-10,Eigener Shop,K-12921,Rechnungskauf,TEE-OVS-XL-WEI,T-Shirt Oversized,XL,Weiss,1,34.9,34.9,9.0
AB-2026-11884,2026-06-22,Zalando,K-10634,Vorkasse,CAP-LG-L-OLI,Cap Logo,L,Oliv,1,24.9,24.9,6.0
AB-2026-11885,2026-02-11,Eigener Shop,K-19220,Kreditkarte,CAP-LG-XS-OLI,Cap Logo,XS,Oliv,1,24.9,24.9,6.0
AB-2026-11886,2026-06-30,Eigener Shop,K-17034,Vorkasse,TEE-OVS-XS-WEI,T-Shirt Oversized,XS,Weiss,1,34.9,34.9,9.0
AB-2026-11886,2026-06-30,Eigener Shop,K-17034,Vorkasse,JKT-RN-XL-SCH,Regenjacke Tech,XL,Schwarz,1,119.9,119.9,84.0
AB-2026-11886,2026-06-30,Eigener Shop,K-17034,Vorkasse,TEE-BAS-M-SCH,T-Shirt Basic,M,Schwarz,1,29.9,29.9,7.5
AB-2026-11887,2026-03-30,Eigener Shop,K-16600,Vorkasse,KLEID-PR-M-SCH,Sommerkleid Print,M,Schwarz,1,79.9,79.9,24.0
AB-2026-11887,2026-03-30,Eigener Shop,K-16600,Vorkasse,HOOD-ZP-XL-SCH,Zip-Hoodie Heavy,XL,Schwarz,1,89.9,89.9,28.0
AB-2026-11888,2026-04-09,Zalando,K-14583,Vorkasse,JKT-RN-L-SCH,Regenjacke Tech,L,Schwarz,1,119.9,119.9,84.0
AB-2026-11888,2026-04-09,Zalando,K-14583,Vorkasse,JOG-CL-S-SCH,Jogger Classic,S,Schwarz,1,64.9,64.9,19.5
AB-2026-11889,2026-04-24,Zalando,K-16330,PayPal,JKT-RN-M-WEI,Regenjacke Tech,M,Weiss,1,119.9,119.9,84.0
AB-2026-11889,2026-04-24,Zalando,K-16330,PayPal,SOCK-3P-XS-NAV,Sneaker Socken 3er-Pack,XS,Navy,1,19.9,19.9,4.8
AB-2026-11890,2026-06-28,Eigener Shop,K-10726,Rechnungskauf,HOOD-ZP-L-SCH,Zip-Hoodie Heavy,L,Schwarz,1,89.9,89.9,28.0
AB-2026-11891,2026-05-05,Eigener Shop,K-11270,Vorkasse,CAP-LG-XL-OLI,Cap Logo,XL,Oliv,1,24.9,24.9,6.0
AB-2026-11891,2026-05-05,Eigener Shop,K-11270,Vorkasse,SOCK-3P-M-OLI,Sneaker Socken 3er-Pack,M,Oliv,1,19.9,19.9,4.8
AB-2026-11892,2026-04-04,Eigener Shop,K-10993,Kreditkarte,HOOD-CL-L-WEI,Hoodie Classic,L,Weiss,1,69.9,69.9,21.0
AB-2026-11893,2026-03-02,Amazon,K-13101,Rechnungskauf,SOCK-3P-XL-NAV,Sneaker Socken 3er-Pack,XL,Navy,1,19.9,19.9,4.8
AB-2026-11893,2026-03-02,Amazon,K-13101,Rechnungskauf,JKT-RN-XS-WEI,Regenjacke Tech,XS,Weiss,1,119.9,119.9,84.0
AB-2026-11893,2026-03-02,Amazon,K-13101,Rechnungskauf,KLEID-PR-L-NAV,Sommerkleid Print,L,Navy,1,79.9,79.9,24.0
AB-2026-11894,2026-06-05,Amazon,K-12377,PayPal,HOOD-ZP-XL-SCH,Zip-Hoodie Heavy,XL,Schwarz,1,89.9,89.9,28.0
AB-2026-11894,2026-06-05,Amazon,K-12377,PayPal,KLEID-PR-S-SCH,Sommerkleid Print,S,Schwarz,1,79.9,79.9,24.0
AB-2026-11895,2026-06-30,Eigener Shop,K-15710,Kreditkarte,HOOD-CL-L-NAV,Hoodie Classic,L,Navy,1,69.9,69.9,21.0
AB-2026-11896,2026-04-30,Eigener Shop,K-11544,PayPal,TEE-OVS-M-OLI,T-Shirt Oversized,M,Oliv,1,34.9,34.9,9.0
AB-2026-11896,2026-04-30,Eigener Shop,K-11544,PayPal,KLEID-PR-XS-WEI,Sommerkleid Print,XS,Weiss,1,79.9,79.9,24.0
AB-2026-11897,2026-03-25,Amazon,K-16744,Rechnungskauf,CAP-LG-XL-WEI,Cap Logo,XL,Weiss,1,24.9,24.9,6.0
AB-2026-11897,2026-03-25,Amazon,K-16744,Rechnungskauf,SOCK-3P-M-OLI,Sneaker Socken 3er-Pack,M,Oliv,1,19.9,19.9,4.8
AB-2026-11897,2026-03-25,Amazon,K-16744,Rechnungskauf,JOG-CL-M-OLI,Jogger Classic,M,Oliv,1,64.9,64.9,19.5
AB-2026-11898,2026-04-12,Zalando,K-19074,Kreditkarte,HOOD-ZP-M-WEI,Zip-Hoodie Heavy,M,Weiss,1,89.9,89.9,28.0
AB-2026-11899,2026-04-15,Eigener Shop,K-15266,Vorkasse,HOOD-ZP-XL-WEI,Zip-Hoodie Heavy,XL,Weiss,1,89.9,89.9,28.0
AB-2026-11900,2026-01-04,Amazon,K-18192,Vorkasse,HOOD-ZP-S-WEI,Zip-Hoodie Heavy,S,Weiss,1,89.9,89.9,28.0
AB-2026-11901,2026-02-18,Eigener Shop,K-13014,Kreditkarte,JKT-RN-L-WEI,Regenjacke Tech,L,Weiss,1,119.9,119.9,84.0
AB-2026-11902,2026-03-10,Amazon,K-11995,Rechnungskauf,HOOD-ZP-M-SCH,Zip-Hoodie Heavy,M,Schwarz,1,89.9,89.9,28.0
AB-2026-11902,2026-03-10,Amazon,K-11995,Rechnungskauf,KLEID-PR-XS-WEI,Sommerkleid Print,XS,Weiss,1,79.9,79.9,24.0
AB-2026-11902,2026-03-10,Amazon,K-11995,Rechnungskauf,SOCK-3P-L-OLI,Sneaker Socken 3er-Pack,L,Oliv,1,19.9,19.9,4.8
AB-2026-11903,2026-01-19,Amazon,K-19778,PayPal,KLEID-PR-M-OLI,Sommerkleid Print,M,Oliv,1,79.9,79.9,24.0
AB-2026-11904,2026-06-29,Eigener Shop,K-12506,Vorkasse,TEE-BAS-XS-WEI,T-Shirt Basic,XS,Weiss,1,29.9,29.9,7.5
AB-2026-11905,2026-02-08,Zalando,K-17481,PayPal,SOCK-3P-XL-WEI,Sneaker Socken 3er-Pack,XL,Weiss,1,19.9,19.9,4.8
AB-2026-11905,2026-02-08,Zalando,K-17481,PayPal,HOOD-ZP-S-SCH,Zip-Hoodie Heavy,S,Schwarz,1,89.9,89.9,28.0
AB-2026-11906,2026-06-04,Eigener Shop,K-13378,Rechnungskauf,TEE-OVS-XL-WEI,T-Shirt Oversized,XL,Weiss,1,34.9,34.9,9.0
AB-2026-11907,2026-04-02,Eigener Shop,K-10843,Kreditkarte,HOOD-CL-S-WEI,Hoodie Classic,S,Weiss,1,69.9,69.9,21.0
AB-2026-11908,2026-03-22,Eigener Shop,K-15929,PayPal,TEE-BAS-XL-NAV,T-Shirt Basic,XL,Navy,1,29.9,29.9,7.5
AB-2026-11909,2026-06-22,Eigener Shop,K-12283,Kreditkarte,HOOD-ZP-S-WEI,Zip-Hoodie Heavy,S,Weiss,1,89.9,89.9,28.0
AB-2026-11910,2026-01-04,Zalando,K-13547,Rechnungskauf,HOOD-ZP-L-WEI,Zip-Hoodie Heavy,L,Weiss,1,89.9,89.9,28.0
AB-2026-11910,2026-01-04,Zalando,K-13547,Rechnungskauf,CAP-LG-S-SCH,Cap Logo,S,Schwarz,1,24.9,24.9,6.0
AB-2026-11910,2026-01-04,Zalando,K-13547,Rechnungskauf,TEE-BAS-L-SCH,T-Shirt Basic,L,Schwarz,1,29.9,29.9,7.5
AB-2026-11911,2026-06-14,Eigener Shop,K-18719,PayPal,SOCK-3P-S-SCH,Sneaker Socken 3er-Pack,S,Schwarz,1,19.9,19.9,4.8
AB-2026-11912,2026-06-24,Eigener Shop,K-12651,Rechnungskauf,HOOD-ZP-XS-SCH,Zip-Hoodie Heavy,XS,Schwarz,1,89.9,89.9,28.0
AB-2026-11913,2026-01-14,Eigener Shop,K-15297,Rechnungskauf,SOCK-3P-L-WEI,Sneaker Socken 3er-Pack,L,Weiss,1,19.9,19.9,4.8
AB-2026-11914,2026-01-04,Eigener Shop,K-16525,Rechnungskauf,HOOD-CL-S-SCH,Hoodie Classic,S,Schwarz,1,69.9,69.9,21.0
AB-2026-11915,2026-06-25,Eigener Shop,K-16002,Vorkasse,TEE-OVS-S-OLI,T-Shirt Oversized,S,Oliv,1,34.9,34.9,9.0
AB-2026-11916,2026-04-22,Eigener Shop,K-10632,Rechnungskauf,HOOD-ZP-L-WEI,Zip-Hoodie Heavy,L,Weiss,1,89.9,89.9,28.0
AB-2026-11917,2026-05-21,Zalando,K-10054,Kreditkarte,HOOD-ZP-XL-SCH,Zip-Hoodie Heavy,XL,Schwarz,1,89.9,89.9,28.0
AB-2026-11917,2026-05-21,Zalando,K-10054,Kreditkarte,SOCK-3P-L-OLI,Sneaker Socken 3er-Pack,L,Oliv,1,19.9,19.9,4.8
AB-2026-11918,2026-04-07,Eigener Shop,K-14134,Vorkasse,TEE-OVS-XL-SCH,T-Shirt Oversized,XL,Schwarz,1,34.9,34.9,9.0
AB-2026-11919,2026-05-17,Zalando,K-14589,Vorkasse,TEE-OVS-XL-OLI,T-Shirt Oversized,XL,Oliv,1,34.9,34.9,9.0
AB-2026-11920,2026-01-19,Eigener Shop,K-19632,Kreditkarte,TEE-OVS-M-OLI,T-Shirt Oversized,M,Oliv,1,34.9,34.9,9.0
AB-2026-11921,2026-05-11,Eigener Shop,K-11549,PayPal,TEE-BAS-S-WEI,T-Shirt Basic,S,Weiss,1,29.9,29.9,7.5
AB-2026-11921,2026-05-11,Eigener Shop,K-11549,PayPal,TEE-BAS-M-WEI,T-Shirt Basic,M,Weiss,1,29.9,29.9,7.5
AB-2026-11922,2026-04-11,Eigener Shop,K-11330,Vorkasse,KLEID-PR-L-SCH,Sommerkleid Print,L,Schwarz,1,79.9,79.9,24.0
AB-2026-11922,2026-04-11,Eigener Shop,K-11330,Vorkasse,HOOD-ZP-L-WEI,Zip-Hoodie Heavy,L,Weiss,1,89.9,89.9,28.0
AB-2026-11923,2026-06-16,Amazon,K-11774,Vorkasse,TEE-OVS-M-SCH,T-Shirt Oversized,M,Schwarz,1,34.9,34.9,9.0
AB-2026-11923,2026-06-16,Amazon,K-11774,Vorkasse,TEE-BAS-XS-WEI,T-Shirt Basic,XS,Weiss,1,29.9,29.9,7.5
AB-2026-11924,2026-04-11,Eigener Shop,K-16415,Rechnungskauf,TEE-BAS-S-OLI,T-Shirt Basic,S,Oliv,1,29.9,29.9,7.5
AB-2026-11925,2026-04-29,Eigener Shop,K-16147,Vorkasse,JOG-CL-M-SCH,Jogger Classic,M,Schwarz,1,64.9,64.9,19.5
AB-2026-11925,2026-04-29,Eigener Shop,K-16147,Vorkasse,HOOD-ZP-S-SCH,Zip-Hoodie Heavy,S,Schwarz,1,89.9,89.9,28.0
AB-2026-11926,2026-05-24,Eigener Shop,K-19709,Rechnungskauf,JKT-RN-L-SCH,Regenjacke Tech,L,Schwarz,1,119.9,119.9,84.0
AB-2026-11926,2026-05-24,Eigener Shop,K-19709,Rechnungskauf,JKT-RN-XS-SCH,Regenjacke Tech,XS,Schwarz,1,119.9,119.9,84.0
AB-2026-11926,2026-05-24,Eigener Shop,K-19709,Rechnungskauf,JOG-CL-M-NAV,Jogger Classic,M,Navy,1,64.9,64.9,19.5
AB-2026-11926,2026-05-24,Eigener Shop,K-19709,Rechnungskauf,JOG-CL-S-NAV,Jogger Classic,S,Navy,1,64.9,64.9,19.5
AB-2026-11927,2026-05-31,Eigener Shop,K-12725,Rechnungskauf,HOOD-ZP-XL-SCH,Zip-Hoodie Heavy,XL,Schwarz,1,89.9,89.9,28.0
AB-2026-11927,2026-05-31,Eigener Shop,K-12725,Rechnungskauf,TEE-BAS-XL-WEI,T-Shirt Basic,XL,Weiss,1,29.9,29.9,7.5
AB-2026-11928,2026-02-12,Eigener Shop,K-12347,Rechnungskauf,HOOD-CL-L-SCH,Hoodie Classic,L,Schwarz,1,69.9,69.9,21.0
AB-2026-11929,2026-06-07,Eigener Shop,K-17060,Rechnungskauf,JOG-CL-XS-WEI,Jogger Classic,XS,Weiss,1,64.9,64.9,19.5
AB-2026-11929,2026-06-07,Eigener Shop,K-17060,Rechnungskauf,TEE-BAS-L-SCH,T-Shirt Basic,L,Schwarz,1,29.9,29.9,7.5
AB-2026-11930,2026-01-05,Zalando,K-19258,PayPal,TEE-OVS-L-SCH,T-Shirt Oversized,L,Schwarz,1,34.9,34.9,9.0
AB-2026-11931,2026-03-20,Amazon,K-19775,Kreditkarte,KLEID-PR-L-WEI,Sommerkleid Print,L,Weiss,1,79.9,79.9,24.0
AB-2026-11931,2026-03-20,Amazon,K-19775,Kreditkarte,CAP-LG-S-SCH,Cap Logo,S,Schwarz,1,24.9,24.9,6.0
AB-2026-11932,2026-03-21,Eigener Shop,K-16133,Vorkasse,HOOD-ZP-XL-WEI,Zip-Hoodie Heavy,XL,Weiss,1,89.9,89.9,28.0
AB-2026-11932,2026-03-21,Eigener Shop,K-16133,Vorkasse,HOOD-ZP-XS-SCH,Zip-Hoodie Heavy,XS,Schwarz,1,89.9,89.9,28.0
AB-2026-11933,2026-02-16,Eigener Shop,K-19038,Kreditkarte,JKT-RN-S-SCH,Regenjacke Tech,S,Schwarz,1,119.9,119.9,84.0
AB-2026-11934,2026-04-06,Amazon,K-10848,PayPal,HOOD-ZP-L-WEI,Zip-Hoodie Heavy,L,Weiss,1,89.9,89.9,28.0
AB-2026-11934,2026-04-06,Amazon,K-10848,PayPal,JOG-CL-XL-OLI,Jogger Classic,XL,Oliv,1,64.9,64.9,19.5
AB-2026-11935,2026-04-29,Eigener Shop,K-12544,Vorkasse,HOOD-ZP-L-SCH,Zip-Hoodie Heavy,L,Schwarz,1,89.9,89.9,28.0
AB-2026-11935,2026-04-29,Eigener Shop,K-12544,Vorkasse,HOOD-ZP-XL-SCH,Zip-Hoodie Heavy,XL,Schwarz,1,89.9,89.9,28.0
AB-2026-11935,2026-04-29,Eigener Shop,K-12544,Vorkasse,HOOD-ZP-XL-WEI,Zip-Hoodie Heavy,XL,Weiss,1,89.9,89.9,28.0
AB-2026-11935,2026-04-29,Eigener Shop,K-12544,Vorkasse,HOOD-ZP-XS-WEI,Zip-Hoodie Heavy,XS,Weiss,1,89.9,89.9,28.0
AB-2026-11935,2026-04-29,Eigener Shop,K-12544,Vorkasse,JKT-RN-L-WEI,Regenjacke Tech,L,Weiss,1,119.9,119.9,84.0
AB-2026-11935,2026-04-29,Eigener Shop,K-12544,Vorkasse,JKT-RN-XL-WEI,Regenjacke Tech,XL,Weiss,1,119.9,119.9,84.0
AB-2026-11936,2026-04-04,Eigener Shop,K-12462,PayPal,HOOD-ZP-XS-SCH,Zip-Hoodie Heavy,XS,Schwarz,1,89.9,89.9,28.0
AB-2026-11937,2026-06-01,Eigener Shop,K-14821,PayPal,HOOD-ZP-S-WEI,Zip-Hoodie Heavy,S,Weiss,1,89.9,89.9,28.0
AB-2026-11937,2026-06-01,Eigener Shop,K-14821,PayPal,HOOD-ZP-XS-SCH,Zip-Hoodie Heavy,XS,Schwarz,1,89.9,89.9,28.0
AB-2026-11938,2026-05-12,Eigener Shop,K-13429,Rechnungskauf,SOCK-3P-XS-OLI,Sneaker Socken 3er-Pack,XS,Oliv,1,19.9,19.9,4.8
AB-2026-11938,2026-05-12,Eigener Shop,K-13429,Rechnungskauf,TEE-BAS-XS-NAV,T-Shirt Basic,XS,Navy,1,29.9,29.9,7.5
AB-2026-11939,2026-01-26,Eigener Shop,K-19224,PayPal,JOG-CL-XS-SCH,Jogger Classic,XS,Schwarz,1,64.9,64.9,19.5
AB-2026-11939,2026-01-26,Eigener Shop,K-19224,PayPal,SOCK-3P-XS-WEI,Sneaker Socken 3er-Pack,XS,Weiss,1,19.9,19.9,4.8
AB-2026-11940,2026-04-06,Eigener Shop,K-11660,PayPal,HOOD-CL-L-OLI,Hoodie Classic,L,Oliv,1,69.9,69.9,21.0
AB-2026-11941,2026-02-10,Eigener Shop,K-14177,Kreditkarte,SOCK-3P-S-WEI,Sneaker Socken 3er-Pack,S,Weiss,1,19.9,19.9,4.8
AB-2026-11942,2026-04-04,Eigener Shop,K-15158,PayPal,SOCK-3P-S-WEI,Sneaker Socken 3er-Pack,S,Weiss,1,19.9,19.9,4.8
AB-2026-11942,2026-04-04,Eigener Shop,K-15158,PayPal,HOOD-ZP-S-SCH,Zip-Hoodie Heavy,S,Schwarz,1,89.9,89.9,28.0
AB-2026-11943,2026-04-22,Eigener Shop,K-16538,Rechnungskauf,TEE-OVS-XL-WEI,T-Shirt Oversized,XL,Weiss,1,34.9,34.9,9.0
AB-2026-11944,2026-04-02,Zalando,K-18211,Vorkasse,TEE-BAS-S-OLI,T-Shirt Basic,S,Oliv,1,29.9,29.9,7.5
AB-2026-11944,2026-04-02,Zalando,K-18211,Vorkasse,JKT-RN-S-WEI,Regenjacke Tech,S,Weiss,1,119.9,119.9,84.0
AB-2026-11945,2026-03-26,Eigener Shop,K-15599,Kreditkarte,SOCK-3P-XL-NAV,Sneaker Socken 3er-Pack,XL,Navy,1,19.9,19.9,4.8
AB-2026-11946,2026-03-06,Eigener Shop,K-17081,Kreditkarte,TEE-BAS-M-WEI,T-Shirt Basic,M,Weiss,1,29.9,29.9,7.5
AB-2026-11947,2026-01-07,Eigener Shop,K-14406,Kreditkarte,HOOD-ZP-L-SCH,Zip-Hoodie Heavy,L,Schwarz,1,89.9,89.9,28.0
AB-2026-11947,2026-01-07,Eigener Shop,K-14406,Kreditkarte,JOG-CL-L-WEI,Jogger Classic,L,Weiss,1,64.9,64.9,19.5
AB-2026-11948,2026-06-02,Eigener Shop,K-11621,PayPal,TEE-OVS-M-SCH,T-Shirt Oversized,M,Schwarz,1,34.9,34.9,9.0
AB-2026-11948,2026-06-02,Eigener Shop,K-11621,PayPal,KLEID-PR-XS-OLI,Sommerkleid Print,XS,Oliv,1,79.9,79.9,24.0
AB-2026-11949,2026-02-05,Eigener Shop,K-18758,PayPal,HOOD-ZP-L-WEI,Zip-Hoodie Heavy,L,Weiss,1,89.9,89.9,28.0
AB-2026-11949,2026-02-05,Eigener Shop,K-18758,PayPal,HOOD-ZP-XS-SCH,Zip-Hoodie Heavy,XS,Schwarz,1,89.9,89.9,28.0
AB-2026-11950,2026-04-04,Amazon,K-16882,Kreditkarte,HOOD-ZP-S-WEI,Zip-Hoodie Heavy,S,Weiss,1,89.9,89.9,28.0
AB-2026-11950,2026-04-04,Amazon,K-16882,Kreditkarte,CAP-LG-XS-OLI,Cap Logo,XS,Oliv,1,24.9,24.9,6.0
AB-2026-11951,2026-01-28,Eigener Shop,K-12857,Kreditkarte,CAP-LG-XL-OLI,Cap Logo,XL,Oliv,1,24.9,24.9,6.0
AB-2026-11952,2026-04-14,Eigener Shop,K-11874,Rechnungskauf,CAP-LG-M-WEI,Cap Logo,M,Weiss,1,24.9,24.9,6.0
AB-2026-11952,2026-04-14,Eigener Shop,K-11874,Rechnungskauf,HOOD-ZP-L-SCH,Zip-Hoodie Heavy,L,Schwarz,1,89.9,89.9,28.0
AB-2026-11952,2026-04-14,Eigener Shop,K-11874,Rechnungskauf,TEE-BAS-M-NAV,T-Shirt Basic,M,Navy,1,29.9,29.9,7.5
AB-2026-11953,2026-01-13,Zalando,K-16778,PayPal,TEE-OVS-L-SCH,T-Shirt Oversized,L,Schwarz,1,34.9,34.9,9.0
AB-2026-11954,2026-06-03,Eigener Shop,K-12274,PayPal,TEE-BAS-S-SCH,T-Shirt Basic,S,Schwarz,1,29.9,29.9,7.5
AB-2026-11955,2026-03-11,Eigener Shop,K-18193,Rechnungskauf,TEE-OVS-M-NAV,T-Shirt Oversized,M,Navy,1,34.9,34.9,9.0
AB-2026-11955,2026-03-11,Eigener Shop,K-18193,Rechnungskauf,TEE-BAS-S-SCH,T-Shirt Basic,S,Schwarz,1,29.9,29.9,7.5
AB-2026-11956,2026-03-10,Eigener Shop,K-19806,PayPal,HOOD-ZP-M-SCH,Zip-Hoodie Heavy,M,Schwarz,1,89.9,89.9,28.0
AB-2026-11957,2026-05-06,Amazon,K-15039,Rechnungskauf,TEE-BAS-L-OLI,T-Shirt Basic,L,Oliv,1,29.9,29.9,7.5
AB-2026-11958,2026-01-12,Amazon,K-12860,Rechnungskauf,HOOD-ZP-M-SCH,Zip-Hoodie Heavy,M,Schwarz,1,89.9,89.9,28.0
AB-2026-11959,2026-02-01,Eigener Shop,K-12714,Kreditkarte,TEE-BAS-M-OLI,T-Shirt Basic,M,Oliv,1,29.9,29.9,7.5
AB-2026-11960,2026-05-31,Amazon,K-19200,PayPal,HOOD-ZP-XL-SCH,Zip-Hoodie Heavy,XL,Schwarz,1,89.9,89.9,28.0
AB-2026-11961,2026-02-03,Amazon,K-11254,Kreditkarte,TEE-OVS-XL-NAV,T-Shirt Oversized,XL,Navy,1,34.9,34.9,9.0
AB-2026-11961,2026-02-03,Amazon,K-11254,Kreditkarte,KLEID-PR-L-SCH,Sommerkleid Print,L,Schwarz,1,79.9,79.9,24.0
AB-2026-11962,2026-05-09,Eigener Shop,K-13141,PayPal,SOCK-3P-S-WEI,Sneaker Socken 3er-Pack,S,Weiss,1,19.9,19.9,4.8
AB-2026-11962,2026-05-09,Eigener Shop,K-13141,PayPal,JOG-CL-M-SCH,Jogger Classic,M,Schwarz,1,64.9,64.9,19.5
AB-2026-11963,2026-03-04,Eigener Shop,K-12624,Rechnungskauf,SOCK-3P-S-NAV,Sneaker Socken 3er-Pack,S,Navy,1,19.9,19.9,4.8
AB-2026-11964,2026-02-01,Eigener Shop,K-19645,Rechnungskauf,TEE-BAS-S-WEI,T-Shirt Basic,S,Weiss,1,29.9,29.9,7.5
AB-2026-11965,2026-05-10,Eigener Shop,K-19625,Kreditkarte,HOOD-ZP-L-SCH,Zip-Hoodie Heavy,L,Schwarz,1,89.9,89.9,28.0
AB-2026-11966,2026-05-21,Eigener Shop,K-17383,Rechnungskauf,SOCK-3P-XS-NAV,Sneaker Socken 3er-Pack,XS,Navy,1,19.9,19.9,4.8
AB-2026-11967,2026-05-13,Eigener Shop,K-17747,Kreditkarte,TEE-OVS-L-WEI,T-Shirt Oversized,L,Weiss,1,34.9,34.9,9.0
AB-2026-11968,2026-05-26,Amazon,K-13639,PayPal,JKT-RN-L-WEI,Regenjacke Tech,L,Weiss,1,119.9,119.9,84.0
AB-2026-11968,2026-05-26,Amazon,K-13639,PayPal,HOOD-ZP-XS-SCH,Zip-Hoodie Heavy,XS,Schwarz,1,89.9,89.9,28.0
AB-2026-11969,2026-06-22,Eigener Shop,K-16395,Kreditkarte,JOG-CL-XS-SCH,Jogger Classic,XS,Schwarz,1,64.9,64.9,19.5
AB-2026-11970,2026-01-03,Eigener Shop,K-15256,Kreditkarte,KLEID-PR-XL-OLI,Sommerkleid Print,XL,Oliv,1,79.9,79.9,24.0
AB-2026-11971,2026-04-28,Eigener Shop,K-11496,Kreditkarte,TEE-OVS-M-NAV,T-Shirt Oversized,M,Navy,1,34.9,34.9,9.0
AB-2026-11971,2026-04-28,Eigener Shop,K-11496,Kreditkarte,JKT-RN-XS-WEI,Regenjacke Tech,XS,Weiss,1,119.9,119.9,84.0
AB-2026-11971,2026-04-28,Eigener Shop,K-11496,Kreditkarte,SOCK-3P-M-SCH,Sneaker Socken 3er-Pack,M,Schwarz,1,19.9,19.9,4.8
AB-2026-11972,2026-03-06,Amazon,K-12655,Vorkasse,TEE-OVS-XL-WEI,T-Shirt Oversized,XL,Weiss,1,34.9,34.9,9.0
AB-2026-11973,2026-03-08,Eigener Shop,K-19616,PayPal,TEE-OVS-S-OLI,T-Shirt Oversized,S,Oliv,1,34.9,34.9,9.0
AB-2026-11973,2026-03-08,Eigener Shop,K-19616,PayPal,JOG-CL-M-NAV,Jogger Classic,M,Navy,1,64.9,64.9,19.5
AB-2026-11974,2026-02-26,Amazon,K-10574,Kreditkarte,HOOD-ZP-S-WEI,Zip-Hoodie Heavy,S,Weiss,1,89.9,89.9,28.0
AB-2026-11975,2026-01-07,Eigener Shop,K-10784,PayPal,SOCK-3P-XL-OLI,Sneaker Socken 3er-Pack,XL,Oliv,1,19.9,19.9,4.8
AB-2026-11976,2026-05-02,Amazon,K-11905,Vorkasse,HOOD-ZP-L-SCH,Zip-Hoodie Heavy,L,Schwarz,1,89.9,89.9,28.0
AB-2026-11977,2026-04-05,Amazon,K-12602,Kreditkarte,JKT-RN-XL-WEI,Regenjacke Tech,XL,Weiss,1,119.9,119.9,84.0
AB-2026-11977,2026-04-05,Amazon,K-12602,Kreditkarte,HOOD-ZP-XL-WEI,Zip-Hoodie Heavy,XL,Weiss,1,89.9,89.9,28.0
AB-2026-11978,2026-03-27,Eigener Shop,K-16648,PayPal,TEE-BAS-M-NAV,T-Shirt Basic,M,Navy,1,29.9,29.9,7.5
AB-2026-11978,2026-03-27,Eigener Shop,K-16648,PayPal,TEE-BAS-L-NAV,T-Shirt Basic,L,Navy,1,29.9,29.9,7.5
AB-2026-11978,2026-03-27,Eigener Shop,K-16648,PayPal,KLEID-PR-XL-NAV,Sommerkleid Print,XL,Navy,1,79.9,79.9,24.0
AB-2026-11978,2026-03-27,Eigener Shop,K-16648,PayPal,KLEID-PR-M-NAV,Sommerkleid Print,M,Navy,1,79.9,79.9,24.0
AB-2026-11978,2026-03-27,Eigener Shop,K-16648,PayPal,HOOD-ZP-S-SCH,Zip-Hoodie Heavy,S,Schwarz,1,89.9,89.9,28.0
AB-2026-11978,2026-03-27,Eigener Shop,K-16648,PayPal,HOOD-ZP-XL-SCH,Zip-Hoodie Heavy,XL,Schwarz,1,89.9,89.9,28.0
AB-2026-11979,2026-03-30,Amazon,K-17866,Rechnungskauf,TEE-OVS-L-WEI,T-Shirt Oversized,L,Weiss,1,34.9,34.9,9.0
AB-2026-11979,2026-03-30,Amazon,K-17866,Rechnungskauf,JOG-CL-M-SCH,Jogger Classic,M,Schwarz,1,64.9,64.9,19.5
AB-2026-11980,2026-01-09,Eigener Shop,K-11361,Rechnungskauf,HOOD-ZP-L-WEI,Zip-Hoodie Heavy,L,Weiss,1,89.9,89.9,28.0
AB-2026-11980,2026-01-09,Eigener Shop,K-11361,Rechnungskauf,TEE-OVS-M-NAV,T-Shirt Oversized,M,Navy,1,34.9,34.9,9.0
AB-2026-11980,2026-01-09,Eigener Shop,K-11361,Rechnungskauf,TEE-BAS-L-NAV,T-Shirt Basic,L,Navy,1,29.9,29.9,7.5
AB-2026-11981,2026-02-14,Eigener Shop,K-19002,Vorkasse,TEE-OVS-L-NAV,T-Shirt Oversized,L,Navy,1,34.9,34.9,9.0
AB-2026-11981,2026-02-14,Eigener Shop,K-19002,Vorkasse,JKT-RN-L-SCH,Regenjacke Tech,L,Schwarz,1,119.9,119.9,84.0
AB-2026-11982,2026-06-29,Amazon,K-17105,PayPal,CAP-LG-XL-OLI,Cap Logo,XL,Oliv,1,24.9,24.9,6.0
AB-2026-11983,2026-04-14,Eigener Shop,K-12129,PayPal,JKT-RN-S-SCH,Regenjacke Tech,S,Schwarz,1,119.9,119.9,84.0
AB-2026-11984,2026-05-31,Amazon,K-14308,Kreditkarte,HOOD-ZP-XS-SCH,Zip-Hoodie Heavy,XS,Schwarz,1,89.9,89.9,28.0
AB-2026-11985,2026-01-24,Eigener Shop,K-13881,PayPal,HOOD-CL-M-WEI,Hoodie Classic,M,Weiss,1,69.9,69.9,21.0
AB-2026-11985,2026-01-24,Eigener Shop,K-13881,PayPal,SOCK-3P-M-WEI,Sneaker Socken 3er-Pack,M,Weiss,1,19.9,19.9,4.8
AB-2026-11985,2026-01-24,Eigener Shop,K-13881,PayPal,HOOD-ZP-M-SCH,Zip-Hoodie Heavy,M,Schwarz,1,89.9,89.9,28.0
AB-2026-11986,2026-04-16,Amazon,K-13619,Vorkasse,HOOD-ZP-L-WEI,Zip-Hoodie Heavy,L,Weiss,1,89.9,89.9,28.0
AB-2026-11986,2026-04-16,Amazon,K-13619,Vorkasse,CAP-LG-XS-OLI,Cap Logo,XS,Oliv,1,24.9,24.9,6.0
AB-2026-11987,2026-04-18,Amazon,K-19573,PayPal,TEE-BAS-XS-WEI,T-Shirt Basic,XS,Weiss,1,29.9,29.9,7.5
AB-2026-11987,2026-04-18,Amazon,K-19573,PayPal,KLEID-PR-S-SCH,Sommerkleid Print,S,Schwarz,1,79.9,79.9,24.0
AB-2026-11987,2026-04-18,Amazon,K-19573,PayPal,KLEID-PR-S-OLI,Sommerkleid Print,S,Oliv,1,79.9,79.9,24.0
AB-2026-11988,2026-06-25,Eigener Shop,K-13012,PayPal,JKT-RN-M-SCH,Regenjacke Tech,M,Schwarz,1,119.9,119.9,84.0
AB-2026-11989,2026-04-01,Amazon,K-14759,Vorkasse,JOG-CL-S-WEI,Jogger Classic,S,Weiss,1,64.9,64.9,19.5
AB-2026-11989,2026-04-01,Amazon,K-14759,Vorkasse,SOCK-3P-XL-NAV,Sneaker Socken 3er-Pack,XL,Navy,1,19.9,19.9,4.8
AB-2026-11990,2026-06-28,Amazon,K-15585,Kreditkarte,CAP-LG-S-OLI,Cap Logo,S,Oliv,1,24.9,24.9,6.0
AB-2026-11991,2026-02-02,Eigener Shop,K-17399,Kreditkarte,KLEID-PR-XL-NAV,Sommerkleid Print,XL,Navy,1,79.9,79.9,24.0
AB-2026-11992,2026-02-09,Eigener Shop,K-11859,Rechnungskauf,HOOD-ZP-XS-SCH,Zip-Hoodie Heavy,XS,Schwarz,1,89.9,89.9,28.0
AB-2026-11993,2026-05-07,Zalando,K-11757,Kreditkarte,JKT-RN-XL-WEI,Regenjacke Tech,XL,Weiss,1,119.9,119.9,84.0
AB-2026-11993,2026-05-07,Zalando,K-11757,Kreditkarte,JOG-CL-M-OLI,Jogger Classic,M,Oliv,1,64.9,64.9,19.5
AB-2026-11994,2026-06-13,Eigener Shop,K-19372,PayPal,JKT-RN-M-WEI,Regenjacke Tech,M,Weiss,1,119.9,119.9,84.0
AB-2026-11995,2026-05-18,Eigener Shop,K-17448,Kreditkarte,HOOD-ZP-XS-WEI,Zip-Hoodie Heavy,XS,Weiss,1,89.9,89.9,28.0
AB-2026-11995,2026-05-18,Eigener Shop,K-17448,Kreditkarte,TEE-OVS-S-SCH,T-Shirt Oversized,S,Schwarz,1,34.9,34.9,9.0
AB-2026-11995,2026-05-18,Eigener Shop,K-17448,Kreditkarte,TEE-OVS-XS-WEI,T-Shirt Oversized,XS,Weiss,1,34.9,34.9,9.0
AB-2026-11996,2026-06-23,Amazon,K-17040,Kreditkarte,JKT-RN-XL-WEI,Regenjacke Tech,XL,Weiss,1,119.9,119.9,84.0
AB-2026-11997,2026-05-05,Eigener Shop,K-18351,PayPal,KLEID-PR-L-WEI,Sommerkleid Print,L,Weiss,1,79.9,79.9,24.0
AB-2026-11998,2026-06-01,Eigener Shop,K-12944,Vorkasse,HOOD-ZP-XL-WEI,Zip-Hoodie Heavy,XL,Weiss,1,89.9,89.9,28.0
AB-2026-11998,2026-06-01,Eigener Shop,K-12944,Vorkasse,CAP-LG-XS-NAV,Cap Logo,XS,Navy,1,24.9,24.9,6.0
AB-2026-11999,2026-02-27,Amazon,K-17804,PayPal,HOOD-ZP-XL-WEI,Zip-Hoodie Heavy,XL,Weiss,1,89.9,89.9,28.0
AB-2026-11999,2026-02-27,Amazon,K-17804,PayPal,CAP-LG-M-WEI,Cap Logo,M,Weiss,1,24.9,24.9,6.0
AB-2026-12000,2026-06-13,Eigener Shop,K-16716,Kreditkarte,CAP-LG-XS-NAV,Cap Logo,XS,Navy,1,24.9,24.9,6.0
AB-2026-12000,2026-06-13,Eigener Shop,K-16716,Kreditkarte,SOCK-3P-XL-WEI,Sneaker Socken 3er-Pack,XL,Weiss,1,19.9,19.9,4.8
AB-2026-12000,2026-06-13,Eigener Shop,K-16716,Kreditkarte,JKT-RN-M-SCH,Regenjacke Tech,M,Schwarz,1,119.9,119.9,84.0
AB-2026-12001,2026-03-31,Eigener Shop,K-18463,Kreditkarte,JKT-RN-L-SCH,Regenjacke Tech,L,Schwarz,1,119.9,119.9,84.0
AB-2026-12001,2026-03-31,Eigener Shop,K-18463,Kreditkarte,JOG-CL-M-WEI,Jogger Classic,M,Weiss,1,64.9,64.9,19.5
AB-2026-12002,2026-04-03,Eigener Shop,K-11078,Rechnungskauf,HOOD-CL-XL-WEI,Hoodie Classic,XL,Weiss,1,69.9,69.9,21.0
AB-2026-12002,2026-04-03,Eigener Shop,K-11078,Rechnungskauf,HOOD-CL-XS-NAV,Hoodie Classic,XS,Navy,1,69.9,69.9,21.0
AB-2026-12003,2026-01-09,Eigener Shop,K-16921,Kreditkarte,HOOD-CL-L-NAV,Hoodie Classic,L,Navy,1,69.9,69.9,21.0
AB-2026-12003,2026-01-09,Eigener Shop,K-16921,Kreditkarte,HOOD-ZP-M-WEI,Zip-Hoodie Heavy,M,Weiss,1,89.9,89.9,28.0
AB-2026-12004,2026-05-28,Eigener Shop,K-12576,Rechnungskauf,TEE-OVS-S-NAV,T-Shirt Oversized,S,Navy,1,34.9,34.9,9.0
AB-2026-12005,2026-02-15,Eigener Shop,K-12974,Kreditkarte,JOG-CL-XS-NAV,Jogger Classic,XS,Navy,1,64.9,64.9,19.5
AB-2026-12006,2026-04-13,Eigener Shop,K-14999,PayPal,JKT-RN-L-WEI,Regenjacke Tech,L,Weiss,1,119.9,119.9,84.0
AB-2026-12007,2026-06-10,Zalando,K-18067,Vorkasse,HOOD-ZP-L-WEI,Zip-Hoodie Heavy,L,Weiss,1,89.9,89.9,28.0
AB-2026-12008,2026-01-11,Amazon,K-18021,PayPal,CAP-LG-L-WEI,Cap Logo,L,Weiss,1,24.9,24.9,6.0
AB-2026-12009,2026-03-15,Zalando,K-19126,Rechnungskauf,TEE-BAS-XL-NAV,T-Shirt Basic,XL,Navy,1,29.9,29.9,7.5
AB-2026-12009,2026-03-15,Zalando,K-19126,Rechnungskauf,HOOD-ZP-S-SCH,Zip-Hoodie Heavy,S,Schwarz,1,89.9,89.9,28.0
AB-2026-12010,2026-01-15,Zalando,K-19639,PayPal,HOOD-ZP-M-WEI,Zip-Hoodie Heavy,M,Weiss,1,89.9,89.9,28.0
AB-2026-12011,2026-05-29,Zalando,K-12546,Kreditkarte,HOOD-ZP-M-SCH,Zip-Hoodie Heavy,M,Schwarz,1,89.9,89.9,28.0
AB-2026-12011,2026-05-29,Zalando,K-12546,Kreditkarte,HOOD-ZP-XL-WEI,Zip-Hoodie Heavy,XL,Weiss,1,89.9,89.9,28.0
AB-2026-12012,2026-05-27,Eigener Shop,K-18740,Rechnungskauf,KLEID-PR-L-NAV,Sommerkleid Print,L,Navy,1,79.9,79.9,24.0
AB-2026-12013,2026-02-24,Amazon,K-13191,Rechnungskauf,JKT-RN-M-SCH,Regenjacke Tech,M,Schwarz,1,119.9,119.9,84.0
AB-2026-12013,2026-02-24,Amazon,K-13191,Rechnungskauf,TEE-OVS-M-SCH,T-Shirt Oversized,M,Schwarz,1,34.9,34.9,9.0
AB-2026-12014,2026-06-07,Eigener Shop,K-11275,Vorkasse,TEE-BAS-XS-WEI,T-Shirt Basic,XS,Weiss,1,29.9,29.9,7.5
AB-2026-12015,2026-01-20,Amazon,K-10571,PayPal,HOOD-ZP-L-SCH,Zip-Hoodie Heavy,L,Schwarz,1,89.9,89.9,28.0
AB-2026-12016,2026-04-28,Amazon,K-19696,PayPal,HOOD-ZP-XS-SCH,Zip-Hoodie Heavy,XS,Schwarz,1,89.9,89.9,28.0
AB-2026-12016,2026-04-28,Amazon,K-19696,PayPal,JOG-CL-XL-OLI,Jogger Classic,XL,Oliv,1,64.9,64.9,19.5
AB-2026-12017,2026-01-01,Eigener Shop,K-18224,Kreditkarte,KLEID-PR-S-NAV,Sommerkleid Print,S,Navy,1,79.9,79.9,24.0
AB-2026-12018,2026-01-24,Amazon,K-17393,PayPal,TEE-BAS-L-WEI,T-Shirt Basic,L,Weiss,1,29.9,29.9,7.5
AB-2026-12018,2026-01-24,Amazon,K-17393,PayPal,CAP-LG-M-OLI,Cap Logo,M,Oliv,1,24.9,24.9,6.0
AB-2026-12018,2026-01-24,Amazon,K-17393,PayPal,KLEID-PR-XL-WEI,Sommerkleid Print,XL,Weiss,1,79.9,79.9,24.0
AB-2026-12019,2026-05-23,Eigener Shop,K-18461,Vorkasse,TEE-BAS-M-WEI,T-Shirt Basic,M,Weiss,1,29.9,29.9,7.5
AB-2026-12019,2026-05-23,Eigener Shop,K-18461,Vorkasse,JOG-CL-L-NAV,Jogger Classic,L,Navy,1,64.9,64.9,19.5
AB-2026-12020,2026-01-01,Amazon,K-18444,Rechnungskauf,HOOD-ZP-XS-SCH,Zip-Hoodie Heavy,XS,Schwarz,1,89.9,89.9,28.0
AB-2026-12020,2026-01-01,Amazon,K-18444,Rechnungskauf,TEE-BAS-L-SCH,T-Shirt Basic,L,Schwarz,1,29.9,29.9,7.5
AB-2026-12020,2026-01-01,Amazon,K-18444,Rechnungskauf,HOOD-CL-M-WEI,Hoodie Classic,M,Weiss,1,69.9,69.9,21.0
AB-2026-12021,2026-01-25,Eigener Shop,K-17339,Kreditkarte,HOOD-ZP-M-WEI,Zip-Hoodie Heavy,M,Weiss,1,89.9,89.9,28.0
AB-2026-12021,2026-01-25,Eigener Shop,K-17339,Kreditkarte,KLEID-PR-XS-SCH,Sommerkleid Print,XS,Schwarz,1,79.9,79.9,24.0
AB-2026-12022,2026-04-01,Eigener Shop,K-18625,PayPal,TEE-BAS-S-SCH,T-Shirt Basic,S,Schwarz,1,29.9,29.9,7.5
AB-2026-12022,2026-04-01,Eigener Shop,K-18625,PayPal,HOOD-CL-M-WEI,Hoodie Classic,M,Weiss,1,69.9,69.9,21.0
AB-2026-12023,2026-05-23,Eigener Shop,K-10423,Rechnungskauf,SOCK-3P-XL-OLI,Sneaker Socken 3er-Pack,XL,Oliv,1,19.9,19.9,4.8
AB-2026-12024,2026-05-06,Amazon,K-17977,Kreditkarte,HOOD-ZP-XL-SCH,Zip-Hoodie Heavy,XL,Schwarz,1,89.9,89.9,28.0
AB-2026-12025,2026-01-06,Eigener Shop,K-19869,Vorkasse,JOG-CL-XL-OLI,Jogger Classic,XL,Oliv,1,64.9,64.9,19.5
AB-2026-12026,2026-05-01,Eigener Shop,K-15671,Rechnungskauf,HOOD-ZP-S-WEI,Zip-Hoodie Heavy,S,Weiss,1,89.9,89.9,28.0
AB-2026-12026,2026-05-01,Eigener Shop,K-15671,Rechnungskauf,JOG-CL-L-NAV,Jogger Classic,L,Navy,1,64.9,64.9,19.5
AB-2026-12027,2026-04-12,Eigener Shop,K-14352,PayPal,TEE-BAS-S-SCH,T-Shirt Basic,S,Schwarz,1,29.9,29.9,7.5
AB-2026-12028,2026-03-22,Zalando,K-13681,Vorkasse,HOOD-CL-XS-WEI,Hoodie Classic,XS,Weiss,1,69.9,69.9,21.0
AB-2026-12028,2026-03-22,Zalando,K-13681,Vorkasse,JKT-RN-XL-SCH,Regenjacke Tech,XL,Schwarz,1,119.9,119.9,84.0
AB-2026-12029,2026-03-14,Eigener Shop,K-10027,Kreditkarte,HOOD-CL-M-NAV,Hoodie Classic,M,Navy,1,69.9,69.9,21.0
AB-2026-12029,2026-03-14,Eigener Shop,K-10027,Kreditkarte,KLEID-PR-XS-WEI,Sommerkleid Print,XS,Weiss,1,79.9,79.9,24.0
AB-2026-12030,2026-04-08,Amazon,K-15077,PayPal,KLEID-PR-XL-OLI,Sommerkleid Print,XL,Oliv,1,79.9,79.9,24.0
AB-2026-12031,2026-05-23,Eigener Shop,K-10301,Vorkasse,JOG-CL-L-SCH,Jogger Classic,L,Schwarz,1,64.9,64.9,19.5
AB-2026-12032,2026-04-10,Eigener Shop,K-15932,Rechnungskauf,HOOD-ZP-XS-WEI,Zip-Hoodie Heavy,XS,Weiss,1,89.9,89.9,28.0
AB-2026-12032,2026-04-10,Eigener Shop,K-15932,Rechnungskauf,JKT-RN-L-SCH,Regenjacke Tech,L,Schwarz,1,119.9,119.9,84.0
AB-2026-12033,2026-02-04,Zalando,K-10402,Rechnungskauf,HOOD-CL-XL-NAV,Hoodie Classic,XL,Navy,1,69.9,69.9,21.0
AB-2026-12033,2026-02-04,Zalando,K-10402,Rechnungskauf,HOOD-CL-M-NAV,Hoodie Classic,M,Navy,1,69.9,69.9,21.0
AB-2026-12033,2026-02-04,Zalando,K-10402,Rechnungskauf,JOG-CL-S-NAV,Jogger Classic,S,Navy,1,64.9,64.9,19.5
AB-2026-12033,2026-02-04,Zalando,K-10402,Rechnungskauf,JOG-CL-XL-NAV,Jogger Classic,XL,Navy,1,64.9,64.9,19.5
AB-2026-12034,2026-01-07,Eigener Shop,K-10075,Kreditkarte,TEE-OVS-L-OLI,T-Shirt Oversized,L,Oliv,1,34.9,34.9,9.0
AB-2026-12035,2026-01-26,Eigener Shop,K-18875,Vorkasse,CAP-LG-S-OLI,Cap Logo,S,Oliv,1,24.9,24.9,6.0
AB-2026-12035,2026-01-26,Eigener Shop,K-18875,Vorkasse,HOOD-CL-L-WEI,Hoodie Classic,L,Weiss,1,69.9,69.9,21.0
AB-2026-12035,2026-01-26,Eigener Shop,K-18875,Vorkasse,HOOD-ZP-XL-SCH,Zip-Hoodie Heavy,XL,Schwarz,1,89.9,89.9,28.0
AB-2026-12036,2026-01-13,Amazon,K-10662,PayPal,HOOD-CL-XL-OLI,Hoodie Classic,XL,Oliv,1,69.9,69.9,21.0
AB-2026-12037,2026-01-01,Eigener Shop,K-15916,Vorkasse,TEE-OVS-XL-WEI,T-Shirt Oversized,XL,Weiss,1,34.9,34.9,9.0
AB-2026-12037,2026-01-01,Eigener Shop,K-15916,Vorkasse,HOOD-ZP-M-WEI,Zip-Hoodie Heavy,M,Weiss,1,89.9,89.9,28.0
AB-2026-12038,2026-03-23,Amazon,K-11304,Rechnungskauf,SOCK-3P-L-WEI,Sneaker Socken 3er-Pack,L,Weiss,1,19.9,19.9,4.8
AB-2026-12038,2026-03-23,Amazon,K-11304,Rechnungskauf,SOCK-3P-S-WEI,Sneaker Socken 3er-Pack,S,Weiss,1,19.9,19.9,4.8
AB-2026-12039,2026-06-21,Eigener Shop,K-12808,Vorkasse,KLEID-PR-S-OLI,Sommerkleid Print,S,Oliv,1,79.9,79.9,24.0
AB-2026-12039,2026-06-21,Eigener Shop,K-12808,Vorkasse,KLEID-PR-XL-OLI,Sommerkleid Print,XL,Oliv,1,79.9,79.9,24.0
AB-2026-12039,2026-06-21,Eigener Shop,K-12808,Vorkasse,TEE-BAS-XS-SCH,T-Shirt Basic,XS,Schwarz,1,29.9,29.9,7.5
AB-2026-12039,2026-06-21,Eigener Shop,K-12808,Vorkasse,TEE-BAS-S-SCH,T-Shirt Basic,S,Schwarz,1,29.9,29.9,7.5
AB-2026-12040,2026-05-05,Zalando,K-15094,PayPal,HOOD-ZP-L-SCH,Zip-Hoodie Heavy,L,Schwarz,1,89.9,89.9,28.0
AB-2026-12040,2026-05-05,Zalando,K-15094,PayPal,HOOD-ZP-M-WEI,Zip-Hoodie Heavy,M,Weiss,1,89.9,89.9,28.0
AB-2026-12041,2026-01-22,Eigener Shop,K-13282,Kreditkarte,KLEID-PR-XL-SCH,Sommerkleid Print,XL,Schwarz,1,79.9,79.9,24.0
AB-2026-12042,2026-06-08,Amazon,K-13049,Kreditkarte,HOOD-ZP-XL-SCH,Zip-Hoodie Heavy,XL,Schwarz,1,89.9,89.9,28.0
AB-2026-12043,2026-03-26,Eigener Shop,K-11529,Vorkasse,JOG-CL-S-WEI,Jogger Classic,S,Weiss,1,64.9,64.9,19.5
AB-2026-12044,2026-01-26,Eigener Shop,K-12617,Kreditkarte,TEE-OVS-XL-OLI,T-Shirt Oversized,XL,Oliv,1,34.9,34.9,9.0
AB-2026-12045,2026-02-06,Eigener Shop,K-10704,PayPal,HOOD-ZP-XS-SCH,Zip-Hoodie Heavy,XS,Schwarz,1,89.9,89.9,28.0
AB-2026-12046,2026-04-27,Amazon,K-13212,Rechnungskauf,JKT-RN-S-SCH,Regenjacke Tech,S,Schwarz,1,119.9,119.9,84.0
AB-2026-12046,2026-04-27,Amazon,K-13212,Rechnungskauf,JKT-RN-XS-SCH,Regenjacke Tech,XS,Schwarz,1,119.9,119.9,84.0
AB-2026-12047,2026-02-04,Eigener Shop,K-18082,Rechnungskauf,HOOD-ZP-S-SCH,Zip-Hoodie Heavy,S,Schwarz,1,89.9,89.9,28.0
AB-2026-12048,2026-02-13,Amazon,K-11510,Rechnungskauf,JOG-CL-XL-SCH,Jogger Classic,XL,Schwarz,1,64.9,64.9,19.5
AB-2026-12049,2026-03-04,Amazon,K-11394,PayPal,HOOD-CL-L-NAV,Hoodie Classic,L,Navy,1,69.9,69.9,21.0
AB-2026-12050,2026-04-10,Eigener Shop,K-15915,PayPal,HOOD-ZP-XS-WEI,Zip-Hoodie Heavy,XS,Weiss,1,89.9,89.9,28.0
AB-2026-12050,2026-04-10,Eigener Shop,K-15915,PayPal,HOOD-ZP-S-WEI,Zip-Hoodie Heavy,S,Weiss,1,89.9,89.9,28.0
AB-2026-12051,2026-03-15,Amazon,K-14907,Vorkasse,KLEID-PR-S-NAV,Sommerkleid Print,S,Navy,1,79.9,79.9,24.0
AB-2026-12052,2026-04-29,Amazon,K-19175,Kreditkarte,TEE-BAS-XS-NAV,T-Shirt Basic,XS,Navy,1,29.9,29.9,7.5
AB-2026-12053,2026-02-19,Zalando,K-19192,PayPal,SOCK-3P-XS-OLI,Sneaker Socken 3er-Pack,XS,Oliv,1,19.9,19.9,4.8
AB-2026-12053,2026-02-19,Zalando,K-19192,PayPal,KLEID-PR-S-OLI,Sommerkleid Print,S,Oliv,1,79.9,79.9,24.0
AB-2026-12054,2026-01-13,Eigener Shop,K-13943,PayPal,JKT-RN-S-WEI,Regenjacke Tech,S,Weiss,1,119.9,119.9,84.0
AB-2026-12054,2026-01-13,Eigener Shop,K-13943,PayPal,TEE-OVS-XS-OLI,T-Shirt Oversized,XS,Oliv,1,34.9,34.9,9.0
AB-2026-12055,2026-03-28,Amazon,K-14979,Kreditkarte,SOCK-3P-XL-WEI,Sneaker Socken 3er-Pack,XL,Weiss,1,19.9,19.9,4.8
AB-2026-12056,2026-02-28,Eigener Shop,K-11744,PayPal,JOG-CL-XS-WEI,Jogger Classic,XS,Weiss,1,64.9,64.9,19.5
AB-2026-12057,2026-06-01,Eigener Shop,K-15835,PayPal,HOOD-CL-S-NAV,Hoodie Classic,S,Navy,1,69.9,69.9,21.0
AB-2026-12057,2026-06-01,Eigener Shop,K-15835,PayPal,KLEID-PR-L-OLI,Sommerkleid Print,L,Oliv,1,79.9,79.9,24.0
AB-2026-12058,2026-02-20,Zalando,K-18241,PayPal,HOOD-CL-S-SCH,Hoodie Classic,S,Schwarz,1,69.9,69.9,21.0
AB-2026-12058,2026-02-20,Zalando,K-18241,PayPal,HOOD-CL-M-WEI,Hoodie Classic,M,Weiss,1,69.9,69.9,21.0
AB-2026-12059,2026-04-16,Amazon,K-10456,Kreditkarte,JKT-RN-XS-SCH,Regenjacke Tech,XS,Schwarz,1,119.9,119.9,84.0
AB-2026-12060,2026-01-11,Zalando,K-15309,Rechnungskauf,HOOD-ZP-XL-SCH,Zip-Hoodie Heavy,XL,Schwarz,1,89.9,89.9,28.0
AB-2026-12061,2026-05-16,Eigener Shop,K-15609,PayPal,JOG-CL-M-WEI,Jogger Classic,M,Weiss,1,64.9,64.9,19.5
AB-2026-12061,2026-05-16,Eigener Shop,K-15609,PayPal,HOOD-ZP-XL-SCH,Zip-Hoodie Heavy,XL,Schwarz,1,89.9,89.9,28.0
AB-2026-12062,2026-04-17,Amazon,K-18826,Rechnungskauf,SOCK-3P-S-OLI,Sneaker Socken 3er-Pack,S,Oliv,1,19.9,19.9,4.8
AB-2026-12063,2026-06-13,Eigener Shop,K-13439,PayPal,HOOD-CL-XS-OLI,Hoodie Classic,XS,Oliv,1,69.9,69.9,21.0
AB-2026-12063,2026-06-13,Eigener Shop,K-13439,PayPal,JKT-RN-L-SCH,Regenjacke Tech,L,Schwarz,1,119.9,119.9,84.0
AB-2026-12064,2026-04-12,Eigener Shop,K-17817,Rechnungskauf,HOOD-ZP-M-SCH,Zip-Hoodie Heavy,M,Schwarz,1,89.9,89.9,28.0
AB-2026-12064,2026-04-12,Eigener Shop,K-17817,Rechnungskauf,JOG-CL-XL-OLI,Jogger Classic,XL,Oliv,1,64.9,64.9,19.5
AB-2026-12065,2026-05-30,Eigener Shop,K-19653,PayPal,TEE-OVS-XS-SCH,T-Shirt Oversized,XS,Schwarz,1,34.9,34.9,9.0
AB-2026-12066,2026-02-27,Eigener Shop,K-15877,Rechnungskauf,HOOD-ZP-S-SCH,Zip-Hoodie Heavy,S,Schwarz,1,89.9,89.9,28.0
AB-2026-12066,2026-02-27,Eigener Shop,K-15877,Rechnungskauf,HOOD-CL-M-WEI,Hoodie Classic,M,Weiss,1,69.9,69.9,21.0
AB-2026-12066,2026-02-27,Eigener Shop,K-15877,Rechnungskauf,JOG-CL-L-WEI,Jogger Classic,L,Weiss,1,64.9,64.9,19.5
AB-2026-12067,2026-06-11,Eigener Shop,K-18544,Kreditkarte,SOCK-3P-L-NAV,Sneaker Socken 3er-Pack,L,Navy,1,19.9,19.9,4.8
AB-2026-12067,2026-06-11,Eigener Shop,K-18544,Kreditkarte,KLEID-PR-M-OLI,Sommerkleid Print,M,Oliv,1,79.9,79.9,24.0
AB-2026-12068,2026-02-04,Amazon,K-19682,Kreditkarte,TEE-BAS-L-SCH,T-Shirt Basic,L,Schwarz,1,29.9,29.9,7.5
AB-2026-12069,2026-01-03,Eigener Shop,K-13440,Kreditkarte,CAP-LG-M-SCH,Cap Logo,M,Schwarz,1,24.9,24.9,6.0
AB-2026-12069,2026-01-03,Eigener Shop,K-13440,Kreditkarte,HOOD-ZP-M-SCH,Zip-Hoodie Heavy,M,Schwarz,1,89.9,89.9,28.0
AB-2026-12070,2026-06-09,Eigener Shop,K-11788,Kreditkarte,CAP-LG-L-SCH,Cap Logo,L,Schwarz,1,24.9,24.9,6.0
AB-2026-12070,2026-06-09,Eigener Shop,K-11788,Kreditkarte,JKT-RN-XL-WEI,Regenjacke Tech,XL,Weiss,1,119.9,119.9,84.0
AB-2026-12071,2026-06-05,Zalando,K-10324,Vorkasse,HOOD-ZP-L-SCH,Zip-Hoodie Heavy,L,Schwarz,1,89.9,89.9,28.0
AB-2026-12072,2026-06-18,Eigener Shop,K-19662,Vorkasse,HOOD-ZP-XS-SCH,Zip-Hoodie Heavy,XS,Schwarz,1,89.9,89.9,28.0
AB-2026-12073,2026-02-16,Eigener Shop,K-13248,PayPal,SOCK-3P-S-WEI,Sneaker Socken 3er-Pack,S,Weiss,1,19.9,19.9,4.8
AB-2026-12074,2026-03-29,Eigener Shop,K-10770,Vorkasse,TEE-BAS-XS-WEI,T-Shirt Basic,XS,Weiss,1,29.9,29.9,7.5
AB-2026-12074,2026-03-29,Eigener Shop,K-10770,Vorkasse,KLEID-PR-XL-OLI,Sommerkleid Print,XL,Oliv,1,79.9,79.9,24.0
AB-2026-12074,2026-03-29,Eigener Shop,K-10770,Vorkasse,HOOD-ZP-XL-WEI,Zip-Hoodie Heavy,XL,Weiss,1,89.9,89.9,28.0
AB-2026-12075,2026-02-01,Amazon,K-16189,PayPal,HOOD-ZP-XS-SCH,Zip-Hoodie Heavy,XS,Schwarz,1,89.9,89.9,28.0
AB-2026-12076,2026-01-16,Eigener Shop,K-16922,PayPal,JKT-RN-XL-WEI,Regenjacke Tech,XL,Weiss,1,119.9,119.9,84.0
AB-2026-12077,2026-06-20,Eigener Shop,K-11942,PayPal,CAP-LG-XS-NAV,Cap Logo,XS,Navy,1,24.9,24.9,6.0
AB-2026-12077,2026-06-20,Eigener Shop,K-11942,PayPal,KLEID-PR-S-OLI,Sommerkleid Print,S,Oliv,1,79.9,79.9,24.0
AB-2026-12078,2026-06-02,Amazon,K-15202,Vorkasse,TEE-OVS-XS-OLI,T-Shirt Oversized,XS,Oliv,1,34.9,34.9,9.0
AB-2026-12079,2026-06-22,Amazon,K-18001,PayPal,HOOD-CL-XS-WEI,Hoodie Classic,XS,Weiss,1,69.9,69.9,21.0
AB-2026-12079,2026-06-22,Amazon,K-18001,PayPal,HOOD-CL-M-WEI,Hoodie Classic,M,Weiss,1,69.9,69.9,21.0
AB-2026-12080,2026-06-26,Eigener Shop,K-10736,PayPal,JOG-CL-XL-OLI,Jogger Classic,XL,Oliv,1,64.9,64.9,19.5
AB-2026-12080,2026-06-26,Eigener Shop,K-10736,PayPal,HOOD-CL-M-OLI,Hoodie Classic,M,Oliv,1,69.9,69.9,21.0
AB-2026-12081,2026-03-24,Eigener Shop,K-19906,Kreditkarte,HOOD-ZP-XL-SCH,Zip-Hoodie Heavy,XL,Schwarz,1,89.9,89.9,28.0
AB-2026-12081,2026-03-24,Eigener Shop,K-19906,Kreditkarte,HOOD-ZP-M-WEI,Zip-Hoodie Heavy,M,Weiss,1,89.9,89.9,28.0
AB-2026-12082,2026-03-03,Eigener Shop,K-18364,Rechnungskauf,JOG-CL-M-WEI,Jogger Classic,M,Weiss,1,64.9,64.9,19.5
AB-2026-12083,2026-06-03,Eigener Shop,K-12490,PayPal,SOCK-3P-M-WEI,Sneaker Socken 3er-Pack,M,Weiss,1,19.9,19.9,4.8
AB-2026-12084,2026-04-02,Eigener Shop,K-15938,PayPal,JOG-CL-XS-NAV,Jogger Classic,XS,Navy,1,64.9,64.9,19.5
AB-2026-12085,2026-06-04,Eigener Shop,K-12779,Rechnungskauf,HOOD-ZP-L-WEI,Zip-Hoodie Heavy,L,Weiss,1,89.9,89.9,28.0
AB-2026-12085,2026-06-04,Eigener Shop,K-12779,Rechnungskauf,HOOD-ZP-L-WEI,Zip-Hoodie Heavy,L,Weiss,1,89.9,89.9,28.0
AB-2026-12086,2026-06-21,Eigener Shop,K-11109,PayPal,HOOD-ZP-L-WEI,Zip-Hoodie Heavy,L,Weiss,1,89.9,89.9,28.0
AB-2026-12087,2026-05-11,Amazon,K-19823,Vorkasse,SOCK-3P-XL-NAV,Sneaker Socken 3er-Pack,XL,Navy,1,19.9,19.9,4.8
AB-2026-12088,2026-01-06,Eigener Shop,K-12339,PayPal,JOG-CL-M-OLI,Jogger Classic,M,Oliv,1,64.9,64.9,19.5
AB-2026-12089,2026-06-02,Eigener Shop,K-15945,Kreditkarte,KLEID-PR-L-OLI,Sommerkleid Print,L,Oliv,1,79.9,79.9,24.0
AB-2026-12089,2026-06-02,Eigener Shop,K-15945,Kreditkarte,TEE-BAS-S-NAV,T-Shirt Basic,S,Navy,1,29.9,29.9,7.5
AB-2026-12090,2026-01-01,Amazon,K-15370,PayPal,TEE-OVS-M-SCH,T-Shirt Oversized,M,Schwarz,1,34.9,34.9,9.0
AB-2026-12090,2026-01-01,Amazon,K-15370,PayPal,CAP-LG-S-SCH,Cap Logo,S,Schwarz,1,24.9,24.9,6.0
AB-2026-12091,2026-04-24,Eigener Shop,K-10442,Kreditkarte,TEE-OVS-XS-NAV,T-Shirt Oversized,XS,Navy,1,34.9,34.9,9.0
AB-2026-12091,2026-04-24,Eigener Shop,K-10442,Kreditkarte,TEE-OVS-S-NAV,T-Shirt Oversized,S,Navy,1,34.9,34.9,9.0
AB-2026-12092,2026-06-12,Eigener Shop,K-12201,Vorkasse,TEE-OVS-S-OLI,T-Shirt Oversized,S,Oliv,1,34.9,34.9,9.0
AB-2026-12092,2026-06-12,Eigener Shop,K-12201,Vorkasse,HOOD-ZP-XS-WEI,Zip-Hoodie Heavy,XS,Weiss,1,89.9,89.9,28.0
AB-2026-12093,2026-05-23,Eigener Shop,K-17081,Rechnungskauf,JOG-CL-L-OLI,Jogger Classic,L,Oliv,1,64.9,64.9,19.5
AB-2026-12093,2026-05-23,Eigener Shop,K-17081,Rechnungskauf,JKT-RN-L-SCH,Regenjacke Tech,L,Schwarz,1,119.9,119.9,84.0
AB-2026-12094,2026-02-04,Amazon,K-12185,Kreditkarte,HOOD-ZP-XL-SCH,Zip-Hoodie Heavy,XL,Schwarz,1,89.9,89.9,28.0
AB-2026-12094,2026-02-04,Amazon,K-12185,Kreditkarte,TEE-OVS-XS-SCH,T-Shirt Oversized,XS,Schwarz,1,34.9,34.9,9.0
AB-2026-12095,2026-01-03,Eigener Shop,K-16630,Kreditkarte,SOCK-3P-XS-WEI,Sneaker Socken 3er-Pack,XS,Weiss,1,19.9,19.9,4.8
AB-2026-12096,2026-03-28,Eigener Shop,K-19497,Kreditkarte,SOCK-3P-S-SCH,Sneaker Socken 3er-Pack,S,Schwarz,1,19.9,19.9,4.8
AB-2026-12096,2026-03-28,Eigener Shop,K-19497,Kreditkarte,SOCK-3P-M-SCH,Sneaker Socken 3er-Pack,M,Schwarz,1,19.9,19.9,4.8
AB-2026-12097,2026-03-15,Eigener Shop,K-11970,PayPal,KLEID-PR-XS-NAV,Sommerkleid Print,XS,Navy,1,79.9,79.9,24.0
AB-2026-12097,2026-03-15,Eigener Shop,K-11970,PayPal,JKT-RN-XL-SCH,Regenjacke Tech,XL,Schwarz,1,119.9,119.9,84.0
AB-2026-12098,2026-03-03,Eigener Shop,K-15224,Rechnungskauf,HOOD-ZP-XS-SCH,Zip-Hoodie Heavy,XS,Schwarz,1,89.9,89.9,28.0
AB-2026-12099,2026-04-29,Eigener Shop,K-10717,Kreditkarte,CAP-LG-S-SCH,Cap Logo,S,Schwarz,1,24.9,24.9,6.0
AB-2026-12100,2026-05-30,Amazon,K-17501,Kreditkarte,HOOD-ZP-S-WEI,Zip-Hoodie Heavy,S,Weiss,1,89.9,89.9,28.0
AB-2026-12101,2026-03-04,Amazon,K-10273,PayPal,HOOD-ZP-M-SCH,Zip-Hoodie Heavy,M,Schwarz,1,89.9,89.9,28.0
AB-2026-12102,2026-04-02,Zalando,K-19534,Rechnungskauf,HOOD-ZP-S-SCH,Zip-Hoodie Heavy,S,Schwarz,1,89.9,89.9,28.0
AB-2026-12102,2026-04-02,Zalando,K-19534,Rechnungskauf,TEE-OVS-M-OLI,T-Shirt Oversized,M,Oliv,1,34.9,34.9,9.0
AB-2026-12102,2026-04-02,Zalando,K-19534,Rechnungskauf,KLEID-PR-S-OLI,Sommerkleid Print,S,Oliv,1,79.9,79.9,24.0
AB-2026-12103,2026-04-07,Amazon,K-15364,Rechnungskauf,HOOD-ZP-S-SCH,Zip-Hoodie Heavy,S,Schwarz,1,89.9,89.9,28.0
AB-2026-12104,2026-01-09,Amazon,K-15102,PayPal,JOG-CL-L-SCH,Jogger Classic,L,Schwarz,1,64.9,64.9,19.5
AB-2026-12104,2026-01-09,Amazon,K-15102,PayPal,HOOD-ZP-S-SCH,Zip-Hoodie Heavy,S,Schwarz,1,89.9,89.9,28.0
AB-2026-12105,2026-06-08,Zalando,K-11207,Vorkasse,TEE-BAS-S-SCH,T-Shirt Basic,S,Schwarz,1,29.9,29.9,7.5
AB-2026-12106,2026-01-12,Eigener Shop,K-14631,PayPal,SOCK-3P-XL-WEI,Sneaker Socken 3er-Pack,XL,Weiss,1,19.9,19.9,4.8
AB-2026-12106,2026-01-12,Eigener Shop,K-14631,PayPal,JKT-RN-M-WEI,Regenjacke Tech,M,Weiss,1,119.9,119.9,84.0
AB-2026-12107,2026-05-05,Eigener Shop,K-14819,Kreditkarte,TEE-BAS-XS-SCH,T-Shirt Basic,XS,Schwarz,1,29.9,29.9,7.5
AB-2026-12108,2026-01-30,Amazon,K-17107,Vorkasse,JKT-RN-M-SCH,Regenjacke Tech,M,Schwarz,1,119.9,119.9,84.0
AB-2026-12109,2026-01-21,Eigener Shop,K-14323,Kreditkarte,TEE-BAS-XS-OLI,T-Shirt Basic,XS,Oliv,1,29.9,29.9,7.5
AB-2026-12110,2026-05-21,Eigener Shop,K-19749,Kreditkarte,KLEID-PR-M-WEI,Sommerkleid Print,M,Weiss,1,79.9,79.9,24.0
AB-2026-12110,2026-05-21,Eigener Shop,K-19749,Kreditkarte,SOCK-3P-M-WEI,Sneaker Socken 3er-Pack,M,Weiss,1,19.9,19.9,4.8
AB-2026-12111,2026-02-24,Amazon,K-17202,PayPal,KLEID-PR-L-WEI,Sommerkleid Print,L,Weiss,1,79.9,79.9,24.0
AB-2026-12111,2026-02-24,Amazon,K-17202,PayPal,HOOD-ZP-XS-WEI,Zip-Hoodie Heavy,XS,Weiss,1,89.9,89.9,28.0
AB-2026-12112,2026-05-23,Amazon,K-16483,PayPal,JKT-RN-XS-SCH,Regenjacke Tech,XS,Schwarz,1,119.9,119.9,84.0
AB-2026-12113,2026-02-11,Eigener Shop,K-11547,Kreditkarte,TEE-OVS-XL-NAV,T-Shirt Oversized,XL,Navy,1,34.9,34.9,9.0
AB-2026-12113,2026-02-11,Eigener Shop,K-11547,Kreditkarte,JKT-RN-S-WEI,Regenjacke Tech,S,Weiss,1,119.9,119.9,84.0
AB-2026-12114,2026-02-03,Eigener Shop,K-16509,Vorkasse,HOOD-CL-XS-NAV,Hoodie Classic,XS,Navy,1,69.9,69.9,21.0
AB-2026-12114,2026-02-03,Eigener Shop,K-16509,Vorkasse,TEE-OVS-M-WEI,T-Shirt Oversized,M,Weiss,1,34.9,34.9,9.0
AB-2026-12114,2026-02-03,Eigener Shop,K-16509,Vorkasse,CAP-LG-L-OLI,Cap Logo,L,Oliv,1,24.9,24.9,6.0
AB-2026-12115,2026-02-26,Amazon,K-17970,PayPal,TEE-BAS-M-WEI,T-Shirt Basic,M,Weiss,1,29.9,29.9,7.5
AB-2026-12115,2026-02-26,Amazon,K-17970,PayPal,KLEID-PR-M-OLI,Sommerkleid Print,M,Oliv,1,79.9,79.9,24.0
AB-2026-12115,2026-02-26,Amazon,K-17970,PayPal,SOCK-3P-S-NAV,Sneaker Socken 3er-Pack,S,Navy,1,19.9,19.9,4.8
AB-2026-12116,2026-06-22,Zalando,K-18776,Kreditkarte,KLEID-PR-M-NAV,Sommerkleid Print,M,Navy,1,79.9,79.9,24.0
AB-2026-12117,2026-03-13,Eigener Shop,K-11495,Rechnungskauf,HOOD-ZP-XL-SCH,Zip-Hoodie Heavy,XL,Schwarz,1,89.9,89.9,28.0
AB-2026-12118,2026-06-13,Eigener Shop,K-12680,Kreditkarte,CAP-LG-M-SCH,Cap Logo,M,Schwarz,1,24.9,24.9,6.0
AB-2026-12119,2026-06-22,Eigener Shop,K-11378,PayPal,HOOD-ZP-L-SCH,Zip-Hoodie Heavy,L,Schwarz,1,89.9,89.9,28.0
AB-2026-12120,2026-06-10,Eigener Shop,K-10546,Rechnungskauf,HOOD-ZP-XS-SCH,Zip-Hoodie Heavy,XS,Schwarz,1,89.9,89.9,28.0
AB-2026-12120,2026-06-10,Eigener Shop,K-10546,Rechnungskauf,JKT-RN-XS-WEI,Regenjacke Tech,XS,Weiss,1,119.9,119.9,84.0
AB-2026-12121,2026-05-07,Eigener Shop,K-12260,PayPal,HOOD-ZP-L-WEI,Zip-Hoodie Heavy,L,Weiss,1,89.9,89.9,28.0
AB-2026-12121,2026-05-07,Eigener Shop,K-12260,PayPal,JOG-CL-M-OLI,Jogger Classic,M,Oliv,1,64.9,64.9,19.5
AB-2026-12121,2026-05-07,Eigener Shop,K-12260,PayPal,HOOD-ZP-S-WEI,Zip-Hoodie Heavy,S,Weiss,1,89.9,89.9,28.0
AB-2026-12122,2026-06-30,Eigener Shop,K-19528,PayPal,HOOD-ZP-L-WEI,Zip-Hoodie Heavy,L,Weiss,1,89.9,89.9,28.0
AB-2026-12123,2026-05-20,Eigener Shop,K-19125,Rechnungskauf,KLEID-PR-M-SCH,Sommerkleid Print,M,Schwarz,1,79.9,79.9,24.0
AB-2026-12124,2026-03-16,Eigener Shop,K-15403,Rechnungskauf,KLEID-PR-XL-NAV,Sommerkleid Print,XL,Navy,1,79.9,79.9,24.0
AB-2026-12125,2026-05-27,Amazon,K-12005,Kreditkarte,JOG-CL-L-WEI,Jogger Classic,L,Weiss,1,64.9,64.9,19.5
AB-2026-12126,2026-03-10,Eigener Shop,K-19890,Kreditkarte,JOG-CL-S-SCH,Jogger Classic,S,Schwarz,1,64.9,64.9,19.5
AB-2026-12127,2026-02-20,Amazon,K-16695,Kreditkarte,TEE-OVS-S-WEI,T-Shirt Oversized,S,Weiss,1,34.9,34.9,9.0
AB-2026-12128,2026-04-05,Eigener Shop,K-18296,Rechnungskauf,HOOD-CL-L-NAV,Hoodie Classic,L,Navy,1,69.9,69.9,21.0
AB-2026-12128,2026-04-05,Eigener Shop,K-18296,Rechnungskauf,JOG-CL-M-NAV,Jogger Classic,M,Navy,1,64.9,64.9,19.5
AB-2026-12129,2026-02-27,Eigener Shop,K-19774,Rechnungskauf,HOOD-ZP-M-SCH,Zip-Hoodie Heavy,M,Schwarz,1,89.9,89.9,28.0
AB-2026-12130,2026-05-22,Eigener Shop,K-14085,Rechnungskauf,SOCK-3P-M-WEI,Sneaker Socken 3er-Pack,M,Weiss,1,19.9,19.9,4.8
AB-2026-12130,2026-05-22,Eigener Shop,K-14085,Rechnungskauf,HOOD-CL-M-WEI,Hoodie Classic,M,Weiss,1,69.9,69.9,21.0
AB-2026-12131,2026-05-03,Eigener Shop,K-16742,Kreditkarte,HOOD-ZP-S-WEI,Zip-Hoodie Heavy,S,Weiss,1,89.9,89.9,28.0
AB-2026-12132,2026-02-15,Amazon,K-19272,PayPal,JKT-RN-L-SCH,Regenjacke Tech,L,Schwarz,1,119.9,119.9,84.0
AB-2026-12132,2026-02-15,Amazon,K-19272,PayPal,HOOD-ZP-XL-WEI,Zip-Hoodie Heavy,XL,Weiss,1,89.9,89.9,28.0
AB-2026-12133,2026-02-13,Eigener Shop,K-17597,Rechnungskauf,HOOD-ZP-L-SCH,Zip-Hoodie Heavy,L,Schwarz,1,89.9,89.9,28.0
AB-2026-12133,2026-02-13,Eigener Shop,K-17597,Rechnungskauf,SOCK-3P-L-NAV,Sneaker Socken 3er-Pack,L,Navy,1,19.9,19.9,4.8
AB-2026-12134,2026-02-21,Eigener Shop,K-14388,Vorkasse,TEE-BAS-M-WEI,T-Shirt Basic,M,Weiss,1,29.9,29.9,7.5
AB-2026-12135,2026-04-16,Eigener Shop,K-12689,Kreditkarte,HOOD-ZP-XS-SCH,Zip-Hoodie Heavy,XS,Schwarz,1,89.9,89.9,28.0
AB-2026-12135,2026-04-16,Eigener Shop,K-12689,Kreditkarte,HOOD-CL-M-OLI,Hoodie Classic,M,Oliv,1,69.9,69.9,21.0
AB-2026-12136,2026-03-11,Amazon,K-12911,PayPal,HOOD-CL-M-SCH,Hoodie Classic,M,Schwarz,1,69.9,69.9,21.0
AB-2026-12137,2026-06-01,Amazon,K-15610,Rechnungskauf,TEE-OVS-L-NAV,T-Shirt Oversized,L,Navy,1,34.9,34.9,9.0
AB-2026-12138,2026-02-17,Eigener Shop,K-12825,Kreditkarte,JOG-CL-XL-SCH,Jogger Classic,XL,Schwarz,1,64.9,64.9,19.5
AB-2026-12139,2026-04-28,Eigener Shop,K-13230,PayPal,SOCK-3P-S-SCH,Sneaker Socken 3er-Pack,S,Schwarz,1,19.9,19.9,4.8
AB-2026-12139,2026-04-28,Eigener Shop,K-13230,PayPal,HOOD-ZP-S-WEI,Zip-Hoodie Heavy,S,Weiss,1,89.9,89.9,28.0
AB-2026-12140,2026-06-26,Eigener Shop,K-15670,Rechnungskauf,HOOD-ZP-XS-SCH,Zip-Hoodie Heavy,XS,Schwarz,1,89.9,89.9,28.0
AB-2026-12141,2026-01-31,Eigener Shop,K-12924,Vorkasse,KLEID-PR-XS-NAV,Sommerkleid Print,XS,Navy,1,79.9,79.9,24.0
AB-2026-12141,2026-01-31,Eigener Shop,K-12924,Vorkasse,CAP-LG-L-SCH,Cap Logo,L,Schwarz,1,24.9,24.9,6.0
AB-2026-12141,2026-01-31,Eigener Shop,K-12924,Vorkasse,JKT-RN-XL-WEI,Regenjacke Tech,XL,Weiss,1,119.9,119.9,84.0
AB-2026-12142,2026-05-22,Eigener Shop,K-19087,Kreditkarte,HOOD-ZP-XS-SCH,Zip-Hoodie Heavy,XS,Schwarz,1,89.9,89.9,28.0
AB-2026-12142,2026-05-22,Eigener Shop,K-19087,Kreditkarte,TEE-OVS-M-SCH,T-Shirt Oversized,M,Schwarz,1,34.9,34.9,9.0
AB-2026-12142,2026-05-22,Eigener Shop,K-19087,Kreditkarte,JKT-RN-XL-WEI,Regenjacke Tech,XL,Weiss,1,119.9,119.9,84.0
AB-2026-12143,2026-04-10,Eigener Shop,K-18958,PayPal,HOOD-ZP-XS-SCH,Zip-Hoodie Heavy,XS,Schwarz,1,89.9,89.9,28.0
AB-2026-12144,2026-03-02,Eigener Shop,K-12969,PayPal,KLEID-PR-S-SCH,Sommerkleid Print,S,Schwarz,1,79.9,79.9,24.0
AB-2026-12144,2026-03-02,Eigener Shop,K-12969,PayPal,HOOD-CL-M-OLI,Hoodie Classic,M,Oliv,1,69.9,69.9,21.0
AB-2026-12145,2026-03-30,Eigener Shop,K-16665,Kreditkarte,TEE-BAS-S-NAV,T-Shirt Basic,S,Navy,1,29.9,29.9,7.5
AB-2026-12146,2026-03-04,Amazon,K-16018,Kreditkarte,HOOD-ZP-M-SCH,Zip-Hoodie Heavy,M,Schwarz,1,89.9,89.9,28.0
AB-2026-12146,2026-03-04,Amazon,K-16018,Kreditkarte,JOG-CL-XS-NAV,Jogger Classic,XS,Navy,1,64.9,64.9,19.5
AB-2026-12147,2026-01-25,Eigener Shop,K-18847,Vorkasse,TEE-BAS-M-OLI,T-Shirt Basic,M,Oliv,1,29.9,29.9,7.5
AB-2026-12147,2026-01-25,Eigener Shop,K-18847,Vorkasse,JOG-CL-M-NAV,Jogger Classic,M,Navy,1,64.9,64.9,19.5
AB-2026-12148,2026-06-15,Eigener Shop,K-13491,PayPal,TEE-OVS-L-SCH,T-Shirt Oversized,L,Schwarz,1,34.9,34.9,9.0
AB-2026-12148,2026-06-15,Eigener Shop,K-13491,PayPal,TEE-OVS-XL-NAV,T-Shirt Oversized,XL,Navy,1,34.9,34.9,9.0
AB-2026-12149,2026-02-26,Amazon,K-18026,PayPal,HOOD-CL-XS-SCH,Hoodie Classic,XS,Schwarz,1,69.9,69.9,21.0
AB-2026-12149,2026-02-26,Amazon,K-18026,PayPal,HOOD-ZP-S-SCH,Zip-Hoodie Heavy,S,Schwarz,1,89.9,89.9,28.0
AB-2026-12150,2026-02-02,Eigener Shop,K-10889,PayPal,JOG-CL-S-SCH,Jogger Classic,S,Schwarz,1,64.9,64.9,19.5
AB-2026-12151,2026-03-21,Eigener Shop,K-19545,Kreditkarte,TEE-OVS-XL-NAV,T-Shirt Oversized,XL,Navy,1,34.9,34.9,9.0
AB-2026-12152,2026-03-12,Amazon,K-11069,Rechnungskauf,KLEID-PR-XL-SCH,Sommerkleid Print,XL,Schwarz,1,79.9,79.9,24.0
AB-2026-12153,2026-01-11,Eigener Shop,K-14237,Rechnungskauf,KLEID-PR-L-NAV,Sommerkleid Print,L,Navy,1,79.9,79.9,24.0
AB-2026-12153,2026-01-11,Eigener Shop,K-14237,Rechnungskauf,TEE-BAS-L-SCH,T-Shirt Basic,L,Schwarz,1,29.9,29.9,7.5
AB-2026-12153,2026-01-11,Eigener Shop,K-14237,Rechnungskauf,CAP-LG-L-OLI,Cap Logo,L,Oliv,1,24.9,24.9,6.0
AB-2026-12154,2026-01-31,Amazon,K-10465,Kreditkarte,SOCK-3P-XS-NAV,Sneaker Socken 3er-Pack,XS,Navy,1,19.9,19.9,4.8
AB-2026-12154,2026-01-31,Amazon,K-10465,Kreditkarte,HOOD-ZP-XL-SCH,Zip-Hoodie Heavy,XL,Schwarz,1,89.9,89.9,28.0
AB-2026-12155,2026-01-27,Eigener Shop,K-15281,Rechnungskauf,HOOD-ZP-S-SCH,Zip-Hoodie Heavy,S,Schwarz,1,89.9,89.9,28.0
AB-2026-12155,2026-01-27,Eigener Shop,K-15281,Rechnungskauf,HOOD-ZP-XL-SCH,Zip-Hoodie Heavy,XL,Schwarz,1,89.9,89.9,28.0
AB-2026-12156,2026-05-23,Eigener Shop,K-10284,Kreditkarte,KLEID-PR-S-NAV,Sommerkleid Print,S,Navy,1,79.9,79.9,24.0
AB-2026-12157,2026-03-23,Eigener Shop,K-19764,Kreditkarte,HOOD-CL-XL-WEI,Hoodie Classic,XL,Weiss,1,69.9,69.9,21.0
AB-2026-12157,2026-03-23,Eigener Shop,K-19764,Kreditkarte,HOOD-ZP-XL-SCH,Zip-Hoodie Heavy,XL,Schwarz,1,89.9,89.9,28.0
AB-2026-12158,2026-06-01,Eigener Shop,K-13796,Rechnungskauf,TEE-OVS-XS-SCH,T-Shirt Oversized,XS,Schwarz,1,34.9,34.9,9.0
AB-2026-12159,2026-04-20,Amazon,K-13398,Kreditkarte,TEE-OVS-XL-OLI,T-Shirt Oversized,XL,Oliv,1,34.9,34.9,9.0
AB-2026-12159,2026-04-20,Amazon,K-13398,Kreditkarte,HOOD-ZP-XS-SCH,Zip-Hoodie Heavy,XS,Schwarz,1,89.9,89.9,28.0
AB-2026-12160,2026-01-22,Zalando,K-15482,Rechnungskauf,JOG-CL-M-OLI,Jogger Classic,M,Oliv,1,64.9,64.9,19.5
AB-2026-12161,2026-03-26,Eigener Shop,K-11570,Vorkasse,HOOD-ZP-XL-SCH,Zip-Hoodie Heavy,XL,Schwarz,1,89.9,89.9,28.0
AB-2026-12162,2026-01-05,Eigener Shop,K-12437,PayPal,KLEID-PR-L-NAV,Sommerkleid Print,L,Navy,1,79.9,79.9,24.0
AB-2026-12163,2026-03-27,Eigener Shop,K-17766,PayPal,CAP-LG-M-OLI,Cap Logo,M,Oliv,1,24.9,24.9,6.0
AB-2026-12164,2026-04-24,Amazon,K-15437,Rechnungskauf,JOG-CL-M-SCH,Jogger Classic,M,Schwarz,1,64.9,64.9,19.5
AB-2026-12164,2026-04-24,Amazon,K-15437,Rechnungskauf,TEE-OVS-XS-OLI,T-Shirt Oversized,XS,Oliv,1,34.9,34.9,9.0
AB-2026-12164,2026-04-24,Amazon,K-15437,Rechnungskauf,TEE-BAS-XL-WEI,T-Shirt Basic,XL,Weiss,1,29.9,29.9,7.5
AB-2026-12165,2026-02-17,Eigener Shop,K-17536,Rechnungskauf,SOCK-3P-S-OLI,Sneaker Socken 3er-Pack,S,Oliv,1,19.9,19.9,4.8
AB-2026-12165,2026-02-17,Eigener Shop,K-17536,Rechnungskauf,TEE-BAS-XL-OLI,T-Shirt Basic,XL,Oliv,1,29.9,29.9,7.5
AB-2026-12166,2026-06-22,Amazon,K-10442,Rechnungskauf,JKT-RN-M-SCH,Regenjacke Tech,M,Schwarz,1,119.9,119.9,84.0
AB-2026-12166,2026-06-22,Amazon,K-10442,Rechnungskauf,JKT-RN-XS-SCH,Regenjacke Tech,XS,Schwarz,1,119.9,119.9,84.0
AB-2026-12167,2026-05-14,Amazon,K-16911,PayPal,SOCK-3P-M-OLI,Sneaker Socken 3er-Pack,M,Oliv,1,19.9,19.9,4.8
AB-2026-12167,2026-05-14,Amazon,K-16911,PayPal,HOOD-ZP-XS-SCH,Zip-Hoodie Heavy,XS,Schwarz,1,89.9,89.9,28.0
AB-2026-12168,2026-03-06,Eigener Shop,K-19758,Vorkasse,KLEID-PR-M-SCH,Sommerkleid Print,M,Schwarz,1,79.9,79.9,24.0
AB-2026-12169,2026-04-19,Eigener Shop,K-17469,Kreditkarte,SOCK-3P-S-OLI,Sneaker Socken 3er-Pack,S,Oliv,1,19.9,19.9,4.8
AB-2026-12169,2026-04-19,Eigener Shop,K-17469,Kreditkarte,TEE-BAS-XL-OLI,T-Shirt Basic,XL,Oliv,1,29.9,29.9,7.5
AB-2026-12170,2026-06-17,Eigener Shop,K-18265,Rechnungskauf,JOG-CL-S-OLI,Jogger Classic,S,Oliv,1,64.9,64.9,19.5
AB-2026-12171,2026-06-02,Eigener Shop,K-14776,Vorkasse,TEE-OVS-M-SCH,T-Shirt Oversized,M,Schwarz,1,34.9,34.9,9.0
AB-2026-12171,2026-06-02,Eigener Shop,K-14776,Vorkasse,JKT-RN-S-WEI,Regenjacke Tech,S,Weiss,1,119.9,119.9,84.0
AB-2026-12171,2026-06-02,Eigener Shop,K-14776,Vorkasse,HOOD-ZP-XS-WEI,Zip-Hoodie Heavy,XS,Weiss,1,89.9,89.9,28.0
AB-2026-12172,2026-01-22,Zalando,K-10094,Rechnungskauf,TEE-OVS-XS-NAV,T-Shirt Oversized,XS,Navy,1,34.9,34.9,9.0
AB-2026-12172,2026-01-22,Zalando,K-10094,Rechnungskauf,HOOD-CL-M-OLI,Hoodie Classic,M,Oliv,1,69.9,69.9,21.0
AB-2026-12173,2026-01-25,Eigener Shop,K-10672,PayPal,KLEID-PR-XL-SCH,Sommerkleid Print,XL,Schwarz,1,79.9,79.9,24.0
AB-2026-12174,2026-03-27,Eigener Shop,K-15877,Kreditkarte,HOOD-ZP-M-WEI,Zip-Hoodie Heavy,M,Weiss,1,89.9,89.9,28.0
AB-2026-12175,2026-02-17,Amazon,K-12436,PayPal,CAP-LG-XS-SCH,Cap Logo,XS,Schwarz,1,24.9,24.9,6.0
AB-2026-12175,2026-02-17,Amazon,K-12436,PayPal,CAP-LG-L-WEI,Cap Logo,L,Weiss,1,24.9,24.9,6.0
AB-2026-12176,2026-04-18,Eigener Shop,K-18649,PayPal,TEE-OVS-XL-OLI,T-Shirt Oversized,XL,Oliv,1,34.9,34.9,9.0
AB-2026-12176,2026-04-18,Eigener Shop,K-18649,PayPal,TEE-OVS-L-SCH,T-Shirt Oversized,L,Schwarz,1,34.9,34.9,9.0
AB-2026-12177,2026-01-27,Amazon,K-13415,PayPal,CAP-LG-XS-SCH,Cap Logo,XS,Schwarz,1,24.9,24.9,6.0
AB-2026-12178,2026-01-31,Amazon,K-17483,PayPal,KLEID-PR-XL-WEI,Sommerkleid Print,XL,Weiss,1,79.9,79.9,24.0
AB-2026-12178,2026-01-31,Amazon,K-17483,PayPal,TEE-BAS-S-SCH,T-Shirt Basic,S,Schwarz,1,29.9,29.9,7.5
AB-2026-12179,2026-04-04,Eigener Shop,K-18451,Rechnungskauf,SOCK-3P-S-SCH,Sneaker Socken 3er-Pack,S,Schwarz,1,19.9,19.9,4.8
AB-2026-12180,2026-04-04,Zalando,K-14181,Vorkasse,HOOD-ZP-XS-SCH,Zip-Hoodie Heavy,XS,Schwarz,1,89.9,89.9,28.0
AB-2026-12180,2026-04-04,Zalando,K-14181,Vorkasse,TEE-OVS-XL-SCH,T-Shirt Oversized,XL,Schwarz,1,34.9,34.9,9.0
AB-2026-12181,2026-02-27,Eigener Shop,K-12471,Kreditkarte,KLEID-PR-M-NAV,Sommerkleid Print,M,Navy,1,79.9,79.9,24.0
AB-2026-12181,2026-02-27,Eigener Shop,K-12471,Kreditkarte,KLEID-PR-L-NAV,Sommerkleid Print,L,Navy,1,79.9,79.9,24.0
AB-2026-12182,2026-05-27,Eigener Shop,K-16382,PayPal,JOG-CL-XS-WEI,Jogger Classic,XS,Weiss,1,64.9,64.9,19.5
AB-2026-12183,2026-03-24,Eigener Shop,K-17176,Kreditkarte,HOOD-CL-M-OLI,Hoodie Classic,M,Oliv,1,69.9,69.9,21.0
AB-2026-12184,2026-05-02,Eigener Shop,K-11382,PayPal,TEE-OVS-XL-SCH,T-Shirt Oversized,XL,Schwarz,1,34.9,34.9,9.0
AB-2026-12185,2026-01-16,Amazon,K-18634,Kreditkarte,TEE-OVS-XL-SCH,T-Shirt Oversized,XL,Schwarz,1,34.9,34.9,9.0
AB-2026-12186,2026-06-09,Eigener Shop,K-11995,PayPal,TEE-BAS-XL-OLI,T-Shirt Basic,XL,Oliv,1,29.9,29.9,7.5
AB-2026-12187,2026-06-20,Eigener Shop,K-10535,Kreditkarte,HOOD-CL-M-NAV,Hoodie Classic,M,Navy,1,69.9,69.9,21.0
AB-2026-12187,2026-06-20,Eigener Shop,K-10535,Kreditkarte,HOOD-CL-S-NAV,Hoodie Classic,S,Navy,1,69.9,69.9,21.0
AB-2026-12187,2026-06-20,Eigener Shop,K-10535,Kreditkarte,HOOD-CL-M-OLI,Hoodie Classic,M,Oliv,1,69.9,69.9,21.0
AB-2026-12187,2026-06-20,Eigener Shop,K-10535,Kreditkarte,HOOD-CL-S-OLI,Hoodie Classic,S,Oliv,1,69.9,69.9,21.0
AB-2026-12188,2026-01-06,Zalando,K-16556,Vorkasse,HOOD-ZP-L-SCH,Zip-Hoodie Heavy,L,Schwarz,1,89.9,89.9,28.0
AB-2026-12189,2026-03-27,Eigener Shop,K-13821,Kreditkarte,HOOD-ZP-M-WEI,Zip-Hoodie Heavy,M,Weiss,1,89.9,89.9,28.0
AB-2026-12190,2026-04-16,Eigener Shop,K-11129,Kreditkarte,CAP-LG-S-SCH,Cap Logo,S,Schwarz,1,24.9,24.9,6.0
AB-2026-12191,2026-02-03,Zalando,K-19456,PayPal,JOG-CL-XL-SCH,Jogger Classic,XL,Schwarz,1,64.9,64.9,19.5
AB-2026-12192,2026-04-07,Eigener Shop,K-11093,Rechnungskauf,JOG-CL-M-WEI,Jogger Classic,M,Weiss,1,64.9,64.9,19.5
AB-2026-12193,2026-01-31,Amazon,K-19466,Kreditkarte,SOCK-3P-XS-WEI,Sneaker Socken 3er-Pack,XS,Weiss,1,19.9,19.9,4.8
AB-2026-12193,2026-01-31,Amazon,K-19466,Kreditkarte,SOCK-3P-XS-SCH,Sneaker Socken 3er-Pack,XS,Schwarz,1,19.9,19.9,4.8
AB-2026-12193,2026-01-31,Amazon,K-19466,Kreditkarte,JOG-CL-L-OLI,Jogger Classic,L,Oliv,1,64.9,64.9,19.5
AB-2026-12194,2026-03-13,Eigener Shop,K-18095,Vorkasse,JOG-CL-M-OLI,Jogger Classic,M,Oliv,1,64.9,64.9,19.5
AB-2026-12195,2026-02-15,Amazon,K-16721,PayPal,TEE-BAS-M-SCH,T-Shirt Basic,M,Schwarz,1,29.9,29.9,7.5
AB-2026-12196,2026-05-26,Eigener Shop,K-17774,Rechnungskauf,JOG-CL-XS-SCH,Jogger Classic,XS,Schwarz,1,64.9,64.9,19.5
AB-2026-12196,2026-05-26,Eigener Shop,K-17774,Rechnungskauf,HOOD-ZP-M-SCH,Zip-Hoodie Heavy,M,Schwarz,1,89.9,89.9,28.0
AB-2026-12196,2026-05-26,Eigener Shop,K-17774,Rechnungskauf,SOCK-3P-S-NAV,Sneaker Socken 3er-Pack,S,Navy,1,19.9,19.9,4.8
AB-2026-12197,2026-02-25,Eigener Shop,K-12077,Rechnungskauf,JOG-CL-L-OLI,Jogger Classic,L,Oliv,1,64.9,64.9,19.5
AB-2026-12198,2026-04-13,Eigener Shop,K-14401,Rechnungskauf,HOOD-ZP-XS-WEI,Zip-Hoodie Heavy,XS,Weiss,1,89.9,89.9,28.0
AB-2026-12199,2026-04-28,Eigener Shop,K-17161,Rechnungskauf,JKT-RN-S-WEI,Regenjacke Tech,S,Weiss,1,119.9,119.9,84.0
AB-2026-12200,2026-02-17,Eigener Shop,K-10239,PayPal,HOOD-CL-S-WEI,Hoodie Classic,S,Weiss,1,69.9,69.9,21.0
AB-2026-12200,2026-02-17,Eigener Shop,K-10239,PayPal,HOOD-CL-XL-WEI,Hoodie Classic,XL,Weiss,1,69.9,69.9,21.0
AB-2026-12200,2026-02-17,Eigener Shop,K-10239,PayPal,HOOD-ZP-XS-WEI,Zip-Hoodie Heavy,XS,Weiss,1,89.9,89.9,28.0
AB-2026-12200,2026-02-17,Eigener Shop,K-10239,PayPal,HOOD-ZP-S-WEI,Zip-Hoodie Heavy,S,Weiss,1,89.9,89.9,28.0
AB-2026-12200,2026-02-17,Eigener Shop,K-10239,PayPal,KLEID-PR-M-WEI,Sommerkleid Print,M,Weiss,1,79.9,79.9,24.0
AB-2026-12200,2026-02-17,Eigener Shop,K-10239,PayPal,KLEID-PR-L-WEI,Sommerkleid Print,L,Weiss,1,79.9,79.9,24.0
AB-2026-12201,2026-04-20,Eigener Shop,K-10515,Kreditkarte,HOOD-ZP-XL-SCH,Zip-Hoodie Heavy,XL,Schwarz,1,89.9,89.9,28.0
AB-2026-12202,2026-01-18,Eigener Shop,K-18798,Kreditkarte,SOCK-3P-S-NAV,Sneaker Socken 3er-Pack,S,Navy,1,19.9,19.9,4.8
AB-2026-12203,2026-05-28,Zalando,K-17101,Vorkasse,TEE-OVS-M-SCH,T-Shirt Oversized,M,Schwarz,1,34.9,34.9,9.0
AB-2026-12204,2026-05-12,Eigener Shop,K-10844,Rechnungskauf,TEE-BAS-XS-OLI,T-Shirt Basic,XS,Oliv,1,29.9,29.9,7.5
AB-2026-12204,2026-05-12,Eigener Shop,K-10844,Rechnungskauf,TEE-OVS-XL-OLI,T-Shirt Oversized,XL,Oliv,1,34.9,34.9,9.0
AB-2026-12205,2026-05-06,Eigener Shop,K-17829,PayPal,KLEID-PR-M-WEI,Sommerkleid Print,M,Weiss,1,79.9,79.9,24.0
AB-2026-12205,2026-05-06,Eigener Shop,K-17829,PayPal,KLEID-PR-S-WEI,Sommerkleid Print,S,Weiss,1,79.9,79.9,24.0
AB-2026-12205,2026-05-06,Eigener Shop,K-17829,PayPal,TEE-OVS-M-WEI,T-Shirt Oversized,M,Weiss,1,34.9,34.9,9.0
AB-2026-12205,2026-05-06,Eigener Shop,K-17829,PayPal,TEE-OVS-XL-WEI,T-Shirt Oversized,XL,Weiss,1,34.9,34.9,9.0
AB-2026-12206,2026-04-02,Eigener Shop,K-17917,Rechnungskauf,TEE-BAS-S-SCH,T-Shirt Basic,S,Schwarz,1,29.9,29.9,7.5
AB-2026-12207,2026-06-05,Eigener Shop,K-12173,Vorkasse,TEE-BAS-M-WEI,T-Shirt Basic,M,Weiss,1,29.9,29.9,7.5
AB-2026-12207,2026-06-05,Eigener Shop,K-12173,Vorkasse,TEE-BAS-XL-WEI,T-Shirt Basic,XL,Weiss,1,29.9,29.9,7.5
AB-2026-12207,2026-06-05,Eigener Shop,K-12173,Vorkasse,SOCK-3P-L-OLI,Sneaker Socken 3er-Pack,L,Oliv,1,19.9,19.9,4.8
AB-2026-12207,2026-06-05,Eigener Shop,K-12173,Vorkasse,SOCK-3P-XS-OLI,Sneaker Socken 3er-Pack,XS,Oliv,1,19.9,19.9,4.8
AB-2026-12208,2026-03-02,Eigener Shop,K-18351,Kreditkarte,JKT-RN-S-SCH,Regenjacke Tech,S,Schwarz,1,119.9,119.9,84.0
AB-2026-12208,2026-03-02,Eigener Shop,K-18351,Kreditkarte,KLEID-PR-S-OLI,Sommerkleid Print,S,Oliv,1,79.9,79.9,24.0
AB-2026-12208,2026-03-02,Eigener Shop,K-18351,Kreditkarte,HOOD-CL-S-OLI,Hoodie Classic,S,Oliv,1,69.9,69.9,21.0
AB-2026-12209,2026-02-14,Eigener Shop,K-15811,Vorkasse,JOG-CL-L-SCH,Jogger Classic,L,Schwarz,1,64.9,64.9,19.5
AB-2026-12210,2026-01-12,Zalando,K-15019,Vorkasse,HOOD-ZP-S-SCH,Zip-Hoodie Heavy,S,Schwarz,1,89.9,89.9,28.0
AB-2026-12210,2026-01-12,Zalando,K-15019,Vorkasse,JOG-CL-M-NAV,Jogger Classic,M,Navy,1,64.9,64.9,19.5
AB-2026-12211,2026-03-31,Amazon,K-16539,PayPal,HOOD-ZP-XS-SCH,Zip-Hoodie Heavy,XS,Schwarz,1,89.9,89.9,28.0
AB-2026-12212,2026-06-22,Eigener Shop,K-11618,Vorkasse,JKT-RN-S-WEI,Regenjacke Tech,S,Weiss,1,119.9,119.9,84.0
AB-2026-12213,2026-05-06,Eigener Shop,K-16293,PayPal,JOG-CL-XS-OLI,Jogger Classic,XS,Oliv,1,64.9,64.9,19.5
AB-2026-12214,2026-02-04,Zalando,K-15753,PayPal,HOOD-ZP-L-WEI,Zip-Hoodie Heavy,L,Weiss,1,89.9,89.9,28.0
AB-2026-12215,2026-04-17,Amazon,K-14123,PayPal,KLEID-PR-L-WEI,Sommerkleid Print,L,Weiss,1,79.9,79.9,24.0
AB-2026-12215,2026-04-17,Amazon,K-14123,PayPal,HOOD-ZP-XS-WEI,Zip-Hoodie Heavy,XS,Weiss,1,89.9,89.9,28.0
AB-2026-12216,2026-03-30,Eigener Shop,K-19806,Rechnungskauf,SOCK-3P-M-OLI,Sneaker Socken 3er-Pack,M,Oliv,1,19.9,19.9,4.8
AB-2026-12217,2026-01-23,Amazon,K-10514,PayPal,HOOD-ZP-S-WEI,Zip-Hoodie Heavy,S,Weiss,1,89.9,89.9,28.0
AB-2026-12217,2026-01-23,Amazon,K-10514,PayPal,HOOD-ZP-L-WEI,Zip-Hoodie Heavy,L,Weiss,1,89.9,89.9,28.0
AB-2026-12217,2026-01-23,Amazon,K-10514,PayPal,CAP-LG-M-OLI,Cap Logo,M,Oliv,1,24.9,24.9,6.0
AB-2026-12217,2026-01-23,Amazon,K-10514,PayPal,CAP-LG-L-OLI,Cap Logo,L,Oliv,1,24.9,24.9,6.0
AB-2026-12217,2026-01-23,Amazon,K-10514,PayPal,HOOD-ZP-XL-WEI,Zip-Hoodie Heavy,XL,Weiss,1,89.9,89.9,28.0
AB-2026-12217,2026-01-23,Amazon,K-10514,PayPal,HOOD-ZP-XS-WEI,Zip-Hoodie Heavy,XS,Weiss,1,89.9,89.9,28.0
AB-2026-12218,2026-02-17,Eigener Shop,K-14778,Rechnungskauf,HOOD-ZP-M-SCH,Zip-Hoodie Heavy,M,Schwarz,1,89.9,89.9,28.0
AB-2026-12219,2026-04-14,Eigener Shop,K-10924,Vorkasse,KLEID-PR-M-SCH,Sommerkleid Print,M,Schwarz,1,79.9,79.9,24.0
AB-2026-12220,2026-01-01,Zalando,K-10334,Vorkasse,HOOD-CL-M-WEI,Hoodie Classic,M,Weiss,1,69.9,69.9,21.0
AB-2026-12221,2026-04-26,Eigener Shop,K-19441,PayPal,TEE-OVS-M-OLI,T-Shirt Oversized,M,Oliv,1,34.9,34.9,9.0
AB-2026-12221,2026-04-26,Eigener Shop,K-19441,PayPal,TEE-OVS-XL-OLI,T-Shirt Oversized,XL,Oliv,1,34.9,34.9,9.0
AB-2026-12222,2026-01-06,Eigener Shop,K-14152,PayPal,HOOD-ZP-XL-WEI,Zip-Hoodie Heavy,XL,Weiss,1,89.9,89.9,28.0
AB-2026-12223,2026-05-04,Eigener Shop,K-16207,Rechnungskauf,KLEID-PR-XS-NAV,Sommerkleid Print,XS,Navy,1,79.9,79.9,24.0
AB-2026-12223,2026-05-04,Eigener Shop,K-16207,Rechnungskauf,HOOD-ZP-XL-WEI,Zip-Hoodie Heavy,XL,Weiss,1,89.9,89.9,28.0
AB-2026-12224,2026-06-23,Eigener Shop,K-15808,Kreditkarte,JKT-RN-L-WEI,Regenjacke Tech,L,Weiss,1,119.9,119.9,84.0
AB-2026-12225,2026-05-06,Eigener Shop,K-15411,Rechnungskauf,TEE-BAS-L-NAV,T-Shirt Basic,L,Navy,1,29.9,29.9,7.5
AB-2026-12225,2026-05-06,Eigener Shop,K-15411,Rechnungskauf,TEE-BAS-M-NAV,T-Shirt Basic,M,Navy,1,29.9,29.9,7.5
AB-2026-12226,2026-01-19,Eigener Shop,K-11376,Kreditkarte,JOG-CL-XL-NAV,Jogger Classic,XL,Navy,1,64.9,64.9,19.5
AB-2026-12227,2026-04-09,Amazon,K-11155,Vorkasse,HOOD-ZP-M-WEI,Zip-Hoodie Heavy,M,Weiss,1,89.9,89.9,28.0
AB-2026-12228,2026-01-09,Eigener Shop,K-15374,Kreditkarte,TEE-BAS-S-WEI,T-Shirt Basic,S,Weiss,1,29.9,29.9,7.5
AB-2026-12229,2026-03-31,Amazon,K-19854,PayPal,HOOD-ZP-M-SCH,Zip-Hoodie Heavy,M,Schwarz,1,89.9,89.9,28.0
AB-2026-12230,2026-05-27,Eigener Shop,K-13406,Rechnungskauf,HOOD-ZP-M-WEI,Zip-Hoodie Heavy,M,Weiss,1,89.9,89.9,28.0
AB-2026-12231,2026-03-29,Eigener Shop,K-13791,Rechnungskauf,CAP-LG-XL-OLI,Cap Logo,XL,Oliv,1,24.9,24.9,6.0
AB-2026-12232,2026-05-31,Amazon,K-16336,Vorkasse,JOG-CL-XL-OLI,Jogger Classic,XL,Oliv,1,64.9,64.9,19.5
AB-2026-12233,2026-03-08,Eigener Shop,K-14575,Rechnungskauf,JKT-RN-XS-WEI,Regenjacke Tech,XS,Weiss,1,119.9,119.9,84.0
AB-2026-12233,2026-03-08,Eigener Shop,K-14575,Rechnungskauf,CAP-LG-M-SCH,Cap Logo,M,Schwarz,1,24.9,24.9,6.0
AB-2026-12234,2026-01-30,Eigener Shop,K-14822,Kreditkarte,CAP-LG-S-SCH,Cap Logo,S,Schwarz,1,24.9,24.9,6.0
AB-2026-12235,2026-03-25,Amazon,K-12566,Rechnungskauf,HOOD-ZP-S-WEI,Zip-Hoodie Heavy,S,Weiss,1,89.9,89.9,28.0
AB-2026-12236,2026-05-30,Eigener Shop,K-12671,Vorkasse,JKT-RN-L-SCH,Regenjacke Tech,L,Schwarz,1,119.9,119.9,84.0
AB-2026-12237,2026-02-10,Amazon,K-10728,PayPal,SOCK-3P-M-NAV,Sneaker Socken 3er-Pack,M,Navy,1,19.9,19.9,4.8
AB-2026-12238,2026-03-19,Amazon,K-16272,PayPal,TEE-OVS-M-NAV,T-Shirt Oversized,M,Navy,1,34.9,34.9,9.0
AB-2026-12239,2026-04-21,Zalando,K-14338,Kreditkarte,JOG-CL-S-NAV,Jogger Classic,S,Navy,1,64.9,64.9,19.5
AB-2026-12239,2026-04-21,Zalando,K-14338,Kreditkarte,HOOD-ZP-XL-SCH,Zip-Hoodie Heavy,XL,Schwarz,1,89.9,89.9,28.0
AB-2026-12240,2026-02-07,Amazon,K-10037,PayPal,SOCK-3P-S-WEI,Sneaker Socken 3er-Pack,S,Weiss,1,19.9,19.9,4.8
AB-2026-12240,2026-02-07,Amazon,K-10037,PayPal,KLEID-PR-XL-NAV,Sommerkleid Print,XL,Navy,1,79.9,79.9,24.0
AB-2026-12241,2026-06-14,Eigener Shop,K-19870,Rechnungskauf,TEE-OVS-XS-OLI,T-Shirt Oversized,XS,Oliv,1,34.9,34.9,9.0
AB-2026-12241,2026-06-14,Eigener Shop,K-19870,Rechnungskauf,HOOD-CL-L-WEI,Hoodie Classic,L,Weiss,1,69.9,69.9,21.0
AB-2026-12242,2026-03-24,Eigener Shop,K-12247,PayPal,TEE-OVS-S-OLI,T-Shirt Oversized,S,Oliv,1,34.9,34.9,9.0
AB-2026-12243,2026-01-17,Eigener Shop,K-16322,Vorkasse,HOOD-CL-S-SCH,Hoodie Classic,S,Schwarz,1,69.9,69.9,21.0
AB-2026-12244,2026-02-18,Eigener Shop,K-11530,Rechnungskauf,HOOD-ZP-M-WEI,Zip-Hoodie Heavy,M,Weiss,1,89.9,89.9,28.0
AB-2026-12244,2026-02-18,Eigener Shop,K-11530,Rechnungskauf,SOCK-3P-L-SCH,Sneaker Socken 3er-Pack,L,Schwarz,1,19.9,19.9,4.8
AB-2026-12245,2026-06-06,Eigener Shop,K-12139,Kreditkarte,HOOD-ZP-M-WEI,Zip-Hoodie Heavy,M,Weiss,1,89.9,89.9,28.0
AB-2026-12246,2026-05-23,Eigener Shop,K-17119,PayPal,JOG-CL-S-NAV,Jogger Classic,S,Navy,1,64.9,64.9,19.5
AB-2026-12246,2026-05-23,Eigener Shop,K-17119,PayPal,JKT-RN-L-SCH,Regenjacke Tech,L,Schwarz,1,119.9,119.9,84.0
AB-2026-12247,2026-03-04,Amazon,K-19177,Rechnungskauf,HOOD-ZP-S-SCH,Zip-Hoodie Heavy,S,Schwarz,1,89.9,89.9,28.0
AB-2026-12248,2026-03-19,Eigener Shop,K-16686,PayPal,HOOD-ZP-L-SCH,Zip-Hoodie Heavy,L,Schwarz,1,89.9,89.9,28.0
AB-2026-12248,2026-03-19,Eigener Shop,K-16686,PayPal,HOOD-ZP-L-SCH,Zip-Hoodie Heavy,L,Schwarz,1,89.9,89.9,28.0
AB-2026-12249,2026-03-07,Eigener Shop,K-16574,Rechnungskauf,HOOD-ZP-M-WEI,Zip-Hoodie Heavy,M,Weiss,1,89.9,89.9,28.0
AB-2026-12249,2026-03-07,Eigener Shop,K-16574,Rechnungskauf,HOOD-CL-M-WEI,Hoodie Classic,M,Weiss,1,69.9,69.9,21.0
AB-2026-12250,2026-04-21,Amazon,K-14468,Rechnungskauf,HOOD-ZP-M-WEI,Zip-Hoodie Heavy,M,Weiss,1,89.9,89.9,28.0
AB-2026-12251,2026-01-06,Eigener Shop,K-12832,Vorkasse,TEE-OVS-XL-NAV,T-Shirt Oversized,XL,Navy,1,34.9,34.9,9.0
AB-2026-12252,2026-02-21,Amazon,K-11605,PayPal,JOG-CL-XL-SCH,Jogger Classic,XL,Schwarz,1,64.9,64.9,19.5
AB-2026-12252,2026-02-21,Amazon,K-11605,PayPal,JOG-CL-L-SCH,Jogger Classic,L,Schwarz,1,64.9,64.9,19.5
AB-2026-12253,2026-04-22,Zalando,K-19048,PayPal,JKT-RN-S-WEI,Regenjacke Tech,S,Weiss,1,119.9,119.9,84.0
AB-2026-12254,2026-06-20,Amazon,K-17182,PayPal,HOOD-ZP-XL-SCH,Zip-Hoodie Heavy,XL,Schwarz,1,89.9,89.9,28.0
AB-2026-12255,2026-01-11,Eigener Shop,K-18887,Vorkasse,JKT-RN-XS-SCH,Regenjacke Tech,XS,Schwarz,1,119.9,119.9,84.0
AB-2026-12255,2026-01-11,Eigener Shop,K-18887,Vorkasse,HOOD-ZP-S-SCH,Zip-Hoodie Heavy,S,Schwarz,1,89.9,89.9,28.0
AB-2026-12256,2026-06-04,Eigener Shop,K-18819,Rechnungskauf,KLEID-PR-M-WEI,Sommerkleid Print,M,Weiss,1,79.9,79.9,24.0
AB-2026-12256,2026-06-04,Eigener Shop,K-18819,Rechnungskauf,KLEID-PR-XL-WEI,Sommerkleid Print,XL,Weiss,1,79.9,79.9,24.0
AB-2026-12257,2026-03-19,Eigener Shop,K-14482,Rechnungskauf,SOCK-3P-M-WEI,Sneaker Socken 3er-Pack,M,Weiss,1,19.9,19.9,4.8
AB-2026-12258,2026-03-06,Eigener Shop,K-16236,PayPal,TEE-BAS-M-OLI,T-Shirt Basic,M,Oliv,1,29.9,29.9,7.5
AB-2026-12258,2026-03-06,Eigener Shop,K-16236,PayPal,TEE-OVS-S-WEI,T-Shirt Oversized,S,Weiss,1,34.9,34.9,9.0
AB-2026-12259,2026-01-31,Eigener Shop,K-10898,Rechnungskauf,HOOD-CL-M-SCH,Hoodie Classic,M,Schwarz,1,69.9,69.9,21.0
AB-2026-12260,2026-05-14,Zalando,K-12347,Vorkasse,HOOD-ZP-XS-SCH,Zip-Hoodie Heavy,XS,Schwarz,1,89.9,89.9,28.0
AB-2026-12261,2026-01-11,Amazon,K-17109,PayPal,SOCK-3P-L-SCH,Sneaker Socken 3er-Pack,L,Schwarz,1,19.9,19.9,4.8
AB-2026-12262,2026-05-07,Zalando,K-11260,Rechnungskauf,JKT-RN-L-WEI,Regenjacke Tech,L,Weiss,1,119.9,119.9,84.0
AB-2026-12263,2026-06-24,Zalando,K-10174,PayPal,HOOD-ZP-XS-SCH,Zip-Hoodie Heavy,XS,Schwarz,1,89.9,89.9,28.0
AB-2026-12264,2026-06-17,Amazon,K-16370,Rechnungskauf,KLEID-PR-M-OLI,Sommerkleid Print,M,Oliv,1,79.9,79.9,24.0
AB-2026-12265,2026-05-11,Amazon,K-15523,PayPal,HOOD-ZP-L-WEI,Zip-Hoodie Heavy,L,Weiss,1,89.9,89.9,28.0
AB-2026-12266,2026-04-14,Eigener Shop,K-13459,Rechnungskauf,JKT-RN-S-WEI,Regenjacke Tech,S,Weiss,1,119.9,119.9,84.0
AB-2026-12266,2026-04-14,Eigener Shop,K-13459,Rechnungskauf,HOOD-ZP-S-WEI,Zip-Hoodie Heavy,S,Weiss,1,89.9,89.9,28.0
AB-2026-12267,2026-01-10,Eigener Shop,K-16011,Rechnungskauf,HOOD-CL-XS-SCH,Hoodie Classic,XS,Schwarz,1,69.9,69.9,21.0
AB-2026-12268,2026-03-28,Eigener Shop,K-18218,Vorkasse,HOOD-ZP-S-SCH,Zip-Hoodie Heavy,S,Schwarz,1,89.9,89.9,28.0
AB-2026-12269,2026-04-26,Amazon,K-12705,Vorkasse,JKT-RN-M-WEI,Regenjacke Tech,M,Weiss,1,119.9,119.9,84.0
AB-2026-12270,2026-05-14,Eigener Shop,K-14824,Vorkasse,SOCK-3P-L-OLI,Sneaker Socken 3er-Pack,L,Oliv,1,19.9,19.9,4.8
AB-2026-12271,2026-03-17,Eigener Shop,K-10322,Kreditkarte,JKT-RN-XS-WEI,Regenjacke Tech,XS,Weiss,1,119.9,119.9,84.0
AB-2026-12272,2026-06-29,Eigener Shop,K-16491,Kreditkarte,JKT-RN-M-SCH,Regenjacke Tech,M,Schwarz,1,119.9,119.9,84.0
AB-2026-12273,2026-01-21,Eigener Shop,K-12634,Kreditkarte,TEE-OVS-XL-WEI,T-Shirt Oversized,XL,Weiss,1,34.9,34.9,9.0
AB-2026-12274,2026-01-14,Amazon,K-17094,Rechnungskauf,HOOD-ZP-XL-SCH,Zip-Hoodie Heavy,XL,Schwarz,1,89.9,89.9,28.0
AB-2026-12275,2026-06-23,Eigener Shop,K-11249,Kreditkarte,TEE-BAS-M-SCH,T-Shirt Basic,M,Schwarz,1,29.9,29.9,7.5
AB-2026-12276,2026-02-12,Eigener Shop,K-19886,Kreditkarte,JKT-RN-XS-SCH,Regenjacke Tech,XS,Schwarz,1,119.9,119.9,84.0
AB-2026-12276,2026-02-12,Eigener Shop,K-19886,Kreditkarte,KLEID-PR-M-NAV,Sommerkleid Print,M,Navy,1,79.9,79.9,24.0
AB-2026-12277,2026-03-22,Eigener Shop,K-18222,Kreditkarte,SOCK-3P-XL-OLI,Sneaker Socken 3er-Pack,XL,Oliv,1,19.9,19.9,4.8
AB-2026-12277,2026-03-22,Eigener Shop,K-18222,Kreditkarte,TEE-OVS-L-NAV,T-Shirt Oversized,L,Navy,1,34.9,34.9,9.0
AB-2026-12278,2026-06-02,Eigener Shop,K-17161,Rechnungskauf,CAP-LG-L-SCH,Cap Logo,L,Schwarz,1,24.9,24.9,6.0
AB-2026-12279,2026-06-02,Amazon,K-13690,Rechnungskauf,HOOD-ZP-L-WEI,Zip-Hoodie Heavy,L,Weiss,1,89.9,89.9,28.0
AB-2026-12279,2026-06-02,Amazon,K-13690,Rechnungskauf,TEE-BAS-XS-OLI,T-Shirt Basic,XS,Oliv,1,29.9,29.9,7.5
AB-2026-12280,2026-05-15,Eigener Shop,K-15902,PayPal,JKT-RN-S-WEI,Regenjacke Tech,S,Weiss,1,119.9,119.9,84.0
AB-2026-12280,2026-05-15,Eigener Shop,K-15902,PayPal,HOOD-CL-L-NAV,Hoodie Classic,L,Navy,1,69.9,69.9,21.0
AB-2026-12281,2026-04-22,Amazon,K-14954,Rechnungskauf,TEE-OVS-XL-NAV,T-Shirt Oversized,XL,Navy,1,34.9,34.9,9.0
AB-2026-12281,2026-04-22,Amazon,K-14954,Rechnungskauf,TEE-OVS-XS-NAV,T-Shirt Oversized,XS,Navy,1,34.9,34.9,9.0
AB-2026-12282,2026-03-14,Amazon,K-15646,Vorkasse,TEE-BAS-XS-OLI,T-Shirt Basic,XS,Oliv,1,29.9,29.9,7.5
AB-2026-12283,2026-06-18,Eigener Shop,K-19780,Rechnungskauf,JKT-RN-S-SCH,Regenjacke Tech,S,Schwarz,1,119.9,119.9,84.0
AB-2026-12283,2026-06-18,Eigener Shop,K-19780,Rechnungskauf,HOOD-ZP-L-WEI,Zip-Hoodie Heavy,L,Weiss,1,89.9,89.9,28.0
AB-2026-12284,2026-01-08,Amazon,K-15061,PayPal,KLEID-PR-S-SCH,Sommerkleid Print,S,Schwarz,1,79.9,79.9,24.0
AB-2026-12285,2026-06-03,Eigener Shop,K-13241,Rechnungskauf,JOG-CL-M-SCH,Jogger Classic,M,Schwarz,1,64.9,64.9,19.5
AB-2026-12285,2026-06-03,Eigener Shop,K-13241,Rechnungskauf,HOOD-ZP-XL-WEI,Zip-Hoodie Heavy,XL,Weiss,1,89.9,89.9,28.0
AB-2026-12285,2026-06-03,Eigener Shop,K-13241,Rechnungskauf,HOOD-CL-XS-NAV,Hoodie Classic,XS,Navy,1,69.9,69.9,21.0
AB-2026-12286,2026-03-27,Eigener Shop,K-19404,Kreditkarte,JOG-CL-XS-SCH,Jogger Classic,XS,Schwarz,1,64.9,64.9,19.5
AB-2026-12286,2026-03-27,Eigener Shop,K-19404,Kreditkarte,HOOD-ZP-L-WEI,Zip-Hoodie Heavy,L,Weiss,1,89.9,89.9,28.0
AB-2026-12286,2026-03-27,Eigener Shop,K-19404,Kreditkarte,JOG-CL-L-NAV,Jogger Classic,L,Navy,1,64.9,64.9,19.5
AB-2026-12287,2026-04-24,Eigener Shop,K-15588,Vorkasse,HOOD-ZP-M-WEI,Zip-Hoodie Heavy,M,Weiss,1,89.9,89.9,28.0
AB-2026-12287,2026-04-24,Eigener Shop,K-15588,Vorkasse,JKT-RN-L-WEI,Regenjacke Tech,L,Weiss,1,119.9,119.9,84.0
AB-2026-12288,2026-06-07,Eigener Shop,K-13850,Rechnungskauf,TEE-OVS-XS-WEI,T-Shirt Oversized,XS,Weiss,1,34.9,34.9,9.0
AB-2026-12288,2026-06-07,Eigener Shop,K-13850,Rechnungskauf,HOOD-ZP-S-WEI,Zip-Hoodie Heavy,S,Weiss,1,89.9,89.9,28.0
AB-2026-12289,2026-01-14,Eigener Shop,K-18634,Kreditkarte,HOOD-ZP-L-WEI,Zip-Hoodie Heavy,L,Weiss,1,89.9,89.9,28.0
AB-2026-12289,2026-01-14,Eigener Shop,K-18634,Kreditkarte,HOOD-ZP-M-WEI,Zip-Hoodie Heavy,M,Weiss,1,89.9,89.9,28.0
AB-2026-12289,2026-01-14,Eigener Shop,K-18634,Kreditkarte,HOOD-CL-L-WEI,Hoodie Classic,L,Weiss,1,69.9,69.9,21.0
AB-2026-12289,2026-01-14,Eigener Shop,K-18634,Kreditkarte,HOOD-CL-XS-WEI,Hoodie Classic,XS,Weiss,1,69.9,69.9,21.0
AB-2026-12289,2026-01-14,Eigener Shop,K-18634,Kreditkarte,HOOD-ZP-XL-SCH,Zip-Hoodie Heavy,XL,Schwarz,1,89.9,89.9,28.0
AB-2026-12289,2026-01-14,Eigener Shop,K-18634,Kreditkarte,HOOD-ZP-M-SCH,Zip-Hoodie Heavy,M,Schwarz,1,89.9,89.9,28.0
AB-2026-12290,2026-04-27,Eigener Shop,K-11656,PayPal,JOG-CL-XL-OLI,Jogger Classic,XL,Oliv,1,64.9,64.9,19.5
AB-2026-12290,2026-04-27,Eigener Shop,K-11656,PayPal,KLEID-PR-XS-SCH,Sommerkleid Print,XS,Schwarz,1,79.9,79.9,24.0
AB-2026-12291,2026-01-07,Eigener Shop,K-12752,Kreditkarte,TEE-BAS-L-NAV,T-Shirt Basic,L,Navy,1,29.9,29.9,7.5
AB-2026-12292,2026-06-04,Zalando,K-18749,Kreditkarte,TEE-BAS-XS-OLI,T-Shirt Basic,XS,Oliv,1,29.9,29.9,7.5
AB-2026-12292,2026-06-04,Zalando,K-18749,Kreditkarte,JOG-CL-XS-SCH,Jogger Classic,XS,Schwarz,1,64.9,64.9,19.5
AB-2026-12293,2026-04-13,Amazon,K-19694,PayPal,CAP-LG-S-SCH,Cap Logo,S,Schwarz,1,24.9,24.9,6.0
AB-2026-12293,2026-04-13,Amazon,K-19694,PayPal,HOOD-ZP-XS-WEI,Zip-Hoodie Heavy,XS,Weiss,1,89.9,89.9,28.0
AB-2026-12293,2026-04-13,Amazon,K-19694,PayPal,HOOD-ZP-M-WEI,Zip-Hoodie Heavy,M,Weiss,1,89.9,89.9,28.0
AB-2026-12294,2026-02-08,Zalando,K-16674,Rechnungskauf,HOOD-CL-XL-SCH,Hoodie Classic,XL,Schwarz,1,69.9,69.9,21.0
AB-2026-12295,2026-06-21,Eigener Shop,K-18196,Rechnungskauf,CAP-LG-S-OLI,Cap Logo,S,Oliv,1,24.9,24.9,6.0
AB-2026-12296,2026-06-08,Eigener Shop,K-19358,Rechnungskauf,TEE-BAS-L-NAV,T-Shirt Basic,L,Navy,1,29.9,29.9,7.5
AB-2026-12297,2026-03-30,Eigener Shop,K-12845,Kreditkarte,TEE-BAS-M-OLI,T-Shirt Basic,M,Oliv,1,29.9,29.9,7.5
AB-2026-12297,2026-03-30,Eigener Shop,K-12845,Kreditkarte,JOG-CL-XL-OLI,Jogger Classic,XL,Oliv,1,64.9,64.9,19.5
AB-2026-12298,2026-02-22,Eigener Shop,K-18034,Kreditkarte,HOOD-CL-XS-NAV,Hoodie Classic,XS,Navy,1,69.9,69.9,21.0
AB-2026-12298,2026-02-22,Eigener Shop,K-18034,Kreditkarte,SOCK-3P-L-NAV,Sneaker Socken 3er-Pack,L,Navy,1,19.9,19.9,4.8
AB-2026-12298,2026-02-22,Eigener Shop,K-18034,Kreditkarte,TEE-OVS-L-WEI,T-Shirt Oversized,L,Weiss,1,34.9,34.9,9.0
AB-2026-12299,2026-04-23,Eigener Shop,K-10926,Kreditkarte,SOCK-3P-L-NAV,Sneaker Socken 3er-Pack,L,Navy,1,19.9,19.9,4.8
AB-2026-12300,2026-03-10,Eigener Shop,K-14371,Kreditkarte,JKT-RN-M-SCH,Regenjacke Tech,M,Schwarz,1,119.9,119.9,84.0
AB-2026-12301,2026-01-02,Amazon,K-13223,Rechnungskauf,JOG-CL-S-SCH,Jogger Classic,S,Schwarz,1,64.9,64.9,19.5
AB-2026-12301,2026-01-02,Amazon,K-13223,Rechnungskauf,TEE-OVS-M-OLI,T-Shirt Oversized,M,Oliv,1,34.9,34.9,9.0
AB-2026-12301,2026-01-02,Amazon,K-13223,Rechnungskauf,HOOD-ZP-XL-SCH,Zip-Hoodie Heavy,XL,Schwarz,1,89.9,89.9,28.0
AB-2026-12302,2026-04-25,Amazon,K-16239,Rechnungskauf,HOOD-ZP-XS-WEI,Zip-Hoodie Heavy,XS,Weiss,1,89.9,89.9,28.0
AB-2026-12302,2026-04-25,Amazon,K-16239,Rechnungskauf,HOOD-ZP-XL-WEI,Zip-Hoodie Heavy,XL,Weiss,1,89.9,89.9,28.0
AB-2026-12303,2026-05-13,Eigener Shop,K-19252,PayPal,TEE-OVS-L-OLI,T-Shirt Oversized,L,Oliv,1,34.9,34.9,9.0
AB-2026-12303,2026-05-13,Eigener Shop,K-19252,PayPal,HOOD-ZP-S-SCH,Zip-Hoodie Heavy,S,Schwarz,1,89.9,89.9,28.0
AB-2026-12304,2026-06-18,Zalando,K-13528,Kreditkarte,JKT-RN-XS-WEI,Regenjacke Tech,XS,Weiss,1,119.9,119.9,84.0
AB-2026-12305,2026-02-12,Amazon,K-18946,PayPal,HOOD-ZP-XS-SCH,Zip-Hoodie Heavy,XS,Schwarz,1,89.9,89.9,28.0
AB-2026-12305,2026-02-12,Amazon,K-18946,PayPal,HOOD-ZP-L-SCH,Zip-Hoodie Heavy,L,Schwarz,1,89.9,89.9,28.0
AB-2026-12306,2026-04-15,Amazon,K-14119,PayPal,TEE-BAS-XS-OLI,T-Shirt Basic,XS,Oliv,1,29.9,29.9,7.5
AB-2026-12306,2026-04-15,Amazon,K-14119,PayPal,TEE-BAS-M-OLI,T-Shirt Basic,M,Oliv,1,29.9,29.9,7.5
AB-2026-12307,2026-04-27,Amazon,K-10303,Rechnungskauf,SOCK-3P-M-NAV,Sneaker Socken 3er-Pack,M,Navy,1,19.9,19.9,4.8
AB-2026-12307,2026-04-27,Amazon,K-10303,Rechnungskauf,KLEID-PR-L-NAV,Sommerkleid Print,L,Navy,1,79.9,79.9,24.0
AB-2026-12308,2026-02-05,Eigener Shop,K-17155,Rechnungskauf,KLEID-PR-XS-WEI,Sommerkleid Print,XS,Weiss,1,79.9,79.9,24.0
AB-2026-12309,2026-01-24,Eigener Shop,K-17871,PayPal,KLEID-PR-L-OLI,Sommerkleid Print,L,Oliv,1,79.9,79.9,24.0
AB-2026-12310,2026-04-28,Eigener Shop,K-16493,Kreditkarte,TEE-OVS-M-NAV,T-Shirt Oversized,M,Navy,1,34.9,34.9,9.0
AB-2026-12310,2026-04-28,Eigener Shop,K-16493,Kreditkarte,SOCK-3P-M-NAV,Sneaker Socken 3er-Pack,M,Navy,1,19.9,19.9,4.8
AB-2026-12310,2026-04-28,Eigener Shop,K-16493,Kreditkarte,HOOD-ZP-L-WEI,Zip-Hoodie Heavy,L,Weiss,1,89.9,89.9,28.0
AB-2026-12311,2026-06-23,Eigener Shop,K-17009,Kreditkarte,KLEID-PR-M-NAV,Sommerkleid Print,M,Navy,1,79.9,79.9,24.0
AB-2026-12312,2026-03-14,Eigener Shop,K-18220,Rechnungskauf,HOOD-ZP-S-WEI,Zip-Hoodie Heavy,S,Weiss,1,89.9,89.9,28.0
AB-2026-12313,2026-06-09,Amazon,K-15646,Rechnungskauf,HOOD-ZP-S-WEI,Zip-Hoodie Heavy,S,Weiss,1,89.9,89.9,28.0
AB-2026-12313,2026-06-09,Amazon,K-15646,Rechnungskauf,JOG-CL-XS-WEI,Jogger Classic,XS,Weiss,1,64.9,64.9,19.5
AB-2026-12314,2026-01-10,Eigener Shop,K-14150,PayPal,JOG-CL-M-SCH,Jogger Classic,M,Schwarz,1,64.9,64.9,19.5
AB-2026-12315,2026-02-28,Eigener Shop,K-12613,PayPal,HOOD-ZP-XS-SCH,Zip-Hoodie Heavy,XS,Schwarz,1,89.9,89.9,28.0
AB-2026-12316,2026-05-13,Eigener Shop,K-13860,PayPal,SOCK-3P-XL-SCH,Sneaker Socken 3er-Pack,XL,Schwarz,1,19.9,19.9,4.8
AB-2026-12317,2026-03-18,Eigener Shop,K-16950,Kreditkarte,HOOD-ZP-S-SCH,Zip-Hoodie Heavy,S,Schwarz,1,89.9,89.9,28.0
AB-2026-12318,2026-03-24,Eigener Shop,K-14094,Kreditkarte,HOOD-ZP-XL-SCH,Zip-Hoodie Heavy,XL,Schwarz,1,89.9,89.9,28.0
AB-2026-12319,2026-05-03,Eigener Shop,K-16511,PayPal,CAP-LG-S-SCH,Cap Logo,S,Schwarz,1,24.9,24.9,6.0
AB-2026-12320,2026-01-25,Eigener Shop,K-19726,Rechnungskauf,JOG-CL-M-NAV,Jogger Classic,M,Navy,1,64.9,64.9,19.5
AB-2026-12320,2026-01-25,Eigener Shop,K-19726,Rechnungskauf,HOOD-ZP-M-SCH,Zip-Hoodie Heavy,M,Schwarz,1,89.9,89.9,28.0
AB-2026-12321,2026-02-16,Eigener Shop,K-14834,PayPal,HOOD-ZP-L-SCH,Zip-Hoodie Heavy,L,Schwarz,1,89.9,89.9,28.0
AB-2026-12322,2026-02-23,Zalando,K-15653,Rechnungskauf,TEE-BAS-XS-WEI,T-Shirt Basic,XS,Weiss,1,29.9,29.9,7.5
AB-2026-12323,2026-04-05,Amazon,K-12963,Rechnungskauf,JKT-RN-M-SCH,Regenjacke Tech,M,Schwarz,1,119.9,119.9,84.0
AB-2026-12324,2026-05-08,Eigener Shop,K-14374,PayPal,SOCK-3P-L-SCH,Sneaker Socken 3er-Pack,L,Schwarz,1,19.9,19.9,4.8
AB-2026-12325,2026-05-21,Eigener Shop,K-13303,PayPal,JOG-CL-XL-SCH,Jogger Classic,XL,Schwarz,1,64.9,64.9,19.5
AB-2026-12326,2026-03-17,Amazon,K-14080,Vorkasse,CAP-LG-XS-WEI,Cap Logo,XS,Weiss,1,24.9,24.9,6.0
AB-2026-12326,2026-03-17,Amazon,K-14080,Vorkasse,CAP-LG-XL-WEI,Cap Logo,XL,Weiss,1,24.9,24.9,6.0
AB-2026-12327,2026-06-01,Eigener Shop,K-15726,PayPal,KLEID-PR-M-WEI,Sommerkleid Print,M,Weiss,1,79.9,79.9,24.0
AB-2026-12328,2026-06-10,Amazon,K-10967,Rechnungskauf,CAP-LG-XL-SCH,Cap Logo,XL,Schwarz,1,24.9,24.9,6.0
AB-2026-12329,2026-05-20,Eigener Shop,K-10295,PayPal,HOOD-ZP-XS-SCH,Zip-Hoodie Heavy,XS,Schwarz,1,89.9,89.9,28.0
AB-2026-12330,2026-02-04,Eigener Shop,K-11035,Vorkasse,KLEID-PR-M-OLI,Sommerkleid Print,M,Oliv,1,79.9,79.9,24.0
AB-2026-12330,2026-02-04,Eigener Shop,K-11035,Vorkasse,SOCK-3P-XS-WEI,Sneaker Socken 3er-Pack,XS,Weiss,1,19.9,19.9,4.8
AB-2026-12331,2026-01-16,Eigener Shop,K-15154,PayPal,JOG-CL-XL-SCH,Jogger Classic,XL,Schwarz,1,64.9,64.9,19.5
AB-2026-12331,2026-01-16,Eigener Shop,K-15154,PayPal,KLEID-PR-XL-WEI,Sommerkleid Print,XL,Weiss,1,79.9,79.9,24.0
AB-2026-12332,2026-01-09,Eigener Shop,K-19916,PayPal,HOOD-CL-XS-NAV,Hoodie Classic,XS,Navy,1,69.9,69.9,21.0
AB-2026-12333,2026-02-04,Amazon,K-17913,PayPal,JOG-CL-S-WEI,Jogger Classic,S,Weiss,1,64.9,64.9,19.5
AB-2026-12334,2026-03-30,Eigener Shop,K-10879,Kreditkarte,HOOD-ZP-XL-WEI,Zip-Hoodie Heavy,XL,Weiss,1,89.9,89.9,28.0
AB-2026-12334,2026-03-30,Eigener Shop,K-10879,Kreditkarte,SOCK-3P-L-WEI,Sneaker Socken 3er-Pack,L,Weiss,1,19.9,19.9,4.8
AB-2026-12335,2026-02-14,Eigener Shop,K-11773,Rechnungskauf,CAP-LG-M-SCH,Cap Logo,M,Schwarz,1,24.9,24.9,6.0
AB-2026-12335,2026-02-14,Eigener Shop,K-11773,Rechnungskauf,CAP-LG-S-SCH,Cap Logo,S,Schwarz,1,24.9,24.9,6.0
AB-2026-12336,2026-04-16,Amazon,K-17724,PayPal,TEE-OVS-S-OLI,T-Shirt Oversized,S,Oliv,1,34.9,34.9,9.0
AB-2026-12337,2026-02-08,Eigener Shop,K-14019,Rechnungskauf,HOOD-ZP-M-SCH,Zip-Hoodie Heavy,M,Schwarz,1,89.9,89.9,28.0
AB-2026-12337,2026-02-08,Eigener Shop,K-14019,Rechnungskauf,TEE-OVS-M-NAV,T-Shirt Oversized,M,Navy,1,34.9,34.9,9.0
AB-2026-12338,2026-04-03,Eigener Shop,K-13152,PayPal,JKT-RN-XL-SCH,Regenjacke Tech,XL,Schwarz,1,119.9,119.9,84.0
AB-2026-12338,2026-04-03,Eigener Shop,K-13152,PayPal,JKT-RN-S-WEI,Regenjacke Tech,S,Weiss,1,119.9,119.9,84.0
AB-2026-12339,2026-06-21,Eigener Shop,K-10385,Rechnungskauf,KLEID-PR-XL-WEI,Sommerkleid Print,XL,Weiss,1,79.9,79.9,24.0
AB-2026-12339,2026-06-21,Eigener Shop,K-10385,Rechnungskauf,HOOD-ZP-XS-SCH,Zip-Hoodie Heavy,XS,Schwarz,1,89.9,89.9,28.0
AB-2026-12340,2026-04-19,Eigener Shop,K-18700,Rechnungskauf,HOOD-CL-S-SCH,Hoodie Classic,S,Schwarz,1,69.9,69.9,21.0
AB-2026-12340,2026-04-19,Eigener Shop,K-18700,Rechnungskauf,HOOD-CL-XL-SCH,Hoodie Classic,XL,Schwarz,1,69.9,69.9,21.0
AB-2026-12341,2026-01-20,Amazon,K-13197,PayPal,TEE-OVS-S-OLI,T-Shirt Oversized,S,Oliv,1,34.9,34.9,9.0
AB-2026-12342,2026-01-22,Eigener Shop,K-17678,Rechnungskauf,HOOD-ZP-M-SCH,Zip-Hoodie Heavy,M,Schwarz,1,89.9,89.9,28.0
AB-2026-12342,2026-01-22,Eigener Shop,K-17678,Rechnungskauf,HOOD-CL-M-NAV,Hoodie Classic,M,Navy,1,69.9,69.9,21.0
AB-2026-12343,2026-02-18,Amazon,K-10794,PayPal,HOOD-CL-XS-NAV,Hoodie Classic,XS,Navy,1,69.9,69.9,21.0
AB-2026-12344,2026-01-29,Eigener Shop,K-17204,PayPal,CAP-LG-XL-WEI,Cap Logo,XL,Weiss,1,24.9,24.9,6.0
AB-2026-12345,2026-01-25,Eigener Shop,K-12018,PayPal,KLEID-PR-L-OLI,Sommerkleid Print,L,Oliv,1,79.9,79.9,24.0
AB-2026-12345,2026-01-25,Eigener Shop,K-12018,PayPal,SOCK-3P-XL-SCH,Sneaker Socken 3er-Pack,XL,Schwarz,1,19.9,19.9,4.8
AB-2026-12346,2026-05-19,Eigener Shop,K-13946,Vorkasse,HOOD-ZP-M-SCH,Zip-Hoodie Heavy,M,Schwarz,1,89.9,89.9,28.0
AB-2026-12347,2026-06-14,Eigener Shop,K-12191,PayPal,CAP-LG-XL-NAV,Cap Logo,XL,Navy,1,24.9,24.9,6.0
AB-2026-12348,2026-06-30,Eigener Shop,K-15090,Kreditkarte,TEE-OVS-XL-WEI,T-Shirt Oversized,XL,Weiss,1,34.9,34.9,9.0
AB-2026-12348,2026-06-30,Eigener Shop,K-15090,Kreditkarte,JKT-RN-XL-SCH,Regenjacke Tech,XL,Schwarz,1,119.9,119.9,84.0
AB-2026-12348,2026-06-30,Eigener Shop,K-15090,Kreditkarte,HOOD-ZP-XS-SCH,Zip-Hoodie Heavy,XS,Schwarz,1,89.9,89.9,28.0
AB-2026-12349,2026-04-27,Amazon,K-13640,Rechnungskauf,JOG-CL-S-SCH,Jogger Classic,S,Schwarz,1,64.9,64.9,19.5
AB-2026-12349,2026-04-27,Amazon,K-13640,Rechnungskauf,JOG-CL-M-SCH,Jogger Classic,M,Schwarz,1,64.9,64.9,19.5
AB-2026-12350,2026-01-06,Eigener Shop,K-14057,PayPal,HOOD-ZP-L-WEI,Zip-Hoodie Heavy,L,Weiss,1,89.9,89.9,28.0
AB-2026-12351,2026-06-05,Zalando,K-14529,Vorkasse,TEE-OVS-S-NAV,T-Shirt Oversized,S,Navy,1,34.9,34.9,9.0
AB-2026-12352,2026-01-11,Eigener Shop,K-12847,PayPal,TEE-BAS-S-OLI,T-Shirt Basic,S,Oliv,1,29.9,29.9,7.5
AB-2026-12352,2026-01-11,Eigener Shop,K-12847,PayPal,TEE-BAS-XL-SCH,T-Shirt Basic,XL,Schwarz,1,29.9,29.9,7.5
AB-2026-12353,2026-02-25,Eigener Shop,K-10818,Kreditkarte,HOOD-ZP-M-WEI,Zip-Hoodie Heavy,M,Weiss,1,89.9,89.9,28.0
AB-2026-12354,2026-04-24,Eigener Shop,K-13544,Vorkasse,JOG-CL-M-WEI,Jogger Classic,M,Weiss,1,64.9,64.9,19.5
AB-2026-12354,2026-04-24,Eigener Shop,K-13544,Vorkasse,TEE-BAS-XS-SCH,T-Shirt Basic,XS,Schwarz,1,29.9,29.9,7.5
AB-2026-12355,2026-06-11,Zalando,K-18863,Vorkasse,HOOD-ZP-XS-WEI,Zip-Hoodie Heavy,XS,Weiss,1,89.9,89.9,28.0
AB-2026-12356,2026-04-15,Eigener Shop,K-17829,PayPal,CAP-LG-S-OLI,Cap Logo,S,Oliv,1,24.9,24.9,6.0
AB-2026-12356,2026-04-15,Eigener Shop,K-17829,PayPal,HOOD-ZP-XL-SCH,Zip-Hoodie Heavy,XL,Schwarz,1,89.9,89.9,28.0
AB-2026-12357,2026-03-12,Eigener Shop,K-17887,Rechnungskauf,HOOD-CL-M-NAV,Hoodie Classic,M,Navy,1,69.9,69.9,21.0
AB-2026-12357,2026-03-12,Eigener Shop,K-17887,Rechnungskauf,JKT-RN-S-SCH,Regenjacke Tech,S,Schwarz,1,119.9,119.9,84.0
AB-2026-12358,2026-04-16,Eigener Shop,K-19325,PayPal,HOOD-ZP-S-SCH,Zip-Hoodie Heavy,S,Schwarz,1,89.9,89.9,28.0
AB-2026-12359,2026-05-01,Eigener Shop,K-13498,Rechnungskauf,JKT-RN-S-SCH,Regenjacke Tech,S,Schwarz,1,119.9,119.9,84.0
AB-2026-12360,2026-01-23,Eigener Shop,K-19109,Vorkasse,TEE-BAS-S-OLI,T-Shirt Basic,S,Oliv,1,29.9,29.9,7.5
AB-2026-12360,2026-01-23,Eigener Shop,K-19109,Vorkasse,HOOD-CL-M-WEI,Hoodie Classic,M,Weiss,1,69.9,69.9,21.0
AB-2026-12361,2026-04-23,Eigener Shop,K-17779,Kreditkarte,TEE-BAS-XS-WEI,T-Shirt Basic,XS,Weiss,1,29.9,29.9,7.5
AB-2026-12362,2026-02-03,Eigener Shop,K-16278,Vorkasse,HOOD-ZP-XL-SCH,Zip-Hoodie Heavy,XL,Schwarz,1,89.9,89.9,28.0
AB-2026-12363,2026-06-10,Amazon,K-10779,Rechnungskauf,KLEID-PR-S-SCH,Sommerkleid Print,S,Schwarz,1,79.9,79.9,24.0
AB-2026-12364,2026-03-21,Eigener Shop,K-18204,PayPal,HOOD-ZP-XS-WEI,Zip-Hoodie Heavy,XS,Weiss,1,89.9,89.9,28.0
AB-2026-12364,2026-03-21,Eigener Shop,K-18204,PayPal,KLEID-PR-XS-OLI,Sommerkleid Print,XS,Oliv,1,79.9,79.9,24.0
AB-2026-12364,2026-03-21,Eigener Shop,K-18204,PayPal,SOCK-3P-S-WEI,Sneaker Socken 3er-Pack,S,Weiss,1,19.9,19.9,4.8
AB-2026-12365,2026-05-25,Eigener Shop,K-11243,Vorkasse,HOOD-CL-L-OLI,Hoodie Classic,L,Oliv,1,69.9,69.9,21.0
AB-2026-12366,2026-01-03,Amazon,K-11496,Rechnungskauf,KLEID-PR-XS-WEI,Sommerkleid Print,XS,Weiss,1,79.9,79.9,24.0
AB-2026-12367,2026-01-24,Eigener Shop,K-11405,PayPal,TEE-OVS-M-WEI,T-Shirt Oversized,M,Weiss,1,34.9,34.9,9.0
AB-2026-12367,2026-01-24,Eigener Shop,K-11405,PayPal,SOCK-3P-M-NAV,Sneaker Socken 3er-Pack,M,Navy,1,19.9,19.9,4.8
AB-2026-12368,2026-06-12,Eigener Shop,K-15792,Rechnungskauf,SOCK-3P-L-NAV,Sneaker Socken 3er-Pack,L,Navy,1,19.9,19.9,4.8
AB-2026-12368,2026-06-12,Eigener Shop,K-15792,Rechnungskauf,SOCK-3P-M-NAV,Sneaker Socken 3er-Pack,M,Navy,1,19.9,19.9,4.8
AB-2026-12368,2026-06-12,Eigener Shop,K-15792,Rechnungskauf,JKT-RN-XL-SCH,Regenjacke Tech,XL,Schwarz,1,119.9,119.9,84.0
AB-2026-12368,2026-06-12,Eigener Shop,K-15792,Rechnungskauf,JKT-RN-XS-SCH,Regenjacke Tech,XS,Schwarz,1,119.9,119.9,84.0
AB-2026-12369,2026-05-27,Eigener Shop,K-16724,Rechnungskauf,SOCK-3P-XS-SCH,Sneaker Socken 3er-Pack,XS,Schwarz,1,19.9,19.9,4.8
AB-2026-12370,2026-03-01,Eigener Shop,K-15257,Rechnungskauf,SOCK-3P-XL-NAV,Sneaker Socken 3er-Pack,XL,Navy,1,19.9,19.9,4.8
AB-2026-12370,2026-03-01,Eigener Shop,K-15257,Rechnungskauf,HOOD-CL-S-WEI,Hoodie Classic,S,Weiss,1,69.9,69.9,21.0
AB-2026-12371,2026-04-02,Zalando,K-11619,Vorkasse,HOOD-CL-XS-SCH,Hoodie Classic,XS,Schwarz,1,69.9,69.9,21.0
AB-2026-12372,2026-04-22,Amazon,K-15915,Rechnungskauf,SOCK-3P-XS-SCH,Sneaker Socken 3er-Pack,XS,Schwarz,1,19.9,19.9,4.8
AB-2026-12373,2026-02-05,Amazon,K-17598,Rechnungskauf,HOOD-CL-S-SCH,Hoodie Classic,S,Schwarz,1,69.9,69.9,21.0
AB-2026-12373,2026-02-05,Amazon,K-17598,Rechnungskauf,HOOD-ZP-S-WEI,Zip-Hoodie Heavy,S,Weiss,1,89.9,89.9,28.0
AB-2026-12373,2026-02-05,Amazon,K-17598,Rechnungskauf,HOOD-ZP-XL-SCH,Zip-Hoodie Heavy,XL,Schwarz,1,89.9,89.9,28.0
AB-2026-12374,2026-05-10,Amazon,K-12341,Rechnungskauf,CAP-LG-XS-SCH,Cap Logo,XS,Schwarz,1,24.9,24.9,6.0
AB-2026-12375,2026-02-27,Eigener Shop,K-17364,PayPal,JOG-CL-L-NAV,Jogger Classic,L,Navy,1,64.9,64.9,19.5
AB-2026-12376,2026-06-23,Amazon,K-17556,Kreditkarte,SOCK-3P-L-NAV,Sneaker Socken 3er-Pack,L,Navy,1,19.9,19.9,4.8
AB-2026-12376,2026-06-23,Amazon,K-17556,Kreditkarte,HOOD-ZP-M-SCH,Zip-Hoodie Heavy,M,Schwarz,1,89.9,89.9,28.0
AB-2026-12377,2026-06-05,Eigener Shop,K-10102,Rechnungskauf,JKT-RN-L-WEI,Regenjacke Tech,L,Weiss,1,119.9,119.9,84.0
AB-2026-12377,2026-06-05,Eigener Shop,K-10102,Rechnungskauf,HOOD-ZP-XS-WEI,Zip-Hoodie Heavy,XS,Weiss,1,89.9,89.9,28.0
AB-2026-12377,2026-06-05,Eigener Shop,K-10102,Rechnungskauf,JOG-CL-S-NAV,Jogger Classic,S,Navy,1,64.9,64.9,19.5
AB-2026-12378,2026-04-29,Eigener Shop,K-16535,Kreditkarte,HOOD-ZP-M-SCH,Zip-Hoodie Heavy,M,Schwarz,1,89.9,89.9,28.0
AB-2026-12379,2026-01-14,Amazon,K-13565,Rechnungskauf,HOOD-CL-XS-NAV,Hoodie Classic,XS,Navy,1,69.9,69.9,21.0
AB-2026-12380,2026-01-03,Eigener Shop,K-13693,PayPal,CAP-LG-S-WEI,Cap Logo,S,Weiss,1,24.9,24.9,6.0
AB-2026-12381,2026-03-02,Eigener Shop,K-17231,Rechnungskauf,SOCK-3P-L-NAV,Sneaker Socken 3er-Pack,L,Navy,1,19.9,19.9,4.8
AB-2026-12382,2026-01-12,Eigener Shop,K-18304,PayPal,SOCK-3P-M-NAV,Sneaker Socken 3er-Pack,M,Navy,1,19.9,19.9,4.8
AB-2026-12383,2026-01-04,Eigener Shop,K-12236,PayPal,CAP-LG-XL-SCH,Cap Logo,XL,Schwarz,1,24.9,24.9,6.0
AB-2026-12384,2026-05-14,Eigener Shop,K-15315,Vorkasse,SOCK-3P-M-NAV,Sneaker Socken 3er-Pack,M,Navy,1,19.9,19.9,4.8
AB-2026-12384,2026-05-14,Eigener Shop,K-15315,Vorkasse,HOOD-CL-M-SCH,Hoodie Classic,M,Schwarz,1,69.9,69.9,21.0
AB-2026-12385,2026-03-06,Eigener Shop,K-14326,Kreditkarte,TEE-OVS-M-NAV,T-Shirt Oversized,M,Navy,1,34.9,34.9,9.0
AB-2026-12386,2026-03-09,Eigener Shop,K-19685,Vorkasse,TEE-BAS-M-WEI,T-Shirt Basic,M,Weiss,1,29.9,29.9,7.5
AB-2026-12386,2026-03-09,Eigener Shop,K-19685,Vorkasse,TEE-BAS-XL-WEI,T-Shirt Basic,XL,Weiss,1,29.9,29.9,7.5
AB-2026-12386,2026-03-09,Eigener Shop,K-19685,Vorkasse,TEE-BAS-XS-OLI,T-Shirt Basic,XS,Oliv,1,29.9,29.9,7.5
AB-2026-12386,2026-03-09,Eigener Shop,K-19685,Vorkasse,TEE-BAS-M-OLI,T-Shirt Basic,M,Oliv,1,29.9,29.9,7.5
AB-2026-12387,2026-01-17,Amazon,K-13166,Rechnungskauf,TEE-OVS-L-NAV,T-Shirt Oversized,L,Navy,1,34.9,34.9,9.0
AB-2026-12387,2026-01-17,Amazon,K-13166,Rechnungskauf,TEE-OVS-M-NAV,T-Shirt Oversized,M,Navy,1,34.9,34.9,9.0
AB-2026-12388,2026-02-20,Eigener Shop,K-10538,Vorkasse,HOOD-CL-XL-SCH,Hoodie Classic,XL,Schwarz,1,69.9,69.9,21.0
AB-2026-12389,2026-05-28,Eigener Shop,K-12927,PayPal,HOOD-CL-L-NAV,Hoodie Classic,L,Navy,1,69.9,69.9,21.0
AB-2026-12390,2026-01-17,Eigener Shop,K-13714,PayPal,JKT-RN-M-WEI,Regenjacke Tech,M,Weiss,1,119.9,119.9,84.0
AB-2026-12390,2026-01-17,Eigener Shop,K-13714,PayPal,SOCK-3P-L-WEI,Sneaker Socken 3er-Pack,L,Weiss,1,19.9,19.9,4.8
AB-2026-12391,2026-02-24,Eigener Shop,K-16671,Vorkasse,TEE-BAS-XL-SCH,T-Shirt Basic,XL,Schwarz,1,29.9,29.9,7.5
AB-2026-12392,2026-01-14,Amazon,K-14946,PayPal,JOG-CL-XL-SCH,Jogger Classic,XL,Schwarz,1,64.9,64.9,19.5
AB-2026-12393,2026-03-07,Zalando,K-17833,Rechnungskauf,HOOD-CL-XL-WEI,Hoodie Classic,XL,Weiss,1,69.9,69.9,21.0
AB-2026-12393,2026-03-07,Zalando,K-17833,Rechnungskauf,JOG-CL-L-WEI,Jogger Classic,L,Weiss,1,64.9,64.9,19.5
AB-2026-12394,2026-05-08,Eigener Shop,K-12688,Kreditkarte,HOOD-ZP-XS-WEI,Zip-Hoodie Heavy,XS,Weiss,1,89.9,89.9,28.0
AB-2026-12394,2026-05-08,Eigener Shop,K-12688,Kreditkarte,KLEID-PR-XL-WEI,Sommerkleid Print,XL,Weiss,1,79.9,79.9,24.0
AB-2026-12395,2026-01-20,Eigener Shop,K-12506,PayPal,JKT-RN-XS-WEI,Regenjacke Tech,XS,Weiss,1,119.9,119.9,84.0
AB-2026-12396,2026-05-07,Eigener Shop,K-17083,Vorkasse,HOOD-ZP-S-SCH,Zip-Hoodie Heavy,S,Schwarz,1,89.9,89.9,28.0
AB-2026-12397,2026-03-29,Eigener Shop,K-13534,PayPal,SOCK-3P-XL-OLI,Sneaker Socken 3er-Pack,XL,Oliv,1,19.9,19.9,4.8
AB-2026-12398,2026-01-28,Eigener Shop,K-18404,Rechnungskauf,JOG-CL-L-SCH,Jogger Classic,L,Schwarz,1,64.9,64.9,19.5
AB-2026-12399,2026-05-09,Eigener Shop,K-11011,PayPal,HOOD-ZP-XL-WEI,Zip-Hoodie Heavy,XL,Weiss,1,89.9,89.9,28.0
AB-2026-12400,2026-05-30,Eigener Shop,K-12420,Rechnungskauf,JKT-RN-XL-SCH,Regenjacke Tech,XL,Schwarz,1,119.9,119.9,84.0
AB-2026-12401,2026-04-26,Eigener Shop,K-10097,Vorkasse,HOOD-CL-S-NAV,Hoodie Classic,S,Navy,1,69.9,69.9,21.0
AB-2026-12402,2026-05-01,Eigener Shop,K-19838,Rechnungskauf,HOOD-CL-XS-OLI,Hoodie Classic,XS,Oliv,1,69.9,69.9,21.0
AB-2026-12403,2026-05-20,Amazon,K-18906,Rechnungskauf,HOOD-ZP-M-SCH,Zip-Hoodie Heavy,M,Schwarz,1,89.9,89.9,28.0
AB-2026-12404,2026-06-04,Eigener Shop,K-11245,PayPal,HOOD-ZP-XL-SCH,Zip-Hoodie Heavy,XL,Schwarz,1,89.9,89.9,28.0
AB-2026-12404,2026-06-04,Eigener Shop,K-11245,PayPal,CAP-LG-S-OLI,Cap Logo,S,Oliv,1,24.9,24.9,6.0
AB-2026-12405,2026-03-30,Amazon,K-16185,Rechnungskauf,JKT-RN-L-WEI,Regenjacke Tech,L,Weiss,1,119.9,119.9,84.0
AB-2026-12406,2026-02-22,Eigener Shop,K-18127,Vorkasse,CAP-LG-L-SCH,Cap Logo,L,Schwarz,1,24.9,24.9,6.0
AB-2026-12407,2026-04-22,Eigener Shop,K-13626,PayPal,TEE-BAS-L-WEI,T-Shirt Basic,L,Weiss,1,29.9,29.9,7.5
AB-2026-12408,2026-01-29,Eigener Shop,K-14343,Vorkasse,JKT-RN-S-SCH,Regenjacke Tech,S,Schwarz,1,119.9,119.9,84.0
AB-2026-12408,2026-01-29,Eigener Shop,K-14343,Vorkasse,TEE-OVS-S-SCH,T-Shirt Oversized,S,Schwarz,1,34.9,34.9,9.0
AB-2026-12409,2026-02-03,Zalando,K-13699,PayPal,HOOD-ZP-M-WEI,Zip-Hoodie Heavy,M,Weiss,1,89.9,89.9,28.0
AB-2026-12410,2026-03-20,Eigener Shop,K-18768,Vorkasse,KLEID-PR-L-WEI,Sommerkleid Print,L,Weiss,1,79.9,79.9,24.0
AB-2026-12410,2026-03-20,Eigener Shop,K-18768,Vorkasse,KLEID-PR-M-OLI,Sommerkleid Print,M,Oliv,1,79.9,79.9,24.0
AB-2026-12411,2026-03-19,Eigener Shop,K-12353,PayPal,KLEID-PR-L-OLI,Sommerkleid Print,L,Oliv,1,79.9,79.9,24.0
AB-2026-12412,2026-06-04,Eigener Shop,K-18873,Rechnungskauf,HOOD-ZP-S-WEI,Zip-Hoodie Heavy,S,Weiss,1,89.9,89.9,28.0
AB-2026-12413,2026-01-05,Eigener Shop,K-14270,PayPal,SOCK-3P-XS-NAV,Sneaker Socken 3er-Pack,XS,Navy,1,19.9,19.9,4.8
AB-2026-12413,2026-01-05,Eigener Shop,K-14270,PayPal,HOOD-CL-L-NAV,Hoodie Classic,L,Navy,1,69.9,69.9,21.0
AB-2026-12414,2026-06-27,Eigener Shop,K-11414,Kreditkarte,HOOD-CL-XS-SCH,Hoodie Classic,XS,Schwarz,1,69.9,69.9,21.0
AB-2026-12415,2026-02-12,Zalando,K-10442,PayPal,HOOD-ZP-L-SCH,Zip-Hoodie Heavy,L,Schwarz,1,89.9,89.9,28.0
AB-2026-12415,2026-02-12,Zalando,K-10442,PayPal,HOOD-ZP-S-SCH,Zip-Hoodie Heavy,S,Schwarz,1,89.9,89.9,28.0
AB-2026-12415,2026-02-12,Zalando,K-10442,PayPal,TEE-OVS-XL-OLI,T-Shirt Oversized,XL,Oliv,1,34.9,34.9,9.0
AB-2026-12415,2026-02-12,Zalando,K-10442,PayPal,TEE-OVS-L-OLI,T-Shirt Oversized,L,Oliv,1,34.9,34.9,9.0
AB-2026-12416,2026-06-14,Eigener Shop,K-11124,Kreditkarte,TEE-OVS-L-SCH,T-Shirt Oversized,L,Schwarz,1,34.9,34.9,9.0
AB-2026-12417,2026-06-29,Eigener Shop,K-15981,Rechnungskauf,TEE-OVS-S-OLI,T-Shirt Oversized,S,Oliv,1,34.9,34.9,9.0
AB-2026-12418,2026-05-16,Amazon,K-15579,Rechnungskauf,TEE-BAS-XS-NAV,T-Shirt Basic,XS,Navy,1,29.9,29.9,7.5
AB-2026-12418,2026-05-16,Amazon,K-15579,Rechnungskauf,TEE-OVS-M-OLI,T-Shirt Oversized,M,Oliv,1,34.9,34.9,9.0
AB-2026-12418,2026-05-16,Amazon,K-15579,Rechnungskauf,CAP-LG-L-OLI,Cap Logo,L,Oliv,1,24.9,24.9,6.0
AB-2026-12419,2026-03-15,Eigener Shop,K-14206,Vorkasse,JKT-RN-XS-WEI,Regenjacke Tech,XS,Weiss,1,119.9,119.9,84.0
AB-2026-12419,2026-03-15,Eigener Shop,K-14206,Vorkasse,JOG-CL-L-SCH,Jogger Classic,L,Schwarz,1,64.9,64.9,19.5
AB-2026-12420,2026-05-05,Eigener Shop,K-16136,PayPal,TEE-BAS-XS-OLI,T-Shirt Basic,XS,Oliv,1,29.9,29.9,7.5
AB-2026-12420,2026-05-05,Eigener Shop,K-16136,PayPal,TEE-BAS-L-WEI,T-Shirt Basic,L,Weiss,1,29.9,29.9,7.5
AB-2026-12421,2026-02-27,Amazon,K-19127,Vorkasse,TEE-OVS-S-NAV,T-Shirt Oversized,S,Navy,1,34.9,34.9,9.0
AB-2026-12422,2026-04-09,Eigener Shop,K-11684,Rechnungskauf,JOG-CL-XL-OLI,Jogger Classic,XL,Oliv,1,64.9,64.9,19.5
AB-2026-12423,2026-04-04,Eigener Shop,K-13670,Rechnungskauf,HOOD-CL-XL-WEI,Hoodie Classic,XL,Weiss,1,69.9,69.9,21.0
AB-2026-12424,2026-06-11,Eigener Shop,K-10927,Rechnungskauf,HOOD-ZP-S-SCH,Zip-Hoodie Heavy,S,Schwarz,1,89.9,89.9,28.0
AB-2026-12425,2026-01-05,Eigener Shop,K-10555,Vorkasse,TEE-OVS-L-WEI,T-Shirt Oversized,L,Weiss,1,34.9,34.9,9.0
AB-2026-12426,2026-03-10,Eigener Shop,K-15125,Rechnungskauf,JKT-RN-L-SCH,Regenjacke Tech,L,Schwarz,1,119.9,119.9,84.0
AB-2026-12426,2026-03-10,Eigener Shop,K-15125,Rechnungskauf,JKT-RN-XS-WEI,Regenjacke Tech,XS,Weiss,1,119.9,119.9,84.0
AB-2026-12427,2026-06-13,Eigener Shop,K-14083,PayPal,TEE-BAS-S-NAV,T-Shirt Basic,S,Navy,1,29.9,29.9,7.5
AB-2026-12428,2026-06-30,Eigener Shop,K-12127,Kreditkarte,JKT-RN-XL-WEI,Regenjacke Tech,XL,Weiss,1,119.9,119.9,84.0
AB-2026-12429,2026-05-29,Eigener Shop,K-10017,Rechnungskauf,HOOD-ZP-S-WEI,Zip-Hoodie Heavy,S,Weiss,1,89.9,89.9,28.0
AB-2026-12430,2026-06-01,Eigener Shop,K-13459,Kreditkarte,TEE-OVS-S-SCH,T-Shirt Oversized,S,Schwarz,1,34.9,34.9,9.0
AB-2026-12430,2026-06-01,Eigener Shop,K-13459,Kreditkarte,TEE-OVS-M-SCH,T-Shirt Oversized,M,Schwarz,1,34.9,34.9,9.0
AB-2026-12431,2026-01-16,Amazon,K-12898,Rechnungskauf,TEE-BAS-S-SCH,T-Shirt Basic,S,Schwarz,1,29.9,29.9,7.5
AB-2026-12432,2026-06-23,Eigener Shop,K-15491,Vorkasse,HOOD-CL-S-OLI,Hoodie Classic,S,Oliv,1,69.9,69.9,21.0
AB-2026-12433,2026-02-26,Eigener Shop,K-13060,PayPal,KLEID-PR-S-SCH,Sommerkleid Print,S,Schwarz,1,79.9,79.9,24.0
AB-2026-12433,2026-02-26,Eigener Shop,K-13060,PayPal,SOCK-3P-XS-SCH,Sneaker Socken 3er-Pack,XS,Schwarz,1,19.9,19.9,4.8
AB-2026-12433,2026-02-26,Eigener Shop,K-13060,PayPal,SOCK-3P-XL-NAV,Sneaker Socken 3er-Pack,XL,Navy,1,19.9,19.9,4.8
AB-2026-12434,2026-01-01,Eigener Shop,K-19391,Rechnungskauf,JOG-CL-XS-WEI,Jogger Classic,XS,Weiss,1,64.9,64.9,19.5
AB-2026-12434,2026-01-01,Eigener Shop,K-19391,Rechnungskauf,HOOD-ZP-M-SCH,Zip-Hoodie Heavy,M,Schwarz,1,89.9,89.9,28.0
AB-2026-12435,2026-01-20,Amazon,K-12319,PayPal,HOOD-CL-L-SCH,Hoodie Classic,L,Schwarz,1,69.9,69.9,21.0
AB-2026-12436,2026-01-29,Eigener Shop,K-11887,PayPal,TEE-BAS-S-OLI,T-Shirt Basic,S,Oliv,1,29.9,29.9,7.5
AB-2026-12437,2026-01-17,Eigener Shop,K-15443,Vorkasse,TEE-OVS-M-SCH,T-Shirt Oversized,M,Schwarz,1,34.9,34.9,9.0
AB-2026-12437,2026-01-17,Eigener Shop,K-15443,Vorkasse,KLEID-PR-L-WEI,Sommerkleid Print,L,Weiss,1,79.9,79.9,24.0
AB-2026-12438,2026-02-12,Zalando,K-17613,PayPal,TEE-OVS-S-OLI,T-Shirt Oversized,S,Oliv,1,34.9,34.9,9.0
AB-2026-12438,2026-02-12,Zalando,K-17613,PayPal,TEE-OVS-XL-OLI,T-Shirt Oversized,XL,Oliv,1,34.9,34.9,9.0
AB-2026-12438,2026-02-12,Zalando,K-17613,PayPal,TEE-BAS-S-OLI,T-Shirt Basic,S,Oliv,1,29.9,29.9,7.5
AB-2026-12438,2026-02-12,Zalando,K-17613,PayPal,TEE-BAS-M-OLI,T-Shirt Basic,M,Oliv,1,29.9,29.9,7.5
AB-2026-12439,2026-05-01,Eigener Shop,K-10266,Vorkasse,SOCK-3P-XL-NAV,Sneaker Socken 3er-Pack,XL,Navy,1,19.9,19.9,4.8
AB-2026-12440,2026-06-11,Eigener Shop,K-16543,PayPal,TEE-OVS-XL-NAV,T-Shirt Oversized,XL,Navy,1,34.9,34.9,9.0
AB-2026-12441,2026-04-29,Zalando,K-19123,Rechnungskauf,CAP-LG-XS-NAV,Cap Logo,XS,Navy,1,24.9,24.9,6.0
AB-2026-12442,2026-01-13,Eigener Shop,K-15993,PayPal,SOCK-3P-S-NAV,Sneaker Socken 3er-Pack,S,Navy,1,19.9,19.9,4.8
AB-2026-12442,2026-01-13,Eigener Shop,K-15993,PayPal,HOOD-ZP-XS-SCH,Zip-Hoodie Heavy,XS,Schwarz,1,89.9,89.9,28.0
AB-2026-12443,2026-01-12,Eigener Shop,K-13603,Vorkasse,TEE-BAS-L-WEI,T-Shirt Basic,L,Weiss,1,29.9,29.9,7.5
AB-2026-12443,2026-01-12,Eigener Shop,K-13603,Vorkasse,HOOD-ZP-M-SCH,Zip-Hoodie Heavy,M,Schwarz,1,89.9,89.9,28.0
AB-2026-12444,2026-06-05,Eigener Shop,K-14170,PayPal,HOOD-ZP-S-SCH,Zip-Hoodie Heavy,S,Schwarz,1,89.9,89.9,28.0
AB-2026-12445,2026-06-22,Eigener Shop,K-10786,PayPal,HOOD-ZP-L-SCH,Zip-Hoodie Heavy,L,Schwarz,1,89.9,89.9,28.0
AB-2026-12446,2026-05-13,Eigener Shop,K-14047,Vorkasse,HOOD-ZP-L-WEI,Zip-Hoodie Heavy,L,Weiss,1,89.9,89.9,28.0
AB-2026-12446,2026-05-13,Eigener Shop,K-14047,Vorkasse,JOG-CL-M-SCH,Jogger Classic,M,Schwarz,1,64.9,64.9,19.5
AB-2026-12447,2026-04-02,Amazon,K-12108,Kreditkarte,HOOD-ZP-L-SCH,Zip-Hoodie Heavy,L,Schwarz,1,89.9,89.9,28.0
AB-2026-12448,2026-04-01,Eigener Shop,K-13651,Vorkasse,HOOD-CL-L-SCH,Hoodie Classic,L,Schwarz,1,69.9,69.9,21.0
AB-2026-12449,2026-05-02,Zalando,K-11874,Rechnungskauf,TEE-BAS-XL-NAV,T-Shirt Basic,XL,Navy,1,29.9,29.9,7.5
AB-2026-12449,2026-05-02,Zalando,K-11874,Rechnungskauf,HOOD-CL-L-SCH,Hoodie Classic,L,Schwarz,1,69.9,69.9,21.0
AB-2026-12449,2026-05-02,Zalando,K-11874,Rechnungskauf,HOOD-ZP-XL-SCH,Zip-Hoodie Heavy,XL,Schwarz,1,89.9,89.9,28.0
AB-2026-12450,2026-05-18,Amazon,K-16326,Kreditkarte,JKT-RN-XL-WEI,Regenjacke Tech,XL,Weiss,1,119.9,119.9,84.0
AB-2026-12450,2026-05-18,Amazon,K-16326,Kreditkarte,HOOD-ZP-XS-SCH,Zip-Hoodie Heavy,XS,Schwarz,1,89.9,89.9,28.0
AB-2026-12451,2026-01-22,Eigener Shop,K-13192,Rechnungskauf,JKT-RN-L-SCH,Regenjacke Tech,L,Schwarz,1,119.9,119.9,84.0
AB-2026-12451,2026-01-22,Eigener Shop,K-13192,Rechnungskauf,KLEID-PR-S-NAV,Sommerkleid Print,S,Navy,1,79.9,79.9,24.0
AB-2026-12452,2026-04-24,Amazon,K-14854,Kreditkarte,JKT-RN-XL-WEI,Regenjacke Tech,XL,Weiss,1,119.9,119.9,84.0
AB-2026-12453,2026-02-22,Eigener Shop,K-11426,Kreditkarte,HOOD-ZP-XL-SCH,Zip-Hoodie Heavy,XL,Schwarz,1,89.9,89.9,28.0
AB-2026-12454,2026-06-27,Eigener Shop,K-12855,Vorkasse,TEE-OVS-M-NAV,T-Shirt Oversized,M,Navy,1,34.9,34.9,9.0
AB-2026-12454,2026-06-27,Eigener Shop,K-12855,Vorkasse,HOOD-ZP-M-WEI,Zip-Hoodie Heavy,M,Weiss,1,89.9,89.9,28.0
AB-2026-12455,2026-06-21,Eigener Shop,K-12300,PayPal,SOCK-3P-S-OLI,Sneaker Socken 3er-Pack,S,Oliv,1,19.9,19.9,4.8
AB-2026-12455,2026-06-21,Eigener Shop,K-12300,PayPal,TEE-BAS-XL-NAV,T-Shirt Basic,XL,Navy,1,29.9,29.9,7.5
AB-2026-12455,2026-06-21,Eigener Shop,K-12300,PayPal,HOOD-CL-M-WEI,Hoodie Classic,M,Weiss,1,69.9,69.9,21.0
AB-2026-12456,2026-02-22,Eigener Shop,K-11126,PayPal,HOOD-ZP-L-WEI,Zip-Hoodie Heavy,L,Weiss,1,89.9,89.9,28.0
AB-2026-12456,2026-02-22,Eigener Shop,K-11126,PayPal,JOG-CL-XS-WEI,Jogger Classic,XS,Weiss,1,64.9,64.9,19.5
AB-2026-12456,2026-02-22,Eigener Shop,K-11126,PayPal,TEE-BAS-S-NAV,T-Shirt Basic,S,Navy,1,29.9,29.9,7.5
AB-2026-12457,2026-06-15,Eigener Shop,K-19162,Vorkasse,JKT-RN-L-SCH,Regenjacke Tech,L,Schwarz,1,119.9,119.9,84.0
AB-2026-12458,2026-05-05,Eigener Shop,K-10253,Kreditkarte,KLEID-PR-S-NAV,Sommerkleid Print,S,Navy,1,79.9,79.9,24.0
AB-2026-12459,2026-04-20,Eigener Shop,K-19171,PayPal,TEE-BAS-L-SCH,T-Shirt Basic,L,Schwarz,1,29.9,29.9,7.5
AB-2026-12460,2026-05-01,Eigener Shop,K-13392,PayPal,CAP-LG-S-NAV,Cap Logo,S,Navy,1,24.9,24.9,6.0
AB-2026-12460,2026-05-01,Eigener Shop,K-13392,PayPal,TEE-BAS-XS-SCH,T-Shirt Basic,XS,Schwarz,1,29.9,29.9,7.5
AB-2026-12461,2026-02-20,Eigener Shop,K-17207,Rechnungskauf,TEE-OVS-XL-NAV,T-Shirt Oversized,XL,Navy,1,34.9,34.9,9.0
AB-2026-12462,2026-03-18,Eigener Shop,K-12313,Vorkasse,HOOD-CL-XL-OLI,Hoodie Classic,XL,Oliv,1,69.9,69.9,21.0
AB-2026-12463,2026-02-10,Zalando,K-10375,PayPal,JKT-RN-XL-SCH,Regenjacke Tech,XL,Schwarz,1,119.9,119.9,84.0
AB-2026-12464,2026-03-23,Eigener Shop,K-14628,Vorkasse,SOCK-3P-XL-WEI,Sneaker Socken 3er-Pack,XL,Weiss,1,19.9,19.9,4.8
AB-2026-12464,2026-03-23,Eigener Shop,K-14628,Vorkasse,CAP-LG-XS-WEI,Cap Logo,XS,Weiss,1,24.9,24.9,6.0
AB-2026-12465,2026-06-02,Eigener Shop,K-18001,PayPal,HOOD-ZP-XS-SCH,Zip-Hoodie Heavy,XS,Schwarz,1,89.9,89.9,28.0
AB-2026-12465,2026-06-02,Eigener Shop,K-18001,PayPal,HOOD-CL-XL-NAV,Hoodie Classic,XL,Navy,1,69.9,69.9,21.0
AB-2026-12465,2026-06-02,Eigener Shop,K-18001,PayPal,HOOD-ZP-XL-WEI,Zip-Hoodie Heavy,XL,Weiss,1,89.9,89.9,28.0
AB-2026-12466,2026-01-03,Amazon,K-17466,PayPal,KLEID-PR-L-SCH,Sommerkleid Print,L,Schwarz,1,79.9,79.9,24.0
AB-2026-12466,2026-01-03,Amazon,K-17466,PayPal,HOOD-ZP-L-WEI,Zip-Hoodie Heavy,L,Weiss,1,89.9,89.9,28.0
AB-2026-12467,2026-04-04,Eigener Shop,K-18118,Kreditkarte,KLEID-PR-XL-SCH,Sommerkleid Print,XL,Schwarz,1,79.9,79.9,24.0
AB-2026-12468,2026-03-10,Eigener Shop,K-15850,PayPal,JOG-CL-L-SCH,Jogger Classic,L,Schwarz,1,64.9,64.9,19.5
AB-2026-12468,2026-03-10,Eigener Shop,K-15850,PayPal,TEE-OVS-XL-OLI,T-Shirt Oversized,XL,Oliv,1,34.9,34.9,9.0
AB-2026-12469,2026-04-06,Eigener Shop,K-19923,Vorkasse,KLEID-PR-XL-OLI,Sommerkleid Print,XL,Oliv,1,79.9,79.9,24.0
AB-2026-12469,2026-04-06,Eigener Shop,K-19923,Vorkasse,KLEID-PR-M-OLI,Sommerkleid Print,M,Oliv,1,79.9,79.9,24.0
AB-2026-12469,2026-04-06,Eigener Shop,K-19923,Vorkasse,KLEID-PR-M-SCH,Sommerkleid Print,M,Schwarz,1,79.9,79.9,24.0
AB-2026-12469,2026-04-06,Eigener Shop,K-19923,Vorkasse,KLEID-PR-XL-SCH,Sommerkleid Print,XL,Schwarz,1,79.9,79.9,24.0
AB-2026-12469,2026-04-06,Eigener Shop,K-19923,Vorkasse,HOOD-CL-M-SCH,Hoodie Classic,M,Schwarz,1,69.9,69.9,21.0
AB-2026-12469,2026-04-06,Eigener Shop,K-19923,Vorkasse,HOOD-CL-S-SCH,Hoodie Classic,S,Schwarz,1,69.9,69.9,21.0
AB-2026-12470,2026-05-23,Eigener Shop,K-17784,PayPal,JOG-CL-XS-OLI,Jogger Classic,XS,Oliv,1,64.9,64.9,19.5
AB-2026-12470,2026-05-23,Eigener Shop,K-17784,PayPal,TEE-OVS-XL-NAV,T-Shirt Oversized,XL,Navy,1,34.9,34.9,9.0
AB-2026-12471,2026-04-27,Zalando,K-16143,Kreditkarte,HOOD-ZP-L-WEI,Zip-Hoodie Heavy,L,Weiss,1,89.9,89.9,28.0
AB-2026-12472,2026-03-17,Zalando,K-13109,Rechnungskauf,JKT-RN-S-WEI,Regenjacke Tech,S,Weiss,1,119.9,119.9,84.0
AB-2026-12472,2026-03-17,Zalando,K-13109,Rechnungskauf,KLEID-PR-S-NAV,Sommerkleid Print,S,Navy,1,79.9,79.9,24.0
AB-2026-12473,2026-06-28,Eigener Shop,K-13244,PayPal,KLEID-PR-XL-WEI,Sommerkleid Print,XL,Weiss,1,79.9,79.9,24.0
AB-2026-12473,2026-06-28,Eigener Shop,K-13244,PayPal,TEE-OVS-S-OLI,T-Shirt Oversized,S,Oliv,1,34.9,34.9,9.0
AB-2026-12474,2026-04-01,Eigener Shop,K-15899,Kreditkarte,JKT-RN-XL-SCH,Regenjacke Tech,XL,Schwarz,1,119.9,119.9,84.0
AB-2026-12474,2026-04-01,Eigener Shop,K-15899,Kreditkarte,JKT-RN-M-SCH,Regenjacke Tech,M,Schwarz,1,119.9,119.9,84.0
AB-2026-12475,2026-06-14,Eigener Shop,K-19176,Rechnungskauf,TEE-OVS-L-SCH,T-Shirt Oversized,L,Schwarz,1,34.9,34.9,9.0
AB-2026-12475,2026-06-14,Eigener Shop,K-19176,Rechnungskauf,TEE-OVS-S-NAV,T-Shirt Oversized,S,Navy,1,34.9,34.9,9.0
AB-2026-12476,2026-01-08,Amazon,K-19836,Rechnungskauf,JOG-CL-M-SCH,Jogger Classic,M,Schwarz,1,64.9,64.9,19.5
AB-2026-12477,2026-03-12,Amazon,K-16112,Vorkasse,HOOD-CL-XL-OLI,Hoodie Classic,XL,Oliv,1,69.9,69.9,21.0
AB-2026-12478,2026-05-23,Eigener Shop,K-16472,PayPal,JKT-RN-XS-SCH,Regenjacke Tech,XS,Schwarz,1,119.9,119.9,84.0
AB-2026-12478,2026-05-23,Eigener Shop,K-16472,PayPal,CAP-LG-XL-OLI,Cap Logo,XL,Oliv,1,24.9,24.9,6.0
AB-2026-12479,2026-03-08,Eigener Shop,K-12408,Rechnungskauf,HOOD-CL-S-SCH,Hoodie Classic,S,Schwarz,1,69.9,69.9,21.0
AB-2026-12480,2026-05-04,Amazon,K-15655,PayPal,TEE-OVS-L-NAV,T-Shirt Oversized,L,Navy,1,34.9,34.9,9.0
AB-2026-12481,2026-03-06,Amazon,K-16133,Vorkasse,HOOD-ZP-XL-SCH,Zip-Hoodie Heavy,XL,Schwarz,1,89.9,89.9,28.0
AB-2026-12482,2026-02-13,Eigener Shop,K-19879,Rechnungskauf,HOOD-ZP-XL-SCH,Zip-Hoodie Heavy,XL,Schwarz,1,89.9,89.9,28.0
AB-2026-12483,2026-03-18,Zalando,K-14961,Rechnungskauf,HOOD-ZP-M-WEI,Zip-Hoodie Heavy,M,Weiss,1,89.9,89.9,28.0
AB-2026-12484,2026-04-16,Eigener Shop,K-18934,Rechnungskauf,TEE-BAS-XS-OLI,T-Shirt Basic,XS,Oliv,1,29.9,29.9,7.5
AB-2026-12485,2026-03-19,Amazon,K-12641,Kreditkarte,TEE-OVS-XL-SCH,T-Shirt Oversized,XL,Schwarz,1,34.9,34.9,9.0
AB-2026-12485,2026-03-19,Amazon,K-12641,Kreditkarte,TEE-OVS-S-SCH,T-Shirt Oversized,S,Schwarz,1,34.9,34.9,9.0
AB-2026-12486,2026-04-09,Eigener Shop,K-14226,Rechnungskauf,HOOD-ZP-S-WEI,Zip-Hoodie Heavy,S,Weiss,1,89.9,89.9,28.0
AB-2026-12486,2026-04-09,Eigener Shop,K-14226,Rechnungskauf,HOOD-ZP-L-WEI,Zip-Hoodie Heavy,L,Weiss,1,89.9,89.9,28.0
AB-2026-12487,2026-06-09,Eigener Shop,K-18497,Rechnungskauf,TEE-OVS-XL-NAV,T-Shirt Oversized,XL,Navy,1,34.9,34.9,9.0
AB-2026-12487,2026-06-09,Eigener Shop,K-18497,Rechnungskauf,CAP-LG-L-OLI,Cap Logo,L,Oliv,1,24.9,24.9,6.0
AB-2026-12488,2026-06-26,Eigener Shop,K-11781,Kreditkarte,SOCK-3P-XL-OLI,Sneaker Socken 3er-Pack,XL,Oliv,1,19.9,19.9,4.8
AB-2026-12488,2026-06-26,Eigener Shop,K-11781,Kreditkarte,SOCK-3P-S-OLI,Sneaker Socken 3er-Pack,S,Oliv,1,19.9,19.9,4.8
AB-2026-12488,2026-06-26,Eigener Shop,K-11781,Kreditkarte,JOG-CL-M-OLI,Jogger Classic,M,Oliv,1,64.9,64.9,19.5
AB-2026-12488,2026-06-26,Eigener Shop,K-11781,Kreditkarte,JOG-CL-L-OLI,Jogger Classic,L,Oliv,1,64.9,64.9,19.5
AB-2026-12489,2026-02-09,Eigener Shop,K-13121,Rechnungskauf,HOOD-ZP-XL-SCH,Zip-Hoodie Heavy,XL,Schwarz,1,89.9,89.9,28.0
AB-2026-12489,2026-02-09,Eigener Shop,K-13121,Rechnungskauf,HOOD-CL-S-OLI,Hoodie Classic,S,Oliv,1,69.9,69.9,21.0
AB-2026-12490,2026-04-26,Eigener Shop,K-11372,Rechnungskauf,SOCK-3P-XL-SCH,Sneaker Socken 3er-Pack,XL,Schwarz,1,19.9,19.9,4.8
AB-2026-12491,2026-05-19,Eigener Shop,K-17681,Vorkasse,SOCK-3P-L-WEI,Sneaker Socken 3er-Pack,L,Weiss,1,19.9,19.9,4.8
AB-2026-12491,2026-05-19,Eigener Shop,K-17681,Vorkasse,HOOD-CL-S-SCH,Hoodie Classic,S,Schwarz,1,69.9,69.9,21.0
AB-2026-12491,2026-05-19,Eigener Shop,K-17681,Vorkasse,SOCK-3P-M-SCH,Sneaker Socken 3er-Pack,M,Schwarz,1,19.9,19.9,4.8
AB-2026-12492,2026-04-17,Eigener Shop,K-18583,Rechnungskauf,KLEID-PR-S-SCH,Sommerkleid Print,S,Schwarz,1,79.9,79.9,24.0
AB-2026-12492,2026-04-17,Eigener Shop,K-18583,Rechnungskauf,KLEID-PR-XL-SCH,Sommerkleid Print,XL,Schwarz,1,79.9,79.9,24.0
AB-2026-12493,2026-01-09,Eigener Shop,K-16647,PayPal,HOOD-CL-XS-WEI,Hoodie Classic,XS,Weiss,1,69.9,69.9,21.0
AB-2026-12494,2026-03-05,Eigener Shop,K-13440,Kreditkarte,TEE-OVS-XL-WEI,T-Shirt Oversized,XL,Weiss,1,34.9,34.9,9.0
AB-2026-12494,2026-03-05,Eigener Shop,K-13440,Kreditkarte,TEE-OVS-M-WEI,T-Shirt Oversized,M,Weiss,1,34.9,34.9,9.0
AB-2026-12495,2026-06-10,Zalando,K-16837,Kreditkarte,CAP-LG-M-WEI,Cap Logo,M,Weiss,1,24.9,24.9,6.0
AB-2026-12496,2026-01-03,Zalando,K-13626,Kreditkarte,JKT-RN-XL-SCH,Regenjacke Tech,XL,Schwarz,1,119.9,119.9,84.0
AB-2026-12496,2026-01-03,Zalando,K-13626,Kreditkarte,TEE-OVS-S-NAV,T-Shirt Oversized,S,Navy,1,34.9,34.9,9.0
AB-2026-12496,2026-01-03,Zalando,K-13626,Kreditkarte,SOCK-3P-XL-SCH,Sneaker Socken 3er-Pack,XL,Schwarz,1,19.9,19.9,4.8
AB-2026-12497,2026-05-12,Eigener Shop,K-16060,Kreditkarte,HOOD-ZP-L-SCH,Zip-Hoodie Heavy,L,Schwarz,1,89.9,89.9,28.0
AB-2026-12497,2026-05-12,Eigener Shop,K-16060,Kreditkarte,KLEID-PR-S-WEI,Sommerkleid Print,S,Weiss,1,79.9,79.9,24.0
AB-2026-12497,2026-05-12,Eigener Shop,K-16060,Kreditkarte,HOOD-CL-L-SCH,Hoodie Classic,L,Schwarz,1,69.9,69.9,21.0
AB-2026-12498,2026-03-21,Eigener Shop,K-16728,Rechnungskauf,JKT-RN-M-SCH,Regenjacke Tech,M,Schwarz,1,119.9,119.9,84.0
AB-2026-12499,2026-05-12,Amazon,K-17110,Kreditkarte,TEE-BAS-L-WEI,T-Shirt Basic,L,Weiss,1,29.9,29.9,7.5
AB-2026-12499,2026-05-12,Amazon,K-17110,Kreditkarte,TEE-BAS-XL-WEI,T-Shirt Basic,XL,Weiss,1,29.9,29.9,7.5
AB-2026-12500,2026-03-16,Eigener Shop,K-16530,PayPal,CAP-LG-M-WEI,Cap Logo,M,Weiss,1,24.9,24.9,6.0
AB-2026-12501,2026-02-07,Amazon,K-18916,Rechnungskauf,KLEID-PR-XL-NAV,Sommerkleid Print,XL,Navy,1,79.9,79.9,24.0
AB-2026-12501,2026-02-07,Amazon,K-18916,Rechnungskauf,TEE-BAS-XL-OLI,T-Shirt Basic,XL,Oliv,1,29.9,29.9,7.5
AB-2026-12502,2026-05-09,Eigener Shop,K-15663,Kreditkarte,HOOD-ZP-M-SCH,Zip-Hoodie Heavy,M,Schwarz,1,89.9,89.9,28.0
AB-2026-12502,2026-05-09,Eigener Shop,K-15663,Kreditkarte,HOOD-ZP-XS-SCH,Zip-Hoodie Heavy,XS,Schwarz,1,89.9,89.9,28.0
AB-2026-12503,2026-04-12,Eigener Shop,K-11413,Vorkasse,CAP-LG-S-OLI,Cap Logo,S,Oliv,1,24.9,24.9,6.0
AB-2026-12503,2026-04-12,Eigener Shop,K-11413,Vorkasse,TEE-OVS-L-SCH,T-Shirt Oversized,L,Schwarz,1,34.9,34.9,9.0
AB-2026-12504,2026-04-17,Zalando,K-17999,PayPal,SOCK-3P-M-NAV,Sneaker Socken 3er-Pack,M,Navy,1,19.9,19.9,4.8
AB-2026-12504,2026-04-17,Zalando,K-17999,PayPal,TEE-BAS-XL-OLI,T-Shirt Basic,XL,Oliv,1,29.9,29.9,7.5
AB-2026-12505,2026-03-27,Amazon,K-12095,Vorkasse,KLEID-PR-XL-OLI,Sommerkleid Print,XL,Oliv,1,79.9,79.9,24.0
AB-2026-12505,2026-03-27,Amazon,K-12095,Vorkasse,HOOD-ZP-M-WEI,Zip-Hoodie Heavy,M,Weiss,1,89.9,89.9,28.0
AB-2026-12506,2026-03-07,Zalando,K-17927,Vorkasse,KLEID-PR-XS-OLI,Sommerkleid Print,XS,Oliv,1,79.9,79.9,24.0
AB-2026-12506,2026-03-07,Zalando,K-17927,Vorkasse,HOOD-ZP-L-SCH,Zip-Hoodie Heavy,L,Schwarz,1,89.9,89.9,28.0
AB-2026-12506,2026-03-07,Zalando,K-17927,Vorkasse,TEE-BAS-S-WEI,T-Shirt Basic,S,Weiss,1,29.9,29.9,7.5
AB-2026-12507,2026-02-03,Eigener Shop,K-18048,Rechnungskauf,HOOD-ZP-S-SCH,Zip-Hoodie Heavy,S,Schwarz,1,89.9,89.9,28.0
AB-2026-12508,2026-04-08,Eigener Shop,K-17850,Rechnungskauf,CAP-LG-L-OLI,Cap Logo,L,Oliv,1,24.9,24.9,6.0
AB-2026-12509,2026-02-06,Zalando,K-18430,Rechnungskauf,TEE-OVS-XS-WEI,T-Shirt Oversized,XS,Weiss,1,34.9,34.9,9.0
AB-2026-12509,2026-02-06,Zalando,K-18430,Rechnungskauf,HOOD-ZP-XS-SCH,Zip-Hoodie Heavy,XS,Schwarz,1,89.9,89.9,28.0
AB-2026-12510,2026-06-16,Eigener Shop,K-12115,Rechnungskauf,HOOD-ZP-M-SCH,Zip-Hoodie Heavy,M,Schwarz,1,89.9,89.9,28.0
AB-2026-12511,2026-05-10,Amazon,K-19355,Rechnungskauf,KLEID-PR-M-SCH,Sommerkleid Print,M,Schwarz,1,79.9,79.9,24.0
AB-2026-12512,2026-02-11,Eigener Shop,K-19330,PayPal,HOOD-ZP-L-WEI,Zip-Hoodie Heavy,L,Weiss,1,89.9,89.9,28.0
AB-2026-12512,2026-02-11,Eigener Shop,K-19330,PayPal,TEE-OVS-S-SCH,T-Shirt Oversized,S,Schwarz,1,34.9,34.9,9.0
AB-2026-12513,2026-02-07,Amazon,K-10414,PayPal,TEE-OVS-M-SCH,T-Shirt Oversized,M,Schwarz,1,34.9,34.9,9.0
AB-2026-12513,2026-02-07,Amazon,K-10414,PayPal,KLEID-PR-S-OLI,Sommerkleid Print,S,Oliv,1,79.9,79.9,24.0
AB-2026-12514,2026-01-26,Amazon,K-13308,PayPal,HOOD-ZP-M-WEI,Zip-Hoodie Heavy,M,Weiss,1,89.9,89.9,28.0
AB-2026-12515,2026-05-28,Amazon,K-14659,Vorkasse,KLEID-PR-XS-NAV,Sommerkleid Print,XS,Navy,1,79.9,79.9,24.0
AB-2026-12515,2026-05-28,Amazon,K-14659,Vorkasse,SOCK-3P-M-OLI,Sneaker Socken 3er-Pack,M,Oliv,1,19.9,19.9,4.8
AB-2026-12515,2026-05-28,Amazon,K-14659,Vorkasse,HOOD-CL-M-NAV,Hoodie Classic,M,Navy,1,69.9,69.9,21.0
AB-2026-12516,2026-02-02,Eigener Shop,K-16479,PayPal,JKT-RN-M-WEI,Regenjacke Tech,M,Weiss,1,119.9,119.9,84.0
AB-2026-12517,2026-06-19,Amazon,K-17718,Rechnungskauf,TEE-OVS-XL-SCH,T-Shirt Oversized,XL,Schwarz,1,34.9,34.9,9.0
AB-2026-12518,2026-04-30,Eigener Shop,K-15542,PayPal,JKT-RN-S-SCH,Regenjacke Tech,S,Schwarz,1,119.9,119.9,84.0
AB-2026-12519,2026-06-02,Eigener Shop,K-19471,Rechnungskauf,HOOD-ZP-S-WEI,Zip-Hoodie Heavy,S,Weiss,1,89.9,89.9,28.0
AB-2026-12520,2026-04-25,Amazon,K-15366,PayPal,TEE-OVS-L-SCH,T-Shirt Oversized,L,Schwarz,1,34.9,34.9,9.0
AB-2026-12521,2026-03-10,Eigener Shop,K-19732,Kreditkarte,KLEID-PR-S-OLI,Sommerkleid Print,S,Oliv,1,79.9,79.9,24.0
AB-2026-12522,2026-01-29,Zalando,K-16183,PayPal,HOOD-ZP-S-SCH,Zip-Hoodie Heavy,S,Schwarz,1,89.9,89.9,28.0
AB-2026-12523,2026-06-01,Eigener Shop,K-14041,Rechnungskauf,TEE-OVS-M-NAV,T-Shirt Oversized,M,Navy,1,34.9,34.9,9.0
AB-2026-12524,2026-01-27,Amazon,K-17294,Rechnungskauf,HOOD-ZP-XL-WEI,Zip-Hoodie Heavy,XL,Weiss,1,89.9,89.9,28.0
AB-2026-12524,2026-01-27,Amazon,K-17294,Rechnungskauf,JOG-CL-L-OLI,Jogger Classic,L,Oliv,1,64.9,64.9,19.5
AB-2026-12525,2026-03-08,Zalando,K-12410,Vorkasse,TEE-BAS-M-SCH,T-Shirt Basic,M,Schwarz,1,29.9,29.9,7.5
AB-2026-12526,2026-01-13,Amazon,K-16489,Rechnungskauf,HOOD-ZP-XS-SCH,Zip-Hoodie Heavy,XS,Schwarz,1,89.9,89.9,28.0
AB-2026-12526,2026-01-13,Amazon,K-16489,Rechnungskauf,TEE-OVS-XS-NAV,T-Shirt Oversized,XS,Navy,1,34.9,34.9,9.0
AB-2026-12527,2026-01-30,Eigener Shop,K-10124,Rechnungskauf,HOOD-ZP-S-WEI,Zip-Hoodie Heavy,S,Weiss,1,89.9,89.9,28.0
AB-2026-12528,2026-03-27,Amazon,K-15635,Vorkasse,TEE-BAS-L-OLI,T-Shirt Basic,L,Oliv,1,29.9,29.9,7.5
AB-2026-12529,2026-02-19,Eigener Shop,K-19548,Kreditkarte,HOOD-ZP-L-SCH,Zip-Hoodie Heavy,L,Schwarz,1,89.9,89.9,28.0
AB-2026-12529,2026-02-19,Eigener Shop,K-19548,Kreditkarte,HOOD-CL-XL-WEI,Hoodie Classic,XL,Weiss,1,69.9,69.9,21.0
AB-2026-12529,2026-02-19,Eigener Shop,K-19548,Kreditkarte,HOOD-CL-M-SCH,Hoodie Classic,M,Schwarz,1,69.9,69.9,21.0
AB-2026-12530,2026-05-25,Eigener Shop,K-10031,PayPal,CAP-LG-XL-OLI,Cap Logo,XL,Oliv,1,24.9,24.9,6.0
AB-2026-12531,2026-05-19,Eigener Shop,K-14636,PayPal,CAP-LG-M-OLI,Cap Logo,M,Oliv,1,24.9,24.9,6.0
AB-2026-12532,2026-06-05,Eigener Shop,K-14855,PayPal,HOOD-CL-XL-OLI,Hoodie Classic,XL,Oliv,1,69.9,69.9,21.0
AB-2026-12533,2026-02-20,Eigener Shop,K-17656,Rechnungskauf,HOOD-ZP-S-WEI,Zip-Hoodie Heavy,S,Weiss,1,89.9,89.9,28.0
AB-2026-12534,2026-05-28,Eigener Shop,K-17883,Kreditkarte,JOG-CL-M-OLI,Jogger Classic,M,Oliv,1,64.9,64.9,19.5
AB-2026-12534,2026-05-28,Eigener Shop,K-17883,Kreditkarte,HOOD-ZP-M-SCH,Zip-Hoodie Heavy,M,Schwarz,1,89.9,89.9,28.0
AB-2026-12535,2026-03-28,Zalando,K-12065,PayPal,JOG-CL-XL-WEI,Jogger Classic,XL,Weiss,1,64.9,64.9,19.5
AB-2026-12536,2026-01-09,Eigener Shop,K-11827,Kreditkarte,TEE-BAS-L-NAV,T-Shirt Basic,L,Navy,1,29.9,29.9,7.5
AB-2026-12537,2026-05-30,Eigener Shop,K-16229,Rechnungskauf,HOOD-ZP-XL-WEI,Zip-Hoodie Heavy,XL,Weiss,1,89.9,89.9,28.0
AB-2026-12538,2026-01-05,Zalando,K-16847,Rechnungskauf,HOOD-CL-XS-SCH,Hoodie Classic,XS,Schwarz,1,69.9,69.9,21.0
AB-2026-12538,2026-01-05,Zalando,K-16847,Rechnungskauf,KLEID-PR-XS-WEI,Sommerkleid Print,XS,Weiss,1,79.9,79.9,24.0
AB-2026-12539,2026-01-02,Eigener Shop,K-14960,Rechnungskauf,TEE-BAS-XS-SCH,T-Shirt Basic,XS,Schwarz,1,29.9,29.9,7.5
AB-2026-12540,2026-03-23,Eigener Shop,K-10714,Kreditkarte,KLEID-PR-XL-NAV,Sommerkleid Print,XL,Navy,1,79.9,79.9,24.0
AB-2026-12541,2026-06-21,Eigener Shop,K-10959,Rechnungskauf,HOOD-ZP-XS-SCH,Zip-Hoodie Heavy,XS,Schwarz,1,89.9,89.9,28.0
AB-2026-12541,2026-06-21,Eigener Shop,K-10959,Rechnungskauf,TEE-OVS-M-NAV,T-Shirt Oversized,M,Navy,1,34.9,34.9,9.0
AB-2026-12542,2026-02-05,Eigener Shop,K-17668,Kreditkarte,HOOD-ZP-XS-SCH,Zip-Hoodie Heavy,XS,Schwarz,1,89.9,89.9,28.0
AB-2026-12543,2026-05-28,Zalando,K-19007,Rechnungskauf,HOOD-CL-XL-WEI,Hoodie Classic,XL,Weiss,1,69.9,69.9,21.0
AB-2026-12544,2026-02-16,Eigener Shop,K-13348,Rechnungskauf,HOOD-ZP-XS-WEI,Zip-Hoodie Heavy,XS,Weiss,1,89.9,89.9,28.0
AB-2026-12545,2026-05-17,Amazon,K-19747,Vorkasse,CAP-LG-L-NAV,Cap Logo,L,Navy,1,24.9,24.9,6.0
AB-2026-12546,2026-05-04,Eigener Shop,K-17411,Kreditkarte,JOG-CL-S-SCH,Jogger Classic,S,Schwarz,1,64.9,64.9,19.5
AB-2026-12547,2026-05-31,Eigener Shop,K-10280,PayPal,HOOD-CL-S-WEI,Hoodie Classic,S,Weiss,1,69.9,69.9,21.0
AB-2026-12548,2026-06-09,Eigener Shop,K-18136,Kreditkarte,HOOD-CL-L-SCH,Hoodie Classic,L,Schwarz,1,69.9,69.9,21.0
AB-2026-12548,2026-06-09,Eigener Shop,K-18136,Kreditkarte,TEE-OVS-XL-OLI,T-Shirt Oversized,XL,Oliv,1,34.9,34.9,9.0
AB-2026-12549,2026-02-23,Amazon,K-17492,Rechnungskauf,JOG-CL-XS-NAV,Jogger Classic,XS,Navy,1,64.9,64.9,19.5
AB-2026-12549,2026-02-23,Amazon,K-17492,Rechnungskauf,JOG-CL-S-NAV,Jogger Classic,S,Navy,1,64.9,64.9,19.5
AB-2026-12550,2026-05-02,Eigener Shop,K-19014,Rechnungskauf,JOG-CL-S-WEI,Jogger Classic,S,Weiss,1,64.9,64.9,19.5
AB-2026-12551,2026-04-13,Eigener Shop,K-16460,Rechnungskauf,HOOD-CL-L-OLI,Hoodie Classic,L,Oliv,1,69.9,69.9,21.0
AB-2026-12551,2026-04-13,Eigener Shop,K-16460,Rechnungskauf,HOOD-CL-S-OLI,Hoodie Classic,S,Oliv,1,69.9,69.9,21.0
AB-2026-12552,2026-05-20,Eigener Shop,K-18291,PayPal,TEE-BAS-M-SCH,T-Shirt Basic,M,Schwarz,1,29.9,29.9,7.5
AB-2026-12553,2026-04-03,Amazon,K-13705,Kreditkarte,SOCK-3P-XS-WEI,Sneaker Socken 3er-Pack,XS,Weiss,1,19.9,19.9,4.8
AB-2026-12554,2026-03-07,Amazon,K-11307,Rechnungskauf,TEE-BAS-L-NAV,T-Shirt Basic,L,Navy,1,29.9,29.9,7.5
AB-2026-12555,2026-04-27,Eigener Shop,K-13105,Rechnungskauf,SOCK-3P-L-SCH,Sneaker Socken 3er-Pack,L,Schwarz,1,19.9,19.9,4.8
AB-2026-12556,2026-02-17,Eigener Shop,K-17218,Rechnungskauf,KLEID-PR-L-SCH,Sommerkleid Print,L,Schwarz,1,79.9,79.9,24.0
AB-2026-12557,2026-02-04,Amazon,K-12613,Vorkasse,TEE-BAS-XS-WEI,T-Shirt Basic,XS,Weiss,1,29.9,29.9,7.5
AB-2026-12557,2026-02-04,Amazon,K-12613,Vorkasse,SOCK-3P-L-NAV,Sneaker Socken 3er-Pack,L,Navy,1,19.9,19.9,4.8
AB-2026-12558,2026-01-11,Eigener Shop,K-10260,Rechnungskauf,SOCK-3P-L-WEI,Sneaker Socken 3er-Pack,L,Weiss,1,19.9,19.9,4.8
AB-2026-12559,2026-05-11,Eigener Shop,K-14029,Kreditkarte,JOG-CL-XL-WEI,Jogger Classic,XL,Weiss,1,64.9,64.9,19.5
AB-2026-12559,2026-05-11,Eigener Shop,K-14029,Kreditkarte,HOOD-ZP-S-SCH,Zip-Hoodie Heavy,S,Schwarz,1,89.9,89.9,28.0
AB-2026-12560,2026-04-25,Eigener Shop,K-16166,PayPal,HOOD-ZP-L-SCH,Zip-Hoodie Heavy,L,Schwarz,1,89.9,89.9,28.0
AB-2026-12561,2026-02-02,Eigener Shop,K-15907,PayPal,KLEID-PR-XL-OLI,Sommerkleid Print,XL,Oliv,1,79.9,79.9,24.0
AB-2026-12562,2026-05-08,Eigener Shop,K-17693,Vorkasse,SOCK-3P-XS-OLI,Sneaker Socken 3er-Pack,XS,Oliv,1,19.9,19.9,4.8
AB-2026-12562,2026-05-08,Eigener Shop,K-17693,Vorkasse,JKT-RN-XS-SCH,Regenjacke Tech,XS,Schwarz,1,119.9,119.9,84.0
AB-2026-12562,2026-05-08,Eigener Shop,K-17693,Vorkasse,KLEID-PR-S-NAV,Sommerkleid Print,S,Navy,1,79.9,79.9,24.0
AB-2026-12563,2026-04-04,Eigener Shop,K-14641,PayPal,TEE-BAS-L-WEI,T-Shirt Basic,L,Weiss,1,29.9,29.9,7.5
AB-2026-12563,2026-04-04,Eigener Shop,K-14641,PayPal,TEE-BAS-L-OLI,T-Shirt Basic,L,Oliv,1,29.9,29.9,7.5
AB-2026-12564,2026-02-05,Amazon,K-15264,PayPal,JOG-CL-L-OLI,Jogger Classic,L,Oliv,1,64.9,64.9,19.5
AB-2026-12565,2026-03-16,Eigener Shop,K-13781,Rechnungskauf,CAP-LG-L-NAV,Cap Logo,L,Navy,1,24.9,24.9,6.0
AB-2026-12565,2026-03-16,Eigener Shop,K-13781,Rechnungskauf,TEE-OVS-XS-WEI,T-Shirt Oversized,XS,Weiss,1,34.9,34.9,9.0
AB-2026-12566,2026-01-12,Zalando,K-10580,Rechnungskauf,JKT-RN-XL-WEI,Regenjacke Tech,XL,Weiss,1,119.9,119.9,84.0
AB-2026-12567,2026-02-02,Amazon,K-18562,Vorkasse,HOOD-ZP-L-WEI,Zip-Hoodie Heavy,L,Weiss,1,89.9,89.9,28.0
AB-2026-12568,2026-01-15,Amazon,K-15477,Rechnungskauf,JKT-RN-XL-WEI,Regenjacke Tech,XL,Weiss,1,119.9,119.9,84.0
AB-2026-12568,2026-01-15,Amazon,K-15477,Rechnungskauf,TEE-OVS-S-SCH,T-Shirt Oversized,S,Schwarz,1,34.9,34.9,9.0
AB-2026-12569,2026-06-03,Amazon,K-19835,PayPal,KLEID-PR-XS-SCH,Sommerkleid Print,XS,Schwarz,1,79.9,79.9,24.0
AB-2026-12569,2026-06-03,Amazon,K-19835,PayPal,TEE-BAS-XL-OLI,T-Shirt Basic,XL,Oliv,1,29.9,29.9,7.5
AB-2026-12569,2026-06-03,Amazon,K-19835,PayPal,TEE-OVS-S-SCH,T-Shirt Oversized,S,Schwarz,1,34.9,34.9,9.0
AB-2026-12570,2026-06-28,Amazon,K-13180,Rechnungskauf,KLEID-PR-S-WEI,Sommerkleid Print,S,Weiss,1,79.9,79.9,24.0
AB-2026-12571,2026-05-09,Eigener Shop,K-12399,Rechnungskauf,HOOD-ZP-XL-SCH,Zip-Hoodie Heavy,XL,Schwarz,1,89.9,89.9,28.0
AB-2026-12572,2026-02-23,Eigener Shop,K-14956,Kreditkarte,TEE-OVS-XL-OLI,T-Shirt Oversized,XL,Oliv,1,34.9,34.9,9.0
AB-2026-12573,2026-03-17,Eigener Shop,K-14442,Rechnungskauf,TEE-OVS-XS-OLI,T-Shirt Oversized,XS,Oliv,1,34.9,34.9,9.0
AB-2026-12574,2026-03-04,Eigener Shop,K-16851,Rechnungskauf,JOG-CL-S-SCH,Jogger Classic,S,Schwarz,1,64.9,64.9,19.5
AB-2026-12574,2026-03-04,Eigener Shop,K-16851,Rechnungskauf,KLEID-PR-L-OLI,Sommerkleid Print,L,Oliv,1,79.9,79.9,24.0
AB-2026-12575,2026-03-04,Eigener Shop,K-16309,PayPal,KLEID-PR-L-SCH,Sommerkleid Print,L,Schwarz,1,79.9,79.9,24.0
AB-2026-12576,2026-02-10,Eigener Shop,K-12935,Rechnungskauf,SOCK-3P-L-WEI,Sneaker Socken 3er-Pack,L,Weiss,1,19.9,19.9,4.8
AB-2026-12576,2026-02-10,Eigener Shop,K-12935,Rechnungskauf,HOOD-ZP-XS-SCH,Zip-Hoodie Heavy,XS,Schwarz,1,89.9,89.9,28.0
AB-2026-12577,2026-05-22,Eigener Shop,K-13657,Kreditkarte,SOCK-3P-S-SCH,Sneaker Socken 3er-Pack,S,Schwarz,1,19.9,19.9,4.8
AB-2026-12578,2026-06-11,Eigener Shop,K-11122,PayPal,CAP-LG-XL-WEI,Cap Logo,XL,Weiss,1,24.9,24.9,6.0
AB-2026-12579,2026-05-03,Eigener Shop,K-19379,Rechnungskauf,TEE-BAS-L-NAV,T-Shirt Basic,L,Navy,1,29.9,29.9,7.5
AB-2026-12580,2026-03-14,Eigener Shop,K-16022,Rechnungskauf,SOCK-3P-M-SCH,Sneaker Socken 3er-Pack,M,Schwarz,1,19.9,19.9,4.8
AB-2026-12581,2026-03-11,Amazon,K-14561,Kreditkarte,HOOD-CL-S-WEI,Hoodie Classic,S,Weiss,1,69.9,69.9,21.0
AB-2026-12582,2026-05-01,Eigener Shop,K-19225,Rechnungskauf,HOOD-CL-XS-NAV,Hoodie Classic,XS,Navy,1,69.9,69.9,21.0
AB-2026-12583,2026-03-03,Eigener Shop,K-10170,Kreditkarte,HOOD-CL-L-NAV,Hoodie Classic,L,Navy,1,69.9,69.9,21.0
AB-2026-12584,2026-03-03,Amazon,K-11477,Vorkasse,KLEID-PR-XL-OLI,Sommerkleid Print,XL,Oliv,1,79.9,79.9,24.0
AB-2026-12584,2026-03-03,Amazon,K-11477,Vorkasse,KLEID-PR-S-OLI,Sommerkleid Print,S,Oliv,1,79.9,79.9,24.0
AB-2026-12584,2026-03-03,Amazon,K-11477,Vorkasse,HOOD-ZP-L-WEI,Zip-Hoodie Heavy,L,Weiss,1,89.9,89.9,28.0
AB-2026-12584,2026-03-03,Amazon,K-11477,Vorkasse,HOOD-ZP-XL-WEI,Zip-Hoodie Heavy,XL,Weiss,1,89.9,89.9,28.0
AB-2026-12585,2026-05-25,Eigener Shop,K-15146,Vorkasse,CAP-LG-L-NAV,Cap Logo,L,Navy,1,24.9,24.9,6.0
AB-2026-12585,2026-05-25,Eigener Shop,K-15146,Vorkasse,HOOD-CL-L-OLI,Hoodie Classic,L,Oliv,1,69.9,69.9,21.0
AB-2026-12586,2026-04-03,Eigener Shop,K-13450,PayPal,SOCK-3P-XL-WEI,Sneaker Socken 3er-Pack,XL,Weiss,1,19.9,19.9,4.8
AB-2026-12587,2026-02-10,Zalando,K-17592,PayPal,SOCK-3P-XL-NAV,Sneaker Socken 3er-Pack,XL,Navy,1,19.9,19.9,4.8
AB-2026-12587,2026-02-10,Zalando,K-17592,PayPal,TEE-BAS-XS-SCH,T-Shirt Basic,XS,Schwarz,1,29.9,29.9,7.5
AB-2026-12588,2026-03-05,Amazon,K-15329,Rechnungskauf,HOOD-ZP-S-SCH,Zip-Hoodie Heavy,S,Schwarz,1,89.9,89.9,28.0
AB-2026-12588,2026-03-05,Amazon,K-15329,Rechnungskauf,JKT-RN-XL-WEI,Regenjacke Tech,XL,Weiss,1,119.9,119.9,84.0
AB-2026-12588,2026-03-05,Amazon,K-15329,Rechnungskauf,KLEID-PR-M-NAV,Sommerkleid Print,M,Navy,1,79.9,79.9,24.0
AB-2026-12589,2026-04-18,Eigener Shop,K-13617,PayPal,TEE-OVS-M-NAV,T-Shirt Oversized,M,Navy,1,34.9,34.9,9.0
AB-2026-12589,2026-04-18,Eigener Shop,K-13617,PayPal,HOOD-ZP-XS-SCH,Zip-Hoodie Heavy,XS,Schwarz,1,89.9,89.9,28.0
AB-2026-12590,2026-05-29,Eigener Shop,K-16914,Vorkasse,TEE-OVS-XL-OLI,T-Shirt Oversized,XL,Oliv,1,34.9,34.9,9.0
AB-2026-12590,2026-05-29,Eigener Shop,K-16914,Vorkasse,HOOD-ZP-XS-SCH,Zip-Hoodie Heavy,XS,Schwarz,1,89.9,89.9,28.0
AB-2026-12590,2026-05-29,Eigener Shop,K-16914,Vorkasse,KLEID-PR-M-WEI,Sommerkleid Print,M,Weiss,1,79.9,79.9,24.0
AB-2026-12591,2026-05-14,Eigener Shop,K-14079,Rechnungskauf,TEE-OVS-XS-WEI,T-Shirt Oversized,XS,Weiss,1,34.9,34.9,9.0
AB-2026-12592,2026-06-19,Zalando,K-11265,Kreditkarte,JOG-CL-S-SCH,Jogger Classic,S,Schwarz,1,64.9,64.9,19.5
AB-2026-12593,2026-04-25,Amazon,K-12300,Kreditkarte,HOOD-ZP-S-WEI,Zip-Hoodie Heavy,S,Weiss,1,89.9,89.9,28.0
AB-2026-12594,2026-01-19,Amazon,K-11926,Rechnungskauf,JOG-CL-L-NAV,Jogger Classic,L,Navy,1,64.9,64.9,19.5
AB-2026-12595,2026-06-24,Amazon,K-12032,PayPal,HOOD-ZP-M-WEI,Zip-Hoodie Heavy,M,Weiss,1,89.9,89.9,28.0
AB-2026-12595,2026-06-24,Amazon,K-12032,PayPal,KLEID-PR-S-SCH,Sommerkleid Print,S,Schwarz,1,79.9,79.9,24.0
AB-2026-12596,2026-04-16,Eigener Shop,K-16156,PayPal,TEE-BAS-XL-NAV,T-Shirt Basic,XL,Navy,1,29.9,29.9,7.5
AB-2026-12596,2026-04-16,Eigener Shop,K-16156,PayPal,CAP-LG-L-WEI,Cap Logo,L,Weiss,1,24.9,24.9,6.0
AB-2026-12597,2026-05-01,Amazon,K-14151,PayPal,HOOD-ZP-L-SCH,Zip-Hoodie Heavy,L,Schwarz,1,89.9,89.9,28.0
AB-2026-12597,2026-05-01,Amazon,K-14151,PayPal,TEE-OVS-S-NAV,T-Shirt Oversized,S,Navy,1,34.9,34.9,9.0
AB-2026-12597,2026-05-01,Amazon,K-14151,PayPal,KLEID-PR-L-OLI,Sommerkleid Print,L,Oliv,1,79.9,79.9,24.0
AB-2026-12598,2026-02-03,Amazon,K-13288,Vorkasse,SOCK-3P-S-SCH,Sneaker Socken 3er-Pack,S,Schwarz,1,19.9,19.9,4.8
AB-2026-12599,2026-06-10,Eigener Shop,K-12508,Rechnungskauf,KLEID-PR-XL-WEI,Sommerkleid Print,XL,Weiss,1,79.9,79.9,24.0
AB-2026-12599,2026-06-10,Eigener Shop,K-12508,Rechnungskauf,KLEID-PR-L-WEI,Sommerkleid Print,L,Weiss,1,79.9,79.9,24.0
AB-2026-12600,2026-05-30,Eigener Shop,K-16112,Rechnungskauf,JKT-RN-M-SCH,Regenjacke Tech,M,Schwarz,1,119.9,119.9,84.0
AB-2026-12601,2026-05-28,Eigener Shop,K-15604,Rechnungskauf,TEE-BAS-S-SCH,T-Shirt Basic,S,Schwarz,1,29.9,29.9,7.5
AB-2026-12602,2026-01-22,Eigener Shop,K-10029,PayPal,JOG-CL-XL-WEI,Jogger Classic,XL,Weiss,1,64.9,64.9,19.5
AB-2026-12603,2026-02-13,Eigener Shop,K-15336,Vorkasse,SOCK-3P-XL-OLI,Sneaker Socken 3er-Pack,XL,Oliv,1,19.9,19.9,4.8
AB-2026-12604,2026-06-22,Eigener Shop,K-18598,PayPal,TEE-BAS-L-SCH,T-Shirt Basic,L,Schwarz,1,29.9,29.9,7.5
AB-2026-12605,2026-04-26,Eigener Shop,K-17611,Rechnungskauf,JOG-CL-XL-NAV,Jogger Classic,XL,Navy,1,64.9,64.9,19.5
AB-2026-12606,2026-04-28,Amazon,K-11838,Rechnungskauf,TEE-BAS-XL-NAV,T-Shirt Basic,XL,Navy,1,29.9,29.9,7.5
AB-2026-12606,2026-04-28,Amazon,K-11838,Rechnungskauf,CAP-LG-S-SCH,Cap Logo,S,Schwarz,1,24.9,24.9,6.0
AB-2026-12606,2026-04-28,Amazon,K-11838,Rechnungskauf,HOOD-ZP-L-WEI,Zip-Hoodie Heavy,L,Weiss,1,89.9,89.9,28.0
AB-2026-12607,2026-04-17,Amazon,K-18225,Vorkasse,CAP-LG-L-WEI,Cap Logo,L,Weiss,1,24.9,24.9,6.0
AB-2026-12607,2026-04-17,Amazon,K-18225,Vorkasse,HOOD-ZP-XS-SCH,Zip-Hoodie Heavy,XS,Schwarz,1,89.9,89.9,28.0
AB-2026-12608,2026-04-12,Eigener Shop,K-19084,Rechnungskauf,JOG-CL-XL-SCH,Jogger Classic,XL,Schwarz,1,64.9,64.9,19.5
AB-2026-12609,2026-04-20,Zalando,K-13002,Rechnungskauf,JKT-RN-S-WEI,Regenjacke Tech,S,Weiss,1,119.9,119.9,84.0
AB-2026-12609,2026-04-20,Zalando,K-13002,Rechnungskauf,TEE-BAS-XS-SCH,T-Shirt Basic,XS,Schwarz,1,29.9,29.9,7.5
AB-2026-12609,2026-04-20,Zalando,K-13002,Rechnungskauf,JOG-CL-XS-WEI,Jogger Classic,XS,Weiss,1,64.9,64.9,19.5
AB-2026-12610,2026-06-09,Eigener Shop,K-18007,Kreditkarte,KLEID-PR-S-WEI,Sommerkleid Print,S,Weiss,1,79.9,79.9,24.0
AB-2026-12611,2026-06-10,Eigener Shop,K-19573,Kreditkarte,KLEID-PR-L-SCH,Sommerkleid Print,L,Schwarz,1,79.9,79.9,24.0
AB-2026-12611,2026-06-10,Eigener Shop,K-19573,Kreditkarte,HOOD-CL-XL-NAV,Hoodie Classic,XL,Navy,1,69.9,69.9,21.0
AB-2026-12612,2026-06-11,Eigener Shop,K-14668,Vorkasse,HOOD-ZP-XL-SCH,Zip-Hoodie Heavy,XL,Schwarz,1,89.9,89.9,28.0
AB-2026-12612,2026-06-11,Eigener Shop,K-14668,Vorkasse,TEE-BAS-XS-NAV,T-Shirt Basic,XS,Navy,1,29.9,29.9,7.5
AB-2026-12613,2026-06-27,Eigener Shop,K-17844,Kreditkarte,SOCK-3P-S-WEI,Sneaker Socken 3er-Pack,S,Weiss,1,19.9,19.9,4.8
AB-2026-12614,2026-01-21,Eigener Shop,K-19786,Kreditkarte,TEE-BAS-XS-OLI,T-Shirt Basic,XS,Oliv,1,29.9,29.9,7.5
AB-2026-12615,2026-02-10,Eigener Shop,K-16626,Rechnungskauf,TEE-OVS-M-WEI,T-Shirt Oversized,M,Weiss,1,34.9,34.9,9.0
AB-2026-12615,2026-02-10,Eigener Shop,K-16626,Rechnungskauf,TEE-BAS-M-OLI,T-Shirt Basic,M,Oliv,1,29.9,29.9,7.5
AB-2026-12616,2026-05-13,Eigener Shop,K-15036,Vorkasse,HOOD-CL-XL-SCH,Hoodie Classic,XL,Schwarz,1,69.9,69.9,21.0
AB-2026-12616,2026-05-13,Eigener Shop,K-15036,Vorkasse,JOG-CL-M-OLI,Jogger Classic,M,Oliv,1,64.9,64.9,19.5
AB-2026-12617,2026-01-03,Amazon,K-16068,PayPal,HOOD-ZP-XL-SCH,Zip-Hoodie Heavy,XL,Schwarz,1,89.9,89.9,28.0
AB-2026-12617,2026-01-03,Amazon,K-16068,PayPal,HOOD-CL-M-NAV,Hoodie Classic,M,Navy,1,69.9,69.9,21.0
AB-2026-12618,2026-06-23,Amazon,K-12461,PayPal,JKT-RN-XS-SCH,Regenjacke Tech,XS,Schwarz,1,119.9,119.9,84.0
AB-2026-12618,2026-06-23,Amazon,K-12461,PayPal,CAP-LG-M-OLI,Cap Logo,M,Oliv,1,24.9,24.9,6.0
AB-2026-12619,2026-02-18,Eigener Shop,K-18550,Kreditkarte,HOOD-ZP-S-SCH,Zip-Hoodie Heavy,S,Schwarz,1,89.9,89.9,28.0
AB-2026-12620,2026-02-19,Eigener Shop,K-11593,PayPal,HOOD-ZP-XS-WEI,Zip-Hoodie Heavy,XS,Weiss,1,89.9,89.9,28.0
AB-2026-12621,2026-04-15,Zalando,K-16639,PayPal,HOOD-ZP-XL-WEI,Zip-Hoodie Heavy,XL,Weiss,1,89.9,89.9,28.0
AB-2026-12621,2026-04-15,Zalando,K-16639,PayPal,CAP-LG-L-WEI,Cap Logo,L,Weiss,1,24.9,24.9,6.0
AB-2026-12621,2026-04-15,Zalando,K-16639,PayPal,HOOD-ZP-S-SCH,Zip-Hoodie Heavy,S,Schwarz,1,89.9,89.9,28.0
AB-2026-12622,2026-01-02,Eigener Shop,K-11677,Rechnungskauf,KLEID-PR-XL-WEI,Sommerkleid Print,XL,Weiss,1,79.9,79.9,24.0
AB-2026-12623,2026-03-10,Eigener Shop,K-16883,Vorkasse,HOOD-ZP-XS-WEI,Zip-Hoodie Heavy,XS,Weiss,1,89.9,89.9,28.0
AB-2026-12623,2026-03-10,Eigener Shop,K-16883,Vorkasse,HOOD-ZP-XS-WEI,Zip-Hoodie Heavy,XS,Weiss,1,89.9,89.9,28.0
AB-2026-12624,2026-04-29,Eigener Shop,K-17884,Kreditkarte,CAP-LG-S-SCH,Cap Logo,S,Schwarz,1,24.9,24.9,6.0
AB-2026-12624,2026-04-29,Eigener Shop,K-17884,Kreditkarte,CAP-LG-XS-SCH,Cap Logo,XS,Schwarz,1,24.9,24.9,6.0
AB-2026-12625,2026-03-02,Eigener Shop,K-18115,Vorkasse,HOOD-ZP-L-WEI,Zip-Hoodie Heavy,L,Weiss,1,89.9,89.9,28.0
AB-2026-12625,2026-03-02,Eigener Shop,K-18115,Vorkasse,HOOD-ZP-M-WEI,Zip-Hoodie Heavy,M,Weiss,1,89.9,89.9,28.0
AB-2026-12626,2026-03-20,Eigener Shop,K-19905,PayPal,JKT-RN-XS-WEI,Regenjacke Tech,XS,Weiss,1,119.9,119.9,84.0
AB-2026-12626,2026-03-20,Eigener Shop,K-19905,PayPal,JKT-RN-L-WEI,Regenjacke Tech,L,Weiss,1,119.9,119.9,84.0
AB-2026-12627,2026-05-15,Amazon,K-18112,Kreditkarte,HOOD-ZP-L-WEI,Zip-Hoodie Heavy,L,Weiss,1,89.9,89.9,28.0
AB-2026-12627,2026-05-15,Amazon,K-18112,Kreditkarte,JOG-CL-XL-NAV,Jogger Classic,XL,Navy,1,64.9,64.9,19.5
AB-2026-12628,2026-02-23,Eigener Shop,K-15739,Kreditkarte,SOCK-3P-L-NAV,Sneaker Socken 3er-Pack,L,Navy,1,19.9,19.9,4.8
AB-2026-12629,2026-02-13,Eigener Shop,K-14811,Rechnungskauf,JKT-RN-XL-SCH,Regenjacke Tech,XL,Schwarz,1,119.9,119.9,84.0
AB-2026-12630,2026-01-17,Amazon,K-16164,PayPal,KLEID-PR-L-NAV,Sommerkleid Print,L,Navy,1,79.9,79.9,24.0
AB-2026-12631,2026-05-28,Zalando,K-18951,Rechnungskauf,HOOD-CL-XL-WEI,Hoodie Classic,XL,Weiss,1,69.9,69.9,21.0
AB-2026-12632,2026-05-26,Eigener Shop,K-13546,Kreditkarte,TEE-OVS-XL-OLI,T-Shirt Oversized,XL,Oliv,1,34.9,34.9,9.0
AB-2026-12633,2026-01-01,Eigener Shop,K-15022,PayPal,KLEID-PR-XL-NAV,Sommerkleid Print,XL,Navy,1,79.9,79.9,24.0
AB-2026-12634,2026-02-13,Amazon,K-11893,PayPal,TEE-OVS-M-SCH,T-Shirt Oversized,M,Schwarz,1,34.9,34.9,9.0
AB-2026-12634,2026-02-13,Amazon,K-11893,PayPal,TEE-OVS-XS-WEI,T-Shirt Oversized,XS,Weiss,1,34.9,34.9,9.0
AB-2026-12635,2026-04-06,Eigener Shop,K-14708,PayPal,JOG-CL-XL-SCH,Jogger Classic,XL,Schwarz,1,64.9,64.9,19.5
AB-2026-12636,2026-05-17,Eigener Shop,K-11266,Kreditkarte,HOOD-ZP-S-SCH,Zip-Hoodie Heavy,S,Schwarz,1,89.9,89.9,28.0
AB-2026-12637,2026-01-15,Amazon,K-19903,PayPal,TEE-OVS-XL-WEI,T-Shirt Oversized,XL,Weiss,1,34.9,34.9,9.0
AB-2026-12637,2026-01-15,Amazon,K-19903,PayPal,HOOD-ZP-M-WEI,Zip-Hoodie Heavy,M,Weiss,1,89.9,89.9,28.0
AB-2026-12638,2026-02-27,Eigener Shop,K-18067,Rechnungskauf,TEE-OVS-M-SCH,T-Shirt Oversized,M,Schwarz,1,34.9,34.9,9.0
AB-2026-12639,2026-01-17,Eigener Shop,K-12243,Kreditkarte,SOCK-3P-XS-NAV,Sneaker Socken 3er-Pack,XS,Navy,1,19.9,19.9,4.8
AB-2026-12640,2026-01-27,Amazon,K-18069,Kreditkarte,HOOD-CL-M-OLI,Hoodie Classic,M,Oliv,1,69.9,69.9,21.0
AB-2026-12640,2026-01-27,Amazon,K-18069,Kreditkarte,CAP-LG-S-SCH,Cap Logo,S,Schwarz,1,24.9,24.9,6.0
AB-2026-12640,2026-01-27,Amazon,K-18069,Kreditkarte,JKT-RN-S-WEI,Regenjacke Tech,S,Weiss,1,119.9,119.9,84.0
AB-2026-12641,2026-02-11,Zalando,K-19707,Kreditkarte,JKT-RN-XS-WEI,Regenjacke Tech,XS,Weiss,1,119.9,119.9,84.0
AB-2026-12642,2026-06-13,Eigener Shop,K-18436,Vorkasse,HOOD-ZP-XS-WEI,Zip-Hoodie Heavy,XS,Weiss,1,89.9,89.9,28.0
AB-2026-12643,2026-05-22,Eigener Shop,K-18425,Vorkasse,TEE-OVS-L-WEI,T-Shirt Oversized,L,Weiss,1,34.9,34.9,9.0
AB-2026-12644,2026-02-10,Eigener Shop,K-15982,Kreditkarte,TEE-BAS-S-OLI,T-Shirt Basic,S,Oliv,1,29.9,29.9,7.5
AB-2026-12645,2026-03-20,Eigener Shop,K-16647,Rechnungskauf,TEE-BAS-M-SCH,T-Shirt Basic,M,Schwarz,1,29.9,29.9,7.5
AB-2026-12646,2026-02-25,Eigener Shop,K-10683,PayPal,TEE-BAS-M-WEI,T-Shirt Basic,M,Weiss,1,29.9,29.9,7.5
AB-2026-12647,2026-06-17,Eigener Shop,K-19053,PayPal,JKT-RN-XL-WEI,Regenjacke Tech,XL,Weiss,1,119.9,119.9,84.0
AB-2026-12647,2026-06-17,Eigener Shop,K-19053,PayPal,TEE-OVS-XS-SCH,T-Shirt Oversized,XS,Schwarz,1,34.9,34.9,9.0
AB-2026-12647,2026-06-17,Eigener Shop,K-19053,PayPal,JKT-RN-S-WEI,Regenjacke Tech,S,Weiss,1,119.9,119.9,84.0
AB-2026-12648,2026-06-16,Eigener Shop,K-19203,PayPal,CAP-LG-S-WEI,Cap Logo,S,Weiss,1,24.9,24.9,6.0
AB-2026-12648,2026-06-16,Eigener Shop,K-19203,PayPal,KLEID-PR-S-OLI,Sommerkleid Print,S,Oliv,1,79.9,79.9,24.0
AB-2026-12649,2026-05-14,Eigener Shop,K-17615,PayPal,JOG-CL-XS-OLI,Jogger Classic,XS,Oliv,1,64.9,64.9,19.5
AB-2026-12650,2026-04-24,Zalando,K-15141,PayPal,JOG-CL-XL-NAV,Jogger Classic,XL,Navy,1,64.9,64.9,19.5
AB-2026-12651,2026-05-03,Eigener Shop,K-15836,Kreditkarte,HOOD-ZP-M-WEI,Zip-Hoodie Heavy,M,Weiss,1,89.9,89.9,28.0
AB-2026-12652,2026-02-13,Eigener Shop,K-15374,Vorkasse,SOCK-3P-L-SCH,Sneaker Socken 3er-Pack,L,Schwarz,1,19.9,19.9,4.8
AB-2026-12652,2026-02-13,Eigener Shop,K-15374,Vorkasse,HOOD-CL-S-OLI,Hoodie Classic,S,Oliv,1,69.9,69.9,21.0
AB-2026-12653,2026-04-24,Eigener Shop,K-12231,Rechnungskauf,KLEID-PR-M-WEI,Sommerkleid Print,M,Weiss,1,79.9,79.9,24.0
AB-2026-12654,2026-02-23,Eigener Shop,K-14663,Rechnungskauf,TEE-OVS-XL-WEI,T-Shirt Oversized,XL,Weiss,1,34.9,34.9,9.0
AB-2026-12655,2026-06-30,Amazon,K-13020,Vorkasse,HOOD-ZP-S-WEI,Zip-Hoodie Heavy,S,Weiss,1,89.9,89.9,28.0
AB-2026-12655,2026-06-30,Amazon,K-13020,Vorkasse,JOG-CL-XS-OLI,Jogger Classic,XS,Oliv,1,64.9,64.9,19.5
AB-2026-12656,2026-04-29,Zalando,K-16230,Rechnungskauf,KLEID-PR-L-WEI,Sommerkleid Print,L,Weiss,1,79.9,79.9,24.0
AB-2026-12657,2026-04-11,Zalando,K-17343,Kreditkarte,TEE-OVS-S-NAV,T-Shirt Oversized,S,Navy,1,34.9,34.9,9.0
AB-2026-12658,2026-04-02,Eigener Shop,K-16414,Vorkasse,TEE-OVS-XS-WEI,T-Shirt Oversized,XS,Weiss,1,34.9,34.9,9.0
AB-2026-12659,2026-01-14,Eigener Shop,K-18021,PayPal,TEE-OVS-S-WEI,T-Shirt Oversized,S,Weiss,1,34.9,34.9,9.0
AB-2026-12660,2026-02-23,Eigener Shop,K-16983,Kreditkarte,HOOD-ZP-XL-SCH,Zip-Hoodie Heavy,XL,Schwarz,1,89.9,89.9,28.0
AB-2026-12661,2026-02-02,Eigener Shop,K-11989,Rechnungskauf,TEE-OVS-S-SCH,T-Shirt Oversized,S,Schwarz,1,34.9,34.9,9.0
AB-2026-12661,2026-02-02,Eigener Shop,K-11989,Rechnungskauf,HOOD-CL-XS-NAV,Hoodie Classic,XS,Navy,1,69.9,69.9,21.0
AB-2026-12662,2026-06-09,Amazon,K-15170,Rechnungskauf,TEE-OVS-S-WEI,T-Shirt Oversized,S,Weiss,1,34.9,34.9,9.0
AB-2026-12663,2026-05-18,Zalando,K-15948,Rechnungskauf,JKT-RN-S-SCH,Regenjacke Tech,S,Schwarz,1,119.9,119.9,84.0
AB-2026-12664,2026-03-31,Eigener Shop,K-12719,Vorkasse,SOCK-3P-L-NAV,Sneaker Socken 3er-Pack,L,Navy,1,19.9,19.9,4.8
AB-2026-12664,2026-03-31,Eigener Shop,K-12719,Vorkasse,CAP-LG-M-OLI,Cap Logo,M,Oliv,1,24.9,24.9,6.0
AB-2026-12665,2026-05-05,Eigener Shop,K-14417,Kreditkarte,SOCK-3P-S-NAV,Sneaker Socken 3er-Pack,S,Navy,1,19.9,19.9,4.8
AB-2026-12666,2026-06-17,Eigener Shop,K-12734,PayPal,HOOD-CL-XL-WEI,Hoodie Classic,XL,Weiss,1,69.9,69.9,21.0
AB-2026-12667,2026-02-14,Eigener Shop,K-11080,PayPal,KLEID-PR-XS-WEI,Sommerkleid Print,XS,Weiss,1,79.9,79.9,24.0
AB-2026-12667,2026-02-14,Eigener Shop,K-11080,PayPal,HOOD-ZP-S-SCH,Zip-Hoodie Heavy,S,Schwarz,1,89.9,89.9,28.0
AB-2026-12668,2026-06-17,Amazon,K-16794,PayPal,TEE-BAS-XS-SCH,T-Shirt Basic,XS,Schwarz,1,29.9,29.9,7.5
AB-2026-12669,2026-04-02,Eigener Shop,K-19967,PayPal,HOOD-CL-L-WEI,Hoodie Classic,L,Weiss,1,69.9,69.9,21.0
AB-2026-12670,2026-06-10,Amazon,K-18088,Vorkasse,TEE-BAS-S-NAV,T-Shirt Basic,S,Navy,1,29.9,29.9,7.5
AB-2026-12671,2026-06-15,Eigener Shop,K-16723,PayPal,TEE-BAS-L-SCH,T-Shirt Basic,L,Schwarz,1,29.9,29.9,7.5
AB-2026-12672,2026-01-24,Amazon,K-15299,PayPal,HOOD-ZP-L-SCH,Zip-Hoodie Heavy,L,Schwarz,1,89.9,89.9,28.0
AB-2026-12672,2026-01-24,Amazon,K-15299,PayPal,HOOD-ZP-S-SCH,Zip-Hoodie Heavy,S,Schwarz,1,89.9,89.9,28.0
AB-2026-12673,2026-01-22,Amazon,K-15300,PayPal,JKT-RN-M-SCH,Regenjacke Tech,M,Schwarz,1,119.9,119.9,84.0
AB-2026-12674,2026-06-07,Zalando,K-14379,Vorkasse,HOOD-ZP-M-SCH,Zip-Hoodie Heavy,M,Schwarz,1,89.9,89.9,28.0
AB-2026-12674,2026-06-07,Zalando,K-14379,Vorkasse,HOOD-ZP-M-WEI,Zip-Hoodie Heavy,M,Weiss,1,89.9,89.9,28.0
AB-2026-12675,2026-03-21,Eigener Shop,K-12613,Rechnungskauf,TEE-OVS-XL-OLI,T-Shirt Oversized,XL,Oliv,1,34.9,34.9,9.0
AB-2026-12676,2026-04-27,Eigener Shop,K-13032,Kreditkarte,JKT-RN-M-SCH,Regenjacke Tech,M,Schwarz,1,119.9,119.9,84.0
AB-2026-12677,2026-03-02,Eigener Shop,K-17965,Kreditkarte,TEE-OVS-XL-SCH,T-Shirt Oversized,XL,Schwarz,1,34.9,34.9,9.0
AB-2026-12677,2026-03-02,Eigener Shop,K-17965,Kreditkarte,TEE-BAS-XS-NAV,T-Shirt Basic,XS,Navy,1,29.9,29.9,7.5
AB-2026-12678,2026-01-01,Zalando,K-19817,Rechnungskauf,TEE-OVS-XL-SCH,T-Shirt Oversized,XL,Schwarz,1,34.9,34.9,9.0
AB-2026-12679,2026-04-16,Eigener Shop,K-14441,Vorkasse,JKT-RN-L-SCH,Regenjacke Tech,L,Schwarz,1,119.9,119.9,84.0
AB-2026-12680,2026-01-26,Amazon,K-19296,PayPal,HOOD-ZP-XL-SCH,Zip-Hoodie Heavy,XL,Schwarz,1,89.9,89.9,28.0
AB-2026-12680,2026-01-26,Amazon,K-19296,PayPal,TEE-BAS-L-OLI,T-Shirt Basic,L,Oliv,1,29.9,29.9,7.5
AB-2026-12681,2026-02-11,Eigener Shop,K-10054,Kreditkarte,HOOD-ZP-XL-SCH,Zip-Hoodie Heavy,XL,Schwarz,1,89.9,89.9,28.0
AB-2026-12682,2026-05-13,Eigener Shop,K-19669,Vorkasse,TEE-BAS-XL-SCH,T-Shirt Basic,XL,Schwarz,1,29.9,29.9,7.5
AB-2026-12683,2026-04-19,Eigener Shop,K-10443,PayPal,JOG-CL-XS-OLI,Jogger Classic,XS,Oliv,1,64.9,64.9,19.5
AB-2026-12683,2026-04-19,Eigener Shop,K-10443,PayPal,HOOD-CL-XL-SCH,Hoodie Classic,XL,Schwarz,1,69.9,69.9,21.0
AB-2026-12684,2026-05-28,Eigener Shop,K-19768,Kreditkarte,TEE-OVS-XS-WEI,T-Shirt Oversized,XS,Weiss,1,34.9,34.9,9.0
AB-2026-12685,2026-03-15,Zalando,K-11659,Rechnungskauf,HOOD-ZP-XS-SCH,Zip-Hoodie Heavy,XS,Schwarz,1,89.9,89.9,28.0
AB-2026-12685,2026-03-15,Zalando,K-11659,Rechnungskauf,CAP-LG-XL-SCH,Cap Logo,XL,Schwarz,1,24.9,24.9,6.0
AB-2026-12686,2026-05-06,Amazon,K-11563,Kreditkarte,HOOD-CL-XS-NAV,Hoodie Classic,XS,Navy,1,69.9,69.9,21.0
AB-2026-12687,2026-04-04,Amazon,K-19578,Rechnungskauf,HOOD-ZP-XS-WEI,Zip-Hoodie Heavy,XS,Weiss,1,89.9,89.9,28.0
AB-2026-12687,2026-04-04,Amazon,K-19578,Rechnungskauf,SOCK-3P-XS-SCH,Sneaker Socken 3er-Pack,XS,Schwarz,1,19.9,19.9,4.8
AB-2026-12688,2026-05-11,Eigener Shop,K-19738,Vorkasse,HOOD-CL-XL-NAV,Hoodie Classic,XL,Navy,1,69.9,69.9,21.0
AB-2026-12688,2026-05-11,Eigener Shop,K-19738,Vorkasse,CAP-LG-L-OLI,Cap Logo,L,Oliv,1,24.9,24.9,6.0
AB-2026-12689,2026-03-18,Eigener Shop,K-14773,Vorkasse,HOOD-ZP-L-WEI,Zip-Hoodie Heavy,L,Weiss,1,89.9,89.9,28.0
AB-2026-12690,2026-05-04,Eigener Shop,K-16369,Rechnungskauf,HOOD-CL-L-OLI,Hoodie Classic,L,Oliv,1,69.9,69.9,21.0
AB-2026-12691,2026-02-26,Amazon,K-17445,Kreditkarte,HOOD-CL-S-SCH,Hoodie Classic,S,Schwarz,1,69.9,69.9,21.0
AB-2026-12692,2026-01-14,Eigener Shop,K-18314,PayPal,HOOD-ZP-L-WEI,Zip-Hoodie Heavy,L,Weiss,1,89.9,89.9,28.0
AB-2026-12692,2026-01-14,Eigener Shop,K-18314,PayPal,HOOD-CL-S-SCH,Hoodie Classic,S,Schwarz,1,69.9,69.9,21.0
AB-2026-12693,2026-05-30,Eigener Shop,K-10237,Rechnungskauf,TEE-BAS-L-SCH,T-Shirt Basic,L,Schwarz,1,29.9,29.9,7.5
AB-2026-12694,2026-05-27,Zalando,K-17401,Kreditkarte,HOOD-ZP-M-SCH,Zip-Hoodie Heavy,M,Schwarz,1,89.9,89.9,28.0
AB-2026-12694,2026-05-27,Zalando,K-17401,Kreditkarte,HOOD-ZP-S-SCH,Zip-Hoodie Heavy,S,Schwarz,1,89.9,89.9,28.0
AB-2026-12695,2026-04-15,Eigener Shop,K-14562,PayPal,SOCK-3P-M-WEI,Sneaker Socken 3er-Pack,M,Weiss,1,19.9,19.9,4.8
AB-2026-12695,2026-04-15,Eigener Shop,K-14562,PayPal,KLEID-PR-XS-OLI,Sommerkleid Print,XS,Oliv,1,79.9,79.9,24.0
AB-2026-12696,2026-01-02,Eigener Shop,K-18880,Vorkasse,HOOD-CL-M-OLI,Hoodie Classic,M,Oliv,1,69.9,69.9,21.0
AB-2026-12696,2026-01-02,Eigener Shop,K-18880,Vorkasse,CAP-LG-L-NAV,Cap Logo,L,Navy,1,24.9,24.9,6.0
AB-2026-12697,2026-05-05,Zalando,K-18940,Vorkasse,HOOD-ZP-L-SCH,Zip-Hoodie Heavy,L,Schwarz,1,89.9,89.9,28.0
AB-2026-12697,2026-05-05,Zalando,K-18940,Vorkasse,HOOD-ZP-S-SCH,Zip-Hoodie Heavy,S,Schwarz,1,89.9,89.9,28.0
AB-2026-12698,2026-05-12,Amazon,K-17161,Kreditkarte,JOG-CL-XL-NAV,Jogger Classic,XL,Navy,1,64.9,64.9,19.5
AB-2026-12699,2026-03-01,Eigener Shop,K-12227,Vorkasse,HOOD-ZP-L-WEI,Zip-Hoodie Heavy,L,Weiss,1,89.9,89.9,28.0
AB-2026-12700,2026-05-15,Amazon,K-16292,Kreditkarte,KLEID-PR-M-OLI,Sommerkleid Print,M,Oliv,1,79.9,79.9,24.0
AB-2026-12700,2026-05-15,Amazon,K-16292,Kreditkarte,TEE-OVS-M-SCH,T-Shirt Oversized,M,Schwarz,1,34.9,34.9,9.0
AB-2026-12700,2026-05-15,Amazon,K-16292,Kreditkarte,SOCK-3P-S-WEI,Sneaker Socken 3er-Pack,S,Weiss,1,19.9,19.9,4.8
AB-2026-12701,2026-04-10,Zalando,K-14104,Kreditkarte,HOOD-ZP-XS-WEI,Zip-Hoodie Heavy,XS,Weiss,1,89.9,89.9,28.0
AB-2026-12702,2026-06-03,Amazon,K-12754,Rechnungskauf,HOOD-ZP-XS-SCH,Zip-Hoodie Heavy,XS,Schwarz,1,89.9,89.9,28.0
AB-2026-12703,2026-03-16,Eigener Shop,K-18709,PayPal,HOOD-ZP-L-SCH,Zip-Hoodie Heavy,L,Schwarz,1,89.9,89.9,28.0
AB-2026-12704,2026-02-06,Amazon,K-14732,Vorkasse,HOOD-ZP-L-SCH,Zip-Hoodie Heavy,L,Schwarz,1,89.9,89.9,28.0
AB-2026-12704,2026-02-06,Amazon,K-14732,Vorkasse,JOG-CL-XL-SCH,Jogger Classic,XL,Schwarz,1,64.9,64.9,19.5
AB-2026-12705,2026-04-10,Eigener Shop,K-11035,Rechnungskauf,TEE-OVS-M-SCH,T-Shirt Oversized,M,Schwarz,1,34.9,34.9,9.0
AB-2026-12706,2026-03-15,Eigener Shop,K-15506,Rechnungskauf,KLEID-PR-XS-WEI,Sommerkleid Print,XS,Weiss,1,79.9,79.9,24.0
AB-2026-12707,2026-01-29,Eigener Shop,K-16471,PayPal,HOOD-ZP-S-WEI,Zip-Hoodie Heavy,S,Weiss,1,89.9,89.9,28.0
AB-2026-12707,2026-01-29,Eigener Shop,K-16471,PayPal,HOOD-CL-XL-OLI,Hoodie Classic,XL,Oliv,1,69.9,69.9,21.0
AB-2026-12708,2026-03-31,Eigener Shop,K-16248,Vorkasse,JKT-RN-L-SCH,Regenjacke Tech,L,Schwarz,1,119.9,119.9,84.0
AB-2026-12708,2026-03-31,Eigener Shop,K-16248,Vorkasse,TEE-OVS-S-NAV,T-Shirt Oversized,S,Navy,1,34.9,34.9,9.0
AB-2026-12709,2026-02-14,Eigener Shop,K-18895,Kreditkarte,KLEID-PR-XL-OLI,Sommerkleid Print,XL,Oliv,1,79.9,79.9,24.0
AB-2026-12709,2026-02-14,Eigener Shop,K-18895,Kreditkarte,JKT-RN-S-WEI,Regenjacke Tech,S,Weiss,1,119.9,119.9,84.0
AB-2026-12709,2026-02-14,Eigener Shop,K-18895,Kreditkarte,SOCK-3P-L-NAV,Sneaker Socken 3er-Pack,L,Navy,1,19.9,19.9,4.8
AB-2026-12710,2026-06-14,Zalando,K-13431,PayPal,TEE-OVS-XS-NAV,T-Shirt Oversized,XS,Navy,1,34.9,34.9,9.0
AB-2026-12711,2026-02-04,Eigener Shop,K-19078,Kreditkarte,TEE-BAS-L-SCH,T-Shirt Basic,L,Schwarz,1,29.9,29.9,7.5
AB-2026-12712,2026-02-04,Eigener Shop,K-14917,PayPal,TEE-BAS-S-NAV,T-Shirt Basic,S,Navy,1,29.9,29.9,7.5
AB-2026-12713,2026-06-16,Amazon,K-10080,PayPal,TEE-OVS-S-OLI,T-Shirt Oversized,S,Oliv,1,34.9,34.9,9.0
AB-2026-12714,2026-01-11,Eigener Shop,K-17725,Rechnungskauf,TEE-BAS-L-NAV,T-Shirt Basic,L,Navy,1,29.9,29.9,7.5
AB-2026-12715,2026-03-19,Amazon,K-11921,Rechnungskauf,HOOD-ZP-S-WEI,Zip-Hoodie Heavy,S,Weiss,1,89.9,89.9,28.0
AB-2026-12716,2026-01-04,Eigener Shop,K-13301,Vorkasse,KLEID-PR-XL-SCH,Sommerkleid Print,XL,Schwarz,1,79.9,79.9,24.0
AB-2026-12717,2026-02-07,Eigener Shop,K-15480,Kreditkarte,JOG-CL-S-OLI,Jogger Classic,S,Oliv,1,64.9,64.9,19.5
AB-2026-12717,2026-02-07,Eigener Shop,K-15480,Kreditkarte,SOCK-3P-M-OLI,Sneaker Socken 3er-Pack,M,Oliv,1,19.9,19.9,4.8
AB-2026-12718,2026-01-08,Amazon,K-18722,Rechnungskauf,TEE-BAS-S-NAV,T-Shirt Basic,S,Navy,1,29.9,29.9,7.5
AB-2026-12719,2026-03-29,Amazon,K-15448,Vorkasse,HOOD-ZP-XL-SCH,Zip-Hoodie Heavy,XL,Schwarz,1,89.9,89.9,28.0
AB-2026-12719,2026-03-29,Amazon,K-15448,Vorkasse,SOCK-3P-L-WEI,Sneaker Socken 3er-Pack,L,Weiss,1,19.9,19.9,4.8
AB-2026-12720,2026-05-08,Amazon,K-12664,PayPal,TEE-OVS-XS-SCH,T-Shirt Oversized,XS,Schwarz,1,34.9,34.9,9.0
AB-2026-12720,2026-05-08,Amazon,K-12664,PayPal,TEE-OVS-M-OLI,T-Shirt Oversized,M,Oliv,1,34.9,34.9,9.0
AB-2026-12721,2026-05-02,Amazon,K-12534,Rechnungskauf,KLEID-PR-XS-OLI,Sommerkleid Print,XS,Oliv,1,79.9,79.9,24.0
AB-2026-12722,2026-01-16,Eigener Shop,K-11602,Rechnungskauf,JOG-CL-S-WEI,Jogger Classic,S,Weiss,1,64.9,64.9,19.5
AB-2026-12723,2026-05-25,Eigener Shop,K-12071,PayPal,TEE-OVS-M-NAV,T-Shirt Oversized,M,Navy,1,34.9,34.9,9.0
AB-2026-12724,2026-01-29,Eigener Shop,K-10338,Vorkasse,SOCK-3P-M-NAV,Sneaker Socken 3er-Pack,M,Navy,1,19.9,19.9,4.8
AB-2026-12724,2026-01-29,Eigener Shop,K-10338,Vorkasse,SOCK-3P-L-SCH,Sneaker Socken 3er-Pack,L,Schwarz,1,19.9,19.9,4.8
AB-2026-12725,2026-01-22,Amazon,K-11167,Kreditkarte,HOOD-ZP-XS-WEI,Zip-Hoodie Heavy,XS,Weiss,1,89.9,89.9,28.0
AB-2026-12726,2026-01-27,Eigener Shop,K-13642,PayPal,KLEID-PR-L-NAV,Sommerkleid Print,L,Navy,1,79.9,79.9,24.0
AB-2026-12727,2026-06-03,Eigener Shop,K-13325,PayPal,JKT-RN-S-SCH,Regenjacke Tech,S,Schwarz,1,119.9,119.9,84.0
AB-2026-12727,2026-06-03,Eigener Shop,K-13325,PayPal,KLEID-PR-XL-SCH,Sommerkleid Print,XL,Schwarz,1,79.9,79.9,24.0
AB-2026-12728,2026-02-09,Zalando,K-18617,PayPal,TEE-BAS-S-OLI,T-Shirt Basic,S,Oliv,1,29.9,29.9,7.5
AB-2026-12729,2026-04-29,Amazon,K-12543,Vorkasse,HOOD-CL-S-SCH,Hoodie Classic,S,Schwarz,1,69.9,69.9,21.0
AB-2026-12730,2026-02-21,Eigener Shop,K-11914,PayPal,HOOD-ZP-XS-SCH,Zip-Hoodie Heavy,XS,Schwarz,1,89.9,89.9,28.0
AB-2026-12731,2026-03-05,Eigener Shop,K-14605,PayPal,CAP-LG-XS-OLI,Cap Logo,XS,Oliv,1,24.9,24.9,6.0
AB-2026-12732,2026-06-03,Eigener Shop,K-17442,PayPal,CAP-LG-XL-WEI,Cap Logo,XL,Weiss,1,24.9,24.9,6.0
AB-2026-12732,2026-06-03,Eigener Shop,K-17442,PayPal,JOG-CL-XL-SCH,Jogger Classic,XL,Schwarz,1,64.9,64.9,19.5
AB-2026-12733,2026-05-09,Eigener Shop,K-11649,Kreditkarte,HOOD-ZP-L-SCH,Zip-Hoodie Heavy,L,Schwarz,1,89.9,89.9,28.0
AB-2026-12734,2026-05-22,Amazon,K-15026,Kreditkarte,KLEID-PR-XL-NAV,Sommerkleid Print,XL,Navy,1,79.9,79.9,24.0
AB-2026-12734,2026-05-22,Amazon,K-15026,Kreditkarte,SOCK-3P-M-OLI,Sneaker Socken 3er-Pack,M,Oliv,1,19.9,19.9,4.8
AB-2026-12735,2026-01-26,Eigener Shop,K-10259,PayPal,HOOD-ZP-M-WEI,Zip-Hoodie Heavy,M,Weiss,1,89.9,89.9,28.0
AB-2026-12736,2026-03-16,Zalando,K-13675,PayPal,TEE-BAS-L-SCH,T-Shirt Basic,L,Schwarz,1,29.9,29.9,7.5
AB-2026-12737,2026-05-19,Eigener Shop,K-15563,PayPal,SOCK-3P-XS-OLI,Sneaker Socken 3er-Pack,XS,Oliv,1,19.9,19.9,4.8
AB-2026-12738,2026-06-28,Eigener Shop,K-10943,Rechnungskauf,HOOD-CL-L-NAV,Hoodie Classic,L,Navy,1,69.9,69.9,21.0
AB-2026-12739,2026-04-22,Amazon,K-10650,Kreditkarte,HOOD-CL-S-NAV,Hoodie Classic,S,Navy,1,69.9,69.9,21.0
AB-2026-12739,2026-04-22,Amazon,K-10650,Kreditkarte,SOCK-3P-L-WEI,Sneaker Socken 3er-Pack,L,Weiss,1,19.9,19.9,4.8
AB-2026-12739,2026-04-22,Amazon,K-10650,Kreditkarte,TEE-BAS-XL-NAV,T-Shirt Basic,XL,Navy,1,29.9,29.9,7.5
AB-2026-12740,2026-01-20,Eigener Shop,K-14042,PayPal,TEE-OVS-M-SCH,T-Shirt Oversized,M,Schwarz,1,34.9,34.9,9.0
AB-2026-12740,2026-01-20,Eigener Shop,K-14042,PayPal,JOG-CL-XS-SCH,Jogger Classic,XS,Schwarz,1,64.9,64.9,19.5
AB-2026-12741,2026-06-18,Zalando,K-18842,PayPal,HOOD-CL-S-WEI,Hoodie Classic,S,Weiss,1,69.9,69.9,21.0
AB-2026-12742,2026-03-06,Amazon,K-17526,PayPal,HOOD-CL-XS-OLI,Hoodie Classic,XS,Oliv,1,69.9,69.9,21.0
AB-2026-12742,2026-03-06,Amazon,K-17526,PayPal,TEE-BAS-XS-NAV,T-Shirt Basic,XS,Navy,1,29.9,29.9,7.5
AB-2026-12743,2026-01-23,Eigener Shop,K-10396,Rechnungskauf,TEE-OVS-M-SCH,T-Shirt Oversized,M,Schwarz,1,34.9,34.9,9.0
AB-2026-12744,2026-06-18,Zalando,K-13331,Kreditkarte,HOOD-CL-M-WEI,Hoodie Classic,M,Weiss,1,69.9,69.9,21.0
AB-2026-12744,2026-06-18,Zalando,K-13331,Kreditkarte,HOOD-ZP-XL-WEI,Zip-Hoodie Heavy,XL,Weiss,1,89.9,89.9,28.0
AB-2026-12745,2026-01-01,Eigener Shop,K-12388,Rechnungskauf,HOOD-CL-S-SCH,Hoodie Classic,S,Schwarz,1,69.9,69.9,21.0
AB-2026-12746,2026-02-19,Eigener Shop,K-11777,Rechnungskauf,TEE-BAS-XS-OLI,T-Shirt Basic,XS,Oliv,1,29.9,29.9,7.5
AB-2026-12746,2026-02-19,Eigener Shop,K-11777,Rechnungskauf,TEE-OVS-XL-SCH,T-Shirt Oversized,XL,Schwarz,1,34.9,34.9,9.0
AB-2026-12747,2026-06-25,Amazon,K-14736,Kreditkarte,HOOD-ZP-XS-WEI,Zip-Hoodie Heavy,XS,Weiss,1,89.9,89.9,28.0
AB-2026-12748,2026-02-01,Amazon,K-18172,Kreditkarte,JOG-CL-XL-OLI,Jogger Classic,XL,Oliv,1,64.9,64.9,19.5
AB-2026-12749,2026-06-19,Eigener Shop,K-15516,Rechnungskauf,CAP-LG-M-OLI,Cap Logo,M,Oliv,1,24.9,24.9,6.0
AB-2026-12750,2026-03-18,Eigener Shop,K-14445,Kreditkarte,TEE-OVS-L-OLI,T-Shirt Oversized,L,Oliv,1,34.9,34.9,9.0
AB-2026-12751,2026-06-12,Amazon,K-10857,PayPal,HOOD-ZP-L-SCH,Zip-Hoodie Heavy,L,Schwarz,1,89.9,89.9,28.0
AB-2026-12751,2026-06-12,Amazon,K-10857,PayPal,JKT-RN-XS-SCH,Regenjacke Tech,XS,Schwarz,1,119.9,119.9,84.0
AB-2026-12751,2026-06-12,Amazon,K-10857,PayPal,SOCK-3P-XL-NAV,Sneaker Socken 3er-Pack,XL,Navy,1,19.9,19.9,4.8
AB-2026-12752,2026-02-27,Eigener Shop,K-19405,Kreditkarte,KLEID-PR-XS-WEI,Sommerkleid Print,XS,Weiss,1,79.9,79.9,24.0
AB-2026-12753,2026-02-14,Eigener Shop,K-11002,PayPal,HOOD-ZP-S-WEI,Zip-Hoodie Heavy,S,Weiss,1,89.9,89.9,28.0
AB-2026-12753,2026-02-14,Eigener Shop,K-11002,PayPal,HOOD-ZP-S-SCH,Zip-Hoodie Heavy,S,Schwarz,1,89.9,89.9,28.0
AB-2026-12754,2026-03-02,Eigener Shop,K-16730,PayPal,HOOD-ZP-XL-WEI,Zip-Hoodie Heavy,XL,Weiss,1,89.9,89.9,28.0
AB-2026-12754,2026-03-02,Eigener Shop,K-16730,PayPal,TEE-BAS-XL-OLI,T-Shirt Basic,XL,Oliv,1,29.9,29.9,7.5
AB-2026-12755,2026-03-28,Amazon,K-11674,Vorkasse,TEE-BAS-S-WEI,T-Shirt Basic,S,Weiss,1,29.9,29.9,7.5
AB-2026-12756,2026-03-22,Amazon,K-11270,Rechnungskauf,HOOD-CL-XL-OLI,Hoodie Classic,XL,Oliv,1,69.9,69.9,21.0
AB-2026-12757,2026-05-18,Eigener Shop,K-16368,PayPal,TEE-BAS-M-SCH,T-Shirt Basic,M,Schwarz,1,29.9,29.9,7.5
AB-2026-12757,2026-05-18,Eigener Shop,K-16368,PayPal,HOOD-ZP-M-WEI,Zip-Hoodie Heavy,M,Weiss,1,89.9,89.9,28.0
AB-2026-12758,2026-03-23,Eigener Shop,K-12560,PayPal,TEE-OVS-XL-WEI,T-Shirt Oversized,XL,Weiss,1,34.9,34.9,9.0
AB-2026-12758,2026-03-23,Eigener Shop,K-12560,PayPal,JOG-CL-M-SCH,Jogger Classic,M,Schwarz,1,64.9,64.9,19.5
AB-2026-12759,2026-05-27,Zalando,K-18740,Rechnungskauf,CAP-LG-M-WEI,Cap Logo,M,Weiss,1,24.9,24.9,6.0
AB-2026-12760,2026-01-09,Amazon,K-10800,Vorkasse,TEE-OVS-M-OLI,T-Shirt Oversized,M,Oliv,1,34.9,34.9,9.0
AB-2026-12760,2026-01-09,Amazon,K-10800,Vorkasse,HOOD-CL-XS-NAV,Hoodie Classic,XS,Navy,1,69.9,69.9,21.0
AB-2026-12760,2026-01-09,Amazon,K-10800,Vorkasse,TEE-BAS-S-SCH,T-Shirt Basic,S,Schwarz,1,29.9,29.9,7.5
AB-2026-12761,2026-06-07,Amazon,K-17676,PayPal,HOOD-ZP-S-WEI,Zip-Hoodie Heavy,S,Weiss,1,89.9,89.9,28.0
AB-2026-12762,2026-03-06,Eigener Shop,K-14049,PayPal,JOG-CL-S-WEI,Jogger Classic,S,Weiss,1,64.9,64.9,19.5
AB-2026-12762,2026-03-06,Eigener Shop,K-14049,PayPal,HOOD-CL-XS-WEI,Hoodie Classic,XS,Weiss,1,69.9,69.9,21.0
AB-2026-12763,2026-01-23,Eigener Shop,K-14206,Rechnungskauf,TEE-BAS-M-OLI,T-Shirt Basic,M,Oliv,1,29.9,29.9,7.5
AB-2026-12764,2026-02-04,Eigener Shop,K-10953,Kreditkarte,TEE-OVS-M-SCH,T-Shirt Oversized,M,Schwarz,1,34.9,34.9,9.0
AB-2026-12764,2026-02-04,Eigener Shop,K-10953,Kreditkarte,JKT-RN-XS-SCH,Regenjacke Tech,XS,Schwarz,1,119.9,119.9,84.0
AB-2026-12764,2026-02-04,Eigener Shop,K-10953,Kreditkarte,KLEID-PR-M-OLI,Sommerkleid Print,M,Oliv,1,79.9,79.9,24.0
AB-2026-12765,2026-06-21,Eigener Shop,K-19314,PayPal,HOOD-CL-XL-SCH,Hoodie Classic,XL,Schwarz,1,69.9,69.9,21.0
AB-2026-12766,2026-02-22,Eigener Shop,K-10635,PayPal,HOOD-ZP-S-SCH,Zip-Hoodie Heavy,S,Schwarz,1,89.9,89.9,28.0
AB-2026-12766,2026-02-22,Eigener Shop,K-10635,PayPal,HOOD-CL-XL-WEI,Hoodie Classic,XL,Weiss,1,69.9,69.9,21.0
AB-2026-12767,2026-01-18,Eigener Shop,K-16412,Kreditkarte,JOG-CL-XL-SCH,Jogger Classic,XL,Schwarz,1,64.9,64.9,19.5
AB-2026-12768,2026-01-10,Eigener Shop,K-13518,Kreditkarte,HOOD-ZP-M-SCH,Zip-Hoodie Heavy,M,Schwarz,1,89.9,89.9,28.0
AB-2026-12769,2026-01-13,Eigener Shop,K-10421,Kreditkarte,TEE-OVS-S-WEI,T-Shirt Oversized,S,Weiss,1,34.9,34.9,9.0
AB-2026-12769,2026-01-13,Eigener Shop,K-10421,Kreditkarte,TEE-OVS-L-WEI,T-Shirt Oversized,L,Weiss,1,34.9,34.9,9.0
AB-2026-12770,2026-01-25,Eigener Shop,K-17456,Rechnungskauf,HOOD-CL-L-OLI,Hoodie Classic,L,Oliv,1,69.9,69.9,21.0
AB-2026-12770,2026-01-25,Eigener Shop,K-17456,Rechnungskauf,KLEID-PR-L-OLI,Sommerkleid Print,L,Oliv,1,79.9,79.9,24.0
AB-2026-12770,2026-01-25,Eigener Shop,K-17456,Rechnungskauf,HOOD-ZP-XS-SCH,Zip-Hoodie Heavy,XS,Schwarz,1,89.9,89.9,28.0
AB-2026-12771,2026-06-21,Eigener Shop,K-16953,PayPal,SOCK-3P-XS-SCH,Sneaker Socken 3er-Pack,XS,Schwarz,1,19.9,19.9,4.8
AB-2026-12772,2026-06-01,Eigener Shop,K-15431,Vorkasse,HOOD-ZP-XL-WEI,Zip-Hoodie Heavy,XL,Weiss,1,89.9,89.9,28.0
AB-2026-12772,2026-06-01,Eigener Shop,K-15431,Vorkasse,HOOD-ZP-S-WEI,Zip-Hoodie Heavy,S,Weiss,1,89.9,89.9,28.0
AB-2026-12773,2026-06-01,Zalando,K-11877,Rechnungskauf,KLEID-PR-XL-OLI,Sommerkleid Print,XL,Oliv,1,79.9,79.9,24.0
AB-2026-12773,2026-06-01,Zalando,K-11877,Rechnungskauf,TEE-BAS-M-SCH,T-Shirt Basic,M,Schwarz,1,29.9,29.9,7.5
AB-2026-12774,2026-01-13,Eigener Shop,K-15302,Vorkasse,KLEID-PR-S-SCH,Sommerkleid Print,S,Schwarz,1,79.9,79.9,24.0
AB-2026-12775,2026-06-28,Eigener Shop,K-10453,PayPal,JKT-RN-L-WEI,Regenjacke Tech,L,Weiss,1,119.9,119.9,84.0
AB-2026-12775,2026-06-28,Eigener Shop,K-10453,PayPal,HOOD-ZP-S-SCH,Zip-Hoodie Heavy,S,Schwarz,1,89.9,89.9,28.0
AB-2026-12775,2026-06-28,Eigener Shop,K-10453,PayPal,KLEID-PR-L-SCH,Sommerkleid Print,L,Schwarz,1,79.9,79.9,24.0
AB-2026-12776,2026-01-04,Eigener Shop,K-19158,Rechnungskauf,SOCK-3P-S-OLI,Sneaker Socken 3er-Pack,S,Oliv,1,19.9,19.9,4.8
AB-2026-12776,2026-01-04,Eigener Shop,K-19158,Rechnungskauf,SOCK-3P-XL-WEI,Sneaker Socken 3er-Pack,XL,Weiss,1,19.9,19.9,4.8
AB-2026-12777,2026-04-05,Amazon,K-14939,Rechnungskauf,TEE-OVS-XL-OLI,T-Shirt Oversized,XL,Oliv,1,34.9,34.9,9.0
AB-2026-12777,2026-04-05,Amazon,K-14939,Rechnungskauf,SOCK-3P-L-WEI,Sneaker Socken 3er-Pack,L,Weiss,1,19.9,19.9,4.8
AB-2026-12777,2026-04-05,Amazon,K-14939,Rechnungskauf,KLEID-PR-S-WEI,Sommerkleid Print,S,Weiss,1,79.9,79.9,24.0
AB-2026-12778,2026-04-18,Zalando,K-14975,Vorkasse,TEE-OVS-XS-NAV,T-Shirt Oversized,XS,Navy,1,34.9,34.9,9.0
AB-2026-12779,2026-02-13,Eigener Shop,K-10217,Rechnungskauf,HOOD-ZP-XS-SCH,Zip-Hoodie Heavy,XS,Schwarz,1,89.9,89.9,28.0
AB-2026-12780,2026-02-25,Zalando,K-18673,PayPal,JKT-RN-M-WEI,Regenjacke Tech,M,Weiss,1,119.9,119.9,84.0
AB-2026-12781,2026-01-10,Eigener Shop,K-11127,PayPal,TEE-OVS-M-SCH,T-Shirt Oversized,M,Schwarz,1,34.9,34.9,9.0
AB-2026-12782,2026-06-03,Eigener Shop,K-10284,Rechnungskauf,HOOD-ZP-M-WEI,Zip-Hoodie Heavy,M,Weiss,1,89.9,89.9,28.0
AB-2026-12782,2026-06-03,Eigener Shop,K-10284,Rechnungskauf,TEE-BAS-M-WEI,T-Shirt Basic,M,Weiss,1,29.9,29.9,7.5
AB-2026-12782,2026-06-03,Eigener Shop,K-10284,Rechnungskauf,JOG-CL-XL-OLI,Jogger Classic,XL,Oliv,1,64.9,64.9,19.5
AB-2026-12783,2026-06-19,Amazon,K-13620,PayPal,JKT-RN-S-SCH,Regenjacke Tech,S,Schwarz,1,119.9,119.9,84.0
AB-2026-12783,2026-06-19,Amazon,K-13620,PayPal,TEE-BAS-S-OLI,T-Shirt Basic,S,Oliv,1,29.9,29.9,7.5
AB-2026-12784,2026-03-31,Zalando,K-19834,PayPal,HOOD-ZP-M-WEI,Zip-Hoodie Heavy,M,Weiss,1,89.9,89.9,28.0
AB-2026-12785,2026-04-17,Eigener Shop,K-11922,Rechnungskauf,JKT-RN-S-SCH,Regenjacke Tech,S,Schwarz,1,119.9,119.9,84.0
AB-2026-12785,2026-04-17,Eigener Shop,K-11922,Rechnungskauf,HOOD-CL-XS-NAV,Hoodie Classic,XS,Navy,1,69.9,69.9,21.0
AB-2026-12786,2026-01-07,Eigener Shop,K-18325,Vorkasse,HOOD-ZP-XS-WEI,Zip-Hoodie Heavy,XS,Weiss,1,89.9,89.9,28.0
AB-2026-12786,2026-01-07,Eigener Shop,K-18325,Vorkasse,HOOD-ZP-S-WEI,Zip-Hoodie Heavy,S,Weiss,1,89.9,89.9,28.0
AB-2026-12786,2026-01-07,Eigener Shop,K-18325,Vorkasse,HOOD-ZP-S-WEI,Zip-Hoodie Heavy,S,Weiss,1,89.9,89.9,28.0
AB-2026-12786,2026-01-07,Eigener Shop,K-18325,Vorkasse,HOOD-ZP-XL-WEI,Zip-Hoodie Heavy,XL,Weiss,1,89.9,89.9,28.0
AB-2026-12787,2026-03-25,Eigener Shop,K-15477,Kreditkarte,JKT-RN-L-WEI,Regenjacke Tech,L,Weiss,1,119.9,119.9,84.0
AB-2026-12787,2026-03-25,Eigener Shop,K-15477,Kreditkarte,HOOD-ZP-XS-SCH,Zip-Hoodie Heavy,XS,Schwarz,1,89.9,89.9,28.0
AB-2026-12788,2026-03-01,Zalando,K-18967,Kreditkarte,CAP-LG-S-WEI,Cap Logo,S,Weiss,1,24.9,24.9,6.0
AB-2026-12789,2026-02-24,Eigener Shop,K-14197,PayPal,KLEID-PR-XL-OLI,Sommerkleid Print,XL,Oliv,1,79.9,79.9,24.0
AB-2026-12789,2026-02-24,Eigener Shop,K-14197,PayPal,TEE-BAS-XS-SCH,T-Shirt Basic,XS,Schwarz,1,29.9,29.9,7.5
AB-2026-12790,2026-05-15,Eigener Shop,K-11797,Rechnungskauf,TEE-OVS-M-WEI,T-Shirt Oversized,M,Weiss,1,34.9,34.9,9.0
AB-2026-12791,2026-06-23,Zalando,K-19031,Rechnungskauf,JKT-RN-XS-SCH,Regenjacke Tech,XS,Schwarz,1,119.9,119.9,84.0
AB-2026-12792,2026-03-09,Amazon,K-11660,Rechnungskauf,HOOD-ZP-XL-SCH,Zip-Hoodie Heavy,XL,Schwarz,1,89.9,89.9,28.0
AB-2026-12792,2026-03-09,Amazon,K-11660,Rechnungskauf,TEE-BAS-XS-WEI,T-Shirt Basic,XS,Weiss,1,29.9,29.9,7.5
AB-2026-12793,2026-03-06,Eigener Shop,K-16972,PayPal,JKT-RN-XL-SCH,Regenjacke Tech,XL,Schwarz,1,119.9,119.9,84.0
AB-2026-12794,2026-03-08,Eigener Shop,K-17565,Vorkasse,HOOD-CL-XS-WEI,Hoodie Classic,XS,Weiss,1,69.9,69.9,21.0
AB-2026-12794,2026-03-08,Eigener Shop,K-17565,Vorkasse,SOCK-3P-M-OLI,Sneaker Socken 3er-Pack,M,Oliv,1,19.9,19.9,4.8
AB-2026-12795,2026-02-25,Eigener Shop,K-12179,Vorkasse,HOOD-ZP-M-SCH,Zip-Hoodie Heavy,M,Schwarz,1,89.9,89.9,28.0
AB-2026-12796,2026-04-20,Eigener Shop,K-18580,Vorkasse,HOOD-ZP-XL-SCH,Zip-Hoodie Heavy,XL,Schwarz,1,89.9,89.9,28.0
AB-2026-12796,2026-04-20,Eigener Shop,K-18580,Vorkasse,SOCK-3P-L-OLI,Sneaker Socken 3er-Pack,L,Oliv,1,19.9,19.9,4.8
AB-2026-12796,2026-04-20,Eigener Shop,K-18580,Vorkasse,JKT-RN-S-SCH,Regenjacke Tech,S,Schwarz,1,119.9,119.9,84.0
AB-2026-12797,2026-06-03,Amazon,K-18347,Vorkasse,TEE-OVS-XS-WEI,T-Shirt Oversized,XS,Weiss,1,34.9,34.9,9.0
AB-2026-12798,2026-06-16,Zalando,K-16687,Rechnungskauf,TEE-BAS-XS-WEI,T-Shirt Basic,XS,Weiss,1,29.9,29.9,7.5
AB-2026-12799,2026-02-19,Eigener Shop,K-16680,Rechnungskauf,HOOD-ZP-XS-SCH,Zip-Hoodie Heavy,XS,Schwarz,1,89.9,89.9,28.0
AB-2026-12800,2026-03-08,Eigener Shop,K-15515,Rechnungskauf,JKT-RN-XS-WEI,Regenjacke Tech,XS,Weiss,1,119.9,119.9,84.0
AB-2026-12801,2026-05-15,Eigener Shop,K-19048,Rechnungskauf,HOOD-ZP-L-WEI,Zip-Hoodie Heavy,L,Weiss,1,89.9,89.9,28.0
AB-2026-12802,2026-01-05,Eigener Shop,K-10713,Vorkasse,TEE-OVS-XL-OLI,T-Shirt Oversized,XL,Oliv,1,34.9,34.9,9.0
AB-2026-12802,2026-01-05,Eigener Shop,K-10713,Vorkasse,JKT-RN-M-WEI,Regenjacke Tech,M,Weiss,1,119.9,119.9,84.0
AB-2026-12803,2026-05-21,Eigener Shop,K-12252,Kreditkarte,JKT-RN-XS-SCH,Regenjacke Tech,XS,Schwarz,1,119.9,119.9,84.0
AB-2026-12803,2026-05-21,Eigener Shop,K-12252,Kreditkarte,JKT-RN-S-SCH,Regenjacke Tech,S,Schwarz,1,119.9,119.9,84.0
AB-2026-12804,2026-05-30,Eigener Shop,K-11998,Rechnungskauf,HOOD-ZP-L-SCH,Zip-Hoodie Heavy,L,Schwarz,1,89.9,89.9,28.0
AB-2026-12805,2026-06-12,Eigener Shop,K-19465,Rechnungskauf,HOOD-ZP-L-WEI,Zip-Hoodie Heavy,L,Weiss,1,89.9,89.9,28.0
AB-2026-12806,2026-02-07,Eigener Shop,K-10631,PayPal,TEE-OVS-L-WEI,T-Shirt Oversized,L,Weiss,1,34.9,34.9,9.0
AB-2026-12807,2026-05-14,Eigener Shop,K-17423,PayPal,JOG-CL-L-OLI,Jogger Classic,L,Oliv,1,64.9,64.9,19.5
AB-2026-12807,2026-05-14,Eigener Shop,K-17423,PayPal,HOOD-ZP-L-SCH,Zip-Hoodie Heavy,L,Schwarz,1,89.9,89.9,28.0
AB-2026-12808,2026-05-18,Eigener Shop,K-14808,Kreditkarte,HOOD-ZP-XL-SCH,Zip-Hoodie Heavy,XL,Schwarz,1,89.9,89.9,28.0
AB-2026-12808,2026-05-18,Eigener Shop,K-14808,Kreditkarte,HOOD-ZP-S-SCH,Zip-Hoodie Heavy,S,Schwarz,1,89.9,89.9,28.0
AB-2026-12809,2026-02-16,Eigener Shop,K-12257,PayPal,JOG-CL-XL-NAV,Jogger Classic,XL,Navy,1,64.9,64.9,19.5
AB-2026-12810,2026-04-24,Amazon,K-12501,Kreditkarte,HOOD-ZP-L-SCH,Zip-Hoodie Heavy,L,Schwarz,1,89.9,89.9,28.0
AB-2026-12810,2026-04-24,Amazon,K-12501,Kreditkarte,SOCK-3P-XL-SCH,Sneaker Socken 3er-Pack,XL,Schwarz,1,19.9,19.9,4.8
AB-2026-12811,2026-03-21,Zalando,K-18031,Kreditkarte,TEE-BAS-XL-OLI,T-Shirt Basic,XL,Oliv,1,29.9,29.9,7.5
AB-2026-12812,2026-03-22,Zalando,K-14046,Kreditkarte,CAP-LG-L-SCH,Cap Logo,L,Schwarz,1,24.9,24.9,6.0
AB-2026-12813,2026-01-01,Amazon,K-16299,Vorkasse,JKT-RN-L-WEI,Regenjacke Tech,L,Weiss,1,119.9,119.9,84.0
AB-2026-12814,2026-01-02,Amazon,K-16328,PayPal,HOOD-CL-L-OLI,Hoodie Classic,L,Oliv,1,69.9,69.9,21.0
AB-2026-12814,2026-01-02,Amazon,K-16328,PayPal,KLEID-PR-XS-NAV,Sommerkleid Print,XS,Navy,1,79.9,79.9,24.0
AB-2026-12815,2026-03-31,Eigener Shop,K-18877,Rechnungskauf,HOOD-CL-XS-SCH,Hoodie Classic,XS,Schwarz,1,69.9,69.9,21.0
AB-2026-12815,2026-03-31,Eigener Shop,K-18877,Rechnungskauf,HOOD-ZP-M-WEI,Zip-Hoodie Heavy,M,Weiss,1,89.9,89.9,28.0
AB-2026-12815,2026-03-31,Eigener Shop,K-18877,Rechnungskauf,HOOD-CL-XS-OLI,Hoodie Classic,XS,Oliv,1,69.9,69.9,21.0
AB-2026-12816,2026-04-25,Zalando,K-13216,PayPal,TEE-OVS-XS-SCH,T-Shirt Oversized,XS,Schwarz,1,34.9,34.9,9.0
AB-2026-12816,2026-04-25,Zalando,K-13216,PayPal,TEE-OVS-XL-SCH,T-Shirt Oversized,XL,Schwarz,1,34.9,34.9,9.0
AB-2026-12816,2026-04-25,Zalando,K-13216,PayPal,HOOD-ZP-XS-SCH,Zip-Hoodie Heavy,XS,Schwarz,1,89.9,89.9,28.0
AB-2026-12816,2026-04-25,Zalando,K-13216,PayPal,HOOD-ZP-M-SCH,Zip-Hoodie Heavy,M,Schwarz,1,89.9,89.9,28.0
AB-2026-12816,2026-04-25,Zalando,K-13216,PayPal,HOOD-ZP-S-SCH,Zip-Hoodie Heavy,S,Schwarz,1,89.9,89.9,28.0
AB-2026-12816,2026-04-25,Zalando,K-13216,PayPal,HOOD-ZP-M-SCH,Zip-Hoodie Heavy,M,Schwarz,1,89.9,89.9,28.0
AB-2026-12817,2026-06-27,Eigener Shop,K-10912,PayPal,JKT-RN-L-SCH,Regenjacke Tech,L,Schwarz,1,119.9,119.9,84.0
AB-2026-12818,2026-03-28,Eigener Shop,K-13983,PayPal,JOG-CL-L-WEI,Jogger Classic,L,Weiss,1,64.9,64.9,19.5
AB-2026-12818,2026-03-28,Eigener Shop,K-13983,PayPal,SOCK-3P-S-NAV,Sneaker Socken 3er-Pack,S,Navy,1,19.9,19.9,4.8
AB-2026-12819,2026-02-08,Eigener Shop,K-11536,PayPal,KLEID-PR-M-WEI,Sommerkleid Print,M,Weiss,1,79.9,79.9,24.0
AB-2026-12819,2026-02-08,Eigener Shop,K-11536,PayPal,HOOD-ZP-XL-SCH,Zip-Hoodie Heavy,XL,Schwarz,1,89.9,89.9,28.0
AB-2026-12820,2026-04-10,Eigener Shop,K-13118,Rechnungskauf,HOOD-ZP-L-SCH,Zip-Hoodie Heavy,L,Schwarz,1,89.9,89.9,28.0
AB-2026-12820,2026-04-10,Eigener Shop,K-13118,Rechnungskauf,JKT-RN-M-SCH,Regenjacke Tech,M,Schwarz,1,119.9,119.9,84.0
AB-2026-12821,2026-05-06,Eigener Shop,K-15393,PayPal,HOOD-ZP-XS-SCH,Zip-Hoodie Heavy,XS,Schwarz,1,89.9,89.9,28.0
AB-2026-12822,2026-03-23,Eigener Shop,K-18577,Rechnungskauf,HOOD-ZP-XS-SCH,Zip-Hoodie Heavy,XS,Schwarz,1,89.9,89.9,28.0
AB-2026-12822,2026-03-23,Eigener Shop,K-18577,Rechnungskauf,SOCK-3P-S-NAV,Sneaker Socken 3er-Pack,S,Navy,1,19.9,19.9,4.8
AB-2026-12823,2026-06-03,Amazon,K-13050,Vorkasse,JKT-RN-M-SCH,Regenjacke Tech,M,Schwarz,1,119.9,119.9,84.0
AB-2026-12824,2026-01-26,Eigener Shop,K-16412,PayPal,HOOD-ZP-S-SCH,Zip-Hoodie Heavy,S,Schwarz,1,89.9,89.9,28.0
AB-2026-12825,2026-01-24,Amazon,K-14781,Kreditkarte,KLEID-PR-XS-OLI,Sommerkleid Print,XS,Oliv,1,79.9,79.9,24.0
AB-2026-12826,2026-06-29,Eigener Shop,K-19429,Kreditkarte,JKT-RN-S-SCH,Regenjacke Tech,S,Schwarz,1,119.9,119.9,84.0
AB-2026-12826,2026-06-29,Eigener Shop,K-19429,Kreditkarte,JKT-RN-XS-SCH,Regenjacke Tech,XS,Schwarz,1,119.9,119.9,84.0
AB-2026-12827,2026-06-29,Eigener Shop,K-10444,PayPal,TEE-OVS-M-NAV,T-Shirt Oversized,M,Navy,1,34.9,34.9,9.0
AB-2026-12827,2026-06-29,Eigener Shop,K-10444,PayPal,HOOD-ZP-M-SCH,Zip-Hoodie Heavy,M,Schwarz,1,89.9,89.9,28.0
AB-2026-12828,2026-02-18,Amazon,K-10922,Vorkasse,JKT-RN-M-SCH,Regenjacke Tech,M,Schwarz,1,119.9,119.9,84.0
AB-2026-12828,2026-02-18,Amazon,K-10922,Vorkasse,HOOD-ZP-M-WEI,Zip-Hoodie Heavy,M,Weiss,1,89.9,89.9,28.0
AB-2026-12829,2026-06-20,Eigener Shop,K-17089,Kreditkarte,CAP-LG-XS-NAV,Cap Logo,XS,Navy,1,24.9,24.9,6.0
AB-2026-12830,2026-06-15,Amazon,K-15457,Rechnungskauf,HOOD-ZP-XS-SCH,Zip-Hoodie Heavy,XS,Schwarz,1,89.9,89.9,28.0
AB-2026-12831,2026-02-27,Eigener Shop,K-19610,Vorkasse,CAP-LG-XL-SCH,Cap Logo,XL,Schwarz,1,24.9,24.9,6.0
AB-2026-12831,2026-02-27,Eigener Shop,K-19610,Vorkasse,HOOD-CL-L-WEI,Hoodie Classic,L,Weiss,1,69.9,69.9,21.0
AB-2026-12831,2026-02-27,Eigener Shop,K-19610,Vorkasse,TEE-BAS-XS-NAV,T-Shirt Basic,XS,Navy,1,29.9,29.9,7.5
AB-2026-12832,2026-02-22,Eigener Shop,K-14052,PayPal,KLEID-PR-XS-WEI,Sommerkleid Print,XS,Weiss,1,79.9,79.9,24.0
AB-2026-12832,2026-02-22,Eigener Shop,K-14052,PayPal,TEE-BAS-S-OLI,T-Shirt Basic,S,Oliv,1,29.9,29.9,7.5
AB-2026-12832,2026-02-22,Eigener Shop,K-14052,PayPal,TEE-BAS-XL-NAV,T-Shirt Basic,XL,Navy,1,29.9,29.9,7.5
AB-2026-12833,2026-02-13,Eigener Shop,K-17863,PayPal,SOCK-3P-L-SCH,Sneaker Socken 3er-Pack,L,Schwarz,1,19.9,19.9,4.8
AB-2026-12834,2026-06-02,Eigener Shop,K-14776,Kreditkarte,SOCK-3P-L-NAV,Sneaker Socken 3er-Pack,L,Navy,1,19.9,19.9,4.8
AB-2026-12834,2026-06-02,Eigener Shop,K-14776,Kreditkarte,JOG-CL-S-WEI,Jogger Classic,S,Weiss,1,64.9,64.9,19.5
AB-2026-12835,2026-06-13,Zalando,K-17689,PayPal,KLEID-PR-XL-WEI,Sommerkleid Print,XL,Weiss,1,79.9,79.9,24.0
AB-2026-12835,2026-06-13,Zalando,K-17689,PayPal,HOOD-CL-M-OLI,Hoodie Classic,M,Oliv,1,69.9,69.9,21.0
AB-2026-12836,2026-04-12,Amazon,K-19581,PayPal,HOOD-ZP-XL-WEI,Zip-Hoodie Heavy,XL,Weiss,1,89.9,89.9,28.0
AB-2026-12837,2026-05-27,Eigener Shop,K-16860,PayPal,HOOD-ZP-S-WEI,Zip-Hoodie Heavy,S,Weiss,1,89.9,89.9,28.0
AB-2026-12838,2026-04-20,Eigener Shop,K-17980,Kreditkarte,KLEID-PR-XS-NAV,Sommerkleid Print,XS,Navy,1,79.9,79.9,24.0
AB-2026-12839,2026-04-22,Eigener Shop,K-10201,PayPal,KLEID-PR-L-WEI,Sommerkleid Print,L,Weiss,1,79.9,79.9,24.0
AB-2026-12840,2026-02-18,Eigener Shop,K-17456,Rechnungskauf,HOOD-ZP-S-WEI,Zip-Hoodie Heavy,S,Weiss,1,89.9,89.9,28.0
AB-2026-12841,2026-01-31,Amazon,K-16063,PayPal,CAP-LG-XS-WEI,Cap Logo,XS,Weiss,1,24.9,24.9,6.0
AB-2026-12842,2026-01-06,Eigener Shop,K-14891,PayPal,SOCK-3P-XL-SCH,Sneaker Socken 3er-Pack,XL,Schwarz,1,19.9,19.9,4.8
AB-2026-12842,2026-01-06,Eigener Shop,K-14891,PayPal,SOCK-3P-XS-NAV,Sneaker Socken 3er-Pack,XS,Navy,1,19.9,19.9,4.8
AB-2026-12842,2026-01-06,Eigener Shop,K-14891,PayPal,TEE-OVS-XL-NAV,T-Shirt Oversized,XL,Navy,1,34.9,34.9,9.0
AB-2026-12843,2026-05-27,Eigener Shop,K-11788,Rechnungskauf,HOOD-CL-S-SCH,Hoodie Classic,S,Schwarz,1,69.9,69.9,21.0
AB-2026-12843,2026-05-27,Eigener Shop,K-11788,Rechnungskauf,HOOD-ZP-XL-SCH,Zip-Hoodie Heavy,XL,Schwarz,1,89.9,89.9,28.0
AB-2026-12844,2026-03-23,Eigener Shop,K-11013,Kreditkarte,TEE-BAS-L-OLI,T-Shirt Basic,L,Oliv,1,29.9,29.9,7.5
AB-2026-12844,2026-03-23,Eigener Shop,K-11013,Kreditkarte,TEE-OVS-L-OLI,T-Shirt Oversized,L,Oliv,1,34.9,34.9,9.0
AB-2026-12844,2026-03-23,Eigener Shop,K-11013,Kreditkarte,TEE-OVS-L-SCH,T-Shirt Oversized,L,Schwarz,1,34.9,34.9,9.0
AB-2026-12845,2026-01-26,Amazon,K-13207,PayPal,JOG-CL-S-WEI,Jogger Classic,S,Weiss,1,64.9,64.9,19.5
AB-2026-12846,2026-04-22,Amazon,K-10386,PayPal,SOCK-3P-M-OLI,Sneaker Socken 3er-Pack,M,Oliv,1,19.9,19.9,4.8
AB-2026-12847,2026-03-03,Eigener Shop,K-17225,PayPal,JOG-CL-XS-OLI,Jogger Classic,XS,Oliv,1,64.9,64.9,19.5
AB-2026-12847,2026-03-03,Eigener Shop,K-17225,PayPal,KLEID-PR-L-NAV,Sommerkleid Print,L,Navy,1,79.9,79.9,24.0
AB-2026-12848,2026-03-08,Zalando,K-17156,Rechnungskauf,JKT-RN-XS-SCH,Regenjacke Tech,XS,Schwarz,1,119.9,119.9,84.0
AB-2026-12848,2026-03-08,Zalando,K-17156,Rechnungskauf,TEE-BAS-XS-SCH,T-Shirt Basic,XS,Schwarz,1,29.9,29.9,7.5
AB-2026-12849,2026-02-07,Eigener Shop,K-10442,Vorkasse,CAP-LG-M-WEI,Cap Logo,M,Weiss,1,24.9,24.9,6.0
AB-2026-12849,2026-02-07,Eigener Shop,K-10442,Vorkasse,CAP-LG-L-WEI,Cap Logo,L,Weiss,1,24.9,24.9,6.0
AB-2026-12850,2026-05-21,Amazon,K-12276,Rechnungskauf,TEE-BAS-XL-NAV,T-Shirt Basic,XL,Navy,1,29.9,29.9,7.5
AB-2026-12851,2026-04-14,Eigener Shop,K-11005,Vorkasse,KLEID-PR-XL-SCH,Sommerkleid Print,XL,Schwarz,1,79.9,79.9,24.0
AB-2026-12852,2026-02-20,Eigener Shop,K-11077,Rechnungskauf,HOOD-ZP-M-SCH,Zip-Hoodie Heavy,M,Schwarz,1,89.9,89.9,28.0
AB-2026-12852,2026-02-20,Eigener Shop,K-11077,Rechnungskauf,HOOD-ZP-M-WEI,Zip-Hoodie Heavy,M,Weiss,1,89.9,89.9,28.0
AB-2026-12853,2026-04-22,Eigener Shop,K-10681,PayPal,JKT-RN-XS-SCH,Regenjacke Tech,XS,Schwarz,1,119.9,119.9,84.0
AB-2026-12854,2026-06-26,Zalando,K-12847,Kreditkarte,TEE-BAS-M-OLI,T-Shirt Basic,M,Oliv,1,29.9,29.9,7.5
AB-2026-12855,2026-06-08,Eigener Shop,K-18639,PayPal,JKT-RN-XS-SCH,Regenjacke Tech,XS,Schwarz,1,119.9,119.9,84.0
AB-2026-12856,2026-03-28,Eigener Shop,K-10770,PayPal,JKT-RN-L-SCH,Regenjacke Tech,L,Schwarz,1,119.9,119.9,84.0
AB-2026-12857,2026-01-25,Amazon,K-15976,Rechnungskauf,SOCK-3P-S-NAV,Sneaker Socken 3er-Pack,S,Navy,1,19.9,19.9,4.8
AB-2026-12857,2026-01-25,Amazon,K-15976,Rechnungskauf,JOG-CL-XL-SCH,Jogger Classic,XL,Schwarz,1,64.9,64.9,19.5
AB-2026-12858,2026-05-30,Eigener Shop,K-14511,Rechnungskauf,HOOD-ZP-S-WEI,Zip-Hoodie Heavy,S,Weiss,1,89.9,89.9,28.0
AB-2026-12858,2026-05-30,Eigener Shop,K-14511,Rechnungskauf,CAP-LG-L-SCH,Cap Logo,L,Schwarz,1,24.9,24.9,6.0
AB-2026-12859,2026-02-23,Amazon,K-16741,Rechnungskauf,SOCK-3P-L-NAV,Sneaker Socken 3er-Pack,L,Navy,1,19.9,19.9,4.8
AB-2026-12860,2026-02-12,Zalando,K-12288,Kreditkarte,SOCK-3P-XS-NAV,Sneaker Socken 3er-Pack,XS,Navy,1,19.9,19.9,4.8
AB-2026-12860,2026-02-12,Zalando,K-12288,Kreditkarte,SOCK-3P-L-NAV,Sneaker Socken 3er-Pack,L,Navy,1,19.9,19.9,4.8
AB-2026-12860,2026-02-12,Zalando,K-12288,Kreditkarte,HOOD-ZP-S-WEI,Zip-Hoodie Heavy,S,Weiss,1,89.9,89.9,28.0
AB-2026-12860,2026-02-12,Zalando,K-12288,Kreditkarte,HOOD-ZP-M-WEI,Zip-Hoodie Heavy,M,Weiss,1,89.9,89.9,28.0
AB-2026-12860,2026-02-12,Zalando,K-12288,Kreditkarte,SOCK-3P-XS-SCH,Sneaker Socken 3er-Pack,XS,Schwarz,1,19.9,19.9,4.8
AB-2026-12860,2026-02-12,Zalando,K-12288,Kreditkarte,SOCK-3P-XL-SCH,Sneaker Socken 3er-Pack,XL,Schwarz,1,19.9,19.9,4.8
AB-2026-12861,2026-02-25,Eigener Shop,K-14184,Kreditkarte,HOOD-ZP-L-WEI,Zip-Hoodie Heavy,L,Weiss,1,89.9,89.9,28.0
AB-2026-12862,2026-05-05,Amazon,K-14895,Rechnungskauf,HOOD-ZP-L-WEI,Zip-Hoodie Heavy,L,Weiss,1,89.9,89.9,28.0
AB-2026-12862,2026-05-05,Amazon,K-14895,Rechnungskauf,HOOD-ZP-M-WEI,Zip-Hoodie Heavy,M,Weiss,1,89.9,89.9,28.0
AB-2026-12863,2026-01-16,Amazon,K-13537,PayPal,HOOD-ZP-S-SCH,Zip-Hoodie Heavy,S,Schwarz,1,89.9,89.9,28.0
AB-2026-12864,2026-05-26,Amazon,K-18210,Rechnungskauf,KLEID-PR-L-WEI,Sommerkleid Print,L,Weiss,1,79.9,79.9,24.0
AB-2026-12865,2026-04-06,Amazon,K-19615,Vorkasse,HOOD-ZP-XL-WEI,Zip-Hoodie Heavy,XL,Weiss,1,89.9,89.9,28.0
AB-2026-12866,2026-03-18,Eigener Shop,K-19185,Kreditkarte,CAP-LG-L-OLI,Cap Logo,L,Oliv,1,24.9,24.9,6.0
AB-2026-12867,2026-01-19,Eigener Shop,K-13121,PayPal,HOOD-CL-XS-SCH,Hoodie Classic,XS,Schwarz,1,69.9,69.9,21.0
AB-2026-12868,2026-04-07,Eigener Shop,K-15998,PayPal,JKT-RN-M-WEI,Regenjacke Tech,M,Weiss,1,119.9,119.9,84.0
AB-2026-12868,2026-04-07,Eigener Shop,K-15998,PayPal,JKT-RN-XL-SCH,Regenjacke Tech,XL,Schwarz,1,119.9,119.9,84.0
AB-2026-12868,2026-04-07,Eigener Shop,K-15998,PayPal,JKT-RN-L-SCH,Regenjacke Tech,L,Schwarz,1,119.9,119.9,84.0
AB-2026-12869,2026-03-04,Eigener Shop,K-13347,Rechnungskauf,JOG-CL-XL-WEI,Jogger Classic,XL,Weiss,1,64.9,64.9,19.5
AB-2026-12870,2026-06-13,Eigener Shop,K-12552,PayPal,CAP-LG-L-WEI,Cap Logo,L,Weiss,1,24.9,24.9,6.0
AB-2026-12871,2026-05-11,Eigener Shop,K-10075,Rechnungskauf,JOG-CL-XL-NAV,Jogger Classic,XL,Navy,1,64.9,64.9,19.5
AB-2026-12872,2026-05-11,Eigener Shop,K-10132,Rechnungskauf,HOOD-ZP-XL-SCH,Zip-Hoodie Heavy,XL,Schwarz,1,89.9,89.9,28.0
AB-2026-12873,2026-04-04,Eigener Shop,K-15591,Kreditkarte,HOOD-ZP-M-WEI,Zip-Hoodie Heavy,M,Weiss,1,89.9,89.9,28.0
AB-2026-12874,2026-05-25,Eigener Shop,K-10722,PayPal,HOOD-ZP-XS-WEI,Zip-Hoodie Heavy,XS,Weiss,1,89.9,89.9,28.0
AB-2026-12874,2026-05-25,Eigener Shop,K-10722,PayPal,SOCK-3P-L-OLI,Sneaker Socken 3er-Pack,L,Oliv,1,19.9,19.9,4.8
AB-2026-12875,2026-04-10,Eigener Shop,K-10798,PayPal,HOOD-ZP-M-SCH,Zip-Hoodie Heavy,M,Schwarz,1,89.9,89.9,28.0
AB-2026-12876,2026-04-21,Amazon,K-12834,Kreditkarte,JOG-CL-XS-NAV,Jogger Classic,XS,Navy,1,64.9,64.9,19.5
AB-2026-12877,2026-02-01,Amazon,K-13052,PayPal,HOOD-ZP-XL-WEI,Zip-Hoodie Heavy,XL,Weiss,1,89.9,89.9,28.0
AB-2026-12878,2026-04-21,Eigener Shop,K-14337,PayPal,HOOD-ZP-L-SCH,Zip-Hoodie Heavy,L,Schwarz,1,89.9,89.9,28.0
AB-2026-12879,2026-01-14,Amazon,K-16024,Vorkasse,KLEID-PR-XL-OLI,Sommerkleid Print,XL,Oliv,1,79.9,79.9,24.0
AB-2026-12880,2026-05-30,Eigener Shop,K-19375,Kreditkarte,TEE-BAS-S-OLI,T-Shirt Basic,S,Oliv,1,29.9,29.9,7.5
AB-2026-12881,2026-06-25,Amazon,K-17424,Vorkasse,CAP-LG-L-NAV,Cap Logo,L,Navy,1,24.9,24.9,6.0
AB-2026-12882,2026-04-18,Amazon,K-12939,PayPal,SOCK-3P-L-WEI,Sneaker Socken 3er-Pack,L,Weiss,1,19.9,19.9,4.8
AB-2026-12883,2026-04-19,Amazon,K-19209,PayPal,TEE-OVS-L-WEI,T-Shirt Oversized,L,Weiss,1,34.9,34.9,9.0
AB-2026-12884,2026-05-31,Eigener Shop,K-17857,PayPal,HOOD-ZP-L-SCH,Zip-Hoodie Heavy,L,Schwarz,1,89.9,89.9,28.0
AB-2026-12885,2026-05-12,Zalando,K-15063,Vorkasse,SOCK-3P-L-SCH,Sneaker Socken 3er-Pack,L,Schwarz,1,19.9,19.9,4.8
AB-2026-12886,2026-06-01,Amazon,K-13172,PayPal,HOOD-ZP-L-SCH,Zip-Hoodie Heavy,L,Schwarz,1,89.9,89.9,28.0
AB-2026-12887,2026-04-12,Amazon,K-15993,PayPal,HOOD-CL-M-SCH,Hoodie Classic,M,Schwarz,1,69.9,69.9,21.0
AB-2026-12888,2026-03-24,Zalando,K-16506,Rechnungskauf,JKT-RN-S-SCH,Regenjacke Tech,S,Schwarz,1,119.9,119.9,84.0
AB-2026-12889,2026-02-18,Eigener Shop,K-15220,PayPal,JKT-RN-M-SCH,Regenjacke Tech,M,Schwarz,1,119.9,119.9,84.0
AB-2026-12889,2026-02-18,Eigener Shop,K-15220,PayPal,KLEID-PR-L-SCH,Sommerkleid Print,L,Schwarz,1,79.9,79.9,24.0
AB-2026-12889,2026-02-18,Eigener Shop,K-15220,PayPal,TEE-BAS-M-WEI,T-Shirt Basic,M,Weiss,1,29.9,29.9,7.5
AB-2026-12890,2026-04-09,Eigener Shop,K-14934,Vorkasse,TEE-OVS-XS-OLI,T-Shirt Oversized,XS,Oliv,1,34.9,34.9,9.0
AB-2026-12891,2026-06-04,Eigener Shop,K-12623,Rechnungskauf,HOOD-CL-XL-NAV,Hoodie Classic,XL,Navy,1,69.9,69.9,21.0
AB-2026-12892,2026-03-14,Amazon,K-17812,Rechnungskauf,KLEID-PR-L-NAV,Sommerkleid Print,L,Navy,1,79.9,79.9,24.0
AB-2026-12893,2026-06-16,Eigener Shop,K-19330,Rechnungskauf,KLEID-PR-M-OLI,Sommerkleid Print,M,Oliv,1,79.9,79.9,24.0
AB-2026-12893,2026-06-16,Eigener Shop,K-19330,Rechnungskauf,HOOD-CL-M-WEI,Hoodie Classic,M,Weiss,1,69.9,69.9,21.0
AB-2026-12893,2026-06-16,Eigener Shop,K-19330,Rechnungskauf,KLEID-PR-XL-OLI,Sommerkleid Print,XL,Oliv,1,79.9,79.9,24.0
AB-2026-12894,2026-06-17,Amazon,K-13824,Rechnungskauf,CAP-LG-XL-SCH,Cap Logo,XL,Schwarz,1,24.9,24.9,6.0
AB-2026-12895,2026-05-27,Eigener Shop,K-19835,PayPal,TEE-BAS-L-WEI,T-Shirt Basic,L,Weiss,1,29.9,29.9,7.5
AB-2026-12895,2026-05-27,Eigener Shop,K-19835,PayPal,TEE-BAS-XL-SCH,T-Shirt Basic,XL,Schwarz,1,29.9,29.9,7.5
AB-2026-12896,2026-01-16,Amazon,K-13713,Kreditkarte,TEE-OVS-XS-SCH,T-Shirt Oversized,XS,Schwarz,1,34.9,34.9,9.0
AB-2026-12897,2026-03-13,Zalando,K-11598,PayPal,HOOD-ZP-L-SCH,Zip-Hoodie Heavy,L,Schwarz,1,89.9,89.9,28.0
AB-2026-12898,2026-03-19,Zalando,K-16776,PayPal,TEE-BAS-L-SCH,T-Shirt Basic,L,Schwarz,1,29.9,29.9,7.5
AB-2026-12899,2026-03-12,Eigener Shop,K-17513,Rechnungskauf,TEE-OVS-S-WEI,T-Shirt Oversized,S,Weiss,1,34.9,34.9,9.0
AB-2026-12900,2026-06-08,Eigener Shop,K-15566,Vorkasse,JOG-CL-XS-SCH,Jogger Classic,XS,Schwarz,1,64.9,64.9,19.5
AB-2026-12901,2026-02-22,Eigener Shop,K-18396,PayPal,TEE-BAS-S-NAV,T-Shirt Basic,S,Navy,1,29.9,29.9,7.5
AB-2026-12902,2026-06-29,Eigener Shop,K-11454,Kreditkarte,TEE-BAS-XL-SCH,T-Shirt Basic,XL,Schwarz,1,29.9,29.9,7.5
AB-2026-12902,2026-06-29,Eigener Shop,K-11454,Kreditkarte,HOOD-CL-S-SCH,Hoodie Classic,S,Schwarz,1,69.9,69.9,21.0
AB-2026-12903,2026-06-06,Eigener Shop,K-16782,PayPal,HOOD-ZP-L-SCH,Zip-Hoodie Heavy,L,Schwarz,1,89.9,89.9,28.0
AB-2026-12904,2026-02-22,Eigener Shop,K-19108,Vorkasse,HOOD-ZP-S-WEI,Zip-Hoodie Heavy,S,Weiss,1,89.9,89.9,28.0
AB-2026-12905,2026-06-25,Amazon,K-10833,Rechnungskauf,HOOD-ZP-L-SCH,Zip-Hoodie Heavy,L,Schwarz,1,89.9,89.9,28.0
AB-2026-12906,2026-06-17,Zalando,K-15408,Rechnungskauf,TEE-OVS-S-WEI,T-Shirt Oversized,S,Weiss,1,34.9,34.9,9.0
AB-2026-12907,2026-05-14,Eigener Shop,K-18054,Kreditkarte,HOOD-ZP-S-WEI,Zip-Hoodie Heavy,S,Weiss,1,89.9,89.9,28.0
AB-2026-12907,2026-05-14,Eigener Shop,K-18054,Kreditkarte,CAP-LG-L-NAV,Cap Logo,L,Navy,1,24.9,24.9,6.0
AB-2026-12908,2026-04-04,Eigener Shop,K-10738,PayPal,TEE-BAS-XL-NAV,T-Shirt Basic,XL,Navy,1,29.9,29.9,7.5
AB-2026-12909,2026-01-28,Amazon,K-17959,Kreditkarte,HOOD-ZP-XS-WEI,Zip-Hoodie Heavy,XS,Weiss,1,89.9,89.9,28.0
AB-2026-12910,2026-04-23,Eigener Shop,K-12812,PayPal,HOOD-ZP-XS-WEI,Zip-Hoodie Heavy,XS,Weiss,1,89.9,89.9,28.0
AB-2026-12911,2026-04-17,Eigener Shop,K-10866,Rechnungskauf,TEE-BAS-M-NAV,T-Shirt Basic,M,Navy,1,29.9,29.9,7.5
AB-2026-12911,2026-04-17,Eigener Shop,K-10866,Rechnungskauf,TEE-BAS-XL-OLI,T-Shirt Basic,XL,Oliv,1,29.9,29.9,7.5
AB-2026-12911,2026-04-17,Eigener Shop,K-10866,Rechnungskauf,TEE-OVS-M-NAV,T-Shirt Oversized,M,Navy,1,34.9,34.9,9.0
AB-2026-12912,2026-03-19,Zalando,K-11571,Vorkasse,SOCK-3P-XS-SCH,Sneaker Socken 3er-Pack,XS,Schwarz,1,19.9,19.9,4.8
AB-2026-12912,2026-03-19,Zalando,K-11571,Vorkasse,SOCK-3P-L-SCH,Sneaker Socken 3er-Pack,L,Schwarz,1,19.9,19.9,4.8
AB-2026-12913,2026-01-18,Eigener Shop,K-17094,Rechnungskauf,TEE-OVS-XS-SCH,T-Shirt Oversized,XS,Schwarz,1,34.9,34.9,9.0
AB-2026-12914,2026-02-05,Eigener Shop,K-19387,Rechnungskauf,HOOD-ZP-L-SCH,Zip-Hoodie Heavy,L,Schwarz,1,89.9,89.9,28.0
AB-2026-12914,2026-02-05,Eigener Shop,K-19387,Rechnungskauf,SOCK-3P-M-NAV,Sneaker Socken 3er-Pack,M,Navy,1,19.9,19.9,4.8
AB-2026-12915,2026-04-26,Zalando,K-16954,PayPal,TEE-BAS-S-SCH,T-Shirt Basic,S,Schwarz,1,29.9,29.9,7.5
AB-2026-12915,2026-04-26,Zalando,K-16954,PayPal,KLEID-PR-S-SCH,Sommerkleid Print,S,Schwarz,1,79.9,79.9,24.0
AB-2026-12916,2026-05-14,Eigener Shop,K-15255,Rechnungskauf,TEE-OVS-S-NAV,T-Shirt Oversized,S,Navy,1,34.9,34.9,9.0
AB-2026-12917,2026-05-20,Eigener Shop,K-10273,Rechnungskauf,HOOD-CL-XS-OLI,Hoodie Classic,XS,Oliv,1,69.9,69.9,21.0
AB-2026-12917,2026-05-20,Eigener Shop,K-10273,Rechnungskauf,TEE-BAS-S-OLI,T-Shirt Basic,S,Oliv,1,29.9,29.9,7.5
AB-2026-12918,2026-01-11,Eigener Shop,K-13883,PayPal,CAP-LG-M-WEI,Cap Logo,M,Weiss,1,24.9,24.9,6.0
AB-2026-12918,2026-01-11,Eigener Shop,K-13883,PayPal,HOOD-ZP-L-WEI,Zip-Hoodie Heavy,L,Weiss,1,89.9,89.9,28.0
AB-2026-12919,2026-01-29,Zalando,K-13295,Kreditkarte,JOG-CL-S-NAV,Jogger Classic,S,Navy,1,64.9,64.9,19.5
AB-2026-12920,2026-01-29,Amazon,K-15569,PayPal,HOOD-ZP-L-SCH,Zip-Hoodie Heavy,L,Schwarz,1,89.9,89.9,28.0
AB-2026-12921,2026-05-08,Eigener Shop,K-15785,Rechnungskauf,HOOD-ZP-XS-WEI,Zip-Hoodie Heavy,XS,Weiss,1,89.9,89.9,28.0
AB-2026-12921,2026-05-08,Eigener Shop,K-15785,Rechnungskauf,SOCK-3P-L-WEI,Sneaker Socken 3er-Pack,L,Weiss,1,19.9,19.9,4.8
AB-2026-12922,2026-03-06,Eigener Shop,K-19841,Rechnungskauf,KLEID-PR-S-OLI,Sommerkleid Print,S,Oliv,1,79.9,79.9,24.0
AB-2026-12922,2026-03-06,Eigener Shop,K-19841,Rechnungskauf,JOG-CL-L-NAV,Jogger Classic,L,Navy,1,64.9,64.9,19.5
AB-2026-12923,2026-03-25,Eigener Shop,K-13342,Kreditkarte,HOOD-ZP-XL-SCH,Zip-Hoodie Heavy,XL,Schwarz,1,89.9,89.9,28.0
AB-2026-12924,2026-04-17,Eigener Shop,K-10642,Vorkasse,KLEID-PR-XL-NAV,Sommerkleid Print,XL,Navy,1,79.9,79.9,24.0
AB-2026-12925,2026-04-16,Eigener Shop,K-16010,Kreditkarte,HOOD-CL-S-OLI,Hoodie Classic,S,Oliv,1,69.9,69.9,21.0
AB-2026-12926,2026-05-27,Eigener Shop,K-17622,Vorkasse,TEE-OVS-S-WEI,T-Shirt Oversized,S,Weiss,1,34.9,34.9,9.0
AB-2026-12926,2026-05-27,Eigener Shop,K-17622,Vorkasse,HOOD-ZP-XL-WEI,Zip-Hoodie Heavy,XL,Weiss,1,89.9,89.9,28.0
AB-2026-12927,2026-06-08,Eigener Shop,K-13169,Kreditkarte,JKT-RN-XL-SCH,Regenjacke Tech,XL,Schwarz,1,119.9,119.9,84.0
AB-2026-12928,2026-04-24,Eigener Shop,K-14079,Vorkasse,HOOD-CL-M-OLI,Hoodie Classic,M,Oliv,1,69.9,69.9,21.0
AB-2026-12928,2026-04-24,Eigener Shop,K-14079,Vorkasse,JOG-CL-XS-NAV,Jogger Classic,XS,Navy,1,64.9,64.9,19.5
AB-2026-12929,2026-06-01,Zalando,K-14162,Vorkasse,JKT-RN-XS-SCH,Regenjacke Tech,XS,Schwarz,1,119.9,119.9,84.0
AB-2026-12930,2026-04-13,Eigener Shop,K-15506,Rechnungskauf,KLEID-PR-XS-NAV,Sommerkleid Print,XS,Navy,1,79.9,79.9,24.0
AB-2026-12930,2026-04-13,Eigener Shop,K-15506,Rechnungskauf,HOOD-ZP-M-WEI,Zip-Hoodie Heavy,M,Weiss,1,89.9,89.9,28.0
AB-2026-12931,2026-03-20,Eigener Shop,K-16140,PayPal,JKT-RN-XS-WEI,Regenjacke Tech,XS,Weiss,1,119.9,119.9,84.0
AB-2026-12931,2026-03-20,Eigener Shop,K-16140,PayPal,HOOD-ZP-M-SCH,Zip-Hoodie Heavy,M,Schwarz,1,89.9,89.9,28.0
AB-2026-12931,2026-03-20,Eigener Shop,K-16140,PayPal,SOCK-3P-XS-WEI,Sneaker Socken 3er-Pack,XS,Weiss,1,19.9,19.9,4.8
AB-2026-12932,2026-03-01,Zalando,K-12063,Rechnungskauf,HOOD-ZP-S-SCH,Zip-Hoodie Heavy,S,Schwarz,1,89.9,89.9,28.0
AB-2026-12933,2026-06-04,Amazon,K-15386,Vorkasse,SOCK-3P-XL-WEI,Sneaker Socken 3er-Pack,XL,Weiss,1,19.9,19.9,4.8
AB-2026-12934,2026-06-24,Zalando,K-18341,Vorkasse,HOOD-CL-M-SCH,Hoodie Classic,M,Schwarz,1,69.9,69.9,21.0
AB-2026-12935,2026-04-19,Eigener Shop,K-19678,PayPal,HOOD-CL-XS-WEI,Hoodie Classic,XS,Weiss,1,69.9,69.9,21.0
AB-2026-12935,2026-04-19,Eigener Shop,K-19678,PayPal,HOOD-CL-XL-WEI,Hoodie Classic,XL,Weiss,1,69.9,69.9,21.0
AB-2026-12936,2026-03-08,Amazon,K-19232,Vorkasse,HOOD-CL-XL-WEI,Hoodie Classic,XL,Weiss,1,69.9,69.9,21.0
AB-2026-12937,2026-06-16,Eigener Shop,K-17608,Rechnungskauf,SOCK-3P-XS-OLI,Sneaker Socken 3er-Pack,XS,Oliv,1,19.9,19.9,4.8
AB-2026-12938,2026-04-13,Eigener Shop,K-13337,Rechnungskauf,HOOD-ZP-XL-WEI,Zip-Hoodie Heavy,XL,Weiss,1,89.9,89.9,28.0
AB-2026-12939,2026-01-11,Amazon,K-14580,Kreditkarte,TEE-OVS-XL-OLI,T-Shirt Oversized,XL,Oliv,1,34.9,34.9,9.0
AB-2026-12939,2026-01-11,Amazon,K-14580,Kreditkarte,JKT-RN-M-SCH,Regenjacke Tech,M,Schwarz,1,119.9,119.9,84.0
AB-2026-12940,2026-06-20,Eigener Shop,K-16611,Rechnungskauf,JKT-RN-XL-SCH,Regenjacke Tech,XL,Schwarz,1,119.9,119.9,84.0
AB-2026-12941,2026-04-17,Eigener Shop,K-14492,Rechnungskauf,HOOD-ZP-M-SCH,Zip-Hoodie Heavy,M,Schwarz,1,89.9,89.9,28.0
AB-2026-12942,2026-03-11,Zalando,K-15125,PayPal,SOCK-3P-M-NAV,Sneaker Socken 3er-Pack,M,Navy,1,19.9,19.9,4.8
AB-2026-12943,2026-06-07,Amazon,K-11360,Vorkasse,CAP-LG-M-OLI,Cap Logo,M,Oliv,1,24.9,24.9,6.0
AB-2026-12943,2026-06-07,Amazon,K-11360,Vorkasse,TEE-OVS-M-SCH,T-Shirt Oversized,M,Schwarz,1,34.9,34.9,9.0
AB-2026-12944,2026-06-02,Eigener Shop,K-17251,Rechnungskauf,HOOD-CL-XS-OLI,Hoodie Classic,XS,Oliv,1,69.9,69.9,21.0
AB-2026-12945,2026-05-06,Eigener Shop,K-16466,PayPal,CAP-LG-M-OLI,Cap Logo,M,Oliv,1,24.9,24.9,6.0
AB-2026-12946,2026-05-27,Zalando,K-15709,Vorkasse,KLEID-PR-XL-WEI,Sommerkleid Print,XL,Weiss,1,79.9,79.9,24.0
AB-2026-12947,2026-04-30,Eigener Shop,K-17498,PayPal,HOOD-ZP-XS-SCH,Zip-Hoodie Heavy,XS,Schwarz,1,89.9,89.9,28.0
AB-2026-12948,2026-06-03,Eigener Shop,K-12403,Rechnungskauf,HOOD-ZP-L-WEI,Zip-Hoodie Heavy,L,Weiss,1,89.9,89.9,28.0
AB-2026-12948,2026-06-03,Eigener Shop,K-12403,Rechnungskauf,HOOD-ZP-S-SCH,Zip-Hoodie Heavy,S,Schwarz,1,89.9,89.9,28.0
AB-2026-12949,2026-03-31,Zalando,K-18776,Kreditkarte,SOCK-3P-M-NAV,Sneaker Socken 3er-Pack,M,Navy,1,19.9,19.9,4.8
AB-2026-12949,2026-03-31,Zalando,K-18776,Kreditkarte,HOOD-CL-S-WEI,Hoodie Classic,S,Weiss,1,69.9,69.9,21.0
AB-2026-12950,2026-03-14,Amazon,K-13332,Vorkasse,TEE-OVS-XS-NAV,T-Shirt Oversized,XS,Navy,1,34.9,34.9,9.0
AB-2026-12951,2026-04-13,Amazon,K-10872,Kreditkarte,HOOD-ZP-M-WEI,Zip-Hoodie Heavy,M,Weiss,1,89.9,89.9,28.0
AB-2026-12952,2026-01-07,Zalando,K-17399,Kreditkarte,TEE-OVS-XS-NAV,T-Shirt Oversized,XS,Navy,1,34.9,34.9,9.0
AB-2026-12952,2026-01-07,Zalando,K-17399,Kreditkarte,HOOD-ZP-XS-WEI,Zip-Hoodie Heavy,XS,Weiss,1,89.9,89.9,28.0
AB-2026-12953,2026-03-06,Eigener Shop,K-19220,Rechnungskauf,TEE-BAS-S-OLI,T-Shirt Basic,S,Oliv,1,29.9,29.9,7.5
AB-2026-12953,2026-03-06,Eigener Shop,K-19220,Rechnungskauf,JKT-RN-M-WEI,Regenjacke Tech,M,Weiss,1,119.9,119.9,84.0
AB-2026-12954,2026-03-30,Eigener Shop,K-16057,Vorkasse,SOCK-3P-XS-SCH,Sneaker Socken 3er-Pack,XS,Schwarz,1,19.9,19.9,4.8
AB-2026-12954,2026-03-30,Eigener Shop,K-16057,Vorkasse,JOG-CL-XS-NAV,Jogger Classic,XS,Navy,1,64.9,64.9,19.5
AB-2026-12955,2026-04-01,Eigener Shop,K-10197,Rechnungskauf,HOOD-ZP-XL-WEI,Zip-Hoodie Heavy,XL,Weiss,1,89.9,89.9,28.0
AB-2026-12956,2026-05-20,Eigener Shop,K-10980,Rechnungskauf,CAP-LG-L-OLI,Cap Logo,L,Oliv,1,24.9,24.9,6.0
AB-2026-12956,2026-05-20,Eigener Shop,K-10980,Rechnungskauf,JKT-RN-L-WEI,Regenjacke Tech,L,Weiss,1,119.9,119.9,84.0
AB-2026-12956,2026-05-20,Eigener Shop,K-10980,Rechnungskauf,TEE-OVS-S-OLI,T-Shirt Oversized,S,Oliv,1,34.9,34.9,9.0
AB-2026-12957,2026-01-27,Amazon,K-10801,PayPal,HOOD-ZP-L-WEI,Zip-Hoodie Heavy,L,Weiss,1,89.9,89.9,28.0
AB-2026-12957,2026-01-27,Amazon,K-10801,PayPal,CAP-LG-XS-OLI,Cap Logo,XS,Oliv,1,24.9,24.9,6.0
AB-2026-12958,2026-06-05,Eigener Shop,K-13825,Kreditkarte,KLEID-PR-S-OLI,Sommerkleid Print,S,Oliv,1,79.9,79.9,24.0
AB-2026-12959,2026-03-08,Eigener Shop,K-12344,Rechnungskauf,TEE-OVS-XS-NAV,T-Shirt Oversized,XS,Navy,1,34.9,34.9,9.0
AB-2026-12959,2026-03-08,Eigener Shop,K-12344,Rechnungskauf,TEE-OVS-S-NAV,T-Shirt Oversized,S,Navy,1,34.9,34.9,9.0
AB-2026-12959,2026-03-08,Eigener Shop,K-12344,Rechnungskauf,JOG-CL-XL-NAV,Jogger Classic,XL,Navy,1,64.9,64.9,19.5
AB-2026-12959,2026-03-08,Eigener Shop,K-12344,Rechnungskauf,JOG-CL-S-NAV,Jogger Classic,S,Navy,1,64.9,64.9,19.5
AB-2026-12960,2026-05-26,Eigener Shop,K-17307,PayPal,HOOD-CL-L-SCH,Hoodie Classic,L,Schwarz,1,69.9,69.9,21.0
AB-2026-12960,2026-05-26,Eigener Shop,K-17307,PayPal,TEE-OVS-XS-NAV,T-Shirt Oversized,XS,Navy,1,34.9,34.9,9.0
AB-2026-12961,2026-03-12,Eigener Shop,K-13855,Vorkasse,KLEID-PR-XS-NAV,Sommerkleid Print,XS,Navy,1,79.9,79.9,24.0
AB-2026-12961,2026-03-12,Eigener Shop,K-13855,Vorkasse,TEE-BAS-S-WEI,T-Shirt Basic,S,Weiss,1,29.9,29.9,7.5
AB-2026-12961,2026-03-12,Eigener Shop,K-13855,Vorkasse,TEE-BAS-L-NAV,T-Shirt Basic,L,Navy,1,29.9,29.9,7.5
AB-2026-12962,2026-03-16,Eigener Shop,K-16960,Rechnungskauf,TEE-BAS-XS-SCH,T-Shirt Basic,XS,Schwarz,1,29.9,29.9,7.5
AB-2026-12962,2026-03-16,Eigener Shop,K-16960,Rechnungskauf,CAP-LG-XS-SCH,Cap Logo,XS,Schwarz,1,24.9,24.9,6.0
AB-2026-12963,2026-03-17,Eigener Shop,K-16613,Rechnungskauf,HOOD-CL-XS-NAV,Hoodie Classic,XS,Navy,1,69.9,69.9,21.0
AB-2026-12963,2026-03-17,Eigener Shop,K-16613,Rechnungskauf,SOCK-3P-XL-WEI,Sneaker Socken 3er-Pack,XL,Weiss,1,19.9,19.9,4.8
AB-2026-12963,2026-03-17,Eigener Shop,K-16613,Rechnungskauf,SOCK-3P-XS-NAV,Sneaker Socken 3er-Pack,XS,Navy,1,19.9,19.9,4.8
AB-2026-12964,2026-04-14,Amazon,K-12276,Rechnungskauf,KLEID-PR-L-NAV,Sommerkleid Print,L,Navy,1,79.9,79.9,24.0
AB-2026-12965,2026-02-16,Amazon,K-18179,Rechnungskauf,HOOD-ZP-L-WEI,Zip-Hoodie Heavy,L,Weiss,1,89.9,89.9,28.0
AB-2026-12965,2026-02-16,Amazon,K-18179,Rechnungskauf,KLEID-PR-XL-NAV,Sommerkleid Print,XL,Navy,1,79.9,79.9,24.0
AB-2026-12966,2026-06-10,Eigener Shop,K-14610,PayPal,HOOD-ZP-L-WEI,Zip-Hoodie Heavy,L,Weiss,1,89.9,89.9,28.0
AB-2026-12967,2026-03-13,Eigener Shop,K-14918,Vorkasse,HOOD-ZP-L-SCH,Zip-Hoodie Heavy,L,Schwarz,1,89.9,89.9,28.0
AB-2026-12967,2026-03-13,Eigener Shop,K-14918,Vorkasse,JKT-RN-L-SCH,Regenjacke Tech,L,Schwarz,1,119.9,119.9,84.0
AB-2026-12968,2026-05-05,Amazon,K-19404,PayPal,JOG-CL-S-NAV,Jogger Classic,S,Navy,1,64.9,64.9,19.5
AB-2026-12969,2026-06-10,Amazon,K-14106,Rechnungskauf,HOOD-CL-S-NAV,Hoodie Classic,S,Navy,1,69.9,69.9,21.0
AB-2026-12970,2026-06-13,Eigener Shop,K-17510,PayPal,SOCK-3P-S-OLI,Sneaker Socken 3er-Pack,S,Oliv,1,19.9,19.9,4.8
AB-2026-12970,2026-06-13,Eigener Shop,K-17510,PayPal,CAP-LG-XL-OLI,Cap Logo,XL,Oliv,1,24.9,24.9,6.0
AB-2026-12971,2026-02-27,Eigener Shop,K-16080,Rechnungskauf,TEE-OVS-L-SCH,T-Shirt Oversized,L,Schwarz,1,34.9,34.9,9.0
AB-2026-12972,2026-05-17,Eigener Shop,K-16027,PayPal,JOG-CL-M-OLI,Jogger Classic,M,Oliv,1,64.9,64.9,19.5
AB-2026-12973,2026-02-05,Eigener Shop,K-18748,PayPal,JKT-RN-M-SCH,Regenjacke Tech,M,Schwarz,1,119.9,119.9,84.0
AB-2026-12973,2026-02-05,Eigener Shop,K-18748,PayPal,HOOD-ZP-S-WEI,Zip-Hoodie Heavy,S,Weiss,1,89.9,89.9,28.0
AB-2026-12974,2026-01-31,Eigener Shop,K-12693,Kreditkarte,KLEID-PR-XL-WEI,Sommerkleid Print,XL,Weiss,1,79.9,79.9,24.0
AB-2026-12975,2026-06-23,Eigener Shop,K-14889,Kreditkarte,HOOD-CL-XS-WEI,Hoodie Classic,XS,Weiss,1,69.9,69.9,21.0
AB-2026-12976,2026-03-05,Amazon,K-17498,Kreditkarte,JOG-CL-XL-WEI,Jogger Classic,XL,Weiss,1,64.9,64.9,19.5
AB-2026-12977,2026-03-21,Eigener Shop,K-15182,Rechnungskauf,HOOD-ZP-M-WEI,Zip-Hoodie Heavy,M,Weiss,1,89.9,89.9,28.0
AB-2026-12978,2026-03-30,Eigener Shop,K-17680,Rechnungskauf,SOCK-3P-S-OLI,Sneaker Socken 3er-Pack,S,Oliv,1,19.9,19.9,4.8
AB-2026-12978,2026-03-30,Eigener Shop,K-17680,Rechnungskauf,TEE-OVS-M-SCH,T-Shirt Oversized,M,Schwarz,1,34.9,34.9,9.0
AB-2026-12979,2026-04-13,Amazon,K-14015,Rechnungskauf,JKT-RN-XL-WEI,Regenjacke Tech,XL,Weiss,1,119.9,119.9,84.0
AB-2026-12979,2026-04-13,Amazon,K-14015,Rechnungskauf,JKT-RN-XS-WEI,Regenjacke Tech,XS,Weiss,1,119.9,119.9,84.0
AB-2026-12980,2026-03-30,Eigener Shop,K-12046,Vorkasse,JOG-CL-S-NAV,Jogger Classic,S,Navy,1,64.9,64.9,19.5
AB-2026-12981,2026-03-03,Eigener Shop,K-13579,Rechnungskauf,TEE-BAS-L-NAV,T-Shirt Basic,L,Navy,1,29.9,29.9,7.5
AB-2026-12982,2026-01-19,Eigener Shop,K-10442,Vorkasse,TEE-OVS-S-NAV,T-Shirt Oversized,S,Navy,1,34.9,34.9,9.0
AB-2026-12982,2026-01-19,Eigener Shop,K-10442,Vorkasse,TEE-OVS-M-NAV,T-Shirt Oversized,M,Navy,1,34.9,34.9,9.0
AB-2026-12983,2026-03-18,Eigener Shop,K-16925,Kreditkarte,HOOD-ZP-XL-SCH,Zip-Hoodie Heavy,XL,Schwarz,1,89.9,89.9,28.0
AB-2026-12984,2026-03-07,Eigener Shop,K-19654,Rechnungskauf,JKT-RN-XL-SCH,Regenjacke Tech,XL,Schwarz,1,119.9,119.9,84.0
AB-2026-12985,2026-02-14,Amazon,K-12234,Vorkasse,TEE-OVS-XS-SCH,T-Shirt Oversized,XS,Schwarz,1,34.9,34.9,9.0
AB-2026-12986,2026-04-23,Amazon,K-18539,Rechnungskauf,JOG-CL-L-SCH,Jogger Classic,L,Schwarz,1,64.9,64.9,19.5
AB-2026-12986,2026-04-23,Amazon,K-18539,Rechnungskauf,HOOD-ZP-S-SCH,Zip-Hoodie Heavy,S,Schwarz,1,89.9,89.9,28.0
AB-2026-12987,2026-01-03,Amazon,K-14280,Rechnungskauf,JKT-RN-M-SCH,Regenjacke Tech,M,Schwarz,1,119.9,119.9,84.0
AB-2026-12988,2026-05-19,Eigener Shop,K-15981,PayPal,HOOD-CL-S-NAV,Hoodie Classic,S,Navy,1,69.9,69.9,21.0
AB-2026-12989,2026-03-10,Eigener Shop,K-10451,Rechnungskauf,TEE-OVS-XS-WEI,T-Shirt Oversized,XS,Weiss,1,34.9,34.9,9.0
AB-2026-12990,2026-03-01,Eigener Shop,K-14425,PayPal,KLEID-PR-M-WEI,Sommerkleid Print,M,Weiss,1,79.9,79.9,24.0
AB-2026-12990,2026-03-01,Eigener Shop,K-14425,PayPal,KLEID-PR-XS-WEI,Sommerkleid Print,XS,Weiss,1,79.9,79.9,24.0
AB-2026-12990,2026-03-01,Eigener Shop,K-14425,PayPal,TEE-BAS-XL-SCH,T-Shirt Basic,XL,Schwarz,1,29.9,29.9,7.5
AB-2026-12990,2026-03-01,Eigener Shop,K-14425,PayPal,TEE-BAS-S-SCH,T-Shirt Basic,S,Schwarz,1,29.9,29.9,7.5
AB-2026-12991,2026-03-05,Eigener Shop,K-12044,Rechnungskauf,JKT-RN-L-WEI,Regenjacke Tech,L,Weiss,1,119.9,119.9,84.0
AB-2026-12991,2026-03-05,Eigener Shop,K-12044,Rechnungskauf,HOOD-ZP-XS-WEI,Zip-Hoodie Heavy,XS,Weiss,1,89.9,89.9,28.0
AB-2026-12992,2026-06-03,Eigener Shop,K-10051,PayPal,HOOD-ZP-XL-SCH,Zip-Hoodie Heavy,XL,Schwarz,1,89.9,89.9,28.0
AB-2026-12993,2026-03-29,Amazon,K-12532,PayPal,SOCK-3P-S-OLI,Sneaker Socken 3er-Pack,S,Oliv,1,19.9,19.9,4.8
AB-2026-12994,2026-03-06,Eigener Shop,K-19921,Rechnungskauf,KLEID-PR-L-NAV,Sommerkleid Print,L,Navy,1,79.9,79.9,24.0
AB-2026-12995,2026-04-28,Amazon,K-14499,PayPal,HOOD-ZP-L-WEI,Zip-Hoodie Heavy,L,Weiss,1,89.9,89.9,28.0
AB-2026-12995,2026-04-28,Amazon,K-14499,PayPal,TEE-BAS-S-NAV,T-Shirt Basic,S,Navy,1,29.9,29.9,7.5
AB-2026-12995,2026-04-28,Amazon,K-14499,PayPal,HOOD-ZP-XS-WEI,Zip-Hoodie Heavy,XS,Weiss,1,89.9,89.9,28.0
AB-2026-12996,2026-01-30,Eigener Shop,K-18155,Kreditkarte,TEE-BAS-XL-SCH,T-Shirt Basic,XL,Schwarz,1,29.9,29.9,7.5
AB-2026-12996,2026-01-30,Eigener Shop,K-18155,Kreditkarte,HOOD-CL-M-OLI,Hoodie Classic,M,Oliv,1,69.9,69.9,21.0
AB-2026-12997,2026-04-01,Eigener Shop,K-13324,PayPal,TEE-OVS-M-NAV,T-Shirt Oversized,M,Navy,1,34.9,34.9,9.0
AB-2026-12998,2026-03-04,Eigener Shop,K-11294,Rechnungskauf,SOCK-3P-XS-SCH,Sneaker Socken 3er-Pack,XS,Schwarz,1,19.9,19.9,4.8
AB-2026-12999,2026-04-12,Amazon,K-10197,PayPal,TEE-OVS-XS-SCH,T-Shirt Oversized,XS,Schwarz,1,34.9,34.9,9.0
AB-2026-13000,2026-05-21,Amazon,K-14249,Vorkasse,KLEID-PR-L-NAV,Sommerkleid Print,L,Navy,1,79.9,79.9,24.0
AB-2026-13000,2026-05-21,Amazon,K-14249,Vorkasse,KLEID-PR-XL-NAV,Sommerkleid Print,XL,Navy,1,79.9,79.9,24.0
AB-2026-13000,2026-05-21,Amazon,K-14249,Vorkasse,TEE-OVS-S-NAV,T-Shirt Oversized,S,Navy,1,34.9,34.9,9.0
AB-2026-13000,2026-05-21,Amazon,K-14249,Vorkasse,TEE-OVS-XS-NAV,T-Shirt Oversized,XS,Navy,1,34.9,34.9,9.0
AB-2026-13001,2026-02-06,Amazon,K-19707,Vorkasse,JKT-RN-S-SCH,Regenjacke Tech,S,Schwarz,1,119.9,119.9,84.0
AB-2026-13002,2026-05-27,Amazon,K-15716,PayPal,JKT-RN-XS-SCH,Regenjacke Tech,XS,Schwarz,1,119.9,119.9,84.0
AB-2026-13002,2026-05-27,Amazon,K-15716,PayPal,KLEID-PR-L-SCH,Sommerkleid Print,L,Schwarz,1,79.9,79.9,24.0
AB-2026-13003,2026-01-11,Eigener Shop,K-16959,PayPal,HOOD-ZP-S-WEI,Zip-Hoodie Heavy,S,Weiss,1,89.9,89.9,28.0
AB-2026-13003,2026-01-11,Eigener Shop,K-16959,PayPal,HOOD-CL-XL-SCH,Hoodie Classic,XL,Schwarz,1,69.9,69.9,21.0
AB-2026-13004,2026-03-08,Amazon,K-13430,PayPal,HOOD-ZP-L-WEI,Zip-Hoodie Heavy,L,Weiss,1,89.9,89.9,28.0
AB-2026-13004,2026-03-08,Amazon,K-13430,PayPal,SOCK-3P-XS-OLI,Sneaker Socken 3er-Pack,XS,Oliv,1,19.9,19.9,4.8
AB-2026-13005,2026-04-11,Amazon,K-19311,Rechnungskauf,JKT-RN-L-SCH,Regenjacke Tech,L,Schwarz,1,119.9,119.9,84.0
AB-2026-13005,2026-04-11,Amazon,K-19311,Rechnungskauf,HOOD-ZP-XL-WEI,Zip-Hoodie Heavy,XL,Weiss,1,89.9,89.9,28.0
AB-2026-13005,2026-04-11,Amazon,K-19311,Rechnungskauf,TEE-BAS-M-NAV,T-Shirt Basic,M,Navy,1,29.9,29.9,7.5
AB-2026-13006,2026-06-19,Amazon,K-15394,Vorkasse,HOOD-ZP-M-SCH,Zip-Hoodie Heavy,M,Schwarz,1,89.9,89.9,28.0
AB-2026-13007,2026-01-22,Eigener Shop,K-10563,Vorkasse,HOOD-ZP-M-SCH,Zip-Hoodie Heavy,M,Schwarz,1,89.9,89.9,28.0
AB-2026-13008,2026-06-04,Eigener Shop,K-13622,PayPal,HOOD-CL-M-NAV,Hoodie Classic,M,Navy,1,69.9,69.9,21.0
AB-2026-13008,2026-06-04,Eigener Shop,K-13622,PayPal,TEE-OVS-L-OLI,T-Shirt Oversized,L,Oliv,1,34.9,34.9,9.0
AB-2026-13008,2026-06-04,Eigener Shop,K-13622,PayPal,TEE-OVS-XS-NAV,T-Shirt Oversized,XS,Navy,1,34.9,34.9,9.0
AB-2026-13009,2026-04-21,Amazon,K-10405,Kreditkarte,HOOD-ZP-XL-SCH,Zip-Hoodie Heavy,XL,Schwarz,1,89.9,89.9,28.0
AB-2026-13009,2026-04-21,Amazon,K-10405,Kreditkarte,TEE-BAS-S-OLI,T-Shirt Basic,S,Oliv,1,29.9,29.9,7.5
AB-2026-13010,2026-04-25,Eigener Shop,K-12767,PayPal,HOOD-ZP-L-WEI,Zip-Hoodie Heavy,L,Weiss,1,89.9,89.9,28.0
AB-2026-13011,2026-04-22,Eigener Shop,K-10379,Kreditkarte,SOCK-3P-XL-WEI,Sneaker Socken 3er-Pack,XL,Weiss,1,19.9,19.9,4.8
AB-2026-13011,2026-04-22,Eigener Shop,K-10379,Kreditkarte,SOCK-3P-M-SCH,Sneaker Socken 3er-Pack,M,Schwarz,1,19.9,19.9,4.8
AB-2026-13011,2026-04-22,Eigener Shop,K-10379,Kreditkarte,HOOD-ZP-S-SCH,Zip-Hoodie Heavy,S,Schwarz,1,89.9,89.9,28.0
AB-2026-13012,2026-05-23,Amazon,K-17479,PayPal,JKT-RN-M-WEI,Regenjacke Tech,M,Weiss,1,119.9,119.9,84.0
AB-2026-13012,2026-05-23,Amazon,K-17479,PayPal,JOG-CL-XL-SCH,Jogger Classic,XL,Schwarz,1,64.9,64.9,19.5
AB-2026-13013,2026-01-10,Amazon,K-17906,Vorkasse,TEE-BAS-S-NAV,T-Shirt Basic,S,Navy,1,29.9,29.9,7.5
AB-2026-13014,2026-06-21,Eigener Shop,K-12289,Kreditkarte,HOOD-ZP-XS-WEI,Zip-Hoodie Heavy,XS,Weiss,1,89.9,89.9,28.0
AB-2026-13014,2026-06-21,Eigener Shop,K-12289,Kreditkarte,TEE-BAS-L-OLI,T-Shirt Basic,L,Oliv,1,29.9,29.9,7.5
AB-2026-13015,2026-04-23,Eigener Shop,K-15127,Vorkasse,CAP-LG-M-SCH,Cap Logo,M,Schwarz,1,24.9,24.9,6.0
AB-2026-13016,2026-01-11,Eigener Shop,K-14408,Kreditkarte,HOOD-ZP-XS-SCH,Zip-Hoodie Heavy,XS,Schwarz,1,89.9,89.9,28.0
AB-2026-13017,2026-05-13,Eigener Shop,K-18074,Kreditkarte,JOG-CL-XL-NAV,Jogger Classic,XL,Navy,1,64.9,64.9,19.5
AB-2026-13018,2026-06-15,Amazon,K-10297,Kreditkarte,TEE-BAS-XL-WEI,T-Shirt Basic,XL,Weiss,1,29.9,29.9,7.5
AB-2026-13018,2026-06-15,Amazon,K-10297,Kreditkarte,TEE-BAS-S-WEI,T-Shirt Basic,S,Weiss,1,29.9,29.9,7.5
AB-2026-13019,2026-05-19,Eigener Shop,K-16108,Rechnungskauf,SOCK-3P-M-WEI,Sneaker Socken 3er-Pack,M,Weiss,1,19.9,19.9,4.8
AB-2026-13020,2026-01-04,Eigener Shop,K-19623,PayPal,JKT-RN-XL-WEI,Regenjacke Tech,XL,Weiss,1,119.9,119.9,84.0
AB-2026-13021,2026-04-01,Zalando,K-15811,PayPal,JOG-CL-S-WEI,Jogger Classic,S,Weiss,1,64.9,64.9,19.5
AB-2026-13021,2026-04-01,Zalando,K-15811,PayPal,JOG-CL-XL-WEI,Jogger Classic,XL,Weiss,1,64.9,64.9,19.5
AB-2026-13021,2026-04-01,Zalando,K-15811,PayPal,CAP-LG-XS-SCH,Cap Logo,XS,Schwarz,1,24.9,24.9,6.0
AB-2026-13021,2026-04-01,Zalando,K-15811,PayPal,CAP-LG-XL-SCH,Cap Logo,XL,Schwarz,1,24.9,24.9,6.0
AB-2026-13021,2026-04-01,Zalando,K-15811,PayPal,HOOD-ZP-XL-WEI,Zip-Hoodie Heavy,XL,Weiss,1,89.9,89.9,28.0
AB-2026-13021,2026-04-01,Zalando,K-15811,PayPal,HOOD-ZP-XS-WEI,Zip-Hoodie Heavy,XS,Weiss,1,89.9,89.9,28.0
AB-2026-13022,2026-05-07,Eigener Shop,K-13649,Kreditkarte,KLEID-PR-S-NAV,Sommerkleid Print,S,Navy,1,79.9,79.9,24.0
AB-2026-13022,2026-05-07,Eigener Shop,K-13649,Kreditkarte,TEE-OVS-S-OLI,T-Shirt Oversized,S,Oliv,1,34.9,34.9,9.0
AB-2026-13023,2026-06-18,Eigener Shop,K-14957,PayPal,KLEID-PR-XL-OLI,Sommerkleid Print,XL,Oliv,1,79.9,79.9,24.0
AB-2026-13023,2026-06-18,Eigener Shop,K-14957,PayPal,JOG-CL-XL-NAV,Jogger Classic,XL,Navy,1,64.9,64.9,19.5
AB-2026-13023,2026-06-18,Eigener Shop,K-14957,PayPal,SOCK-3P-XL-OLI,Sneaker Socken 3er-Pack,XL,Oliv,1,19.9,19.9,4.8
AB-2026-13024,2026-01-21,Zalando,K-13323,PayPal,KLEID-PR-XS-SCH,Sommerkleid Print,XS,Schwarz,1,79.9,79.9,24.0
AB-2026-13024,2026-01-21,Zalando,K-13323,PayPal,TEE-OVS-M-WEI,T-Shirt Oversized,M,Weiss,1,34.9,34.9,9.0
AB-2026-13025,2026-03-20,Eigener Shop,K-10874,PayPal,TEE-BAS-XS-WEI,T-Shirt Basic,XS,Weiss,1,29.9,29.9,7.5
AB-2026-13026,2026-03-12,Eigener Shop,K-12669,Rechnungskauf,HOOD-CL-M-WEI,Hoodie Classic,M,Weiss,1,69.9,69.9,21.0
AB-2026-13027,2026-04-14,Eigener Shop,K-19623,Rechnungskauf,HOOD-ZP-XL-SCH,Zip-Hoodie Heavy,XL,Schwarz,1,89.9,89.9,28.0
AB-2026-13028,2026-04-24,Eigener Shop,K-15894,PayPal,HOOD-ZP-XS-SCH,Zip-Hoodie Heavy,XS,Schwarz,1,89.9,89.9,28.0
AB-2026-13028,2026-04-24,Eigener Shop,K-15894,PayPal,KLEID-PR-XS-WEI,Sommerkleid Print,XS,Weiss,1,79.9,79.9,24.0
AB-2026-13029,2026-06-24,Eigener Shop,K-17584,PayPal,CAP-LG-S-NAV,Cap Logo,S,Navy,1,24.9,24.9,6.0
AB-2026-13030,2026-06-07,Eigener Shop,K-13834,Rechnungskauf,TEE-OVS-M-OLI,T-Shirt Oversized,M,Oliv,1,34.9,34.9,9.0
AB-2026-13031,2026-03-14,Zalando,K-18695,Vorkasse,TEE-OVS-S-OLI,T-Shirt Oversized,S,Oliv,1,34.9,34.9,9.0
AB-2026-13031,2026-03-14,Zalando,K-18695,Vorkasse,SOCK-3P-XL-SCH,Sneaker Socken 3er-Pack,XL,Schwarz,1,19.9,19.9,4.8
AB-2026-13032,2026-05-31,Amazon,K-19995,PayPal,HOOD-ZP-L-SCH,Zip-Hoodie Heavy,L,Schwarz,1,89.9,89.9,28.0
AB-2026-13033,2026-02-07,Amazon,K-18830,Rechnungskauf,SOCK-3P-S-SCH,Sneaker Socken 3er-Pack,S,Schwarz,1,19.9,19.9,4.8
AB-2026-13033,2026-02-07,Amazon,K-18830,Rechnungskauf,KLEID-PR-S-OLI,Sommerkleid Print,S,Oliv,1,79.9,79.9,24.0
AB-2026-13034,2026-06-18,Eigener Shop,K-12038,Vorkasse,JOG-CL-XL-NAV,Jogger Classic,XL,Navy,1,64.9,64.9,19.5
AB-2026-13035,2026-01-25,Amazon,K-15969,PayPal,TEE-BAS-XL-NAV,T-Shirt Basic,XL,Navy,1,29.9,29.9,7.5
AB-2026-13036,2026-01-29,Eigener Shop,K-15020,PayPal,HOOD-CL-L-WEI,Hoodie Classic,L,Weiss,1,69.9,69.9,21.0
AB-2026-13037,2026-01-20,Eigener Shop,K-16912,Rechnungskauf,KLEID-PR-L-WEI,Sommerkleid Print,L,Weiss,1,79.9,79.9,24.0
AB-2026-13038,2026-02-26,Eigener Shop,K-19648,Vorkasse,JKT-RN-XL-SCH,Regenjacke Tech,XL,Schwarz,1,119.9,119.9,84.0
AB-2026-13039,2026-03-26,Zalando,K-18260,Rechnungskauf,TEE-OVS-XS-NAV,T-Shirt Oversized,XS,Navy,1,34.9,34.9,9.0
AB-2026-13040,2026-05-09,Zalando,K-17838,Vorkasse,HOOD-CL-M-OLI,Hoodie Classic,M,Oliv,1,69.9,69.9,21.0
AB-2026-13040,2026-05-09,Zalando,K-17838,Vorkasse,CAP-LG-XL-WEI,Cap Logo,XL,Weiss,1,24.9,24.9,6.0
AB-2026-13040,2026-05-09,Zalando,K-17838,Vorkasse,HOOD-ZP-XS-SCH,Zip-Hoodie Heavy,XS,Schwarz,1,89.9,89.9,28.0
AB-2026-13041,2026-02-17,Eigener Shop,K-18034,Rechnungskauf,HOOD-CL-XL-WEI,Hoodie Classic,XL,Weiss,1,69.9,69.9,21.0
AB-2026-13042,2026-01-05,Zalando,K-18820,Kreditkarte,HOOD-ZP-L-SCH,Zip-Hoodie Heavy,L,Schwarz,1,89.9,89.9,28.0
AB-2026-13042,2026-01-05,Zalando,K-18820,Kreditkarte,HOOD-ZP-XS-SCH,Zip-Hoodie Heavy,XS,Schwarz,1,89.9,89.9,28.0
AB-2026-13043,2026-06-25,Eigener Shop,K-12554,Vorkasse,CAP-LG-XL-NAV,Cap Logo,XL,Navy,1,24.9,24.9,6.0
AB-2026-13044,2026-05-17,Eigener Shop,K-16755,Rechnungskauf,HOOD-ZP-L-WEI,Zip-Hoodie Heavy,L,Weiss,1,89.9,89.9,28.0
AB-2026-13044,2026-05-17,Eigener Shop,K-16755,Rechnungskauf,SOCK-3P-M-NAV,Sneaker Socken 3er-Pack,M,Navy,1,19.9,19.9,4.8
AB-2026-13044,2026-05-17,Eigener Shop,K-16755,Rechnungskauf,KLEID-PR-L-SCH,Sommerkleid Print,L,Schwarz,1,79.9,79.9,24.0
AB-2026-13045,2026-05-29,Eigener Shop,K-17039,PayPal,HOOD-ZP-L-SCH,Zip-Hoodie Heavy,L,Schwarz,1,89.9,89.9,28.0
AB-2026-13045,2026-05-29,Eigener Shop,K-17039,PayPal,TEE-OVS-XL-NAV,T-Shirt Oversized,XL,Navy,1,34.9,34.9,9.0
AB-2026-13046,2026-05-14,Eigener Shop,K-19224,Vorkasse,SOCK-3P-XS-SCH,Sneaker Socken 3er-Pack,XS,Schwarz,1,19.9,19.9,4.8
AB-2026-13047,2026-02-25,Amazon,K-15778,PayPal,JKT-RN-S-SCH,Regenjacke Tech,S,Schwarz,1,119.9,119.9,84.0
AB-2026-13047,2026-02-25,Amazon,K-15778,PayPal,JKT-RN-XL-SCH,Regenjacke Tech,XL,Schwarz,1,119.9,119.9,84.0
AB-2026-13047,2026-02-25,Amazon,K-15778,PayPal,SOCK-3P-XS-WEI,Sneaker Socken 3er-Pack,XS,Weiss,1,19.9,19.9,4.8
AB-2026-13047,2026-02-25,Amazon,K-15778,PayPal,SOCK-3P-S-WEI,Sneaker Socken 3er-Pack,S,Weiss,1,19.9,19.9,4.8
AB-2026-13047,2026-02-25,Amazon,K-15778,PayPal,TEE-BAS-XL-OLI,T-Shirt Basic,XL,Oliv,1,29.9,29.9,7.5
AB-2026-13047,2026-02-25,Amazon,K-15778,PayPal,TEE-BAS-M-OLI,T-Shirt Basic,M,Oliv,1,29.9,29.9,7.5
AB-2026-13048,2026-03-07,Amazon,K-12371,Kreditkarte,JKT-RN-XL-SCH,Regenjacke Tech,XL,Schwarz,1,119.9,119.9,84.0
AB-2026-13049,2026-01-31,Eigener Shop,K-13632,Rechnungskauf,HOOD-ZP-S-SCH,Zip-Hoodie Heavy,S,Schwarz,1,89.9,89.9,28.0
AB-2026-13049,2026-01-31,Eigener Shop,K-13632,Rechnungskauf,JKT-RN-S-WEI,Regenjacke Tech,S,Weiss,1,119.9,119.9,84.0
AB-2026-13049,2026-01-31,Eigener Shop,K-13632,Rechnungskauf,JOG-CL-L-NAV,Jogger Classic,L,Navy,1,64.9,64.9,19.5
AB-2026-13050,2026-02-17,Eigener Shop,K-13452,Rechnungskauf,HOOD-ZP-XS-WEI,Zip-Hoodie Heavy,XS,Weiss,1,89.9,89.9,28.0
AB-2026-13051,2026-03-24,Amazon,K-14712,Vorkasse,CAP-LG-XL-NAV,Cap Logo,XL,Navy,1,24.9,24.9,6.0
AB-2026-13051,2026-03-24,Amazon,K-14712,Vorkasse,JOG-CL-S-OLI,Jogger Classic,S,Oliv,1,64.9,64.9,19.5
AB-2026-13052,2026-01-19,Eigener Shop,K-15744,Vorkasse,JOG-CL-XL-SCH,Jogger Classic,XL,Schwarz,1,64.9,64.9,19.5
AB-2026-13053,2026-02-16,Eigener Shop,K-10102,Kreditkarte,HOOD-ZP-M-SCH,Zip-Hoodie Heavy,M,Schwarz,1,89.9,89.9,28.0
AB-2026-13053,2026-02-16,Eigener Shop,K-10102,Kreditkarte,HOOD-ZP-XS-WEI,Zip-Hoodie Heavy,XS,Weiss,1,89.9,89.9,28.0
AB-2026-13054,2026-05-23,Eigener Shop,K-17877,PayPal,JKT-RN-XL-SCH,Regenjacke Tech,XL,Schwarz,1,119.9,119.9,84.0
AB-2026-13054,2026-05-23,Eigener Shop,K-17877,PayPal,HOOD-CL-M-WEI,Hoodie Classic,M,Weiss,1,69.9,69.9,21.0
AB-2026-13054,2026-05-23,Eigener Shop,K-17877,PayPal,JKT-RN-S-WEI,Regenjacke Tech,S,Weiss,1,119.9,119.9,84.0
AB-2026-13055,2026-02-09,Eigener Shop,K-10607,Vorkasse,TEE-OVS-XS-SCH,T-Shirt Oversized,XS,Schwarz,1,34.9,34.9,9.0
AB-2026-13056,2026-03-10,Eigener Shop,K-13031,PayPal,JOG-CL-XL-SCH,Jogger Classic,XL,Schwarz,1,64.9,64.9,19.5
AB-2026-13057,2026-01-13,Amazon,K-15130,Kreditkarte,HOOD-CL-M-SCH,Hoodie Classic,M,Schwarz,1,69.9,69.9,21.0
AB-2026-13057,2026-01-13,Amazon,K-15130,Kreditkarte,TEE-OVS-XS-SCH,T-Shirt Oversized,XS,Schwarz,1,34.9,34.9,9.0
AB-2026-13058,2026-06-08,Eigener Shop,K-19549,Rechnungskauf,KLEID-PR-M-OLI,Sommerkleid Print,M,Oliv,1,79.9,79.9,24.0
AB-2026-13059,2026-06-07,Amazon,K-19408,Rechnungskauf,KLEID-PR-S-NAV,Sommerkleid Print,S,Navy,1,79.9,79.9,24.0
AB-2026-13059,2026-06-07,Amazon,K-19408,Rechnungskauf,JOG-CL-XS-OLI,Jogger Classic,XS,Oliv,1,64.9,64.9,19.5
AB-2026-13060,2026-01-30,Amazon,K-13416,Rechnungskauf,SOCK-3P-S-NAV,Sneaker Socken 3er-Pack,S,Navy,1,19.9,19.9,4.8
AB-2026-13060,2026-01-30,Amazon,K-13416,Rechnungskauf,JOG-CL-XS-OLI,Jogger Classic,XS,Oliv,1,64.9,64.9,19.5
AB-2026-13061,2026-01-13,Eigener Shop,K-19767,PayPal,JKT-RN-XL-WEI,Regenjacke Tech,XL,Weiss,1,119.9,119.9,84.0
AB-2026-13062,2026-06-07,Eigener Shop,K-17824,PayPal,JOG-CL-M-WEI,Jogger Classic,M,Weiss,1,64.9,64.9,19.5
AB-2026-13062,2026-06-07,Eigener Shop,K-17824,PayPal,SOCK-3P-XS-OLI,Sneaker Socken 3er-Pack,XS,Oliv,1,19.9,19.9,4.8
AB-2026-13062,2026-06-07,Eigener Shop,K-17824,PayPal,JKT-RN-L-WEI,Regenjacke Tech,L,Weiss,1,119.9,119.9,84.0
AB-2026-13063,2026-06-26,Amazon,K-16731,Kreditkarte,SOCK-3P-L-SCH,Sneaker Socken 3er-Pack,L,Schwarz,1,19.9,19.9,4.8
AB-2026-13064,2026-06-22,Eigener Shop,K-19815,Kreditkarte,HOOD-ZP-M-SCH,Zip-Hoodie Heavy,M,Schwarz,1,89.9,89.9,28.0
AB-2026-13065,2026-06-06,Eigener Shop,K-11123,PayPal,TEE-OVS-XS-WEI,T-Shirt Oversized,XS,Weiss,1,34.9,34.9,9.0
AB-2026-13066,2026-05-17,Eigener Shop,K-10298,Kreditkarte,KLEID-PR-XS-SCH,Sommerkleid Print,XS,Schwarz,1,79.9,79.9,24.0
AB-2026-13067,2026-06-30,Eigener Shop,K-11402,Rechnungskauf,KLEID-PR-M-SCH,Sommerkleid Print,M,Schwarz,1,79.9,79.9,24.0
AB-2026-13067,2026-06-30,Eigener Shop,K-11402,Rechnungskauf,HOOD-ZP-L-WEI,Zip-Hoodie Heavy,L,Weiss,1,89.9,89.9,28.0
AB-2026-13068,2026-03-12,Eigener Shop,K-15809,Vorkasse,TEE-OVS-L-OLI,T-Shirt Oversized,L,Oliv,1,34.9,34.9,9.0
AB-2026-13069,2026-01-09,Eigener Shop,K-15945,Kreditkarte,KLEID-PR-XL-WEI,Sommerkleid Print,XL,Weiss,1,79.9,79.9,24.0
AB-2026-13069,2026-01-09,Eigener Shop,K-15945,Kreditkarte,KLEID-PR-L-WEI,Sommerkleid Print,L,Weiss,1,79.9,79.9,24.0
AB-2026-13070,2026-04-23,Amazon,K-19454,PayPal,HOOD-ZP-M-SCH,Zip-Hoodie Heavy,M,Schwarz,1,89.9,89.9,28.0
AB-2026-13071,2026-05-16,Eigener Shop,K-14829,Rechnungskauf,TEE-OVS-XL-WEI,T-Shirt Oversized,XL,Weiss,1,34.9,34.9,9.0
AB-2026-13072,2026-03-25,Eigener Shop,K-17700,PayPal,JKT-RN-L-SCH,Regenjacke Tech,L,Schwarz,1,119.9,119.9,84.0
AB-2026-13073,2026-03-29,Amazon,K-19308,PayPal,HOOD-CL-XL-SCH,Hoodie Classic,XL,Schwarz,1,69.9,69.9,21.0
AB-2026-13073,2026-03-29,Amazon,K-19308,PayPal,TEE-BAS-M-SCH,T-Shirt Basic,M,Schwarz,1,29.9,29.9,7.5
AB-2026-13074,2026-06-01,Amazon,K-16598,PayPal,HOOD-CL-M-WEI,Hoodie Classic,M,Weiss,1,69.9,69.9,21.0
AB-2026-13074,2026-06-01,Amazon,K-16598,PayPal,KLEID-PR-S-WEI,Sommerkleid Print,S,Weiss,1,79.9,79.9,24.0
AB-2026-13074,2026-06-01,Amazon,K-16598,PayPal,JOG-CL-M-NAV,Jogger Classic,M,Navy,1,64.9,64.9,19.5
AB-2026-13075,2026-01-01,Eigener Shop,K-13480,Kreditkarte,HOOD-ZP-L-SCH,Zip-Hoodie Heavy,L,Schwarz,1,89.9,89.9,28.0
AB-2026-13075,2026-01-01,Eigener Shop,K-13480,Kreditkarte,TEE-BAS-XL-NAV,T-Shirt Basic,XL,Navy,1,29.9,29.9,7.5
AB-2026-13076,2026-02-11,Amazon,K-14849,Kreditkarte,JKT-RN-S-WEI,Regenjacke Tech,S,Weiss,1,119.9,119.9,84.0
AB-2026-13076,2026-02-11,Amazon,K-14849,Kreditkarte,SOCK-3P-XL-OLI,Sneaker Socken 3er-Pack,XL,Oliv,1,19.9,19.9,4.8
AB-2026-13077,2026-01-27,Eigener Shop,K-11050,Vorkasse,JKT-RN-S-WEI,Regenjacke Tech,S,Weiss,1,119.9,119.9,84.0
AB-2026-13078,2026-06-23,Zalando,K-15582,PayPal,JKT-RN-L-SCH,Regenjacke Tech,L,Schwarz,1,119.9,119.9,84.0
AB-2026-13079,2026-02-28,Eigener Shop,K-13790,Vorkasse,CAP-LG-S-WEI,Cap Logo,S,Weiss,1,24.9,24.9,6.0
AB-2026-13080,2026-03-10,Eigener Shop,K-15035,Rechnungskauf,SOCK-3P-XS-SCH,Sneaker Socken 3er-Pack,XS,Schwarz,1,19.9,19.9,4.8
AB-2026-13081,2026-05-02,Eigener Shop,K-12327,Rechnungskauf,JKT-RN-M-WEI,Regenjacke Tech,M,Weiss,1,119.9,119.9,84.0
AB-2026-13082,2026-05-28,Zalando,K-18240,PayPal,JOG-CL-XL-OLI,Jogger Classic,XL,Oliv,1,64.9,64.9,19.5
AB-2026-13083,2026-01-30,Zalando,K-15682,Vorkasse,JKT-RN-XS-SCH,Regenjacke Tech,XS,Schwarz,1,119.9,119.9,84.0
AB-2026-13083,2026-01-30,Zalando,K-15682,Vorkasse,JKT-RN-L-SCH,Regenjacke Tech,L,Schwarz,1,119.9,119.9,84.0
AB-2026-13084,2026-03-19,Eigener Shop,K-13163,PayPal,HOOD-ZP-L-WEI,Zip-Hoodie Heavy,L,Weiss,1,89.9,89.9,28.0
AB-2026-13085,2026-06-05,Amazon,K-16247,Vorkasse,TEE-OVS-XS-NAV,T-Shirt Oversized,XS,Navy,1,34.9,34.9,9.0
AB-2026-13086,2026-04-30,Zalando,K-18022,Kreditkarte,TEE-BAS-L-NAV,T-Shirt Basic,L,Navy,1,29.9,29.9,7.5
AB-2026-13086,2026-04-30,Zalando,K-18022,Kreditkarte,CAP-LG-S-SCH,Cap Logo,S,Schwarz,1,24.9,24.9,6.0
AB-2026-13087,2026-03-31,Amazon,K-15195,PayPal,JKT-RN-L-SCH,Regenjacke Tech,L,Schwarz,1,119.9,119.9,84.0
AB-2026-13088,2026-02-14,Amazon,K-14330,Rechnungskauf,JOG-CL-L-SCH,Jogger Classic,L,Schwarz,1,64.9,64.9,19.5
AB-2026-13089,2026-06-16,Amazon,K-19917,Rechnungskauf,KLEID-PR-XS-WEI,Sommerkleid Print,XS,Weiss,1,79.9,79.9,24.0
AB-2026-13089,2026-06-16,Amazon,K-19917,Rechnungskauf,HOOD-ZP-S-WEI,Zip-Hoodie Heavy,S,Weiss,1,89.9,89.9,28.0
AB-2026-13090,2026-04-29,Eigener Shop,K-10165,Kreditkarte,HOOD-CL-S-NAV,Hoodie Classic,S,Navy,1,69.9,69.9,21.0
AB-2026-13091,2026-06-26,Amazon,K-13788,Kreditkarte,HOOD-ZP-M-SCH,Zip-Hoodie Heavy,M,Schwarz,1,89.9,89.9,28.0
AB-2026-13092,2026-05-13,Eigener Shop,K-18610,PayPal,KLEID-PR-S-SCH,Sommerkleid Print,S,Schwarz,1,79.9,79.9,24.0
AB-2026-13092,2026-05-13,Eigener Shop,K-18610,PayPal,KLEID-PR-M-SCH,Sommerkleid Print,M,Schwarz,1,79.9,79.9,24.0
AB-2026-13093,2026-02-12,Amazon,K-12978,Vorkasse,SOCK-3P-L-OLI,Sneaker Socken 3er-Pack,L,Oliv,1,19.9,19.9,4.8
AB-2026-13094,2026-05-23,Eigener Shop,K-18970,Rechnungskauf,JOG-CL-XS-OLI,Jogger Classic,XS,Oliv,1,64.9,64.9,19.5
AB-2026-13094,2026-05-23,Eigener Shop,K-18970,Rechnungskauf,KLEID-PR-M-WEI,Sommerkleid Print,M,Weiss,1,79.9,79.9,24.0
AB-2026-13095,2026-03-26,Eigener Shop,K-11603,PayPal,KLEID-PR-XS-WEI,Sommerkleid Print,XS,Weiss,1,79.9,79.9,24.0
AB-2026-13095,2026-03-26,Eigener Shop,K-11603,PayPal,JKT-RN-S-SCH,Regenjacke Tech,S,Schwarz,1,119.9,119.9,84.0
AB-2026-13096,2026-05-11,Eigener Shop,K-14416,PayPal,JKT-RN-M-SCH,Regenjacke Tech,M,Schwarz,1,119.9,119.9,84.0
AB-2026-13097,2026-01-12,Eigener Shop,K-10315,Rechnungskauf,KLEID-PR-XS-OLI,Sommerkleid Print,XS,Oliv,1,79.9,79.9,24.0
AB-2026-13097,2026-01-12,Eigener Shop,K-10315,Rechnungskauf,KLEID-PR-L-OLI,Sommerkleid Print,L,Oliv,1,79.9,79.9,24.0
AB-2026-13098,2026-04-09,Amazon,K-19952,Rechnungskauf,JOG-CL-XS-OLI,Jogger Classic,XS,Oliv,1,64.9,64.9,19.5
AB-2026-13099,2026-05-19,Eigener Shop,K-19102,Kreditkarte,CAP-LG-XL-NAV,Cap Logo,XL,Navy,1,24.9,24.9,6.0
AB-2026-13099,2026-05-19,Eigener Shop,K-19102,Kreditkarte,TEE-BAS-XS-WEI,T-Shirt Basic,XS,Weiss,1,29.9,29.9,7.5
AB-2026-13100,2026-04-08,Eigener Shop,K-17990,PayPal,CAP-LG-XL-WEI,Cap Logo,XL,Weiss,1,24.9,24.9,6.0
AB-2026-13101,2026-01-21,Zalando,K-11852,Rechnungskauf,SOCK-3P-XS-WEI,Sneaker Socken 3er-Pack,XS,Weiss,1,19.9,19.9,4.8
AB-2026-13101,2026-01-21,Zalando,K-11852,Rechnungskauf,JKT-RN-M-WEI,Regenjacke Tech,M,Weiss,1,119.9,119.9,84.0
AB-2026-13102,2026-05-16,Eigener Shop,K-13547,Kreditkarte,JOG-CL-XL-WEI,Jogger Classic,XL,Weiss,1,64.9,64.9,19.5
AB-2026-13103,2026-01-01,Eigener Shop,K-14837,Vorkasse,HOOD-ZP-L-WEI,Zip-Hoodie Heavy,L,Weiss,1,89.9,89.9,28.0
AB-2026-13103,2026-01-01,Eigener Shop,K-14837,Vorkasse,HOOD-ZP-XL-WEI,Zip-Hoodie Heavy,XL,Weiss,1,89.9,89.9,28.0
AB-2026-13104,2026-02-01,Amazon,K-15086,PayPal,HOOD-ZP-L-WEI,Zip-Hoodie Heavy,L,Weiss,1,89.9,89.9,28.0
AB-2026-13105,2026-03-31,Zalando,K-18328,Kreditkarte,TEE-OVS-M-SCH,T-Shirt Oversized,M,Schwarz,1,34.9,34.9,9.0
AB-2026-13105,2026-03-31,Zalando,K-18328,Kreditkarte,TEE-OVS-L-SCH,T-Shirt Oversized,L,Schwarz,1,34.9,34.9,9.0
AB-2026-13105,2026-03-31,Zalando,K-18328,Kreditkarte,HOOD-ZP-L-SCH,Zip-Hoodie Heavy,L,Schwarz,1,89.9,89.9,28.0
AB-2026-13105,2026-03-31,Zalando,K-18328,Kreditkarte,HOOD-ZP-S-SCH,Zip-Hoodie Heavy,S,Schwarz,1,89.9,89.9,28.0
AB-2026-13106,2026-06-20,Eigener Shop,K-14263,Kreditkarte,HOOD-CL-L-WEI,Hoodie Classic,L,Weiss,1,69.9,69.9,21.0
AB-2026-13107,2026-01-29,Eigener Shop,K-10944,Kreditkarte,JOG-CL-XL-WEI,Jogger Classic,XL,Weiss,1,64.9,64.9,19.5
AB-2026-13108,2026-01-03,Eigener Shop,K-13837,Kreditkarte,HOOD-CL-S-NAV,Hoodie Classic,S,Navy,1,69.9,69.9,21.0
AB-2026-13109,2026-01-04,Amazon,K-13586,Kreditkarte,KLEID-PR-XL-NAV,Sommerkleid Print,XL,Navy,1,79.9,79.9,24.0
AB-2026-13110,2026-05-02,Eigener Shop,K-10969,Rechnungskauf,HOOD-ZP-XS-WEI,Zip-Hoodie Heavy,XS,Weiss,1,89.9,89.9,28.0
AB-2026-13111,2026-01-16,Eigener Shop,K-16722,Rechnungskauf,JOG-CL-L-NAV,Jogger Classic,L,Navy,1,64.9,64.9,19.5
AB-2026-13112,2026-03-09,Eigener Shop,K-14466,Kreditkarte,TEE-BAS-XS-NAV,T-Shirt Basic,XS,Navy,1,29.9,29.9,7.5
AB-2026-13112,2026-03-09,Eigener Shop,K-14466,Kreditkarte,JOG-CL-XL-OLI,Jogger Classic,XL,Oliv,1,64.9,64.9,19.5
AB-2026-13113,2026-03-27,Eigener Shop,K-18582,PayPal,HOOD-ZP-S-SCH,Zip-Hoodie Heavy,S,Schwarz,1,89.9,89.9,28.0
AB-2026-13113,2026-03-27,Eigener Shop,K-18582,PayPal,KLEID-PR-L-OLI,Sommerkleid Print,L,Oliv,1,79.9,79.9,24.0
AB-2026-13114,2026-01-27,Amazon,K-12548,Kreditkarte,CAP-LG-XS-OLI,Cap Logo,XS,Oliv,1,24.9,24.9,6.0
AB-2026-13115,2026-03-19,Zalando,K-16409,Vorkasse,HOOD-ZP-M-SCH,Zip-Hoodie Heavy,M,Schwarz,1,89.9,89.9,28.0
AB-2026-13115,2026-03-19,Zalando,K-16409,Vorkasse,HOOD-ZP-S-SCH,Zip-Hoodie Heavy,S,Schwarz,1,89.9,89.9,28.0
AB-2026-13116,2026-02-19,Eigener Shop,K-17027,Rechnungskauf,HOOD-ZP-XS-WEI,Zip-Hoodie Heavy,XS,Weiss,1,89.9,89.9,28.0
AB-2026-13117,2026-05-11,Eigener Shop,K-11555,PayPal,TEE-BAS-XS-NAV,T-Shirt Basic,XS,Navy,1,29.9,29.9,7.5
AB-2026-13118,2026-06-25,Eigener Shop,K-17188,Rechnungskauf,TEE-OVS-XL-OLI,T-Shirt Oversized,XL,Oliv,1,34.9,34.9,9.0
AB-2026-13119,2026-03-14,Eigener Shop,K-10728,Kreditkarte,HOOD-ZP-XS-SCH,Zip-Hoodie Heavy,XS,Schwarz,1,89.9,89.9,28.0
AB-2026-13119,2026-03-14,Eigener Shop,K-10728,Kreditkarte,HOOD-CL-XS-WEI,Hoodie Classic,XS,Weiss,1,69.9,69.9,21.0
AB-2026-13119,2026-03-14,Eigener Shop,K-10728,Kreditkarte,JKT-RN-XL-SCH,Regenjacke Tech,XL,Schwarz,1,119.9,119.9,84.0
AB-2026-13120,2026-04-29,Zalando,K-15117,Rechnungskauf,CAP-LG-M-NAV,Cap Logo,M,Navy,1,24.9,24.9,6.0
AB-2026-13121,2026-04-18,Amazon,K-19338,Rechnungskauf,HOOD-CL-L-NAV,Hoodie Classic,L,Navy,1,69.9,69.9,21.0
AB-2026-13122,2026-04-20,Amazon,K-10940,Rechnungskauf,CAP-LG-XL-NAV,Cap Logo,XL,Navy,1,24.9,24.9,6.0
AB-2026-13123,2026-05-04,Eigener Shop,K-15496,Rechnungskauf,HOOD-ZP-L-SCH,Zip-Hoodie Heavy,L,Schwarz,1,89.9,89.9,28.0
AB-2026-13123,2026-05-04,Eigener Shop,K-15496,Rechnungskauf,HOOD-ZP-M-WEI,Zip-Hoodie Heavy,M,Weiss,1,89.9,89.9,28.0
AB-2026-13123,2026-05-04,Eigener Shop,K-15496,Rechnungskauf,JKT-RN-XS-SCH,Regenjacke Tech,XS,Schwarz,1,119.9,119.9,84.0
AB-2026-13124,2026-05-28,Eigener Shop,K-11281,Rechnungskauf,SOCK-3P-XS-OLI,Sneaker Socken 3er-Pack,XS,Oliv,1,19.9,19.9,4.8
AB-2026-13125,2026-02-14,Eigener Shop,K-18818,PayPal,HOOD-ZP-L-WEI,Zip-Hoodie Heavy,L,Weiss,1,89.9,89.9,28.0
AB-2026-13125,2026-02-14,Eigener Shop,K-18818,PayPal,CAP-LG-XS-OLI,Cap Logo,XS,Oliv,1,24.9,24.9,6.0
AB-2026-13126,2026-01-06,Eigener Shop,K-15967,PayPal,HOOD-ZP-XL-SCH,Zip-Hoodie Heavy,XL,Schwarz,1,89.9,89.9,28.0
AB-2026-13126,2026-01-06,Eigener Shop,K-15967,PayPal,HOOD-ZP-S-WEI,Zip-Hoodie Heavy,S,Weiss,1,89.9,89.9,28.0
AB-2026-13127,2026-06-17,Eigener Shop,K-13900,Vorkasse,JKT-RN-XL-SCH,Regenjacke Tech,XL,Schwarz,1,119.9,119.9,84.0
AB-2026-13128,2026-04-27,Eigener Shop,K-18893,Vorkasse,JKT-RN-L-WEI,Regenjacke Tech,L,Weiss,1,119.9,119.9,84.0
AB-2026-13129,2026-05-20,Eigener Shop,K-13746,PayPal,HOOD-ZP-XL-SCH,Zip-Hoodie Heavy,XL,Schwarz,1,89.9,89.9,28.0
AB-2026-13130,2026-03-05,Eigener Shop,K-16328,Kreditkarte,TEE-BAS-L-SCH,T-Shirt Basic,L,Schwarz,1,29.9,29.9,7.5
AB-2026-13131,2026-03-23,Eigener Shop,K-17184,PayPal,HOOD-ZP-S-WEI,Zip-Hoodie Heavy,S,Weiss,1,89.9,89.9,28.0
AB-2026-13131,2026-03-23,Eigener Shop,K-17184,PayPal,TEE-BAS-XS-SCH,T-Shirt Basic,XS,Schwarz,1,29.9,29.9,7.5
AB-2026-13132,2026-04-03,Eigener Shop,K-11215,PayPal,TEE-BAS-S-WEI,T-Shirt Basic,S,Weiss,1,29.9,29.9,7.5
AB-2026-13132,2026-04-03,Eigener Shop,K-11215,PayPal,JKT-RN-M-WEI,Regenjacke Tech,M,Weiss,1,119.9,119.9,84.0
AB-2026-13132,2026-04-03,Eigener Shop,K-11215,PayPal,HOOD-ZP-M-WEI,Zip-Hoodie Heavy,M,Weiss,1,89.9,89.9,28.0
AB-2026-13133,2026-06-16,Zalando,K-13863,Rechnungskauf,JKT-RN-XL-SCH,Regenjacke Tech,XL,Schwarz,1,119.9,119.9,84.0
AB-2026-13133,2026-06-16,Zalando,K-13863,Rechnungskauf,HOOD-ZP-S-WEI,Zip-Hoodie Heavy,S,Weiss,1,89.9,89.9,28.0
AB-2026-13133,2026-06-16,Zalando,K-13863,Rechnungskauf,HOOD-ZP-XS-SCH,Zip-Hoodie Heavy,XS,Schwarz,1,89.9,89.9,28.0
AB-2026-13134,2026-01-10,Eigener Shop,K-11113,Vorkasse,HOOD-CL-L-WEI,Hoodie Classic,L,Weiss,1,69.9,69.9,21.0
AB-2026-13135,2026-06-26,Eigener Shop,K-18204,PayPal,KLEID-PR-M-NAV,Sommerkleid Print,M,Navy,1,79.9,79.9,24.0
AB-2026-13136,2026-04-29,Eigener Shop,K-14159,PayPal,TEE-BAS-M-SCH,T-Shirt Basic,M,Schwarz,1,29.9,29.9,7.5
AB-2026-13137,2026-01-06,Eigener Shop,K-15644,Rechnungskauf,TEE-BAS-XS-WEI,T-Shirt Basic,XS,Weiss,1,29.9,29.9,7.5
AB-2026-13137,2026-01-06,Eigener Shop,K-15644,Rechnungskauf,TEE-BAS-XL-SCH,T-Shirt Basic,XL,Schwarz,1,29.9,29.9,7.5
AB-2026-13137,2026-01-06,Eigener Shop,K-15644,Rechnungskauf,TEE-OVS-L-SCH,T-Shirt Oversized,L,Schwarz,1,34.9,34.9,9.0
AB-2026-13138,2026-02-12,Zalando,K-15265,Vorkasse,HOOD-ZP-S-WEI,Zip-Hoodie Heavy,S,Weiss,1,89.9,89.9,28.0
AB-2026-13139,2026-06-17,Eigener Shop,K-16853,PayPal,TEE-BAS-L-WEI,T-Shirt Basic,L,Weiss,1,29.9,29.9,7.5
AB-2026-13139,2026-06-17,Eigener Shop,K-16853,PayPal,HOOD-CL-M-SCH,Hoodie Classic,M,Schwarz,1,69.9,69.9,21.0
AB-2026-13140,2026-04-11,Eigener Shop,K-16472,Kreditkarte,HOOD-CL-XS-NAV,Hoodie Classic,XS,Navy,1,69.9,69.9,21.0
AB-2026-13141,2026-05-01,Eigener Shop,K-13521,Kreditkarte,JKT-RN-XS-SCH,Regenjacke Tech,XS,Schwarz,1,119.9,119.9,84.0
AB-2026-13141,2026-05-01,Eigener Shop,K-13521,Kreditkarte,HOOD-ZP-XL-WEI,Zip-Hoodie Heavy,XL,Weiss,1,89.9,89.9,28.0
AB-2026-13142,2026-03-22,Eigener Shop,K-12723,PayPal,HOOD-CL-L-NAV,Hoodie Classic,L,Navy,1,69.9,69.9,21.0
AB-2026-13142,2026-03-22,Eigener Shop,K-12723,PayPal,HOOD-CL-XL-NAV,Hoodie Classic,XL,Navy,1,69.9,69.9,21.0
AB-2026-13143,2026-06-02,Eigener Shop,K-11059,PayPal,TEE-BAS-XL-WEI,T-Shirt Basic,XL,Weiss,1,29.9,29.9,7.5
AB-2026-13143,2026-06-02,Eigener Shop,K-11059,PayPal,HOOD-ZP-L-WEI,Zip-Hoodie Heavy,L,Weiss,1,89.9,89.9,28.0
AB-2026-13143,2026-06-02,Eigener Shop,K-11059,PayPal,TEE-OVS-XS-SCH,T-Shirt Oversized,XS,Schwarz,1,34.9,34.9,9.0
AB-2026-13144,2026-01-17,Eigener Shop,K-18732,Vorkasse,TEE-BAS-S-WEI,T-Shirt Basic,S,Weiss,1,29.9,29.9,7.5
AB-2026-13145,2026-01-07,Amazon,K-10129,Rechnungskauf,SOCK-3P-S-WEI,Sneaker Socken 3er-Pack,S,Weiss,1,19.9,19.9,4.8
AB-2026-13146,2026-05-08,Eigener Shop,K-15232,Kreditkarte,JKT-RN-XS-SCH,Regenjacke Tech,XS,Schwarz,1,119.9,119.9,84.0
AB-2026-13146,2026-05-08,Eigener Shop,K-15232,Kreditkarte,HOOD-CL-XS-WEI,Hoodie Classic,XS,Weiss,1,69.9,69.9,21.0
AB-2026-13147,2026-05-29,Eigener Shop,K-14192,Vorkasse,HOOD-ZP-S-SCH,Zip-Hoodie Heavy,S,Schwarz,1,89.9,89.9,28.0
AB-2026-13147,2026-05-29,Eigener Shop,K-14192,Vorkasse,HOOD-ZP-M-SCH,Zip-Hoodie Heavy,M,Schwarz,1,89.9,89.9,28.0
AB-2026-13147,2026-05-29,Eigener Shop,K-14192,Vorkasse,JKT-RN-L-SCH,Regenjacke Tech,L,Schwarz,1,119.9,119.9,84.0
AB-2026-13147,2026-05-29,Eigener Shop,K-14192,Vorkasse,JKT-RN-M-SCH,Regenjacke Tech,M,Schwarz,1,119.9,119.9,84.0
AB-2026-13147,2026-05-29,Eigener Shop,K-14192,Vorkasse,JOG-CL-S-NAV,Jogger Classic,S,Navy,1,64.9,64.9,19.5
AB-2026-13147,2026-05-29,Eigener Shop,K-14192,Vorkasse,JOG-CL-M-NAV,Jogger Classic,M,Navy,1,64.9,64.9,19.5
AB-2026-13148,2026-03-09,Zalando,K-18705,Kreditkarte,CAP-LG-L-SCH,Cap Logo,L,Schwarz,1,24.9,24.9,6.0
AB-2026-13148,2026-03-09,Zalando,K-18705,Kreditkarte,SOCK-3P-M-NAV,Sneaker Socken 3er-Pack,M,Navy,1,19.9,19.9,4.8
AB-2026-13149,2026-05-15,Amazon,K-14933,Kreditkarte,JKT-RN-XS-SCH,Regenjacke Tech,XS,Schwarz,1,119.9,119.9,84.0
AB-2026-13150,2026-06-17,Eigener Shop,K-10287,Vorkasse,HOOD-ZP-M-SCH,Zip-Hoodie Heavy,M,Schwarz,1,89.9,89.9,28.0
AB-2026-13150,2026-06-17,Eigener Shop,K-10287,Vorkasse,HOOD-ZP-XL-SCH,Zip-Hoodie Heavy,XL,Schwarz,1,89.9,89.9,28.0
AB-2026-13151,2026-04-18,Amazon,K-17165,Rechnungskauf,JKT-RN-XS-WEI,Regenjacke Tech,XS,Weiss,1,119.9,119.9,84.0
AB-2026-13151,2026-04-18,Amazon,K-17165,Rechnungskauf,HOOD-ZP-XS-SCH,Zip-Hoodie Heavy,XS,Schwarz,1,89.9,89.9,28.0
AB-2026-13152,2026-02-27,Amazon,K-13633,PayPal,HOOD-CL-L-OLI,Hoodie Classic,L,Oliv,1,69.9,69.9,21.0
AB-2026-13152,2026-02-27,Amazon,K-13633,PayPal,JOG-CL-L-WEI,Jogger Classic,L,Weiss,1,64.9,64.9,19.5
AB-2026-13152,2026-02-27,Amazon,K-13633,PayPal,JOG-CL-L-SCH,Jogger Classic,L,Schwarz,1,64.9,64.9,19.5
AB-2026-13153,2026-04-28,Eigener Shop,K-19455,Rechnungskauf,KLEID-PR-XS-WEI,Sommerkleid Print,XS,Weiss,1,79.9,79.9,24.0
AB-2026-13153,2026-04-28,Eigener Shop,K-19455,Rechnungskauf,KLEID-PR-S-WEI,Sommerkleid Print,S,Weiss,1,79.9,79.9,24.0
AB-2026-13154,2026-03-08,Amazon,K-14723,PayPal,HOOD-CL-L-OLI,Hoodie Classic,L,Oliv,1,69.9,69.9,21.0
AB-2026-13154,2026-03-08,Amazon,K-14723,PayPal,TEE-OVS-XL-SCH,T-Shirt Oversized,XL,Schwarz,1,34.9,34.9,9.0
AB-2026-13155,2026-02-04,Eigener Shop,K-10700,Rechnungskauf,CAP-LG-S-OLI,Cap Logo,S,Oliv,1,24.9,24.9,6.0
AB-2026-13155,2026-02-04,Eigener Shop,K-10700,Rechnungskauf,TEE-BAS-XL-SCH,T-Shirt Basic,XL,Schwarz,1,29.9,29.9,7.5
AB-2026-13155,2026-02-04,Eigener Shop,K-10700,Rechnungskauf,JKT-RN-L-WEI,Regenjacke Tech,L,Weiss,1,119.9,119.9,84.0
AB-2026-13156,2026-05-27,Zalando,K-12436,PayPal,HOOD-CL-L-SCH,Hoodie Classic,L,Schwarz,1,69.9,69.9,21.0
AB-2026-13156,2026-05-27,Zalando,K-12436,PayPal,HOOD-ZP-L-WEI,Zip-Hoodie Heavy,L,Weiss,1,89.9,89.9,28.0
AB-2026-13157,2026-02-24,Amazon,K-15033,PayPal,HOOD-CL-XL-SCH,Hoodie Classic,XL,Schwarz,1,69.9,69.9,21.0
AB-2026-13157,2026-02-24,Amazon,K-15033,PayPal,HOOD-CL-XL-NAV,Hoodie Classic,XL,Navy,1,69.9,69.9,21.0
AB-2026-13157,2026-02-24,Amazon,K-15033,PayPal,TEE-BAS-XS-WEI,T-Shirt Basic,XS,Weiss,1,29.9,29.9,7.5
AB-2026-13158,2026-02-07,Amazon,K-10623,Vorkasse,SOCK-3P-S-OLI,Sneaker Socken 3er-Pack,S,Oliv,1,19.9,19.9,4.8
AB-2026-13159,2026-05-26,Amazon,K-10856,Rechnungskauf,TEE-BAS-S-WEI,T-Shirt Basic,S,Weiss,1,29.9,29.9,7.5
AB-2026-13159,2026-05-26,Amazon,K-10856,Rechnungskauf,HOOD-CL-L-SCH,Hoodie Classic,L,Schwarz,1,69.9,69.9,21.0
AB-2026-13160,2026-04-21,Eigener Shop,K-16975,PayPal,HOOD-ZP-S-WEI,Zip-Hoodie Heavy,S,Weiss,1,89.9,89.9,28.0
AB-2026-13160,2026-04-21,Eigener Shop,K-16975,PayPal,JOG-CL-XS-WEI,Jogger Classic,XS,Weiss,1,64.9,64.9,19.5
AB-2026-13160,2026-04-21,Eigener Shop,K-16975,PayPal,HOOD-ZP-M-SCH,Zip-Hoodie Heavy,M,Schwarz,1,89.9,89.9,28.0
AB-2026-13161,2026-06-26,Eigener Shop,K-19722,PayPal,HOOD-CL-XL-NAV,Hoodie Classic,XL,Navy,1,69.9,69.9,21.0
AB-2026-13161,2026-06-26,Eigener Shop,K-19722,PayPal,HOOD-ZP-M-SCH,Zip-Hoodie Heavy,M,Schwarz,1,89.9,89.9,28.0
AB-2026-13161,2026-06-26,Eigener Shop,K-19722,PayPal,JOG-CL-XL-NAV,Jogger Classic,XL,Navy,1,64.9,64.9,19.5
AB-2026-13162,2026-06-13,Amazon,K-19710,Kreditkarte,JOG-CL-L-NAV,Jogger Classic,L,Navy,1,64.9,64.9,19.5
AB-2026-13163,2026-05-30,Amazon,K-12364,Rechnungskauf,JKT-RN-S-WEI,Regenjacke Tech,S,Weiss,1,119.9,119.9,84.0
AB-2026-13163,2026-05-30,Amazon,K-12364,Rechnungskauf,JKT-RN-XL-WEI,Regenjacke Tech,XL,Weiss,1,119.9,119.9,84.0
AB-2026-13164,2026-05-17,Eigener Shop,K-13215,PayPal,HOOD-ZP-S-WEI,Zip-Hoodie Heavy,S,Weiss,1,89.9,89.9,28.0
AB-2026-13165,2026-03-31,Zalando,K-10096,PayPal,TEE-OVS-M-OLI,T-Shirt Oversized,M,Oliv,1,34.9,34.9,9.0
AB-2026-13166,2026-03-22,Amazon,K-16983,PayPal,TEE-BAS-L-NAV,T-Shirt Basic,L,Navy,1,29.9,29.9,7.5
AB-2026-13167,2026-01-02,Eigener Shop,K-12352,Rechnungskauf,CAP-LG-XS-NAV,Cap Logo,XS,Navy,1,24.9,24.9,6.0
AB-2026-13167,2026-01-02,Eigener Shop,K-12352,Rechnungskauf,TEE-BAS-M-NAV,T-Shirt Basic,M,Navy,1,29.9,29.9,7.5
AB-2026-13168,2026-06-25,Eigener Shop,K-19345,Vorkasse,SOCK-3P-XS-WEI,Sneaker Socken 3er-Pack,XS,Weiss,1,19.9,19.9,4.8
AB-2026-13169,2026-04-29,Eigener Shop,K-16747,Kreditkarte,SOCK-3P-L-SCH,Sneaker Socken 3er-Pack,L,Schwarz,1,19.9,19.9,4.8
AB-2026-13169,2026-04-29,Eigener Shop,K-16747,Kreditkarte,SOCK-3P-M-WEI,Sneaker Socken 3er-Pack,M,Weiss,1,19.9,19.9,4.8
AB-2026-13170,2026-06-13,Eigener Shop,K-18610,PayPal,TEE-BAS-L-OLI,T-Shirt Basic,L,Oliv,1,29.9,29.9,7.5
AB-2026-13170,2026-06-13,Eigener Shop,K-18610,PayPal,TEE-BAS-L-OLI,T-Shirt Basic,L,Oliv,1,29.9,29.9,7.5
AB-2026-13170,2026-06-13,Eigener Shop,K-18610,PayPal,HOOD-ZP-M-SCH,Zip-Hoodie Heavy,M,Schwarz,1,89.9,89.9,28.0
AB-2026-13171,2026-05-01,Eigener Shop,K-16276,PayPal,TEE-BAS-XL-OLI,T-Shirt Basic,XL,Oliv,1,29.9,29.9,7.5
AB-2026-13172,2026-04-14,Eigener Shop,K-11197,Vorkasse,JOG-CL-M-SCH,Jogger Classic,M,Schwarz,1,64.9,64.9,19.5
AB-2026-13173,2026-05-23,Eigener Shop,K-11252,Kreditkarte,JOG-CL-S-OLI,Jogger Classic,S,Oliv,1,64.9,64.9,19.5
AB-2026-13174,2026-03-08,Zalando,K-19539,Rechnungskauf,HOOD-CL-L-NAV,Hoodie Classic,L,Navy,1,69.9,69.9,21.0
AB-2026-13174,2026-03-08,Zalando,K-19539,Rechnungskauf,JOG-CL-XL-WEI,Jogger Classic,XL,Weiss,1,64.9,64.9,19.5
AB-2026-13175,2026-06-18,Eigener Shop,K-18045,Rechnungskauf,KLEID-PR-L-WEI,Sommerkleid Print,L,Weiss,1,79.9,79.9,24.0
AB-2026-13176,2026-01-27,Eigener Shop,K-17595,Kreditkarte,SOCK-3P-XL-WEI,Sneaker Socken 3er-Pack,XL,Weiss,1,19.9,19.9,4.8
AB-2026-13177,2026-01-19,Eigener Shop,K-18013,PayPal,HOOD-CL-L-NAV,Hoodie Classic,L,Navy,1,69.9,69.9,21.0
AB-2026-13178,2026-04-02,Amazon,K-16271,Kreditkarte,HOOD-ZP-XL-WEI,Zip-Hoodie Heavy,XL,Weiss,1,89.9,89.9,28.0
AB-2026-13178,2026-04-02,Amazon,K-16271,Kreditkarte,HOOD-ZP-M-WEI,Zip-Hoodie Heavy,M,Weiss,1,89.9,89.9,28.0
AB-2026-13179,2026-04-23,Eigener Shop,K-13770,Kreditkarte,CAP-LG-XL-SCH,Cap Logo,XL,Schwarz,1,24.9,24.9,6.0
AB-2026-13180,2026-03-23,Amazon,K-19005,Rechnungskauf,SOCK-3P-L-SCH,Sneaker Socken 3er-Pack,L,Schwarz,1,19.9,19.9,4.8
AB-2026-13180,2026-03-23,Amazon,K-19005,Rechnungskauf,JKT-RN-XL-WEI,Regenjacke Tech,XL,Weiss,1,119.9,119.9,84.0
AB-2026-13181,2026-02-04,Amazon,K-10322,Kreditkarte,TEE-BAS-S-WEI,T-Shirt Basic,S,Weiss,1,29.9,29.9,7.5
AB-2026-13182,2026-02-18,Amazon,K-15347,Vorkasse,HOOD-ZP-L-WEI,Zip-Hoodie Heavy,L,Weiss,1,89.9,89.9,28.0
AB-2026-13183,2026-01-08,Amazon,K-14120,Rechnungskauf,HOOD-ZP-M-WEI,Zip-Hoodie Heavy,M,Weiss,1,89.9,89.9,28.0
AB-2026-13184,2026-01-31,Eigener Shop,K-19914,PayPal,JOG-CL-S-OLI,Jogger Classic,S,Oliv,1,64.9,64.9,19.5
AB-2026-13184,2026-01-31,Eigener Shop,K-19914,PayPal,TEE-OVS-XL-WEI,T-Shirt Oversized,XL,Weiss,1,34.9,34.9,9.0
AB-2026-13185,2026-02-12,Eigener Shop,K-18304,PayPal,HOOD-CL-M-SCH,Hoodie Classic,M,Schwarz,1,69.9,69.9,21.0
AB-2026-13185,2026-02-12,Eigener Shop,K-18304,PayPal,SOCK-3P-M-NAV,Sneaker Socken 3er-Pack,M,Navy,1,19.9,19.9,4.8
AB-2026-13186,2026-04-17,Eigener Shop,K-15548,Kreditkarte,SOCK-3P-XL-WEI,Sneaker Socken 3er-Pack,XL,Weiss,1,19.9,19.9,4.8
AB-2026-13186,2026-04-17,Eigener Shop,K-15548,Kreditkarte,KLEID-PR-XS-NAV,Sommerkleid Print,XS,Navy,1,79.9,79.9,24.0
AB-2026-13187,2026-06-24,Zalando,K-17440,Rechnungskauf,HOOD-ZP-M-SCH,Zip-Hoodie Heavy,M,Schwarz,1,89.9,89.9,28.0
AB-2026-13187,2026-06-24,Zalando,K-17440,Rechnungskauf,KLEID-PR-XS-NAV,Sommerkleid Print,XS,Navy,1,79.9,79.9,24.0
AB-2026-13188,2026-05-30,Eigener Shop,K-14370,Kreditkarte,HOOD-ZP-XS-SCH,Zip-Hoodie Heavy,XS,Schwarz,1,89.9,89.9,28.0
AB-2026-13189,2026-01-21,Zalando,K-10818,Kreditkarte,JOG-CL-L-NAV,Jogger Classic,L,Navy,1,64.9,64.9,19.5
AB-2026-13190,2026-03-29,Zalando,K-14780,PayPal,TEE-OVS-XL-WEI,T-Shirt Oversized,XL,Weiss,1,34.9,34.9,9.0
AB-2026-13191,2026-01-10,Eigener Shop,K-16656,Kreditkarte,HOOD-ZP-XS-SCH,Zip-Hoodie Heavy,XS,Schwarz,1,89.9,89.9,28.0
AB-2026-13192,2026-06-03,Eigener Shop,K-19520,PayPal,JOG-CL-M-SCH,Jogger Classic,M,Schwarz,1,64.9,64.9,19.5
AB-2026-13192,2026-06-03,Eigener Shop,K-19520,PayPal,JOG-CL-XS-SCH,Jogger Classic,XS,Schwarz,1,64.9,64.9,19.5
AB-2026-13193,2026-03-22,Amazon,K-11940,PayPal,TEE-OVS-S-NAV,T-Shirt Oversized,S,Navy,1,34.9,34.9,9.0
AB-2026-13193,2026-03-22,Amazon,K-11940,PayPal,TEE-OVS-XS-NAV,T-Shirt Oversized,XS,Navy,1,34.9,34.9,9.0
AB-2026-13194,2026-02-16,Eigener Shop,K-13441,PayPal,TEE-BAS-M-SCH,T-Shirt Basic,M,Schwarz,1,29.9,29.9,7.5
AB-2026-13195,2026-01-18,Eigener Shop,K-18840,Kreditkarte,HOOD-CL-L-WEI,Hoodie Classic,L,Weiss,1,69.9,69.9,21.0
AB-2026-13196,2026-06-02,Amazon,K-13400,PayPal,TEE-BAS-L-WEI,T-Shirt Basic,L,Weiss,1,29.9,29.9,7.5
AB-2026-13197,2026-02-03,Amazon,K-11857,Kreditkarte,HOOD-CL-S-SCH,Hoodie Classic,S,Schwarz,1,69.9,69.9,21.0
AB-2026-13198,2026-05-14,Amazon,K-14687,PayPal,HOOD-ZP-L-SCH,Zip-Hoodie Heavy,L,Schwarz,1,89.9,89.9,28.0
AB-2026-13198,2026-05-14,Amazon,K-14687,PayPal,HOOD-ZP-XS-SCH,Zip-Hoodie Heavy,XS,Schwarz,1,89.9,89.9,28.0
AB-2026-13199,2026-05-26,Eigener Shop,K-13601,PayPal,CAP-LG-L-WEI,Cap Logo,L,Weiss,1,24.9,24.9,6.0
AB-2026-13200,2026-03-24,Amazon,K-11566,PayPal,HOOD-ZP-M-WEI,Zip-Hoodie Heavy,M,Weiss,1,89.9,89.9,28.0
AB-2026-13200,2026-03-24,Amazon,K-11566,PayPal,HOOD-ZP-XS-WEI,Zip-Hoodie Heavy,XS,Weiss,1,89.9,89.9,28.0
AB-2026-13201,2026-04-09,Zalando,K-15408,PayPal,TEE-BAS-L-OLI,T-Shirt Basic,L,Oliv,1,29.9,29.9,7.5
AB-2026-13201,2026-04-09,Zalando,K-15408,PayPal,KLEID-PR-XL-OLI,Sommerkleid Print,XL,Oliv,1,79.9,79.9,24.0
AB-2026-13202,2026-03-25,Eigener Shop,K-10547,PayPal,TEE-BAS-XL-NAV,T-Shirt Basic,XL,Navy,1,29.9,29.9,7.5
AB-2026-13203,2026-01-26,Zalando,K-14073,Rechnungskauf,JOG-CL-XL-NAV,Jogger Classic,XL,Navy,1,64.9,64.9,19.5
AB-2026-13203,2026-01-26,Zalando,K-14073,Rechnungskauf,HOOD-CL-S-NAV,Hoodie Classic,S,Navy,1,69.9,69.9,21.0
AB-2026-13204,2026-03-26,Eigener Shop,K-15465,Kreditkarte,CAP-LG-L-NAV,Cap Logo,L,Navy,1,24.9,24.9,6.0
AB-2026-13204,2026-03-26,Eigener Shop,K-15465,Kreditkarte,HOOD-ZP-S-WEI,Zip-Hoodie Heavy,S,Weiss,1,89.9,89.9,28.0
AB-2026-13204,2026-03-26,Eigener Shop,K-15465,Kreditkarte,CAP-LG-L-NAV,Cap Logo,L,Navy,1,24.9,24.9,6.0
AB-2026-13205,2026-05-29,Eigener Shop,K-16343,Vorkasse,HOOD-CL-XL-WEI,Hoodie Classic,XL,Weiss,1,69.9,69.9,21.0
AB-2026-13205,2026-05-29,Eigener Shop,K-16343,Vorkasse,KLEID-PR-XL-WEI,Sommerkleid Print,XL,Weiss,1,79.9,79.9,24.0
AB-2026-13206,2026-01-04,Eigener Shop,K-17879,Kreditkarte,KLEID-PR-L-OLI,Sommerkleid Print,L,Oliv,1,79.9,79.9,24.0
AB-2026-13207,2026-05-29,Eigener Shop,K-10892,PayPal,HOOD-ZP-XS-SCH,Zip-Hoodie Heavy,XS,Schwarz,1,89.9,89.9,28.0
AB-2026-13207,2026-05-29,Eigener Shop,K-10892,PayPal,JOG-CL-XS-SCH,Jogger Classic,XS,Schwarz,1,64.9,64.9,19.5
AB-2026-13207,2026-05-29,Eigener Shop,K-10892,PayPal,HOOD-ZP-XS-SCH,Zip-Hoodie Heavy,XS,Schwarz,1,89.9,89.9,28.0
AB-2026-13208,2026-03-03,Amazon,K-19058,Kreditkarte,CAP-LG-XL-OLI,Cap Logo,XL,Oliv,1,24.9,24.9,6.0
AB-2026-13209,2026-04-25,Eigener Shop,K-10142,Kreditkarte,TEE-OVS-L-OLI,T-Shirt Oversized,L,Oliv,1,34.9,34.9,9.0
AB-2026-13210,2026-02-27,Eigener Shop,K-10145,Kreditkarte,JOG-CL-S-SCH,Jogger Classic,S,Schwarz,1,64.9,64.9,19.5
AB-2026-13210,2026-02-27,Eigener Shop,K-10145,Kreditkarte,JOG-CL-XL-SCH,Jogger Classic,XL,Schwarz,1,64.9,64.9,19.5
AB-2026-13211,2026-03-24,Eigener Shop,K-10844,Rechnungskauf,HOOD-ZP-XS-SCH,Zip-Hoodie Heavy,XS,Schwarz,1,89.9,89.9,28.0
AB-2026-13211,2026-03-24,Eigener Shop,K-10844,Rechnungskauf,TEE-OVS-S-SCH,T-Shirt Oversized,S,Schwarz,1,34.9,34.9,9.0
AB-2026-13211,2026-03-24,Eigener Shop,K-10844,Rechnungskauf,HOOD-CL-M-OLI,Hoodie Classic,M,Oliv,1,69.9,69.9,21.0
AB-2026-13212,2026-02-16,Eigener Shop,K-13109,Kreditkarte,HOOD-ZP-S-WEI,Zip-Hoodie Heavy,S,Weiss,1,89.9,89.9,28.0
AB-2026-13212,2026-02-16,Eigener Shop,K-13109,Kreditkarte,TEE-OVS-M-OLI,T-Shirt Oversized,M,Oliv,1,34.9,34.9,9.0
AB-2026-13213,2026-06-21,Amazon,K-17323,Kreditkarte,JKT-RN-S-WEI,Regenjacke Tech,S,Weiss,1,119.9,119.9,84.0
AB-2026-13214,2026-02-12,Eigener Shop,K-18074,Kreditkarte,TEE-BAS-L-NAV,T-Shirt Basic,L,Navy,1,29.9,29.9,7.5
AB-2026-13214,2026-02-12,Eigener Shop,K-18074,Kreditkarte,HOOD-CL-XL-SCH,Hoodie Classic,XL,Schwarz,1,69.9,69.9,21.0
AB-2026-13215,2026-03-16,Amazon,K-15749,PayPal,SOCK-3P-XL-OLI,Sneaker Socken 3er-Pack,XL,Oliv,1,19.9,19.9,4.8
AB-2026-13215,2026-03-16,Amazon,K-15749,PayPal,HOOD-ZP-L-WEI,Zip-Hoodie Heavy,L,Weiss,1,89.9,89.9,28.0
AB-2026-13216,2026-03-03,Amazon,K-17006,Rechnungskauf,HOOD-ZP-L-WEI,Zip-Hoodie Heavy,L,Weiss,1,89.9,89.9,28.0
AB-2026-13217,2026-05-26,Amazon,K-17765,Rechnungskauf,HOOD-ZP-L-SCH,Zip-Hoodie Heavy,L,Schwarz,1,89.9,89.9,28.0
AB-2026-13218,2026-02-14,Eigener Shop,K-15202,Rechnungskauf,TEE-BAS-XL-WEI,T-Shirt Basic,XL,Weiss,1,29.9,29.9,7.5
AB-2026-13219,2026-04-14,Eigener Shop,K-13330,Vorkasse,TEE-OVS-L-NAV,T-Shirt Oversized,L,Navy,1,34.9,34.9,9.0
AB-2026-13219,2026-04-14,Eigener Shop,K-13330,Vorkasse,HOOD-ZP-S-SCH,Zip-Hoodie Heavy,S,Schwarz,1,89.9,89.9,28.0
AB-2026-13220,2026-03-03,Amazon,K-12177,Kreditkarte,CAP-LG-S-OLI,Cap Logo,S,Oliv,1,24.9,24.9,6.0
AB-2026-13221,2026-03-09,Eigener Shop,K-16377,Vorkasse,SOCK-3P-S-NAV,Sneaker Socken 3er-Pack,S,Navy,1,19.9,19.9,4.8
AB-2026-13222,2026-04-20,Eigener Shop,K-18761,PayPal,KLEID-PR-S-SCH,Sommerkleid Print,S,Schwarz,1,79.9,79.9,24.0
AB-2026-13223,2026-02-27,Eigener Shop,K-19267,Kreditkarte,HOOD-CL-XL-OLI,Hoodie Classic,XL,Oliv,1,69.9,69.9,21.0
AB-2026-13224,2026-05-15,Eigener Shop,K-10298,PayPal,HOOD-ZP-XL-SCH,Zip-Hoodie Heavy,XL,Schwarz,1,89.9,89.9,28.0
AB-2026-13225,2026-05-18,Eigener Shop,K-12886,PayPal,JKT-RN-XS-SCH,Regenjacke Tech,XS,Schwarz,1,119.9,119.9,84.0
AB-2026-13226,2026-03-09,Eigener Shop,K-17117,Rechnungskauf,JKT-RN-L-WEI,Regenjacke Tech,L,Weiss,1,119.9,119.9,84.0
AB-2026-13227,2026-03-04,Eigener Shop,K-15978,PayPal,TEE-OVS-XL-SCH,T-Shirt Oversized,XL,Schwarz,1,34.9,34.9,9.0
AB-2026-13228,2026-05-10,Eigener Shop,K-13660,Vorkasse,TEE-OVS-XS-WEI,T-Shirt Oversized,XS,Weiss,1,34.9,34.9,9.0
AB-2026-13228,2026-05-10,Eigener Shop,K-13660,Vorkasse,JOG-CL-S-SCH,Jogger Classic,S,Schwarz,1,64.9,64.9,19.5
AB-2026-13229,2026-04-01,Amazon,K-19767,Rechnungskauf,TEE-OVS-XS-SCH,T-Shirt Oversized,XS,Schwarz,1,34.9,34.9,9.0
AB-2026-13229,2026-04-01,Amazon,K-19767,Rechnungskauf,JKT-RN-L-WEI,Regenjacke Tech,L,Weiss,1,119.9,119.9,84.0
AB-2026-13230,2026-06-24,Amazon,K-14858,Rechnungskauf,JKT-RN-S-WEI,Regenjacke Tech,S,Weiss,1,119.9,119.9,84.0
AB-2026-13230,2026-06-24,Amazon,K-14858,Rechnungskauf,JOG-CL-M-SCH,Jogger Classic,M,Schwarz,1,64.9,64.9,19.5
AB-2026-13231,2026-02-19,Amazon,K-17528,Kreditkarte,SOCK-3P-M-WEI,Sneaker Socken 3er-Pack,M,Weiss,1,19.9,19.9,4.8
AB-2026-13231,2026-02-19,Amazon,K-17528,Kreditkarte,JOG-CL-M-OLI,Jogger Classic,M,Oliv,1,64.9,64.9,19.5
AB-2026-13232,2026-01-09,Zalando,K-19772,Rechnungskauf,TEE-OVS-XS-WEI,T-Shirt Oversized,XS,Weiss,1,34.9,34.9,9.0
AB-2026-13233,2026-06-10,Eigener Shop,K-17266,PayPal,HOOD-CL-M-SCH,Hoodie Classic,M,Schwarz,1,69.9,69.9,21.0
AB-2026-13233,2026-06-10,Eigener Shop,K-17266,PayPal,TEE-BAS-L-WEI,T-Shirt Basic,L,Weiss,1,29.9,29.9,7.5
AB-2026-13234,2026-06-12,Eigener Shop,K-17240,Rechnungskauf,JKT-RN-M-SCH,Regenjacke Tech,M,Schwarz,1,119.9,119.9,84.0
AB-2026-13234,2026-06-12,Eigener Shop,K-17240,Rechnungskauf,HOOD-ZP-M-SCH,Zip-Hoodie Heavy,M,Schwarz,1,89.9,89.9,28.0
AB-2026-13235,2026-06-06,Amazon,K-16178,Rechnungskauf,HOOD-ZP-L-WEI,Zip-Hoodie Heavy,L,Weiss,1,89.9,89.9,28.0
AB-2026-13236,2026-04-27,Amazon,K-15076,Kreditkarte,HOOD-CL-L-NAV,Hoodie Classic,L,Navy,1,69.9,69.9,21.0
AB-2026-13237,2026-03-26,Eigener Shop,K-13614,Rechnungskauf,KLEID-PR-XL-OLI,Sommerkleid Print,XL,Oliv,1,79.9,79.9,24.0
AB-2026-13237,2026-03-26,Eigener Shop,K-13614,Rechnungskauf,SOCK-3P-XS-NAV,Sneaker Socken 3er-Pack,XS,Navy,1,19.9,19.9,4.8
AB-2026-13238,2026-01-26,Eigener Shop,K-12163,PayPal,SOCK-3P-XL-NAV,Sneaker Socken 3er-Pack,XL,Navy,1,19.9,19.9,4.8
AB-2026-13238,2026-01-26,Eigener Shop,K-12163,PayPal,JKT-RN-S-WEI,Regenjacke Tech,S,Weiss,1,119.9,119.9,84.0
AB-2026-13239,2026-05-06,Eigener Shop,K-18245,PayPal,HOOD-CL-XS-NAV,Hoodie Classic,XS,Navy,1,69.9,69.9,21.0
AB-2026-13239,2026-05-06,Eigener Shop,K-18245,PayPal,HOOD-ZP-XS-SCH,Zip-Hoodie Heavy,XS,Schwarz,1,89.9,89.9,28.0
AB-2026-13240,2026-01-01,Eigener Shop,K-12771,PayPal,SOCK-3P-M-WEI,Sneaker Socken 3er-Pack,M,Weiss,1,19.9,19.9,4.8
AB-2026-13241,2026-02-25,Eigener Shop,K-12434,Rechnungskauf,KLEID-PR-XS-WEI,Sommerkleid Print,XS,Weiss,1,79.9,79.9,24.0
AB-2026-13241,2026-02-25,Eigener Shop,K-12434,Rechnungskauf,KLEID-PR-S-WEI,Sommerkleid Print,S,Weiss,1,79.9,79.9,24.0
AB-2026-13241,2026-02-25,Eigener Shop,K-12434,Rechnungskauf,JOG-CL-XL-OLI,Jogger Classic,XL,Oliv,1,64.9,64.9,19.5
AB-2026-13241,2026-02-25,Eigener Shop,K-12434,Rechnungskauf,JOG-CL-M-OLI,Jogger Classic,M,Oliv,1,64.9,64.9,19.5
AB-2026-13242,2026-03-07,Eigener Shop,K-11010,Vorkasse,JKT-RN-M-SCH,Regenjacke Tech,M,Schwarz,1,119.9,119.9,84.0
AB-2026-13242,2026-03-07,Eigener Shop,K-11010,Vorkasse,JKT-RN-XL-WEI,Regenjacke Tech,XL,Weiss,1,119.9,119.9,84.0
AB-2026-13243,2026-02-09,Amazon,K-18525,PayPal,KLEID-PR-S-WEI,Sommerkleid Print,S,Weiss,1,79.9,79.9,24.0
AB-2026-13244,2026-05-12,Eigener Shop,K-19400,Vorkasse,HOOD-ZP-XL-SCH,Zip-Hoodie Heavy,XL,Schwarz,1,89.9,89.9,28.0
AB-2026-13244,2026-05-12,Eigener Shop,K-19400,Vorkasse,HOOD-ZP-S-SCH,Zip-Hoodie Heavy,S,Schwarz,1,89.9,89.9,28.0
AB-2026-13244,2026-05-12,Eigener Shop,K-19400,Vorkasse,JKT-RN-XL-SCH,Regenjacke Tech,XL,Schwarz,1,119.9,119.9,84.0
AB-2026-13244,2026-05-12,Eigener Shop,K-19400,Vorkasse,JKT-RN-L-SCH,Regenjacke Tech,L,Schwarz,1,119.9,119.9,84.0
AB-2026-13245,2026-05-08,Amazon,K-12289,Rechnungskauf,HOOD-ZP-S-SCH,Zip-Hoodie Heavy,S,Schwarz,1,89.9,89.9,28.0
AB-2026-13245,2026-05-08,Amazon,K-12289,Rechnungskauf,HOOD-ZP-XS-SCH,Zip-Hoodie Heavy,XS,Schwarz,1,89.9,89.9,28.0
AB-2026-13246,2026-03-25,Amazon,K-10431,PayPal,JOG-CL-XL-NAV,Jogger Classic,XL,Navy,1,64.9,64.9,19.5
AB-2026-13246,2026-03-25,Amazon,K-10431,PayPal,CAP-LG-S-OLI,Cap Logo,S,Oliv,1,24.9,24.9,6.0
AB-2026-13247,2026-01-31,Eigener Shop,K-15287,Vorkasse,TEE-OVS-S-OLI,T-Shirt Oversized,S,Oliv,1,34.9,34.9,9.0
AB-2026-13247,2026-01-31,Eigener Shop,K-15287,Vorkasse,TEE-BAS-XL-NAV,T-Shirt Basic,XL,Navy,1,29.9,29.9,7.5
AB-2026-13247,2026-01-31,Eigener Shop,K-15287,Vorkasse,CAP-LG-XL-NAV,Cap Logo,XL,Navy,1,24.9,24.9,6.0
AB-2026-13248,2026-03-02,Eigener Shop,K-13274,Rechnungskauf,CAP-LG-S-NAV,Cap Logo,S,Navy,1,24.9,24.9,6.0
AB-2026-13248,2026-03-02,Eigener Shop,K-13274,Rechnungskauf,CAP-LG-L-NAV,Cap Logo,L,Navy,1,24.9,24.9,6.0
AB-2026-13248,2026-03-02,Eigener Shop,K-13274,Rechnungskauf,TEE-OVS-S-SCH,T-Shirt Oversized,S,Schwarz,1,34.9,34.9,9.0
AB-2026-13248,2026-03-02,Eigener Shop,K-13274,Rechnungskauf,TEE-OVS-XL-SCH,T-Shirt Oversized,XL,Schwarz,1,34.9,34.9,9.0
AB-2026-13249,2026-06-08,Eigener Shop,K-19210,Kreditkarte,JKT-RN-XS-SCH,Regenjacke Tech,XS,Schwarz,1,119.9,119.9,84.0
AB-2026-13250,2026-02-18,Eigener Shop,K-15794,PayPal,JKT-RN-M-SCH,Regenjacke Tech,M,Schwarz,1,119.9,119.9,84.0
AB-2026-13251,2026-01-07,Eigener Shop,K-16032,PayPal,HOOD-ZP-L-WEI,Zip-Hoodie Heavy,L,Weiss,1,89.9,89.9,28.0
AB-2026-13251,2026-01-07,Eigener Shop,K-16032,PayPal,CAP-LG-M-NAV,Cap Logo,M,Navy,1,24.9,24.9,6.0
AB-2026-13252,2026-04-24,Eigener Shop,K-13829,Rechnungskauf,CAP-LG-M-NAV,Cap Logo,M,Navy,1,24.9,24.9,6.0
AB-2026-13252,2026-04-24,Eigener Shop,K-13829,Rechnungskauf,SOCK-3P-M-SCH,Sneaker Socken 3er-Pack,M,Schwarz,1,19.9,19.9,4.8
AB-2026-13253,2026-05-03,Eigener Shop,K-12395,Rechnungskauf,HOOD-ZP-M-WEI,Zip-Hoodie Heavy,M,Weiss,1,89.9,89.9,28.0
AB-2026-13253,2026-05-03,Eigener Shop,K-12395,Rechnungskauf,HOOD-ZP-XL-WEI,Zip-Hoodie Heavy,XL,Weiss,1,89.9,89.9,28.0
AB-2026-13253,2026-05-03,Eigener Shop,K-12395,Rechnungskauf,HOOD-ZP-S-WEI,Zip-Hoodie Heavy,S,Weiss,1,89.9,89.9,28.0
AB-2026-13253,2026-05-03,Eigener Shop,K-12395,Rechnungskauf,HOOD-ZP-L-WEI,Zip-Hoodie Heavy,L,Weiss,1,89.9,89.9,28.0
AB-2026-13254,2026-03-20,Eigener Shop,K-15558,Vorkasse,SOCK-3P-XL-OLI,Sneaker Socken 3er-Pack,XL,Oliv,1,19.9,19.9,4.8
AB-2026-13255,2026-06-14,Amazon,K-19322,PayPal,TEE-OVS-XS-WEI,T-Shirt Oversized,XS,Weiss,1,34.9,34.9,9.0
AB-2026-13256,2026-05-17,Amazon,K-18175,Rechnungskauf,HOOD-CL-L-NAV,Hoodie Classic,L,Navy,1,69.9,69.9,21.0
AB-2026-13256,2026-05-17,Amazon,K-18175,Rechnungskauf,TEE-BAS-S-SCH,T-Shirt Basic,S,Schwarz,1,29.9,29.9,7.5
AB-2026-13257,2026-02-15,Eigener Shop,K-12271,PayPal,JOG-CL-XS-OLI,Jogger Classic,XS,Oliv,1,64.9,64.9,19.5
AB-2026-13258,2026-06-28,Eigener Shop,K-17929,Rechnungskauf,HOOD-CL-S-OLI,Hoodie Classic,S,Oliv,1,69.9,69.9,21.0
AB-2026-13258,2026-06-28,Eigener Shop,K-17929,Rechnungskauf,JKT-RN-S-SCH,Regenjacke Tech,S,Schwarz,1,119.9,119.9,84.0
AB-2026-13258,2026-06-28,Eigener Shop,K-17929,Rechnungskauf,TEE-OVS-M-OLI,T-Shirt Oversized,M,Oliv,1,34.9,34.9,9.0
AB-2026-13259,2026-05-26,Eigener Shop,K-18037,Vorkasse,HOOD-ZP-XS-SCH,Zip-Hoodie Heavy,XS,Schwarz,1,89.9,89.9,28.0
AB-2026-13260,2026-06-30,Zalando,K-13657,Rechnungskauf,JKT-RN-XS-WEI,Regenjacke Tech,XS,Weiss,1,119.9,119.9,84.0
AB-2026-13261,2026-03-26,Eigener Shop,K-10649,Vorkasse,KLEID-PR-M-NAV,Sommerkleid Print,M,Navy,1,79.9,79.9,24.0
AB-2026-13261,2026-03-26,Eigener Shop,K-10649,Vorkasse,HOOD-CL-XL-OLI,Hoodie Classic,XL,Oliv,1,69.9,69.9,21.0
AB-2026-13262,2026-06-29,Eigener Shop,K-19939,Rechnungskauf,KLEID-PR-XL-OLI,Sommerkleid Print,XL,Oliv,1,79.9,79.9,24.0
AB-2026-13263,2026-06-28,Zalando,K-12242,Vorkasse,HOOD-ZP-XS-WEI,Zip-Hoodie Heavy,XS,Weiss,1,89.9,89.9,28.0
AB-2026-13263,2026-06-28,Zalando,K-12242,Vorkasse,HOOD-ZP-M-WEI,Zip-Hoodie Heavy,M,Weiss,1,89.9,89.9,28.0
AB-2026-13263,2026-06-28,Zalando,K-12242,Vorkasse,KLEID-PR-L-NAV,Sommerkleid Print,L,Navy,1,79.9,79.9,24.0
AB-2026-13264,2026-04-19,Eigener Shop,K-10456,PayPal,JKT-RN-S-WEI,Regenjacke Tech,S,Weiss,1,119.9,119.9,84.0
AB-2026-13264,2026-04-19,Eigener Shop,K-10456,PayPal,TEE-BAS-S-WEI,T-Shirt Basic,S,Weiss,1,29.9,29.9,7.5
AB-2026-13264,2026-04-19,Eigener Shop,K-10456,PayPal,HOOD-ZP-L-WEI,Zip-Hoodie Heavy,L,Weiss,1,89.9,89.9,28.0
AB-2026-13265,2026-01-24,Amazon,K-12834,Kreditkarte,JKT-RN-S-WEI,Regenjacke Tech,S,Weiss,1,119.9,119.9,84.0
AB-2026-13266,2026-01-21,Eigener Shop,K-12720,Vorkasse,HOOD-ZP-XL-WEI,Zip-Hoodie Heavy,XL,Weiss,1,89.9,89.9,28.0
AB-2026-13267,2026-04-18,Zalando,K-16177,PayPal,HOOD-ZP-M-SCH,Zip-Hoodie Heavy,M,Schwarz,1,89.9,89.9,28.0
AB-2026-13267,2026-04-18,Zalando,K-16177,PayPal,TEE-BAS-XS-WEI,T-Shirt Basic,XS,Weiss,1,29.9,29.9,7.5
AB-2026-13268,2026-02-24,Eigener Shop,K-18062,Vorkasse,HOOD-ZP-S-WEI,Zip-Hoodie Heavy,S,Weiss,1,89.9,89.9,28.0
AB-2026-13269,2026-02-06,Amazon,K-12809,Kreditkarte,TEE-OVS-XL-NAV,T-Shirt Oversized,XL,Navy,1,34.9,34.9,9.0
AB-2026-13269,2026-02-06,Amazon,K-12809,Kreditkarte,CAP-LG-M-OLI,Cap Logo,M,Oliv,1,24.9,24.9,6.0
AB-2026-13269,2026-02-06,Amazon,K-12809,Kreditkarte,KLEID-PR-L-OLI,Sommerkleid Print,L,Oliv,1,79.9,79.9,24.0
AB-2026-13270,2026-01-10,Eigener Shop,K-13162,Rechnungskauf,JOG-CL-S-NAV,Jogger Classic,S,Navy,1,64.9,64.9,19.5
AB-2026-13271,2026-03-24,Zalando,K-10525,Vorkasse,HOOD-ZP-S-WEI,Zip-Hoodie Heavy,S,Weiss,1,89.9,89.9,28.0
AB-2026-13272,2026-03-05,Eigener Shop,K-10109,PayPal,KLEID-PR-XL-OLI,Sommerkleid Print,XL,Oliv,1,79.9,79.9,24.0
AB-2026-13273,2026-03-10,Eigener Shop,K-15615,Rechnungskauf,JOG-CL-XL-SCH,Jogger Classic,XL,Schwarz,1,64.9,64.9,19.5
AB-2026-13273,2026-03-10,Eigener Shop,K-15615,Rechnungskauf,CAP-LG-L-NAV,Cap Logo,L,Navy,1,24.9,24.9,6.0
AB-2026-13274,2026-05-06,Eigener Shop,K-15581,Vorkasse,HOOD-CL-XS-SCH,Hoodie Classic,XS,Schwarz,1,69.9,69.9,21.0
AB-2026-13274,2026-05-06,Eigener Shop,K-15581,Vorkasse,JKT-RN-S-SCH,Regenjacke Tech,S,Schwarz,1,119.9,119.9,84.0
AB-2026-13275,2026-05-16,Zalando,K-15039,Vorkasse,HOOD-ZP-M-SCH,Zip-Hoodie Heavy,M,Schwarz,1,89.9,89.9,28.0
AB-2026-13275,2026-05-16,Zalando,K-15039,Vorkasse,CAP-LG-XS-SCH,Cap Logo,XS,Schwarz,1,24.9,24.9,6.0
AB-2026-13276,2026-01-01,Zalando,K-15718,Rechnungskauf,TEE-BAS-XS-WEI,T-Shirt Basic,XS,Weiss,1,29.9,29.9,7.5
AB-2026-13276,2026-01-01,Zalando,K-15718,Rechnungskauf,TEE-OVS-L-SCH,T-Shirt Oversized,L,Schwarz,1,34.9,34.9,9.0
AB-2026-13277,2026-05-23,Eigener Shop,K-13563,Kreditkarte,KLEID-PR-XS-WEI,Sommerkleid Print,XS,Weiss,1,79.9,79.9,24.0
AB-2026-13278,2026-01-31,Eigener Shop,K-19040,Kreditkarte,HOOD-CL-XS-WEI,Hoodie Classic,XS,Weiss,1,69.9,69.9,21.0
AB-2026-13278,2026-01-31,Eigener Shop,K-19040,Kreditkarte,TEE-OVS-S-OLI,T-Shirt Oversized,S,Oliv,1,34.9,34.9,9.0
AB-2026-13279,2026-03-13,Eigener Shop,K-18931,Kreditkarte,TEE-BAS-XS-NAV,T-Shirt Basic,XS,Navy,1,29.9,29.9,7.5
AB-2026-13280,2026-06-30,Eigener Shop,K-16027,PayPal,TEE-OVS-S-NAV,T-Shirt Oversized,S,Navy,1,34.9,34.9,9.0
AB-2026-13281,2026-01-26,Amazon,K-17043,Kreditkarte,CAP-LG-M-WEI,Cap Logo,M,Weiss,1,24.9,24.9,6.0
AB-2026-13282,2026-06-25,Eigener Shop,K-13343,Vorkasse,CAP-LG-XL-OLI,Cap Logo,XL,Oliv,1,24.9,24.9,6.0
AB-2026-13283,2026-05-12,Eigener Shop,K-11026,PayPal,JOG-CL-XL-WEI,Jogger Classic,XL,Weiss,1,64.9,64.9,19.5
AB-2026-13284,2026-03-02,Amazon,K-13151,PayPal,JKT-RN-M-WEI,Regenjacke Tech,M,Weiss,1,119.9,119.9,84.0
AB-2026-13284,2026-03-02,Amazon,K-13151,PayPal,TEE-BAS-XS-WEI,T-Shirt Basic,XS,Weiss,1,29.9,29.9,7.5
AB-2026-13284,2026-03-02,Amazon,K-13151,PayPal,TEE-BAS-M-NAV,T-Shirt Basic,M,Navy,1,29.9,29.9,7.5
AB-2026-13285,2026-02-15,Eigener Shop,K-19555,Vorkasse,JOG-CL-L-OLI,Jogger Classic,L,Oliv,1,64.9,64.9,19.5
AB-2026-13285,2026-02-15,Eigener Shop,K-19555,Vorkasse,KLEID-PR-M-WEI,Sommerkleid Print,M,Weiss,1,79.9,79.9,24.0
AB-2026-13286,2026-01-20,Eigener Shop,K-14975,Vorkasse,HOOD-ZP-XS-SCH,Zip-Hoodie Heavy,XS,Schwarz,1,89.9,89.9,28.0
AB-2026-13287,2026-05-06,Amazon,K-17540,PayPal,HOOD-ZP-XS-WEI,Zip-Hoodie Heavy,XS,Weiss,1,89.9,89.9,28.0
AB-2026-13288,2026-01-09,Eigener Shop,K-11838,PayPal,CAP-LG-XL-SCH,Cap Logo,XL,Schwarz,1,24.9,24.9,6.0
AB-2026-13289,2026-01-24,Amazon,K-11913,Kreditkarte,HOOD-CL-S-SCH,Hoodie Classic,S,Schwarz,1,69.9,69.9,21.0
AB-2026-13290,2026-04-17,Eigener Shop,K-16091,Kreditkarte,CAP-LG-M-OLI,Cap Logo,M,Oliv,1,24.9,24.9,6.0
AB-2026-13291,2026-03-09,Amazon,K-18193,Rechnungskauf,HOOD-ZP-XL-SCH,Zip-Hoodie Heavy,XL,Schwarz,1,89.9,89.9,28.0
AB-2026-13291,2026-03-09,Amazon,K-18193,Rechnungskauf,TEE-BAS-S-WEI,T-Shirt Basic,S,Weiss,1,29.9,29.9,7.5
AB-2026-13291,2026-03-09,Amazon,K-18193,Rechnungskauf,JOG-CL-L-OLI,Jogger Classic,L,Oliv,1,64.9,64.9,19.5
AB-2026-13292,2026-05-27,Eigener Shop,K-17831,PayPal,TEE-OVS-XL-SCH,T-Shirt Oversized,XL,Schwarz,1,34.9,34.9,9.0
AB-2026-13293,2026-04-26,Eigener Shop,K-15759,PayPal,HOOD-ZP-S-SCH,Zip-Hoodie Heavy,S,Schwarz,1,89.9,89.9,28.0
AB-2026-13293,2026-04-26,Eigener Shop,K-15759,PayPal,TEE-BAS-XS-OLI,T-Shirt Basic,XS,Oliv,1,29.9,29.9,7.5
AB-2026-13294,2026-03-06,Eigener Shop,K-12013,Kreditkarte,HOOD-ZP-M-WEI,Zip-Hoodie Heavy,M,Weiss,1,89.9,89.9,28.0
AB-2026-13295,2026-03-23,Eigener Shop,K-15874,PayPal,TEE-OVS-XS-NAV,T-Shirt Oversized,XS,Navy,1,34.9,34.9,9.0
AB-2026-13295,2026-03-23,Eigener Shop,K-15874,PayPal,TEE-OVS-M-NAV,T-Shirt Oversized,M,Navy,1,34.9,34.9,9.0
AB-2026-13295,2026-03-23,Eigener Shop,K-15874,PayPal,HOOD-ZP-XL-SCH,Zip-Hoodie Heavy,XL,Schwarz,1,89.9,89.9,28.0
AB-2026-13295,2026-03-23,Eigener Shop,K-15874,PayPal,HOOD-ZP-XS-SCH,Zip-Hoodie Heavy,XS,Schwarz,1,89.9,89.9,28.0
AB-2026-13296,2026-03-27,Amazon,K-16792,Kreditkarte,HOOD-ZP-XL-WEI,Zip-Hoodie Heavy,XL,Weiss,1,89.9,89.9,28.0
AB-2026-13297,2026-04-01,Eigener Shop,K-10302,Vorkasse,JKT-RN-M-WEI,Regenjacke Tech,M,Weiss,1,119.9,119.9,84.0
AB-2026-13297,2026-04-01,Eigener Shop,K-10302,Vorkasse,SOCK-3P-XL-WEI,Sneaker Socken 3er-Pack,XL,Weiss,1,19.9,19.9,4.8
AB-2026-13298,2026-04-17,Amazon,K-12634,Rechnungskauf,SOCK-3P-XL-WEI,Sneaker Socken 3er-Pack,XL,Weiss,1,19.9,19.9,4.8
AB-2026-13299,2026-05-02,Amazon,K-16970,PayPal,KLEID-PR-S-WEI,Sommerkleid Print,S,Weiss,1,79.9,79.9,24.0
AB-2026-13300,2026-01-27,Eigener Shop,K-15696,Kreditkarte,SOCK-3P-XS-WEI,Sneaker Socken 3er-Pack,XS,Weiss,1,19.9,19.9,4.8
AB-2026-13300,2026-01-27,Eigener Shop,K-15696,Kreditkarte,SOCK-3P-M-WEI,Sneaker Socken 3er-Pack,M,Weiss,1,19.9,19.9,4.8
AB-2026-13301,2026-06-19,Zalando,K-14481,PayPal,SOCK-3P-L-SCH,Sneaker Socken 3er-Pack,L,Schwarz,1,19.9,19.9,4.8
AB-2026-13302,2026-03-23,Amazon,K-14246,PayPal,HOOD-CL-XS-SCH,Hoodie Classic,XS,Schwarz,1,69.9,69.9,21.0
AB-2026-13302,2026-03-23,Amazon,K-14246,PayPal,SOCK-3P-M-NAV,Sneaker Socken 3er-Pack,M,Navy,1,19.9,19.9,4.8
AB-2026-13302,2026-03-23,Amazon,K-14246,PayPal,JKT-RN-M-WEI,Regenjacke Tech,M,Weiss,1,119.9,119.9,84.0
AB-2026-13303,2026-02-19,Eigener Shop,K-19795,PayPal,KLEID-PR-M-NAV,Sommerkleid Print,M,Navy,1,79.9,79.9,24.0
AB-2026-13303,2026-02-19,Eigener Shop,K-19795,PayPal,SOCK-3P-XS-OLI,Sneaker Socken 3er-Pack,XS,Oliv,1,19.9,19.9,4.8
AB-2026-13304,2026-06-23,Eigener Shop,K-10818,Rechnungskauf,TEE-BAS-L-OLI,T-Shirt Basic,L,Oliv,1,29.9,29.9,7.5
AB-2026-13305,2026-03-21,Eigener Shop,K-19406,Kreditkarte,TEE-BAS-XS-OLI,T-Shirt Basic,XS,Oliv,1,29.9,29.9,7.5
AB-2026-13305,2026-03-21,Eigener Shop,K-19406,Kreditkarte,HOOD-ZP-S-SCH,Zip-Hoodie Heavy,S,Schwarz,1,89.9,89.9,28.0
AB-2026-13306,2026-05-01,Eigener Shop,K-13656,PayPal,HOOD-ZP-M-SCH,Zip-Hoodie Heavy,M,Schwarz,1,89.9,89.9,28.0
AB-2026-13307,2026-05-25,Eigener Shop,K-14484,Kreditkarte,SOCK-3P-M-WEI,Sneaker Socken 3er-Pack,M,Weiss,1,19.9,19.9,4.8
AB-2026-13308,2026-04-27,Amazon,K-12322,Rechnungskauf,SOCK-3P-L-OLI,Sneaker Socken 3er-Pack,L,Oliv,1,19.9,19.9,4.8
AB-2026-13309,2026-06-23,Amazon,K-15729,PayPal,CAP-LG-S-OLI,Cap Logo,S,Oliv,1,24.9,24.9,6.0
AB-2026-13309,2026-06-23,Amazon,K-15729,PayPal,TEE-BAS-M-SCH,T-Shirt Basic,M,Schwarz,1,29.9,29.9,7.5
AB-2026-13310,2026-06-17,Eigener Shop,K-17807,PayPal,JOG-CL-S-NAV,Jogger Classic,S,Navy,1,64.9,64.9,19.5
AB-2026-13310,2026-06-17,Eigener Shop,K-17807,PayPal,HOOD-CL-XS-SCH,Hoodie Classic,XS,Schwarz,1,69.9,69.9,21.0
AB-2026-13311,2026-04-30,Eigener Shop,K-10237,Vorkasse,HOOD-ZP-XL-WEI,Zip-Hoodie Heavy,XL,Weiss,1,89.9,89.9,28.0
AB-2026-13312,2026-03-29,Zalando,K-15873,PayPal,TEE-OVS-S-NAV,T-Shirt Oversized,S,Navy,1,34.9,34.9,9.0
AB-2026-13313,2026-04-06,Eigener Shop,K-14755,PayPal,HOOD-CL-M-SCH,Hoodie Classic,M,Schwarz,1,69.9,69.9,21.0
AB-2026-13314,2026-01-21,Eigener Shop,K-14365,Rechnungskauf,SOCK-3P-L-WEI,Sneaker Socken 3er-Pack,L,Weiss,1,19.9,19.9,4.8
AB-2026-13315,2026-03-19,Amazon,K-13316,Rechnungskauf,HOOD-ZP-XS-WEI,Zip-Hoodie Heavy,XS,Weiss,1,89.9,89.9,28.0
AB-2026-13316,2026-03-03,Zalando,K-14205,Kreditkarte,KLEID-PR-L-SCH,Sommerkleid Print,L,Schwarz,1,79.9,79.9,24.0
AB-2026-13317,2026-01-20,Eigener Shop,K-16379,Vorkasse,CAP-LG-XL-NAV,Cap Logo,XL,Navy,1,24.9,24.9,6.0
AB-2026-13318,2026-03-09,Amazon,K-17372,PayPal,HOOD-ZP-S-WEI,Zip-Hoodie Heavy,S,Weiss,1,89.9,89.9,28.0
AB-2026-13319,2026-02-09,Amazon,K-15220,PayPal,JKT-RN-L-WEI,Regenjacke Tech,L,Weiss,1,119.9,119.9,84.0
AB-2026-13319,2026-02-09,Amazon,K-15220,PayPal,HOOD-ZP-XL-SCH,Zip-Hoodie Heavy,XL,Schwarz,1,89.9,89.9,28.0
AB-2026-13320,2026-01-21,Eigener Shop,K-16645,Vorkasse,SOCK-3P-M-SCH,Sneaker Socken 3er-Pack,M,Schwarz,1,19.9,19.9,4.8
AB-2026-13320,2026-01-21,Eigener Shop,K-16645,Vorkasse,JKT-RN-S-WEI,Regenjacke Tech,S,Weiss,1,119.9,119.9,84.0
AB-2026-13320,2026-01-21,Eigener Shop,K-16645,Vorkasse,JKT-RN-M-SCH,Regenjacke Tech,M,Schwarz,1,119.9,119.9,84.0
AB-2026-13321,2026-05-19,Amazon,K-12566,Kreditkarte,TEE-BAS-XS-NAV,T-Shirt Basic,XS,Navy,1,29.9,29.9,7.5
AB-2026-13322,2026-02-23,Eigener Shop,K-12158,Vorkasse,JKT-RN-XS-WEI,Regenjacke Tech,XS,Weiss,1,119.9,119.9,84.0
AB-2026-13322,2026-02-23,Eigener Shop,K-12158,Vorkasse,HOOD-ZP-XS-SCH,Zip-Hoodie Heavy,XS,Schwarz,1,89.9,89.9,28.0
AB-2026-13323,2026-06-07,Eigener Shop,K-15593,PayPal,HOOD-ZP-XL-SCH,Zip-Hoodie Heavy,XL,Schwarz,1,89.9,89.9,28.0
AB-2026-13324,2026-05-26,Eigener Shop,K-10690,Vorkasse,TEE-BAS-L-WEI,T-Shirt Basic,L,Weiss,1,29.9,29.9,7.5
AB-2026-13325,2026-04-11,Zalando,K-11486,Kreditkarte,JKT-RN-L-SCH,Regenjacke Tech,L,Schwarz,1,119.9,119.9,84.0
AB-2026-13326,2026-06-13,Eigener Shop,K-13520,PayPal,CAP-LG-XS-NAV,Cap Logo,XS,Navy,1,24.9,24.9,6.0
AB-2026-13327,2026-02-08,Eigener Shop,K-15372,Rechnungskauf,HOOD-ZP-M-SCH,Zip-Hoodie Heavy,M,Schwarz,1,89.9,89.9,28.0
AB-2026-13327,2026-02-08,Eigener Shop,K-15372,Rechnungskauf,HOOD-CL-L-SCH,Hoodie Classic,L,Schwarz,1,69.9,69.9,21.0
AB-2026-13327,2026-02-08,Eigener Shop,K-15372,Rechnungskauf,TEE-BAS-M-WEI,T-Shirt Basic,M,Weiss,1,29.9,29.9,7.5
AB-2026-13328,2026-04-05,Eigener Shop,K-14685,Vorkasse,TEE-BAS-L-NAV,T-Shirt Basic,L,Navy,1,29.9,29.9,7.5
AB-2026-13328,2026-04-05,Eigener Shop,K-14685,Vorkasse,CAP-LG-XS-OLI,Cap Logo,XS,Oliv,1,24.9,24.9,6.0
AB-2026-13329,2026-05-01,Amazon,K-11900,Rechnungskauf,HOOD-ZP-S-SCH,Zip-Hoodie Heavy,S,Schwarz,1,89.9,89.9,28.0
AB-2026-13330,2026-03-03,Amazon,K-19702,PayPal,HOOD-CL-L-NAV,Hoodie Classic,L,Navy,1,69.9,69.9,21.0
AB-2026-13330,2026-03-03,Amazon,K-19702,PayPal,JOG-CL-M-NAV,Jogger Classic,M,Navy,1,64.9,64.9,19.5
AB-2026-13330,2026-03-03,Amazon,K-19702,PayPal,SOCK-3P-S-OLI,Sneaker Socken 3er-Pack,S,Oliv,1,19.9,19.9,4.8
AB-2026-13331,2026-06-09,Eigener Shop,K-10360,Vorkasse,JKT-RN-L-WEI,Regenjacke Tech,L,Weiss,1,119.9,119.9,84.0
AB-2026-13332,2026-03-06,Eigener Shop,K-11769,PayPal,TEE-BAS-M-WEI,T-Shirt Basic,M,Weiss,1,29.9,29.9,7.5
AB-2026-13333,2026-02-08,Eigener Shop,K-18709,Rechnungskauf,KLEID-PR-M-SCH,Sommerkleid Print,M,Schwarz,1,79.9,79.9,24.0
AB-2026-13333,2026-02-08,Eigener Shop,K-18709,Rechnungskauf,JOG-CL-S-NAV,Jogger Classic,S,Navy,1,64.9,64.9,19.5
AB-2026-13334,2026-05-13,Eigener Shop,K-13812,PayPal,JKT-RN-L-WEI,Regenjacke Tech,L,Weiss,1,119.9,119.9,84.0
AB-2026-13335,2026-04-23,Eigener Shop,K-13113,Vorkasse,KLEID-PR-XS-WEI,Sommerkleid Print,XS,Weiss,1,79.9,79.9,24.0
AB-2026-13336,2026-06-27,Amazon,K-18787,Kreditkarte,JKT-RN-M-SCH,Regenjacke Tech,M,Schwarz,1,119.9,119.9,84.0
AB-2026-13337,2026-04-17,Eigener Shop,K-15495,Rechnungskauf,HOOD-ZP-M-SCH,Zip-Hoodie Heavy,M,Schwarz,1,89.9,89.9,28.0
AB-2026-13338,2026-01-21,Amazon,K-11674,Vorkasse,TEE-BAS-M-WEI,T-Shirt Basic,M,Weiss,1,29.9,29.9,7.5
AB-2026-13338,2026-01-21,Amazon,K-11674,Vorkasse,JKT-RN-S-SCH,Regenjacke Tech,S,Schwarz,1,119.9,119.9,84.0
AB-2026-13338,2026-01-21,Amazon,K-11674,Vorkasse,TEE-BAS-L-OLI,T-Shirt Basic,L,Oliv,1,29.9,29.9,7.5
AB-2026-13339,2026-01-19,Eigener Shop,K-19896,Vorkasse,HOOD-ZP-L-SCH,Zip-Hoodie Heavy,L,Schwarz,1,89.9,89.9,28.0
AB-2026-13339,2026-01-19,Eigener Shop,K-19896,Vorkasse,JKT-RN-L-SCH,Regenjacke Tech,L,Schwarz,1,119.9,119.9,84.0
AB-2026-13340,2026-06-26,Amazon,K-16227,Kreditkarte,HOOD-ZP-M-SCH,Zip-Hoodie Heavy,M,Schwarz,1,89.9,89.9,28.0
AB-2026-13340,2026-06-26,Amazon,K-16227,Kreditkarte,HOOD-ZP-S-WEI,Zip-Hoodie Heavy,S,Weiss,1,89.9,89.9,28.0
AB-2026-13341,2026-01-29,Amazon,K-10634,Vorkasse,TEE-BAS-L-WEI,T-Shirt Basic,L,Weiss,1,29.9,29.9,7.5
AB-2026-13342,2026-05-04,Amazon,K-14200,Kreditkarte,HOOD-ZP-L-WEI,Zip-Hoodie Heavy,L,Weiss,1,89.9,89.9,28.0
AB-2026-13343,2026-01-05,Eigener Shop,K-13213,Kreditkarte,TEE-OVS-M-NAV,T-Shirt Oversized,M,Navy,1,34.9,34.9,9.0
AB-2026-13344,2026-02-13,Zalando,K-14214,Rechnungskauf,KLEID-PR-L-OLI,Sommerkleid Print,L,Oliv,1,79.9,79.9,24.0
AB-2026-13344,2026-02-13,Zalando,K-14214,Rechnungskauf,SOCK-3P-M-NAV,Sneaker Socken 3er-Pack,M,Navy,1,19.9,19.9,4.8
AB-2026-13344,2026-02-13,Zalando,K-14214,Rechnungskauf,TEE-BAS-M-SCH,T-Shirt Basic,M,Schwarz,1,29.9,29.9,7.5
AB-2026-13345,2026-05-23,Eigener Shop,K-13706,PayPal,JKT-RN-M-WEI,Regenjacke Tech,M,Weiss,1,119.9,119.9,84.0
AB-2026-13345,2026-05-23,Eigener Shop,K-13706,PayPal,SOCK-3P-XL-SCH,Sneaker Socken 3er-Pack,XL,Schwarz,1,19.9,19.9,4.8
AB-2026-13346,2026-02-05,Eigener Shop,K-17513,PayPal,HOOD-ZP-L-SCH,Zip-Hoodie Heavy,L,Schwarz,1,89.9,89.9,28.0
AB-2026-13346,2026-02-05,Eigener Shop,K-17513,PayPal,KLEID-PR-L-NAV,Sommerkleid Print,L,Navy,1,79.9,79.9,24.0
AB-2026-13347,2026-02-16,Eigener Shop,K-14186,PayPal,TEE-BAS-XL-SCH,T-Shirt Basic,XL,Schwarz,1,29.9,29.9,7.5
AB-2026-13348,2026-03-17,Amazon,K-17587,PayPal,TEE-BAS-XL-WEI,T-Shirt Basic,XL,Weiss,1,29.9,29.9,7.5
AB-2026-13348,2026-03-17,Amazon,K-17587,PayPal,HOOD-ZP-M-WEI,Zip-Hoodie Heavy,M,Weiss,1,89.9,89.9,28.0
AB-2026-13349,2026-06-07,Amazon,K-11929,Vorkasse,HOOD-CL-L-NAV,Hoodie Classic,L,Navy,1,69.9,69.9,21.0
AB-2026-13349,2026-06-07,Amazon,K-11929,Vorkasse,SOCK-3P-XL-WEI,Sneaker Socken 3er-Pack,XL,Weiss,1,19.9,19.9,4.8
AB-2026-13350,2026-03-14,Eigener Shop,K-17148,Kreditkarte,SOCK-3P-XS-SCH,Sneaker Socken 3er-Pack,XS,Schwarz,1,19.9,19.9,4.8
AB-2026-13350,2026-03-14,Eigener Shop,K-17148,Kreditkarte,SOCK-3P-S-SCH,Sneaker Socken 3er-Pack,S,Schwarz,1,19.9,19.9,4.8
AB-2026-13350,2026-03-14,Eigener Shop,K-17148,Kreditkarte,HOOD-CL-M-SCH,Hoodie Classic,M,Schwarz,1,69.9,69.9,21.0
AB-2026-13350,2026-03-14,Eigener Shop,K-17148,Kreditkarte,HOOD-CL-S-SCH,Hoodie Classic,S,Schwarz,1,69.9,69.9,21.0
AB-2026-13351,2026-03-03,Amazon,K-13656,PayPal,HOOD-CL-M-SCH,Hoodie Classic,M,Schwarz,1,69.9,69.9,21.0
AB-2026-13352,2026-05-18,Eigener Shop,K-12646,PayPal,TEE-OVS-M-OLI,T-Shirt Oversized,M,Oliv,1,34.9,34.9,9.0
AB-2026-13353,2026-05-19,Amazon,K-16323,PayPal,TEE-OVS-S-SCH,T-Shirt Oversized,S,Schwarz,1,34.9,34.9,9.0
AB-2026-13354,2026-03-15,Eigener Shop,K-16404,Rechnungskauf,CAP-LG-L-SCH,Cap Logo,L,Schwarz,1,24.9,24.9,6.0
AB-2026-13354,2026-03-15,Eigener Shop,K-16404,Rechnungskauf,CAP-LG-S-WEI,Cap Logo,S,Weiss,1,24.9,24.9,6.0
AB-2026-13355,2026-06-04,Eigener Shop,K-16606,Rechnungskauf,HOOD-ZP-L-WEI,Zip-Hoodie Heavy,L,Weiss,1,89.9,89.9,28.0
AB-2026-13356,2026-05-25,Eigener Shop,K-11160,PayPal,TEE-OVS-XL-WEI,T-Shirt Oversized,XL,Weiss,1,34.9,34.9,9.0
AB-2026-13357,2026-04-12,Eigener Shop,K-12536,PayPal,JOG-CL-XL-NAV,Jogger Classic,XL,Navy,1,64.9,64.9,19.5
AB-2026-13357,2026-04-12,Eigener Shop,K-12536,PayPal,JOG-CL-M-NAV,Jogger Classic,M,Navy,1,64.9,64.9,19.5
AB-2026-13358,2026-06-04,Zalando,K-12505,Kreditkarte,JOG-CL-L-WEI,Jogger Classic,L,Weiss,1,64.9,64.9,19.5
AB-2026-13358,2026-06-04,Zalando,K-12505,Kreditkarte,TEE-OVS-XL-WEI,T-Shirt Oversized,XL,Weiss,1,34.9,34.9,9.0
AB-2026-13359,2026-05-11,Amazon,K-19375,Rechnungskauf,HOOD-CL-M-OLI,Hoodie Classic,M,Oliv,1,69.9,69.9,21.0
AB-2026-13360,2026-04-15,Zalando,K-17585,Rechnungskauf,KLEID-PR-XS-OLI,Sommerkleid Print,XS,Oliv,1,79.9,79.9,24.0
AB-2026-13360,2026-04-15,Zalando,K-17585,Rechnungskauf,TEE-BAS-M-WEI,T-Shirt Basic,M,Weiss,1,29.9,29.9,7.5
AB-2026-13361,2026-03-26,Eigener Shop,K-11361,PayPal,KLEID-PR-XL-SCH,Sommerkleid Print,XL,Schwarz,1,79.9,79.9,24.0
AB-2026-13362,2026-05-22,Eigener Shop,K-10825,PayPal,TEE-BAS-XL-SCH,T-Shirt Basic,XL,Schwarz,1,29.9,29.9,7.5
AB-2026-13362,2026-05-22,Eigener Shop,K-10825,PayPal,CAP-LG-S-NAV,Cap Logo,S,Navy,1,24.9,24.9,6.0
AB-2026-13363,2026-05-11,Eigener Shop,K-19029,PayPal,HOOD-ZP-M-WEI,Zip-Hoodie Heavy,M,Weiss,1,89.9,89.9,28.0
AB-2026-13363,2026-05-11,Eigener Shop,K-19029,PayPal,KLEID-PR-XL-NAV,Sommerkleid Print,XL,Navy,1,79.9,79.9,24.0
AB-2026-13363,2026-05-11,Eigener Shop,K-19029,PayPal,HOOD-ZP-S-WEI,Zip-Hoodie Heavy,S,Weiss,1,89.9,89.9,28.0
AB-2026-13364,2026-05-20,Eigener Shop,K-15837,PayPal,TEE-OVS-XL-WEI,T-Shirt Oversized,XL,Weiss,1,34.9,34.9,9.0
AB-2026-13365,2026-05-05,Amazon,K-18222,Rechnungskauf,HOOD-ZP-XS-SCH,Zip-Hoodie Heavy,XS,Schwarz,1,89.9,89.9,28.0
AB-2026-13365,2026-05-05,Amazon,K-18222,Rechnungskauf,TEE-OVS-M-SCH,T-Shirt Oversized,M,Schwarz,1,34.9,34.9,9.0
AB-2026-13365,2026-05-05,Amazon,K-18222,Rechnungskauf,TEE-OVS-S-OLI,T-Shirt Oversized,S,Oliv,1,34.9,34.9,9.0
AB-2026-13366,2026-04-09,Amazon,K-18259,Rechnungskauf,KLEID-PR-L-NAV,Sommerkleid Print,L,Navy,1,79.9,79.9,24.0
AB-2026-13366,2026-04-09,Amazon,K-18259,Rechnungskauf,CAP-LG-L-OLI,Cap Logo,L,Oliv,1,24.9,24.9,6.0
AB-2026-13367,2026-06-12,Amazon,K-11014,Rechnungskauf,HOOD-CL-XL-OLI,Hoodie Classic,XL,Oliv,1,69.9,69.9,21.0
AB-2026-13368,2026-03-11,Eigener Shop,K-10688,PayPal,HOOD-CL-S-NAV,Hoodie Classic,S,Navy,1,69.9,69.9,21.0
AB-2026-13369,2026-02-19,Eigener Shop,K-17290,Kreditkarte,KLEID-PR-S-OLI,Sommerkleid Print,S,Oliv,1,79.9,79.9,24.0
AB-2026-13369,2026-02-19,Eigener Shop,K-17290,Kreditkarte,TEE-BAS-L-SCH,T-Shirt Basic,L,Schwarz,1,29.9,29.9,7.5
AB-2026-13369,2026-02-19,Eigener Shop,K-17290,Kreditkarte,TEE-OVS-L-WEI,T-Shirt Oversized,L,Weiss,1,34.9,34.9,9.0
AB-2026-13370,2026-04-14,Amazon,K-10837,Rechnungskauf,HOOD-ZP-M-SCH,Zip-Hoodie Heavy,M,Schwarz,1,89.9,89.9,28.0
AB-2026-13371,2026-02-07,Eigener Shop,K-16874,Rechnungskauf,TEE-OVS-M-SCH,T-Shirt Oversized,M,Schwarz,1,34.9,34.9,9.0
AB-2026-13372,2026-06-10,Eigener Shop,K-13325,Rechnungskauf,TEE-OVS-XL-SCH,T-Shirt Oversized,XL,Schwarz,1,34.9,34.9,9.0
AB-2026-13373,2026-05-07,Eigener Shop,K-19591,PayPal,CAP-LG-XL-NAV,Cap Logo,XL,Navy,1,24.9,24.9,6.0
AB-2026-13374,2026-03-04,Eigener Shop,K-12411,PayPal,KLEID-PR-S-OLI,Sommerkleid Print,S,Oliv,1,79.9,79.9,24.0
AB-2026-13375,2026-03-12,Eigener Shop,K-18059,PayPal,TEE-BAS-S-WEI,T-Shirt Basic,S,Weiss,1,29.9,29.9,7.5
AB-2026-13376,2026-04-19,Eigener Shop,K-13457,PayPal,TEE-BAS-XS-WEI,T-Shirt Basic,XS,Weiss,1,29.9,29.9,7.5
AB-2026-13376,2026-04-19,Eigener Shop,K-13457,PayPal,TEE-BAS-M-OLI,T-Shirt Basic,M,Oliv,1,29.9,29.9,7.5
AB-2026-13377,2026-06-11,Eigener Shop,K-14965,Rechnungskauf,HOOD-ZP-S-SCH,Zip-Hoodie Heavy,S,Schwarz,1,89.9,89.9,28.0
AB-2026-13377,2026-06-11,Eigener Shop,K-14965,Rechnungskauf,KLEID-PR-L-NAV,Sommerkleid Print,L,Navy,1,79.9,79.9,24.0
AB-2026-13378,2026-02-01,Amazon,K-12786,PayPal,KLEID-PR-L-WEI,Sommerkleid Print,L,Weiss,1,79.9,79.9,24.0
AB-2026-13379,2026-01-26,Eigener Shop,K-11633,Kreditkarte,HOOD-ZP-XS-SCH,Zip-Hoodie Heavy,XS,Schwarz,1,89.9,89.9,28.0
AB-2026-13380,2026-04-04,Eigener Shop,K-10274,Kreditkarte,HOOD-ZP-XS-WEI,Zip-Hoodie Heavy,XS,Weiss,1,89.9,89.9,28.0
AB-2026-13381,2026-03-15,Eigener Shop,K-13737,PayPal,TEE-BAS-L-NAV,T-Shirt Basic,L,Navy,1,29.9,29.9,7.5
AB-2026-13382,2026-01-11,Eigener Shop,K-17599,PayPal,HOOD-ZP-XS-SCH,Zip-Hoodie Heavy,XS,Schwarz,1,89.9,89.9,28.0
AB-2026-13382,2026-01-11,Eigener Shop,K-17599,PayPal,JKT-RN-M-SCH,Regenjacke Tech,M,Schwarz,1,119.9,119.9,84.0
AB-2026-13383,2026-02-25,Eigener Shop,K-18171,Rechnungskauf,TEE-OVS-S-NAV,T-Shirt Oversized,S,Navy,1,34.9,34.9,9.0
AB-2026-13384,2026-02-04,Amazon,K-14248,Rechnungskauf,TEE-OVS-XS-OLI,T-Shirt Oversized,XS,Oliv,1,34.9,34.9,9.0
AB-2026-13385,2026-06-22,Eigener Shop,K-12825,PayPal,SOCK-3P-S-OLI,Sneaker Socken 3er-Pack,S,Oliv,1,19.9,19.9,4.8
AB-2026-13385,2026-06-22,Eigener Shop,K-12825,PayPal,SOCK-3P-L-OLI,Sneaker Socken 3er-Pack,L,Oliv,1,19.9,19.9,4.8
AB-2026-13385,2026-06-22,Eigener Shop,K-12825,PayPal,TEE-OVS-XS-NAV,T-Shirt Oversized,XS,Navy,1,34.9,34.9,9.0
AB-2026-13385,2026-06-22,Eigener Shop,K-12825,PayPal,TEE-OVS-S-NAV,T-Shirt Oversized,S,Navy,1,34.9,34.9,9.0
AB-2026-13386,2026-03-11,Eigener Shop,K-19536,Vorkasse,CAP-LG-M-WEI,Cap Logo,M,Weiss,1,24.9,24.9,6.0
AB-2026-13387,2026-05-16,Amazon,K-18903,PayPal,HOOD-ZP-L-SCH,Zip-Hoodie Heavy,L,Schwarz,1,89.9,89.9,28.0
AB-2026-13387,2026-05-16,Amazon,K-18903,PayPal,JKT-RN-XL-SCH,Regenjacke Tech,XL,Schwarz,1,119.9,119.9,84.0
AB-2026-13387,2026-05-16,Amazon,K-18903,PayPal,HOOD-ZP-S-SCH,Zip-Hoodie Heavy,S,Schwarz,1,89.9,89.9,28.0
AB-2026-13388,2026-06-19,Amazon,K-13073,PayPal,TEE-OVS-S-WEI,T-Shirt Oversized,S,Weiss,1,34.9,34.9,9.0
AB-2026-13389,2026-02-27,Eigener Shop,K-10760,Vorkasse,HOOD-CL-XS-NAV,Hoodie Classic,XS,Navy,1,69.9,69.9,21.0
AB-2026-13390,2026-05-27,Eigener Shop,K-10442,Kreditkarte,SOCK-3P-XL-NAV,Sneaker Socken 3er-Pack,XL,Navy,1,19.9,19.9,4.8
AB-2026-13390,2026-05-27,Eigener Shop,K-10442,Kreditkarte,SOCK-3P-XS-NAV,Sneaker Socken 3er-Pack,XS,Navy,1,19.9,19.9,4.8
AB-2026-13391,2026-04-01,Eigener Shop,K-11844,Kreditkarte,TEE-BAS-S-WEI,T-Shirt Basic,S,Weiss,1,29.9,29.9,7.5
AB-2026-13391,2026-04-01,Eigener Shop,K-11844,Kreditkarte,HOOD-ZP-XL-SCH,Zip-Hoodie Heavy,XL,Schwarz,1,89.9,89.9,28.0
AB-2026-13391,2026-04-01,Eigener Shop,K-11844,Kreditkarte,SOCK-3P-XL-WEI,Sneaker Socken 3er-Pack,XL,Weiss,1,19.9,19.9,4.8
AB-2026-13392,2026-03-16,Eigener Shop,K-10715,Rechnungskauf,HOOD-ZP-XL-WEI,Zip-Hoodie Heavy,XL,Weiss,1,89.9,89.9,28.0
AB-2026-13393,2026-01-24,Eigener Shop,K-14045,Vorkasse,HOOD-CL-M-WEI,Hoodie Classic,M,Weiss,1,69.9,69.9,21.0
AB-2026-13394,2026-06-28,Eigener Shop,K-18745,Kreditkarte,CAP-LG-XL-SCH,Cap Logo,XL,Schwarz,1,24.9,24.9,6.0
AB-2026-13394,2026-06-28,Eigener Shop,K-18745,Kreditkarte,HOOD-ZP-XS-SCH,Zip-Hoodie Heavy,XS,Schwarz,1,89.9,89.9,28.0
AB-2026-13394,2026-06-28,Eigener Shop,K-18745,Kreditkarte,KLEID-PR-L-NAV,Sommerkleid Print,L,Navy,1,79.9,79.9,24.0
AB-2026-13395,2026-02-12,Eigener Shop,K-12679,Rechnungskauf,HOOD-ZP-XL-SCH,Zip-Hoodie Heavy,XL,Schwarz,1,89.9,89.9,28.0
AB-2026-13395,2026-02-12,Eigener Shop,K-12679,Rechnungskauf,HOOD-CL-XS-NAV,Hoodie Classic,XS,Navy,1,69.9,69.9,21.0
AB-2026-13395,2026-02-12,Eigener Shop,K-12679,Rechnungskauf,CAP-LG-M-SCH,Cap Logo,M,Schwarz,1,24.9,24.9,6.0
AB-2026-13396,2026-05-11,Eigener Shop,K-17630,Rechnungskauf,SOCK-3P-XS-OLI,Sneaker Socken 3er-Pack,XS,Oliv,1,19.9,19.9,4.8
AB-2026-13397,2026-01-23,Eigener Shop,K-12617,Rechnungskauf,KLEID-PR-S-SCH,Sommerkleid Print,S,Schwarz,1,79.9,79.9,24.0
AB-2026-13397,2026-01-23,Eigener Shop,K-12617,Rechnungskauf,SOCK-3P-XL-WEI,Sneaker Socken 3er-Pack,XL,Weiss,1,19.9,19.9,4.8
AB-2026-13397,2026-01-23,Eigener Shop,K-12617,Rechnungskauf,JOG-CL-XS-SCH,Jogger Classic,XS,Schwarz,1,64.9,64.9,19.5
AB-2026-13398,2026-05-29,Zalando,K-11792,PayPal,JOG-CL-XS-NAV,Jogger Classic,XS,Navy,1,64.9,64.9,19.5
AB-2026-13399,2026-05-22,Amazon,K-11338,Rechnungskauf,HOOD-CL-L-SCH,Hoodie Classic,L,Schwarz,1,69.9,69.9,21.0
AB-2026-13400,2026-03-25,Eigener Shop,K-13222,PayPal,HOOD-ZP-L-SCH,Zip-Hoodie Heavy,L,Schwarz,1,89.9,89.9,28.0
AB-2026-13401,2026-04-22,Eigener Shop,K-14454,Rechnungskauf,SOCK-3P-M-OLI,Sneaker Socken 3er-Pack,M,Oliv,1,19.9,19.9,4.8
AB-2026-13402,2026-05-03,Amazon,K-12389,Kreditkarte,JOG-CL-XL-NAV,Jogger Classic,XL,Navy,1,64.9,64.9,19.5
AB-2026-13403,2026-01-07,Eigener Shop,K-19576,Vorkasse,JKT-RN-XS-WEI,Regenjacke Tech,XS,Weiss,1,119.9,119.9,84.0
AB-2026-13404,2026-01-09,Zalando,K-18129,Vorkasse,KLEID-PR-XL-OLI,Sommerkleid Print,XL,Oliv,1,79.9,79.9,24.0
AB-2026-13404,2026-01-09,Zalando,K-18129,Vorkasse,KLEID-PR-XS-OLI,Sommerkleid Print,XS,Oliv,1,79.9,79.9,24.0
AB-2026-13404,2026-01-09,Zalando,K-18129,Vorkasse,TEE-BAS-M-OLI,T-Shirt Basic,M,Oliv,1,29.9,29.9,7.5
AB-2026-13404,2026-01-09,Zalando,K-18129,Vorkasse,TEE-BAS-S-OLI,T-Shirt Basic,S,Oliv,1,29.9,29.9,7.5
AB-2026-13405,2026-05-12,Eigener Shop,K-13662,PayPal,JKT-RN-XL-WEI,Regenjacke Tech,XL,Weiss,1,119.9,119.9,84.0
AB-2026-13406,2026-02-21,Eigener Shop,K-10843,PayPal,TEE-BAS-L-SCH,T-Shirt Basic,L,Schwarz,1,29.9,29.9,7.5
AB-2026-13407,2026-04-02,Eigener Shop,K-19265,Vorkasse,TEE-OVS-XL-OLI,T-Shirt Oversized,XL,Oliv,1,34.9,34.9,9.0
AB-2026-13407,2026-04-02,Eigener Shop,K-19265,Vorkasse,TEE-BAS-XS-WEI,T-Shirt Basic,XS,Weiss,1,29.9,29.9,7.5
AB-2026-13408,2026-02-12,Eigener Shop,K-19440,Rechnungskauf,TEE-BAS-M-WEI,T-Shirt Basic,M,Weiss,1,29.9,29.9,7.5
AB-2026-13409,2026-01-31,Eigener Shop,K-19347,Kreditkarte,HOOD-ZP-S-SCH,Zip-Hoodie Heavy,S,Schwarz,1,89.9,89.9,28.0
AB-2026-13410,2026-03-21,Eigener Shop,K-12611,Kreditkarte,JOG-CL-M-SCH,Jogger Classic,M,Schwarz,1,64.9,64.9,19.5
AB-2026-13410,2026-03-21,Eigener Shop,K-12611,Kreditkarte,JKT-RN-M-WEI,Regenjacke Tech,M,Weiss,1,119.9,119.9,84.0
AB-2026-13411,2026-05-09,Amazon,K-12667,Vorkasse,SOCK-3P-M-WEI,Sneaker Socken 3er-Pack,M,Weiss,1,19.9,19.9,4.8
AB-2026-13412,2026-04-19,Eigener Shop,K-19195,Kreditkarte,TEE-OVS-M-SCH,T-Shirt Oversized,M,Schwarz,1,34.9,34.9,9.0
AB-2026-13412,2026-04-19,Eigener Shop,K-19195,Kreditkarte,TEE-OVS-XL-SCH,T-Shirt Oversized,XL,Schwarz,1,34.9,34.9,9.0
AB-2026-13413,2026-06-03,Eigener Shop,K-12223,Rechnungskauf,SOCK-3P-XS-WEI,Sneaker Socken 3er-Pack,XS,Weiss,1,19.9,19.9,4.8
AB-2026-13414,2026-01-21,Zalando,K-14602,Kreditkarte,JKT-RN-M-WEI,Regenjacke Tech,M,Weiss,1,119.9,119.9,84.0
AB-2026-13414,2026-01-21,Zalando,K-14602,Kreditkarte,SOCK-3P-L-SCH,Sneaker Socken 3er-Pack,L,Schwarz,1,19.9,19.9,4.8
AB-2026-13415,2026-04-04,Zalando,K-15857,Rechnungskauf,SOCK-3P-L-WEI,Sneaker Socken 3er-Pack,L,Weiss,1,19.9,19.9,4.8
AB-2026-13415,2026-04-04,Zalando,K-15857,Rechnungskauf,TEE-BAS-XL-OLI,T-Shirt Basic,XL,Oliv,1,29.9,29.9,7.5
AB-2026-13416,2026-06-13,Eigener Shop,K-15022,Kreditkarte,TEE-OVS-L-OLI,T-Shirt Oversized,L,Oliv,1,34.9,34.9,9.0
AB-2026-13417,2026-01-21,Eigener Shop,K-15397,PayPal,CAP-LG-XS-WEI,Cap Logo,XS,Weiss,1,24.9,24.9,6.0
AB-2026-13418,2026-06-21,Eigener Shop,K-10716,Kreditkarte,TEE-OVS-XL-OLI,T-Shirt Oversized,XL,Oliv,1,34.9,34.9,9.0
AB-2026-13418,2026-06-21,Eigener Shop,K-10716,Kreditkarte,TEE-OVS-L-NAV,T-Shirt Oversized,L,Navy,1,34.9,34.9,9.0
AB-2026-13418,2026-06-21,Eigener Shop,K-10716,Kreditkarte,HOOD-CL-L-SCH,Hoodie Classic,L,Schwarz,1,69.9,69.9,21.0
AB-2026-13419,2026-05-13,Amazon,K-11385,Kreditkarte,TEE-BAS-XL-SCH,T-Shirt Basic,XL,Schwarz,1,29.9,29.9,7.5
AB-2026-13419,2026-05-13,Amazon,K-11385,Kreditkarte,HOOD-ZP-M-SCH,Zip-Hoodie Heavy,M,Schwarz,1,89.9,89.9,28.0
AB-2026-13419,2026-05-13,Amazon,K-11385,Kreditkarte,SOCK-3P-M-OLI,Sneaker Socken 3er-Pack,M,Oliv,1,19.9,19.9,4.8
AB-2026-13420,2026-05-15,Eigener Shop,K-10723,Rechnungskauf,KLEID-PR-XL-SCH,Sommerkleid Print,XL,Schwarz,1,79.9,79.9,24.0
AB-2026-13421,2026-05-01,Amazon,K-15409,Rechnungskauf,CAP-LG-S-NAV,Cap Logo,S,Navy,1,24.9,24.9,6.0
AB-2026-13422,2026-04-30,Amazon,K-19406,Kreditkarte,SOCK-3P-XS-SCH,Sneaker Socken 3er-Pack,XS,Schwarz,1,19.9,19.9,4.8
AB-2026-13423,2026-06-12,Amazon,K-10485,Rechnungskauf,SOCK-3P-S-NAV,Sneaker Socken 3er-Pack,S,Navy,1,19.9,19.9,4.8
AB-2026-13424,2026-03-10,Eigener Shop,K-12054,Kreditkarte,SOCK-3P-M-NAV,Sneaker Socken 3er-Pack,M,Navy,1,19.9,19.9,4.8
AB-2026-13425,2026-01-28,Eigener Shop,K-12188,PayPal,TEE-BAS-S-OLI,T-Shirt Basic,S,Oliv,1,29.9,29.9,7.5
AB-2026-13426,2026-02-26,Eigener Shop,K-16356,Rechnungskauf,HOOD-ZP-L-SCH,Zip-Hoodie Heavy,L,Schwarz,1,89.9,89.9,28.0
AB-2026-13426,2026-02-26,Eigener Shop,K-16356,Rechnungskauf,TEE-OVS-XS-WEI,T-Shirt Oversized,XS,Weiss,1,34.9,34.9,9.0
AB-2026-13427,2026-03-24,Eigener Shop,K-19246,PayPal,HOOD-CL-S-OLI,Hoodie Classic,S,Oliv,1,69.9,69.9,21.0
AB-2026-13428,2026-03-03,Zalando,K-19361,PayPal,JOG-CL-S-OLI,Jogger Classic,S,Oliv,1,64.9,64.9,19.5
AB-2026-13428,2026-03-03,Zalando,K-19361,PayPal,SOCK-3P-XL-OLI,Sneaker Socken 3er-Pack,XL,Oliv,1,19.9,19.9,4.8
AB-2026-13429,2026-02-17,Eigener Shop,K-12860,PayPal,JKT-RN-S-WEI,Regenjacke Tech,S,Weiss,1,119.9,119.9,84.0
AB-2026-13430,2026-04-07,Eigener Shop,K-19159,PayPal,TEE-BAS-M-OLI,T-Shirt Basic,M,Oliv,1,29.9,29.9,7.5
AB-2026-13430,2026-04-07,Eigener Shop,K-19159,PayPal,SOCK-3P-XL-WEI,Sneaker Socken 3er-Pack,XL,Weiss,1,19.9,19.9,4.8
AB-2026-13430,2026-04-07,Eigener Shop,K-19159,PayPal,TEE-BAS-M-NAV,T-Shirt Basic,M,Navy,1,29.9,29.9,7.5
AB-2026-13431,2026-04-21,Amazon,K-18282,PayPal,TEE-BAS-XS-NAV,T-Shirt Basic,XS,Navy,1,29.9,29.9,7.5
AB-2026-13432,2026-03-19,Amazon,K-18647,Kreditkarte,HOOD-ZP-M-WEI,Zip-Hoodie Heavy,M,Weiss,1,89.9,89.9,28.0
AB-2026-13433,2026-04-14,Eigener Shop,K-13054,Vorkasse,HOOD-ZP-S-WEI,Zip-Hoodie Heavy,S,Weiss,1,89.9,89.9,28.0
AB-2026-13433,2026-04-14,Eigener Shop,K-13054,Vorkasse,JKT-RN-XL-SCH,Regenjacke Tech,XL,Schwarz,1,119.9,119.9,84.0
AB-2026-13434,2026-02-28,Zalando,K-13143,Rechnungskauf,TEE-OVS-XS-SCH,T-Shirt Oversized,XS,Schwarz,1,34.9,34.9,9.0
AB-2026-13434,2026-02-28,Zalando,K-13143,Rechnungskauf,TEE-BAS-XS-WEI,T-Shirt Basic,XS,Weiss,1,29.9,29.9,7.5
AB-2026-13434,2026-02-28,Zalando,K-13143,Rechnungskauf,TEE-OVS-XS-NAV,T-Shirt Oversized,XS,Navy,1,34.9,34.9,9.0
AB-2026-13435,2026-05-15,Eigener Shop,K-11449,PayPal,JKT-RN-S-SCH,Regenjacke Tech,S,Schwarz,1,119.9,119.9,84.0
AB-2026-13435,2026-05-15,Eigener Shop,K-11449,PayPal,SOCK-3P-L-OLI,Sneaker Socken 3er-Pack,L,Oliv,1,19.9,19.9,4.8
AB-2026-13436,2026-01-29,Eigener Shop,K-12491,Kreditkarte,JOG-CL-XS-OLI,Jogger Classic,XS,Oliv,1,64.9,64.9,19.5
AB-2026-13437,2026-02-22,Zalando,K-13910,Kreditkarte,HOOD-ZP-S-SCH,Zip-Hoodie Heavy,S,Schwarz,1,89.9,89.9,28.0
AB-2026-13437,2026-02-22,Zalando,K-13910,Kreditkarte,HOOD-ZP-M-SCH,Zip-Hoodie Heavy,M,Schwarz,1,89.9,89.9,28.0
AB-2026-13438,2026-04-17,Eigener Shop,K-16797,Vorkasse,TEE-BAS-XL-NAV,T-Shirt Basic,XL,Navy,1,29.9,29.9,7.5
AB-2026-13439,2026-01-18,Eigener Shop,K-10695,Kreditkarte,TEE-BAS-XL-SCH,T-Shirt Basic,XL,Schwarz,1,29.9,29.9,7.5
AB-2026-13440,2026-02-11,Amazon,K-11983,PayPal,JKT-RN-M-SCH,Regenjacke Tech,M,Schwarz,1,119.9,119.9,84.0
AB-2026-13440,2026-02-11,Amazon,K-11983,PayPal,CAP-LG-XL-WEI,Cap Logo,XL,Weiss,1,24.9,24.9,6.0
AB-2026-13441,2026-04-06,Eigener Shop,K-18834,Kreditkarte,CAP-LG-L-SCH,Cap Logo,L,Schwarz,1,24.9,24.9,6.0
AB-2026-13442,2026-03-08,Zalando,K-15843,Vorkasse,JOG-CL-M-OLI,Jogger Classic,M,Oliv,1,64.9,64.9,19.5
AB-2026-13442,2026-03-08,Zalando,K-15843,Vorkasse,TEE-BAS-XL-OLI,T-Shirt Basic,XL,Oliv,1,29.9,29.9,7.5
AB-2026-13443,2026-02-28,Zalando,K-13684,Kreditkarte,CAP-LG-M-SCH,Cap Logo,M,Schwarz,1,24.9,24.9,6.0
AB-2026-13443,2026-02-28,Zalando,K-13684,Kreditkarte,HOOD-CL-M-WEI,Hoodie Classic,M,Weiss,1,69.9,69.9,21.0
AB-2026-13444,2026-04-03,Amazon,K-12411,Vorkasse,KLEID-PR-S-OLI,Sommerkleid Print,S,Oliv,1,79.9,79.9,24.0
AB-2026-13445,2026-01-19,Amazon,K-12096,Rechnungskauf,JKT-RN-XL-SCH,Regenjacke Tech,XL,Schwarz,1,119.9,119.9,84.0
AB-2026-13446,2026-03-22,Amazon,K-18557,Vorkasse,CAP-LG-S-OLI,Cap Logo,S,Oliv,1,24.9,24.9,6.0
AB-2026-13446,2026-03-22,Amazon,K-18557,Vorkasse,TEE-BAS-XS-OLI,T-Shirt Basic,XS,Oliv,1,29.9,29.9,7.5
AB-2026-13447,2026-06-30,Amazon,K-17934,PayPal,TEE-OVS-M-OLI,T-Shirt Oversized,M,Oliv,1,34.9,34.9,9.0
AB-2026-13448,2026-03-09,Eigener Shop,K-11315,PayPal,HOOD-ZP-S-WEI,Zip-Hoodie Heavy,S,Weiss,1,89.9,89.9,28.0
AB-2026-13449,2026-01-05,Amazon,K-19987,Rechnungskauf,HOOD-ZP-XL-SCH,Zip-Hoodie Heavy,XL,Schwarz,1,89.9,89.9,28.0
AB-2026-13450,2026-02-12,Eigener Shop,K-19397,Kreditkarte,HOOD-ZP-L-WEI,Zip-Hoodie Heavy,L,Weiss,1,89.9,89.9,28.0
AB-2026-13450,2026-02-12,Eigener Shop,K-19397,Kreditkarte,JOG-CL-L-SCH,Jogger Classic,L,Schwarz,1,64.9,64.9,19.5
AB-2026-13450,2026-02-12,Eigener Shop,K-19397,Kreditkarte,SOCK-3P-XL-WEI,Sneaker Socken 3er-Pack,XL,Weiss,1,19.9,19.9,4.8
AB-2026-13451,2026-04-28,Amazon,K-12405,Vorkasse,HOOD-CL-S-NAV,Hoodie Classic,S,Navy,1,69.9,69.9,21.0
AB-2026-13452,2026-05-11,Zalando,K-13365,Kreditkarte,TEE-BAS-XS-SCH,T-Shirt Basic,XS,Schwarz,1,29.9,29.9,7.5
AB-2026-13452,2026-05-11,Zalando,K-13365,Kreditkarte,TEE-OVS-L-SCH,T-Shirt Oversized,L,Schwarz,1,34.9,34.9,9.0
AB-2026-13453,2026-03-24,Zalando,K-13729,Vorkasse,HOOD-ZP-M-SCH,Zip-Hoodie Heavy,M,Schwarz,1,89.9,89.9,28.0
AB-2026-13454,2026-01-05,Eigener Shop,K-16810,Rechnungskauf,JOG-CL-XS-SCH,Jogger Classic,XS,Schwarz,1,64.9,64.9,19.5
AB-2026-13454,2026-01-05,Eigener Shop,K-16810,Rechnungskauf,JKT-RN-M-WEI,Regenjacke Tech,M,Weiss,1,119.9,119.9,84.0
AB-2026-13455,2026-03-16,Eigener Shop,K-11167,Vorkasse,CAP-LG-S-NAV,Cap Logo,S,Navy,1,24.9,24.9,6.0
AB-2026-13455,2026-03-16,Eigener Shop,K-11167,Vorkasse,TEE-BAS-XL-SCH,T-Shirt Basic,XL,Schwarz,1,29.9,29.9,7.5
AB-2026-13456,2026-01-29,Eigener Shop,K-16337,Kreditkarte,JOG-CL-M-WEI,Jogger Classic,M,Weiss,1,64.9,64.9,19.5
AB-2026-13457,2026-02-28,Amazon,K-13222,Rechnungskauf,JOG-CL-L-WEI,Jogger Classic,L,Weiss,1,64.9,64.9,19.5
AB-2026-13457,2026-02-28,Amazon,K-13222,Rechnungskauf,SOCK-3P-L-WEI,Sneaker Socken 3er-Pack,L,Weiss,1,19.9,19.9,4.8
AB-2026-13458,2026-04-02,Amazon,K-15005,PayPal,CAP-LG-M-SCH,Cap Logo,M,Schwarz,1,24.9,24.9,6.0
AB-2026-13459,2026-01-17,Eigener Shop,K-12503,Kreditkarte,SOCK-3P-XS-OLI,Sneaker Socken 3er-Pack,XS,Oliv,1,19.9,19.9,4.8
AB-2026-13460,2026-02-10,Eigener Shop,K-13424,Rechnungskauf,HOOD-CL-XS-OLI,Hoodie Classic,XS,Oliv,1,69.9,69.9,21.0
AB-2026-13460,2026-02-10,Eigener Shop,K-13424,Rechnungskauf,HOOD-CL-L-OLI,Hoodie Classic,L,Oliv,1,69.9,69.9,21.0
AB-2026-13460,2026-02-10,Eigener Shop,K-13424,Rechnungskauf,TEE-OVS-M-OLI,T-Shirt Oversized,M,Oliv,1,34.9,34.9,9.0
AB-2026-13460,2026-02-10,Eigener Shop,K-13424,Rechnungskauf,TEE-OVS-S-OLI,T-Shirt Oversized,S,Oliv,1,34.9,34.9,9.0
AB-2026-13461,2026-05-25,Eigener Shop,K-11452,PayPal,HOOD-ZP-S-WEI,Zip-Hoodie Heavy,S,Weiss,1,89.9,89.9,28.0
AB-2026-13461,2026-05-25,Eigener Shop,K-11452,PayPal,JKT-RN-S-SCH,Regenjacke Tech,S,Schwarz,1,119.9,119.9,84.0
AB-2026-13462,2026-04-20,Eigener Shop,K-12321,PayPal,TEE-BAS-S-NAV,T-Shirt Basic,S,Navy,1,29.9,29.9,7.5
AB-2026-13463,2026-04-13,Eigener Shop,K-15143,Rechnungskauf,CAP-LG-XS-WEI,Cap Logo,XS,Weiss,1,24.9,24.9,6.0
AB-2026-13463,2026-04-13,Eigener Shop,K-15143,Rechnungskauf,HOOD-ZP-S-WEI,Zip-Hoodie Heavy,S,Weiss,1,89.9,89.9,28.0
AB-2026-13464,2026-05-19,Amazon,K-16833,Rechnungskauf,SOCK-3P-S-NAV,Sneaker Socken 3er-Pack,S,Navy,1,19.9,19.9,4.8
AB-2026-13465,2026-01-06,Eigener Shop,K-15527,Rechnungskauf,TEE-BAS-M-NAV,T-Shirt Basic,M,Navy,1,29.9,29.9,7.5
AB-2026-13466,2026-01-25,Eigener Shop,K-16117,Kreditkarte,JKT-RN-XL-SCH,Regenjacke Tech,XL,Schwarz,1,119.9,119.9,84.0
AB-2026-13466,2026-01-25,Eigener Shop,K-16117,Kreditkarte,CAP-LG-L-NAV,Cap Logo,L,Navy,1,24.9,24.9,6.0
AB-2026-13467,2026-03-26,Amazon,K-13149,Rechnungskauf,HOOD-ZP-M-SCH,Zip-Hoodie Heavy,M,Schwarz,1,89.9,89.9,28.0
AB-2026-13467,2026-03-26,Amazon,K-13149,Rechnungskauf,HOOD-ZP-XS-SCH,Zip-Hoodie Heavy,XS,Schwarz,1,89.9,89.9,28.0
AB-2026-13467,2026-03-26,Amazon,K-13149,Rechnungskauf,TEE-OVS-L-WEI,T-Shirt Oversized,L,Weiss,1,34.9,34.9,9.0
AB-2026-13467,2026-03-26,Amazon,K-13149,Rechnungskauf,TEE-OVS-XS-WEI,T-Shirt Oversized,XS,Weiss,1,34.9,34.9,9.0
AB-2026-13468,2026-01-31,Eigener Shop,K-11796,PayPal,HOOD-ZP-XL-SCH,Zip-Hoodie Heavy,XL,Schwarz,1,89.9,89.9,28.0
AB-2026-13468,2026-01-31,Eigener Shop,K-11796,PayPal,TEE-BAS-S-OLI,T-Shirt Basic,S,Oliv,1,29.9,29.9,7.5
AB-2026-13469,2026-06-13,Eigener Shop,K-19394,PayPal,KLEID-PR-XS-SCH,Sommerkleid Print,XS,Schwarz,1,79.9,79.9,24.0
AB-2026-13470,2026-03-06,Eigener Shop,K-11295,PayPal,SOCK-3P-L-WEI,Sneaker Socken 3er-Pack,L,Weiss,1,19.9,19.9,4.8
AB-2026-13471,2026-02-28,Eigener Shop,K-12305,Kreditkarte,HOOD-ZP-L-WEI,Zip-Hoodie Heavy,L,Weiss,1,89.9,89.9,28.0
AB-2026-13472,2026-05-18,Eigener Shop,K-19274,Vorkasse,JOG-CL-L-NAV,Jogger Classic,L,Navy,1,64.9,64.9,19.5
AB-2026-13473,2026-01-15,Eigener Shop,K-12371,PayPal,TEE-OVS-XS-NAV,T-Shirt Oversized,XS,Navy,1,34.9,34.9,9.0
AB-2026-13474,2026-05-12,Eigener Shop,K-18165,Rechnungskauf,TEE-BAS-S-NAV,T-Shirt Basic,S,Navy,1,29.9,29.9,7.5
AB-2026-13475,2026-06-22,Eigener Shop,K-14261,Rechnungskauf,JKT-RN-XL-WEI,Regenjacke Tech,XL,Weiss,1,119.9,119.9,84.0
AB-2026-13475,2026-06-22,Eigener Shop,K-14261,Rechnungskauf,JOG-CL-S-SCH,Jogger Classic,S,Schwarz,1,64.9,64.9,19.5
AB-2026-13476,2026-06-02,Eigener Shop,K-10431,Rechnungskauf,HOOD-ZP-M-WEI,Zip-Hoodie Heavy,M,Weiss,1,89.9,89.9,28.0
AB-2026-13477,2026-05-10,Amazon,K-16386,PayPal,HOOD-CL-L-WEI,Hoodie Classic,L,Weiss,1,69.9,69.9,21.0
AB-2026-13477,2026-05-10,Amazon,K-16386,PayPal,HOOD-ZP-XS-WEI,Zip-Hoodie Heavy,XS,Weiss,1,89.9,89.9,28.0
AB-2026-13477,2026-05-10,Amazon,K-16386,PayPal,TEE-OVS-S-WEI,T-Shirt Oversized,S,Weiss,1,34.9,34.9,9.0
AB-2026-13478,2026-02-12,Eigener Shop,K-17030,PayPal,SOCK-3P-XS-SCH,Sneaker Socken 3er-Pack,XS,Schwarz,1,19.9,19.9,4.8
AB-2026-13478,2026-02-12,Eigener Shop,K-17030,PayPal,JKT-RN-XL-SCH,Regenjacke Tech,XL,Schwarz,1,119.9,119.9,84.0
AB-2026-13479,2026-05-10,Eigener Shop,K-13593,Vorkasse,HOOD-ZP-XS-SCH,Zip-Hoodie Heavy,XS,Schwarz,1,89.9,89.9,28.0
AB-2026-13480,2026-06-09,Eigener Shop,K-16454,Kreditkarte,JOG-CL-XL-OLI,Jogger Classic,XL,Oliv,1,64.9,64.9,19.5
AB-2026-13481,2026-03-26,Eigener Shop,K-16161,Rechnungskauf,HOOD-ZP-XS-WEI,Zip-Hoodie Heavy,XS,Weiss,1,89.9,89.9,28.0
AB-2026-13482,2026-04-24,Zalando,K-13192,PayPal,HOOD-ZP-S-WEI,Zip-Hoodie Heavy,S,Weiss,1,89.9,89.9,28.0
AB-2026-13483,2026-06-23,Eigener Shop,K-19071,PayPal,TEE-OVS-XS-SCH,T-Shirt Oversized,XS,Schwarz,1,34.9,34.9,9.0
AB-2026-13484,2026-03-08,Eigener Shop,K-11625,Rechnungskauf,HOOD-ZP-XS-SCH,Zip-Hoodie Heavy,XS,Schwarz,1,89.9,89.9,28.0
AB-2026-13485,2026-05-28,Amazon,K-17890,PayPal,HOOD-ZP-L-SCH,Zip-Hoodie Heavy,L,Schwarz,1,89.9,89.9,28.0
AB-2026-13485,2026-05-28,Amazon,K-17890,PayPal,SOCK-3P-L-NAV,Sneaker Socken 3er-Pack,L,Navy,1,19.9,19.9,4.8
AB-2026-13485,2026-05-28,Amazon,K-17890,PayPal,HOOD-ZP-XL-WEI,Zip-Hoodie Heavy,XL,Weiss,1,89.9,89.9,28.0
AB-2026-13486,2026-03-08,Eigener Shop,K-17245,PayPal,SOCK-3P-S-SCH,Sneaker Socken 3er-Pack,S,Schwarz,1,19.9,19.9,4.8
AB-2026-13487,2026-01-02,Amazon,K-11394,PayPal,KLEID-PR-XS-NAV,Sommerkleid Print,XS,Navy,1,79.9,79.9,24.0
AB-2026-13488,2026-03-28,Amazon,K-12186,PayPal,HOOD-CL-XL-OLI,Hoodie Classic,XL,Oliv,1,69.9,69.9,21.0
AB-2026-13488,2026-03-28,Amazon,K-12186,PayPal,JKT-RN-S-WEI,Regenjacke Tech,S,Weiss,1,119.9,119.9,84.0
AB-2026-13489,2026-02-17,Eigener Shop,K-19137,Rechnungskauf,TEE-OVS-S-SCH,T-Shirt Oversized,S,Schwarz,1,34.9,34.9,9.0
AB-2026-13489,2026-02-17,Eigener Shop,K-19137,Rechnungskauf,TEE-OVS-M-SCH,T-Shirt Oversized,M,Schwarz,1,34.9,34.9,9.0
AB-2026-13489,2026-02-17,Eigener Shop,K-19137,Rechnungskauf,HOOD-ZP-L-WEI,Zip-Hoodie Heavy,L,Weiss,1,89.9,89.9,28.0
AB-2026-13489,2026-02-17,Eigener Shop,K-19137,Rechnungskauf,HOOD-ZP-M-WEI,Zip-Hoodie Heavy,M,Weiss,1,89.9,89.9,28.0
AB-2026-13490,2026-05-06,Eigener Shop,K-19716,Rechnungskauf,TEE-OVS-S-NAV,T-Shirt Oversized,S,Navy,1,34.9,34.9,9.0
AB-2026-13491,2026-04-03,Amazon,K-18167,Rechnungskauf,JKT-RN-L-SCH,Regenjacke Tech,L,Schwarz,1,119.9,119.9,84.0
AB-2026-13491,2026-04-03,Amazon,K-18167,Rechnungskauf,JKT-RN-XL-SCH,Regenjacke Tech,XL,Schwarz,1,119.9,119.9,84.0
AB-2026-13492,2026-03-16,Eigener Shop,K-18211,Kreditkarte,HOOD-CL-M-NAV,Hoodie Classic,M,Navy,1,69.9,69.9,21.0
AB-2026-13492,2026-03-16,Eigener Shop,K-18211,Kreditkarte,KLEID-PR-M-OLI,Sommerkleid Print,M,Oliv,1,79.9,79.9,24.0
AB-2026-13493,2026-02-13,Zalando,K-14438,Kreditkarte,JKT-RN-M-WEI,Regenjacke Tech,M,Weiss,1,119.9,119.9,84.0
AB-2026-13494,2026-02-25,Eigener Shop,K-10615,PayPal,HOOD-CL-S-SCH,Hoodie Classic,S,Schwarz,1,69.9,69.9,21.0
AB-2026-13494,2026-02-25,Eigener Shop,K-10615,PayPal,SOCK-3P-L-SCH,Sneaker Socken 3er-Pack,L,Schwarz,1,19.9,19.9,4.8
AB-2026-13495,2026-06-26,Zalando,K-13375,PayPal,TEE-OVS-L-WEI,T-Shirt Oversized,L,Weiss,1,34.9,34.9,9.0
AB-2026-13495,2026-06-26,Zalando,K-13375,PayPal,HOOD-CL-M-OLI,Hoodie Classic,M,Oliv,1,69.9,69.9,21.0
AB-2026-13496,2026-03-29,Amazon,K-11291,Kreditkarte,HOOD-CL-XS-NAV,Hoodie Classic,XS,Navy,1,69.9,69.9,21.0
AB-2026-13497,2026-04-19,Amazon,K-19501,Rechnungskauf,TEE-BAS-XL-NAV,T-Shirt Basic,XL,Navy,1,29.9,29.9,7.5
AB-2026-13498,2026-05-12,Amazon,K-13022,Rechnungskauf,TEE-BAS-M-NAV,T-Shirt Basic,M,Navy,1,29.9,29.9,7.5
AB-2026-13498,2026-05-12,Amazon,K-13022,Rechnungskauf,HOOD-ZP-XS-WEI,Zip-Hoodie Heavy,XS,Weiss,1,89.9,89.9,28.0
AB-2026-13499,2026-06-20,Eigener Shop,K-10864,Kreditkarte,JOG-CL-XL-OLI,Jogger Classic,XL,Oliv,1,64.9,64.9,19.5
AB-2026-13499,2026-06-20,Eigener Shop,K-10864,Kreditkarte,HOOD-ZP-XS-SCH,Zip-Hoodie Heavy,XS,Schwarz,1,89.9,89.9,28.0
AB-2026-13500,2026-05-29,Amazon,K-19712,Kreditkarte,HOOD-ZP-XS-SCH,Zip-Hoodie Heavy,XS,Schwarz,1,89.9,89.9,28.0
AB-2026-13501,2026-01-22,Zalando,K-11811,Vorkasse,TEE-OVS-XS-SCH,T-Shirt Oversized,XS,Schwarz,1,34.9,34.9,9.0
AB-2026-13502,2026-04-28,Eigener Shop,K-19074,Kreditkarte,HOOD-ZP-L-WEI,Zip-Hoodie Heavy,L,Weiss,1,89.9,89.9,28.0
AB-2026-13502,2026-04-28,Eigener Shop,K-19074,Kreditkarte,HOOD-ZP-M-WEI,Zip-Hoodie Heavy,M,Weiss,1,89.9,89.9,28.0
AB-2026-13502,2026-04-28,Eigener Shop,K-19074,Kreditkarte,HOOD-ZP-XS-WEI,Zip-Hoodie Heavy,XS,Weiss,1,89.9,89.9,28.0
AB-2026-13503,2026-04-30,Eigener Shop,K-19795,Kreditkarte,TEE-BAS-XS-SCH,T-Shirt Basic,XS,Schwarz,1,29.9,29.9,7.5
AB-2026-13503,2026-04-30,Eigener Shop,K-19795,Kreditkarte,TEE-BAS-M-SCH,T-Shirt Basic,M,Schwarz,1,29.9,29.9,7.5
AB-2026-13503,2026-04-30,Eigener Shop,K-19795,Kreditkarte,HOOD-CL-XS-WEI,Hoodie Classic,XS,Weiss,1,69.9,69.9,21.0
AB-2026-13503,2026-04-30,Eigener Shop,K-19795,Kreditkarte,HOOD-CL-XL-WEI,Hoodie Classic,XL,Weiss,1,69.9,69.9,21.0
AB-2026-13504,2026-05-06,Amazon,K-13328,Rechnungskauf,SOCK-3P-S-NAV,Sneaker Socken 3er-Pack,S,Navy,1,19.9,19.9,4.8
AB-2026-13505,2026-04-18,Eigener Shop,K-12181,PayPal,HOOD-ZP-L-SCH,Zip-Hoodie Heavy,L,Schwarz,1,89.9,89.9,28.0
AB-2026-13505,2026-04-18,Eigener Shop,K-12181,PayPal,SOCK-3P-L-OLI,Sneaker Socken 3er-Pack,L,Oliv,1,19.9,19.9,4.8
AB-2026-13506,2026-01-02,Amazon,K-16366,Kreditkarte,HOOD-ZP-XL-WEI,Zip-Hoodie Heavy,XL,Weiss,1,89.9,89.9,28.0
AB-2026-13507,2026-06-13,Eigener Shop,K-12415,Rechnungskauf,JOG-CL-XS-OLI,Jogger Classic,XS,Oliv,1,64.9,64.9,19.5
AB-2026-13508,2026-01-16,Eigener Shop,K-16108,Kreditkarte,JOG-CL-M-NAV,Jogger Classic,M,Navy,1,64.9,64.9,19.5
AB-2026-13509,2026-06-06,Zalando,K-17394,Rechnungskauf,HOOD-CL-XS-WEI,Hoodie Classic,XS,Weiss,1,69.9,69.9,21.0
AB-2026-13509,2026-06-06,Zalando,K-17394,Rechnungskauf,TEE-OVS-XS-SCH,T-Shirt Oversized,XS,Schwarz,1,34.9,34.9,9.0
AB-2026-13510,2026-01-22,Eigener Shop,K-18269,Rechnungskauf,TEE-BAS-L-WEI,T-Shirt Basic,L,Weiss,1,29.9,29.9,7.5
AB-2026-13511,2026-01-22,Eigener Shop,K-14484,PayPal,JOG-CL-XS-NAV,Jogger Classic,XS,Navy,1,64.9,64.9,19.5
AB-2026-13512,2026-04-14,Eigener Shop,K-14156,PayPal,SOCK-3P-M-NAV,Sneaker Socken 3er-Pack,M,Navy,1,19.9,19.9,4.8
AB-2026-13512,2026-04-14,Eigener Shop,K-14156,PayPal,HOOD-CL-M-NAV,Hoodie Classic,M,Navy,1,69.9,69.9,21.0
AB-2026-13513,2026-03-26,Amazon,K-16306,PayPal,SOCK-3P-XS-NAV,Sneaker Socken 3er-Pack,XS,Navy,1,19.9,19.9,4.8
AB-2026-13514,2026-03-16,Eigener Shop,K-17800,Rechnungskauf,SOCK-3P-S-OLI,Sneaker Socken 3er-Pack,S,Oliv,1,19.9,19.9,4.8
AB-2026-13515,2026-03-09,Eigener Shop,K-10574,Rechnungskauf,HOOD-CL-S-OLI,Hoodie Classic,S,Oliv,1,69.9,69.9,21.0
AB-2026-13516,2026-04-29,Zalando,K-19232,Kreditkarte,TEE-BAS-S-SCH,T-Shirt Basic,S,Schwarz,1,29.9,29.9,7.5
AB-2026-13516,2026-04-29,Zalando,K-19232,Kreditkarte,TEE-OVS-XS-WEI,T-Shirt Oversized,XS,Weiss,1,34.9,34.9,9.0
AB-2026-13516,2026-04-29,Zalando,K-19232,Kreditkarte,SOCK-3P-XS-NAV,Sneaker Socken 3er-Pack,XS,Navy,1,19.9,19.9,4.8
AB-2026-13517,2026-06-19,Eigener Shop,K-12709,Kreditkarte,TEE-OVS-XS-SCH,T-Shirt Oversized,XS,Schwarz,1,34.9,34.9,9.0
AB-2026-13518,2026-06-16,Eigener Shop,K-10684,Vorkasse,JKT-RN-XS-SCH,Regenjacke Tech,XS,Schwarz,1,119.9,119.9,84.0
AB-2026-13519,2026-04-06,Amazon,K-11134,Vorkasse,SOCK-3P-XS-NAV,Sneaker Socken 3er-Pack,XS,Navy,1,19.9,19.9,4.8
AB-2026-13519,2026-04-06,Amazon,K-11134,Vorkasse,TEE-BAS-S-OLI,T-Shirt Basic,S,Oliv,1,29.9,29.9,7.5
AB-2026-13519,2026-04-06,Amazon,K-11134,Vorkasse,HOOD-ZP-M-SCH,Zip-Hoodie Heavy,M,Schwarz,1,89.9,89.9,28.0
AB-2026-13520,2026-06-24,Eigener Shop,K-14411,Vorkasse,HOOD-ZP-XS-SCH,Zip-Hoodie Heavy,XS,Schwarz,1,89.9,89.9,28.0
AB-2026-13521,2026-05-29,Zalando,K-10015,PayPal,HOOD-ZP-XL-SCH,Zip-Hoodie Heavy,XL,Schwarz,1,89.9,89.9,28.0
AB-2026-13522,2026-06-30,Amazon,K-12949,PayPal,KLEID-PR-L-SCH,Sommerkleid Print,L,Schwarz,1,79.9,79.9,24.0
AB-2026-13523,2026-02-23,Eigener Shop,K-19121,Vorkasse,TEE-BAS-XS-OLI,T-Shirt Basic,XS,Oliv,1,29.9,29.9,7.5
AB-2026-13524,2026-01-14,Eigener Shop,K-17746,Rechnungskauf,CAP-LG-L-NAV,Cap Logo,L,Navy,1,24.9,24.9,6.0
AB-2026-13525,2026-04-15,Eigener Shop,K-16811,PayPal,TEE-BAS-XS-NAV,T-Shirt Basic,XS,Navy,1,29.9,29.9,7.5
AB-2026-13526,2026-02-05,Eigener Shop,K-18592,Vorkasse,TEE-BAS-XS-WEI,T-Shirt Basic,XS,Weiss,1,29.9,29.9,7.5
AB-2026-13526,2026-02-05,Eigener Shop,K-18592,Vorkasse,HOOD-ZP-L-WEI,Zip-Hoodie Heavy,L,Weiss,1,89.9,89.9,28.0
AB-2026-13527,2026-04-20,Amazon,K-11380,Vorkasse,HOOD-ZP-XL-SCH,Zip-Hoodie Heavy,XL,Schwarz,1,89.9,89.9,28.0
AB-2026-13528,2026-06-05,Eigener Shop,K-19838,PayPal,SOCK-3P-XL-SCH,Sneaker Socken 3er-Pack,XL,Schwarz,1,19.9,19.9,4.8
AB-2026-13528,2026-06-05,Eigener Shop,K-19838,PayPal,CAP-LG-M-WEI,Cap Logo,M,Weiss,1,24.9,24.9,6.0
AB-2026-13529,2026-03-05,Eigener Shop,K-19410,Kreditkarte,HOOD-CL-S-WEI,Hoodie Classic,S,Weiss,1,69.9,69.9,21.0
AB-2026-13529,2026-03-05,Eigener Shop,K-19410,Kreditkarte,TEE-BAS-L-OLI,T-Shirt Basic,L,Oliv,1,29.9,29.9,7.5
AB-2026-13530,2026-06-03,Eigener Shop,K-10442,Rechnungskauf,HOOD-ZP-L-SCH,Zip-Hoodie Heavy,L,Schwarz,1,89.9,89.9,28.0
AB-2026-13530,2026-06-03,Eigener Shop,K-10442,Rechnungskauf,HOOD-ZP-M-SCH,Zip-Hoodie Heavy,M,Schwarz,1,89.9,89.9,28.0
AB-2026-13531,2026-03-12,Eigener Shop,K-10073,Rechnungskauf,TEE-BAS-XS-NAV,T-Shirt Basic,XS,Navy,1,29.9,29.9,7.5
AB-2026-13531,2026-03-12,Eigener Shop,K-10073,Rechnungskauf,KLEID-PR-XS-OLI,Sommerkleid Print,XS,Oliv,1,79.9,79.9,24.0
AB-2026-13531,2026-03-12,Eigener Shop,K-10073,Rechnungskauf,HOOD-ZP-L-SCH,Zip-Hoodie Heavy,L,Schwarz,1,89.9,89.9,28.0
AB-2026-13532,2026-05-22,Eigener Shop,K-12535,Vorkasse,HOOD-ZP-S-SCH,Zip-Hoodie Heavy,S,Schwarz,1,89.9,89.9,28.0
AB-2026-13533,2026-06-30,Eigener Shop,K-18642,Vorkasse,JOG-CL-XL-SCH,Jogger Classic,XL,Schwarz,1,64.9,64.9,19.5
AB-2026-13533,2026-06-30,Eigener Shop,K-18642,Vorkasse,TEE-BAS-XL-SCH,T-Shirt Basic,XL,Schwarz,1,29.9,29.9,7.5
AB-2026-13534,2026-04-12,Amazon,K-13932,Rechnungskauf,SOCK-3P-S-SCH,Sneaker Socken 3er-Pack,S,Schwarz,1,19.9,19.9,4.8
AB-2026-13534,2026-04-12,Amazon,K-13932,Rechnungskauf,HOOD-ZP-XL-WEI,Zip-Hoodie Heavy,XL,Weiss,1,89.9,89.9,28.0
AB-2026-13535,2026-02-28,Eigener Shop,K-10571,Kreditkarte,TEE-OVS-XL-WEI,T-Shirt Oversized,XL,Weiss,1,34.9,34.9,9.0
AB-2026-13536,2026-04-20,Eigener Shop,K-13835,Kreditkarte,TEE-OVS-L-SCH,T-Shirt Oversized,L,Schwarz,1,34.9,34.9,9.0
AB-2026-13536,2026-04-20,Eigener Shop,K-13835,Kreditkarte,TEE-OVS-L-NAV,T-Shirt Oversized,L,Navy,1,34.9,34.9,9.0
AB-2026-13536,2026-04-20,Eigener Shop,K-13835,Kreditkarte,HOOD-ZP-M-WEI,Zip-Hoodie Heavy,M,Weiss,1,89.9,89.9,28.0
AB-2026-13537,2026-06-02,Amazon,K-13996,Vorkasse,CAP-LG-M-SCH,Cap Logo,M,Schwarz,1,24.9,24.9,6.0
AB-2026-13537,2026-06-02,Amazon,K-13996,Vorkasse,CAP-LG-S-SCH,Cap Logo,S,Schwarz,1,24.9,24.9,6.0
AB-2026-13537,2026-06-02,Amazon,K-13996,Vorkasse,HOOD-ZP-XS-SCH,Zip-Hoodie Heavy,XS,Schwarz,1,89.9,89.9,28.0
AB-2026-13537,2026-06-02,Amazon,K-13996,Vorkasse,HOOD-ZP-L-SCH,Zip-Hoodie Heavy,L,Schwarz,1,89.9,89.9,28.0
AB-2026-13537,2026-06-02,Amazon,K-13996,Vorkasse,KLEID-PR-XL-OLI,Sommerkleid Print,XL,Oliv,1,79.9,79.9,24.0
AB-2026-13537,2026-06-02,Amazon,K-13996,Vorkasse,KLEID-PR-XS-OLI,Sommerkleid Print,XS,Oliv,1,79.9,79.9,24.0
AB-2026-13538,2026-04-27,Eigener Shop,K-10542,PayPal,HOOD-CL-L-NAV,Hoodie Classic,L,Navy,1,69.9,69.9,21.0
AB-2026-13539,2026-05-08,Eigener Shop,K-12590,PayPal,HOOD-CL-L-WEI,Hoodie Classic,L,Weiss,1,69.9,69.9,21.0
AB-2026-13539,2026-05-08,Eigener Shop,K-12590,PayPal,HOOD-CL-XS-WEI,Hoodie Classic,XS,Weiss,1,69.9,69.9,21.0
AB-2026-13540,2026-05-05,Amazon,K-17557,Kreditkarte,TEE-OVS-XL-NAV,T-Shirt Oversized,XL,Navy,1,34.9,34.9,9.0
AB-2026-13541,2026-04-05,Eigener Shop,K-18027,Rechnungskauf,HOOD-ZP-L-SCH,Zip-Hoodie Heavy,L,Schwarz,1,89.9,89.9,28.0
AB-2026-13542,2026-06-07,Eigener Shop,K-11624,Vorkasse,HOOD-ZP-L-SCH,Zip-Hoodie Heavy,L,Schwarz,1,89.9,89.9,28.0
AB-2026-13543,2026-03-05,Eigener Shop,K-15248,PayPal,HOOD-ZP-XL-WEI,Zip-Hoodie Heavy,XL,Weiss,1,89.9,89.9,28.0
AB-2026-13544,2026-04-11,Eigener Shop,K-11527,Rechnungskauf,JOG-CL-L-OLI,Jogger Classic,L,Oliv,1,64.9,64.9,19.5
AB-2026-13544,2026-04-11,Eigener Shop,K-11527,Rechnungskauf,HOOD-ZP-M-SCH,Zip-Hoodie Heavy,M,Schwarz,1,89.9,89.9,28.0
AB-2026-13545,2026-02-07,Eigener Shop,K-16884,PayPal,HOOD-CL-XS-SCH,Hoodie Classic,XS,Schwarz,1,69.9,69.9,21.0
AB-2026-13546,2026-03-31,Amazon,K-13496,Rechnungskauf,CAP-LG-S-WEI,Cap Logo,S,Weiss,1,24.9,24.9,6.0
AB-2026-13546,2026-03-31,Amazon,K-13496,Rechnungskauf,TEE-OVS-S-SCH,T-Shirt Oversized,S,Schwarz,1,34.9,34.9,9.0
AB-2026-13547,2026-03-13,Zalando,K-13536,Rechnungskauf,TEE-BAS-XL-NAV,T-Shirt Basic,XL,Navy,1,29.9,29.9,7.5
AB-2026-13547,2026-03-13,Zalando,K-13536,Rechnungskauf,JKT-RN-L-WEI,Regenjacke Tech,L,Weiss,1,119.9,119.9,84.0
AB-2026-13547,2026-03-13,Zalando,K-13536,Rechnungskauf,JKT-RN-S-SCH,Regenjacke Tech,S,Schwarz,1,119.9,119.9,84.0
AB-2026-13548,2026-04-04,Zalando,K-12857,Rechnungskauf,TEE-OVS-M-WEI,T-Shirt Oversized,M,Weiss,1,34.9,34.9,9.0
AB-2026-13548,2026-04-04,Zalando,K-12857,Rechnungskauf,HOOD-ZP-XS-SCH,Zip-Hoodie Heavy,XS,Schwarz,1,89.9,89.9,28.0
AB-2026-13549,2026-06-05,Eigener Shop,K-14136,Vorkasse,TEE-BAS-XL-OLI,T-Shirt Basic,XL,Oliv,1,29.9,29.9,7.5
AB-2026-13549,2026-06-05,Eigener Shop,K-14136,Vorkasse,CAP-LG-M-OLI,Cap Logo,M,Oliv,1,24.9,24.9,6.0
AB-2026-13549,2026-06-05,Eigener Shop,K-14136,Vorkasse,KLEID-PR-M-WEI,Sommerkleid Print,M,Weiss,1,79.9,79.9,24.0
AB-2026-13550,2026-03-06,Eigener Shop,K-12424,PayPal,SOCK-3P-S-SCH,Sneaker Socken 3er-Pack,S,Schwarz,1,19.9,19.9,4.8
AB-2026-13550,2026-03-06,Eigener Shop,K-12424,PayPal,SOCK-3P-S-WEI,Sneaker Socken 3er-Pack,S,Weiss,1,19.9,19.9,4.8
AB-2026-13551,2026-03-03,Eigener Shop,K-17564,PayPal,TEE-OVS-XL-OLI,T-Shirt Oversized,XL,Oliv,1,34.9,34.9,9.0
AB-2026-13551,2026-03-03,Eigener Shop,K-17564,PayPal,JKT-RN-XS-WEI,Regenjacke Tech,XS,Weiss,1,119.9,119.9,84.0
AB-2026-13552,2026-02-14,Eigener Shop,K-16154,PayPal,HOOD-ZP-M-WEI,Zip-Hoodie Heavy,M,Weiss,1,89.9,89.9,28.0
AB-2026-13553,2026-03-19,Eigener Shop,K-17763,Vorkasse,HOOD-ZP-XS-SCH,Zip-Hoodie Heavy,XS,Schwarz,1,89.9,89.9,28.0
AB-2026-13554,2026-01-03,Zalando,K-10220,PayPal,SOCK-3P-M-NAV,Sneaker Socken 3er-Pack,M,Navy,1,19.9,19.9,4.8
AB-2026-13555,2026-06-14,Eigener Shop,K-18166,PayPal,HOOD-ZP-S-WEI,Zip-Hoodie Heavy,S,Weiss,1,89.9,89.9,28.0
AB-2026-13556,2026-02-14,Eigener Shop,K-17765,Rechnungskauf,CAP-LG-L-OLI,Cap Logo,L,Oliv,1,24.9,24.9,6.0
AB-2026-13557,2026-02-20,Eigener Shop,K-11278,Rechnungskauf,JOG-CL-S-NAV,Jogger Classic,S,Navy,1,64.9,64.9,19.5
AB-2026-13558,2026-04-05,Eigener Shop,K-18891,Vorkasse,TEE-BAS-L-NAV,T-Shirt Basic,L,Navy,1,29.9,29.9,7.5
AB-2026-13558,2026-04-05,Eigener Shop,K-18891,Vorkasse,HOOD-CL-XS-WEI,Hoodie Classic,XS,Weiss,1,69.9,69.9,21.0
AB-2026-13559,2026-05-03,Amazon,K-10353,Rechnungskauf,HOOD-ZP-L-WEI,Zip-Hoodie Heavy,L,Weiss,1,89.9,89.9,28.0
AB-2026-13559,2026-05-03,Amazon,K-10353,Rechnungskauf,HOOD-ZP-M-WEI,Zip-Hoodie Heavy,M,Weiss,1,89.9,89.9,28.0
AB-2026-13560,2026-01-03,Eigener Shop,K-17159,Rechnungskauf,JKT-RN-XL-WEI,Regenjacke Tech,XL,Weiss,1,119.9,119.9,84.0
AB-2026-13561,2026-03-08,Amazon,K-17787,Kreditkarte,JKT-RN-XS-WEI,Regenjacke Tech,XS,Weiss,1,119.9,119.9,84.0
AB-2026-13561,2026-03-08,Amazon,K-17787,Kreditkarte,JKT-RN-S-WEI,Regenjacke Tech,S,Weiss,1,119.9,119.9,84.0
AB-2026-13562,2026-06-23,Eigener Shop,K-11764,Kreditkarte,HOOD-CL-XL-SCH,Hoodie Classic,XL,Schwarz,1,69.9,69.9,21.0
AB-2026-13563,2026-01-13,Amazon,K-15281,Rechnungskauf,KLEID-PR-L-WEI,Sommerkleid Print,L,Weiss,1,79.9,79.9,24.0
AB-2026-13564,2026-04-11,Amazon,K-17018,Kreditkarte,HOOD-ZP-L-WEI,Zip-Hoodie Heavy,L,Weiss,1,89.9,89.9,28.0
AB-2026-13565,2026-03-31,Eigener Shop,K-15002,Rechnungskauf,HOOD-CL-XL-SCH,Hoodie Classic,XL,Schwarz,1,69.9,69.9,21.0
AB-2026-13566,2026-06-28,Eigener Shop,K-18241,Kreditkarte,TEE-BAS-XL-OLI,T-Shirt Basic,XL,Oliv,1,29.9,29.9,7.5
AB-2026-13567,2026-06-06,Amazon,K-12640,Rechnungskauf,JOG-CL-L-OLI,Jogger Classic,L,Oliv,1,64.9,64.9,19.5
AB-2026-13567,2026-06-06,Amazon,K-12640,Rechnungskauf,HOOD-ZP-M-SCH,Zip-Hoodie Heavy,M,Schwarz,1,89.9,89.9,28.0
AB-2026-13568,2026-05-27,Amazon,K-10377,PayPal,TEE-OVS-M-NAV,T-Shirt Oversized,M,Navy,1,34.9,34.9,9.0
AB-2026-13569,2026-04-02,Eigener Shop,K-19369,Vorkasse,SOCK-3P-L-OLI,Sneaker Socken 3er-Pack,L,Oliv,1,19.9,19.9,4.8
AB-2026-13569,2026-04-02,Eigener Shop,K-19369,Vorkasse,SOCK-3P-XS-OLI,Sneaker Socken 3er-Pack,XS,Oliv,1,19.9,19.9,4.8
AB-2026-13570,2026-04-24,Eigener Shop,K-17447,Rechnungskauf,TEE-OVS-XL-SCH,T-Shirt Oversized,XL,Schwarz,1,34.9,34.9,9.0
AB-2026-13570,2026-04-24,Eigener Shop,K-17447,Rechnungskauf,TEE-OVS-S-SCH,T-Shirt Oversized,S,Schwarz,1,34.9,34.9,9.0
AB-2026-13570,2026-04-24,Eigener Shop,K-17447,Rechnungskauf,CAP-LG-XL-NAV,Cap Logo,XL,Navy,1,24.9,24.9,6.0
AB-2026-13570,2026-04-24,Eigener Shop,K-17447,Rechnungskauf,CAP-LG-L-NAV,Cap Logo,L,Navy,1,24.9,24.9,6.0
AB-2026-13571,2026-02-21,Eigener Shop,K-16531,Vorkasse,TEE-OVS-L-OLI,T-Shirt Oversized,L,Oliv,1,34.9,34.9,9.0
AB-2026-13572,2026-04-13,Zalando,K-16212,Kreditkarte,TEE-OVS-S-NAV,T-Shirt Oversized,S,Navy,1,34.9,34.9,9.0
AB-2026-13572,2026-04-13,Zalando,K-16212,Kreditkarte,KLEID-PR-S-NAV,Sommerkleid Print,S,Navy,1,79.9,79.9,24.0
AB-2026-13573,2026-02-28,Eigener Shop,K-12379,Rechnungskauf,TEE-OVS-XS-SCH,T-Shirt Oversized,XS,Schwarz,1,34.9,34.9,9.0
AB-2026-13573,2026-02-28,Eigener Shop,K-12379,Rechnungskauf,TEE-OVS-M-SCH,T-Shirt Oversized,M,Schwarz,1,34.9,34.9,9.0
AB-2026-13574,2026-02-26,Amazon,K-11869,Vorkasse,KLEID-PR-XL-OLI,Sommerkleid Print,XL,Oliv,1,79.9,79.9,24.0
AB-2026-13574,2026-02-26,Amazon,K-11869,Vorkasse,TEE-OVS-S-SCH,T-Shirt Oversized,S,Schwarz,1,34.9,34.9,9.0
AB-2026-13575,2026-01-11,Amazon,K-11943,Vorkasse,TEE-OVS-L-WEI,T-Shirt Oversized,L,Weiss,1,34.9,34.9,9.0
AB-2026-13576,2026-05-30,Eigener Shop,K-17910,Kreditkarte,JOG-CL-XS-WEI,Jogger Classic,XS,Weiss,1,64.9,64.9,19.5
AB-2026-13576,2026-05-30,Eigener Shop,K-17910,Kreditkarte,JOG-CL-M-WEI,Jogger Classic,M,Weiss,1,64.9,64.9,19.5
AB-2026-13577,2026-06-16,Eigener Shop,K-17575,Vorkasse,JOG-CL-S-OLI,Jogger Classic,S,Oliv,1,64.9,64.9,19.5
AB-2026-13577,2026-06-16,Eigener Shop,K-17575,Vorkasse,CAP-LG-XL-NAV,Cap Logo,XL,Navy,1,24.9,24.9,6.0
AB-2026-13577,2026-06-16,Eigener Shop,K-17575,Vorkasse,TEE-BAS-M-NAV,T-Shirt Basic,M,Navy,1,29.9,29.9,7.5
AB-2026-13578,2026-01-28,Eigener Shop,K-18911,Rechnungskauf,HOOD-ZP-XL-SCH,Zip-Hoodie Heavy,XL,Schwarz,1,89.9,89.9,28.0
AB-2026-13578,2026-01-28,Eigener Shop,K-18911,Rechnungskauf,JKT-RN-XL-SCH,Regenjacke Tech,XL,Schwarz,1,119.9,119.9,84.0
AB-2026-13578,2026-01-28,Eigener Shop,K-18911,Rechnungskauf,CAP-LG-L-OLI,Cap Logo,L,Oliv,1,24.9,24.9,6.0
AB-2026-13579,2026-04-15,Eigener Shop,K-13758,Rechnungskauf,SOCK-3P-S-SCH,Sneaker Socken 3er-Pack,S,Schwarz,1,19.9,19.9,4.8
AB-2026-13579,2026-04-15,Eigener Shop,K-13758,Rechnungskauf,TEE-BAS-XS-NAV,T-Shirt Basic,XS,Navy,1,29.9,29.9,7.5
AB-2026-13580,2026-03-01,Eigener Shop,K-13206,Kreditkarte,HOOD-CL-XL-NAV,Hoodie Classic,XL,Navy,1,69.9,69.9,21.0
AB-2026-13581,2026-05-13,Eigener Shop,K-10457,PayPal,TEE-BAS-M-OLI,T-Shirt Basic,M,Oliv,1,29.9,29.9,7.5
AB-2026-13582,2026-06-23,Eigener Shop,K-13375,Vorkasse,TEE-OVS-XL-NAV,T-Shirt Oversized,XL,Navy,1,34.9,34.9,9.0
AB-2026-13582,2026-06-23,Eigener Shop,K-13375,Vorkasse,TEE-OVS-XS-OLI,T-Shirt Oversized,XS,Oliv,1,34.9,34.9,9.0
AB-2026-13583,2026-01-16,Amazon,K-16511,Kreditkarte,CAP-LG-XS-SCH,Cap Logo,XS,Schwarz,1,24.9,24.9,6.0
AB-2026-13584,2026-06-25,Eigener Shop,K-18914,Kreditkarte,SOCK-3P-L-OLI,Sneaker Socken 3er-Pack,L,Oliv,1,19.9,19.9,4.8
AB-2026-13585,2026-06-26,Eigener Shop,K-15636,Kreditkarte,TEE-BAS-S-WEI,T-Shirt Basic,S,Weiss,1,29.9,29.9,7.5
AB-2026-13586,2026-06-24,Eigener Shop,K-14018,PayPal,HOOD-ZP-L-SCH,Zip-Hoodie Heavy,L,Schwarz,1,89.9,89.9,28.0
AB-2026-13586,2026-06-24,Eigener Shop,K-14018,PayPal,HOOD-ZP-S-WEI,Zip-Hoodie Heavy,S,Weiss,1,89.9,89.9,28.0
AB-2026-13587,2026-05-20,Amazon,K-10272,PayPal,KLEID-PR-XS-NAV,Sommerkleid Print,XS,Navy,1,79.9,79.9,24.0
AB-2026-13588,2026-02-25,Amazon,K-10966,Vorkasse,JOG-CL-L-NAV,Jogger Classic,L,Navy,1,64.9,64.9,19.5
AB-2026-13589,2026-03-08,Eigener Shop,K-15121,Rechnungskauf,SOCK-3P-M-SCH,Sneaker Socken 3er-Pack,M,Schwarz,1,19.9,19.9,4.8
AB-2026-13589,2026-03-08,Eigener Shop,K-15121,Rechnungskauf,HOOD-ZP-M-SCH,Zip-Hoodie Heavy,M,Schwarz,1,89.9,89.9,28.0
AB-2026-13590,2026-03-01,Eigener Shop,K-19388,Rechnungskauf,TEE-BAS-L-OLI,T-Shirt Basic,L,Oliv,1,29.9,29.9,7.5
AB-2026-13590,2026-03-01,Eigener Shop,K-19388,Rechnungskauf,SOCK-3P-S-OLI,Sneaker Socken 3er-Pack,S,Oliv,1,19.9,19.9,4.8
AB-2026-13591,2026-01-19,Eigener Shop,K-19969,Rechnungskauf,CAP-LG-XL-OLI,Cap Logo,XL,Oliv,1,24.9,24.9,6.0
AB-2026-13592,2026-05-11,Eigener Shop,K-11648,Rechnungskauf,SOCK-3P-XL-NAV,Sneaker Socken 3er-Pack,XL,Navy,1,19.9,19.9,4.8
AB-2026-13592,2026-05-11,Eigener Shop,K-11648,Rechnungskauf,SOCK-3P-XS-OLI,Sneaker Socken 3er-Pack,XS,Oliv,1,19.9,19.9,4.8
AB-2026-13593,2026-02-08,Amazon,K-12588,Rechnungskauf,HOOD-ZP-S-SCH,Zip-Hoodie Heavy,S,Schwarz,1,89.9,89.9,28.0
AB-2026-13593,2026-02-08,Amazon,K-12588,Rechnungskauf,JKT-RN-L-SCH,Regenjacke Tech,L,Schwarz,1,119.9,119.9,84.0
AB-2026-13594,2026-05-01,Amazon,K-10956,Rechnungskauf,TEE-OVS-XL-WEI,T-Shirt Oversized,XL,Weiss,1,34.9,34.9,9.0
AB-2026-13594,2026-05-01,Amazon,K-10956,Rechnungskauf,TEE-OVS-M-WEI,T-Shirt Oversized,M,Weiss,1,34.9,34.9,9.0
AB-2026-13595,2026-04-03,Eigener Shop,K-16470,PayPal,JKT-RN-XL-WEI,Regenjacke Tech,XL,Weiss,1,119.9,119.9,84.0
AB-2026-13596,2026-05-11,Eigener Shop,K-11975,Kreditkarte,CAP-LG-M-SCH,Cap Logo,M,Schwarz,1,24.9,24.9,6.0
AB-2026-13596,2026-05-11,Eigener Shop,K-11975,Kreditkarte,SOCK-3P-XS-SCH,Sneaker Socken 3er-Pack,XS,Schwarz,1,19.9,19.9,4.8
AB-2026-13597,2026-04-08,Eigener Shop,K-19203,Vorkasse,HOOD-ZP-M-WEI,Zip-Hoodie Heavy,M,Weiss,1,89.9,89.9,28.0
AB-2026-13597,2026-04-08,Eigener Shop,K-19203,Vorkasse,SOCK-3P-M-WEI,Sneaker Socken 3er-Pack,M,Weiss,1,19.9,19.9,4.8
AB-2026-13598,2026-05-22,Eigener Shop,K-10442,Vorkasse,SOCK-3P-XL-OLI,Sneaker Socken 3er-Pack,XL,Oliv,1,19.9,19.9,4.8
AB-2026-13598,2026-05-22,Eigener Shop,K-10442,Vorkasse,SOCK-3P-S-OLI,Sneaker Socken 3er-Pack,S,Oliv,1,19.9,19.9,4.8
AB-2026-13598,2026-05-22,Eigener Shop,K-10442,Vorkasse,JKT-RN-XL-WEI,Regenjacke Tech,XL,Weiss,1,119.9,119.9,84.0
AB-2026-13598,2026-05-22,Eigener Shop,K-10442,Vorkasse,JKT-RN-S-WEI,Regenjacke Tech,S,Weiss,1,119.9,119.9,84.0
AB-2026-13599,2026-01-18,Zalando,K-15466,PayPal,HOOD-CL-XL-OLI,Hoodie Classic,XL,Oliv,1,69.9,69.9,21.0
AB-2026-13599,2026-01-18,Zalando,K-15466,PayPal,HOOD-CL-M-OLI,Hoodie Classic,M,Oliv,1,69.9,69.9,21.0
AB-2026-13600,2026-05-29,Eigener Shop,K-14650,PayPal,CAP-LG-XL-NAV,Cap Logo,XL,Navy,1,24.9,24.9,6.0
AB-2026-13601,2026-01-31,Eigener Shop,K-13393,PayPal,KLEID-PR-M-OLI,Sommerkleid Print,M,Oliv,1,79.9,79.9,24.0
AB-2026-13601,2026-01-31,Eigener Shop,K-13393,PayPal,SOCK-3P-L-SCH,Sneaker Socken 3er-Pack,L,Schwarz,1,19.9,19.9,4.8
AB-2026-13602,2026-01-25,Eigener Shop,K-16972,Vorkasse,HOOD-ZP-S-SCH,Zip-Hoodie Heavy,S,Schwarz,1,89.9,89.9,28.0
AB-2026-13602,2026-01-25,Eigener Shop,K-16972,Vorkasse,TEE-BAS-XS-OLI,T-Shirt Basic,XS,Oliv,1,29.9,29.9,7.5
AB-2026-13603,2026-03-18,Eigener Shop,K-16797,Kreditkarte,HOOD-CL-L-OLI,Hoodie Classic,L,Oliv,1,69.9,69.9,21.0
AB-2026-13604,2026-05-28,Eigener Shop,K-12645,Rechnungskauf,JOG-CL-S-SCH,Jogger Classic,S,Schwarz,1,64.9,64.9,19.5
AB-2026-13605,2026-01-19,Eigener Shop,K-17451,Vorkasse,TEE-BAS-M-WEI,T-Shirt Basic,M,Weiss,1,29.9,29.9,7.5
AB-2026-13605,2026-01-19,Eigener Shop,K-17451,Vorkasse,CAP-LG-XL-SCH,Cap Logo,XL,Schwarz,1,24.9,24.9,6.0
AB-2026-13606,2026-01-30,Eigener Shop,K-16232,Rechnungskauf,HOOD-ZP-S-SCH,Zip-Hoodie Heavy,S,Schwarz,1,89.9,89.9,28.0
AB-2026-13607,2026-01-26,Eigener Shop,K-12846,Rechnungskauf,HOOD-ZP-S-WEI,Zip-Hoodie Heavy,S,Weiss,1,89.9,89.9,28.0
AB-2026-13608,2026-02-12,Eigener Shop,K-17809,PayPal,HOOD-ZP-L-SCH,Zip-Hoodie Heavy,L,Schwarz,1,89.9,89.9,28.0
AB-2026-13609,2026-01-11,Zalando,K-10364,Kreditkarte,CAP-LG-XL-NAV,Cap Logo,XL,Navy,1,24.9,24.9,6.0
AB-2026-13610,2026-01-07,Eigener Shop,K-19462,Vorkasse,TEE-OVS-S-SCH,T-Shirt Oversized,S,Schwarz,1,34.9,34.9,9.0
AB-2026-13611,2026-02-27,Eigener Shop,K-11353,PayPal,JOG-CL-XS-WEI,Jogger Classic,XS,Weiss,1,64.9,64.9,19.5
AB-2026-13611,2026-02-27,Eigener Shop,K-11353,PayPal,CAP-LG-XS-SCH,Cap Logo,XS,Schwarz,1,24.9,24.9,6.0
AB-2026-13611,2026-02-27,Eigener Shop,K-11353,PayPal,KLEID-PR-XL-WEI,Sommerkleid Print,XL,Weiss,1,79.9,79.9,24.0
AB-2026-13612,2026-02-24,Eigener Shop,K-12849,Rechnungskauf,JOG-CL-L-SCH,Jogger Classic,L,Schwarz,1,64.9,64.9,19.5
AB-2026-13613,2026-04-07,Amazon,K-18120,PayPal,HOOD-CL-L-SCH,Hoodie Classic,L,Schwarz,1,69.9,69.9,21.0
AB-2026-13614,2026-06-19,Eigener Shop,K-18686,PayPal,HOOD-ZP-XS-WEI,Zip-Hoodie Heavy,XS,Weiss,1,89.9,89.9,28.0
AB-2026-13615,2026-01-21,Eigener Shop,K-10270,Rechnungskauf,JOG-CL-M-SCH,Jogger Classic,M,Schwarz,1,64.9,64.9,19.5
AB-2026-13615,2026-01-21,Eigener Shop,K-10270,Rechnungskauf,JOG-CL-XL-NAV,Jogger Classic,XL,Navy,1,64.9,64.9,19.5
AB-2026-13616,2026-01-22,Eigener Shop,K-10476,Rechnungskauf,TEE-OVS-S-NAV,T-Shirt Oversized,S,Navy,1,34.9,34.9,9.0
AB-2026-13616,2026-01-22,Eigener Shop,K-10476,Rechnungskauf,TEE-BAS-M-OLI,T-Shirt Basic,M,Oliv,1,29.9,29.9,7.5
AB-2026-13617,2026-01-29,Eigener Shop,K-10344,PayPal,CAP-LG-XS-OLI,Cap Logo,XS,Oliv,1,24.9,24.9,6.0
AB-2026-13617,2026-01-29,Eigener Shop,K-10344,PayPal,HOOD-CL-XS-OLI,Hoodie Classic,XS,Oliv,1,69.9,69.9,21.0
AB-2026-13618,2026-04-28,Eigener Shop,K-13007,PayPal,HOOD-CL-S-WEI,Hoodie Classic,S,Weiss,1,69.9,69.9,21.0
AB-2026-13619,2026-03-31,Zalando,K-19480,PayPal,HOOD-CL-M-NAV,Hoodie Classic,M,Navy,1,69.9,69.9,21.0
AB-2026-13620,2026-02-06,Eigener Shop,K-14078,Rechnungskauf,TEE-OVS-S-NAV,T-Shirt Oversized,S,Navy,1,34.9,34.9,9.0
AB-2026-13621,2026-02-28,Eigener Shop,K-11829,Vorkasse,HOOD-ZP-S-WEI,Zip-Hoodie Heavy,S,Weiss,1,89.9,89.9,28.0
AB-2026-13621,2026-02-28,Eigener Shop,K-11829,Vorkasse,KLEID-PR-XS-WEI,Sommerkleid Print,XS,Weiss,1,79.9,79.9,24.0
AB-2026-13622,2026-06-19,Eigener Shop,K-12229,Vorkasse,JOG-CL-S-OLI,Jogger Classic,S,Oliv,1,64.9,64.9,19.5
AB-2026-13623,2026-05-25,Amazon,K-19728,Vorkasse,TEE-BAS-M-OLI,T-Shirt Basic,M,Oliv,1,29.9,29.9,7.5
AB-2026-13624,2026-04-02,Amazon,K-12154,Vorkasse,SOCK-3P-M-WEI,Sneaker Socken 3er-Pack,M,Weiss,1,19.9,19.9,4.8
AB-2026-13625,2026-02-26,Zalando,K-17106,PayPal,TEE-BAS-M-OLI,T-Shirt Basic,M,Oliv,1,29.9,29.9,7.5
AB-2026-13626,2026-02-27,Eigener Shop,K-16777,PayPal,KLEID-PR-XL-WEI,Sommerkleid Print,XL,Weiss,1,79.9,79.9,24.0
AB-2026-13627,2026-05-01,Eigener Shop,K-19171,PayPal,TEE-OVS-S-NAV,T-Shirt Oversized,S,Navy,1,34.9,34.9,9.0
AB-2026-13627,2026-05-01,Eigener Shop,K-19171,PayPal,SOCK-3P-S-NAV,Sneaker Socken 3er-Pack,S,Navy,1,19.9,19.9,4.8
AB-2026-13628,2026-04-23,Amazon,K-11325,Rechnungskauf,JOG-CL-M-OLI,Jogger Classic,M,Oliv,1,64.9,64.9,19.5
AB-2026-13628,2026-04-23,Amazon,K-11325,Rechnungskauf,HOOD-CL-S-NAV,Hoodie Classic,S,Navy,1,69.9,69.9,21.0
AB-2026-13629,2026-06-25,Amazon,K-19206,PayPal,JKT-RN-XL-WEI,Regenjacke Tech,XL,Weiss,1,119.9,119.9,84.0
AB-2026-13629,2026-06-25,Amazon,K-19206,PayPal,JKT-RN-XL-WEI,Regenjacke Tech,XL,Weiss,1,119.9,119.9,84.0
AB-2026-13630,2026-06-25,Amazon,K-19518,Kreditkarte,HOOD-CL-M-WEI,Hoodie Classic,M,Weiss,1,69.9,69.9,21.0
AB-2026-13631,2026-01-05,Zalando,K-14780,PayPal,HOOD-ZP-S-WEI,Zip-Hoodie Heavy,S,Weiss,1,89.9,89.9,28.0
AB-2026-13632,2026-02-19,Eigener Shop,K-18425,Kreditkarte,TEE-OVS-XL-NAV,T-Shirt Oversized,XL,Navy,1,34.9,34.9,9.0
AB-2026-13632,2026-02-19,Eigener Shop,K-18425,Kreditkarte,HOOD-CL-M-NAV,Hoodie Classic,M,Navy,1,69.9,69.9,21.0
AB-2026-13633,2026-04-22,Eigener Shop,K-12024,Vorkasse,HOOD-ZP-XL-SCH,Zip-Hoodie Heavy,XL,Schwarz,1,89.9,89.9,28.0
AB-2026-13634,2026-03-12,Eigener Shop,K-13597,Vorkasse,HOOD-CL-S-WEI,Hoodie Classic,S,Weiss,1,69.9,69.9,21.0
AB-2026-13635,2026-03-16,Amazon,K-14569,Kreditkarte,TEE-OVS-S-OLI,T-Shirt Oversized,S,Oliv,1,34.9,34.9,9.0
AB-2026-13636,2026-01-22,Zalando,K-17273,Rechnungskauf,HOOD-CL-XS-OLI,Hoodie Classic,XS,Oliv,1,69.9,69.9,21.0
AB-2026-13637,2026-05-21,Eigener Shop,K-13772,PayPal,JOG-CL-L-OLI,Jogger Classic,L,Oliv,1,64.9,64.9,19.5
AB-2026-13637,2026-05-21,Eigener Shop,K-13772,PayPal,CAP-LG-XL-WEI,Cap Logo,XL,Weiss,1,24.9,24.9,6.0
AB-2026-13637,2026-05-21,Eigener Shop,K-13772,PayPal,CAP-LG-L-NAV,Cap Logo,L,Navy,1,24.9,24.9,6.0
AB-2026-13638,2026-02-03,Amazon,K-10765,Kreditkarte,HOOD-ZP-L-WEI,Zip-Hoodie Heavy,L,Weiss,1,89.9,89.9,28.0
AB-2026-13639,2026-01-25,Eigener Shop,K-17950,Rechnungskauf,TEE-BAS-S-SCH,T-Shirt Basic,S,Schwarz,1,29.9,29.9,7.5
AB-2026-13640,2026-03-12,Eigener Shop,K-13995,Rechnungskauf,HOOD-ZP-XL-SCH,Zip-Hoodie Heavy,XL,Schwarz,1,89.9,89.9,28.0
AB-2026-13641,2026-06-23,Eigener Shop,K-14909,Vorkasse,KLEID-PR-XS-OLI,Sommerkleid Print,XS,Oliv,1,79.9,79.9,24.0
AB-2026-13641,2026-06-23,Eigener Shop,K-14909,Vorkasse,JOG-CL-L-NAV,Jogger Classic,L,Navy,1,64.9,64.9,19.5
AB-2026-13641,2026-06-23,Eigener Shop,K-14909,Vorkasse,JOG-CL-XL-SCH,Jogger Classic,XL,Schwarz,1,64.9,64.9,19.5
AB-2026-13642,2026-05-18,Eigener Shop,K-18102,Rechnungskauf,HOOD-ZP-XL-SCH,Zip-Hoodie Heavy,XL,Schwarz,1,89.9,89.9,28.0
AB-2026-13643,2026-04-18,Amazon,K-19519,PayPal,SOCK-3P-XL-WEI,Sneaker Socken 3er-Pack,XL,Weiss,1,19.9,19.9,4.8
AB-2026-13643,2026-04-18,Amazon,K-19519,PayPal,TEE-OVS-XL-SCH,T-Shirt Oversized,XL,Schwarz,1,34.9,34.9,9.0
AB-2026-13644,2026-02-26,Eigener Shop,K-13942,Kreditkarte,KLEID-PR-XS-OLI,Sommerkleid Print,XS,Oliv,1,79.9,79.9,24.0
AB-2026-13645,2026-04-22,Amazon,K-14876,Rechnungskauf,CAP-LG-M-NAV,Cap Logo,M,Navy,1,24.9,24.9,6.0
AB-2026-13645,2026-04-22,Amazon,K-14876,Rechnungskauf,CAP-LG-L-NAV,Cap Logo,L,Navy,1,24.9,24.9,6.0
AB-2026-13646,2026-01-10,Amazon,K-17200,Vorkasse,TEE-BAS-L-NAV,T-Shirt Basic,L,Navy,1,29.9,29.9,7.5
AB-2026-13646,2026-01-10,Amazon,K-17200,Vorkasse,HOOD-CL-M-NAV,Hoodie Classic,M,Navy,1,69.9,69.9,21.0
AB-2026-13647,2026-01-14,Eigener Shop,K-14604,PayPal,HOOD-CL-XL-OLI,Hoodie Classic,XL,Oliv,1,69.9,69.9,21.0
AB-2026-13648,2026-04-21,Eigener Shop,K-16747,Rechnungskauf,TEE-OVS-L-SCH,T-Shirt Oversized,L,Schwarz,1,34.9,34.9,9.0
AB-2026-13649,2026-06-26,Eigener Shop,K-15642,PayPal,HOOD-ZP-XS-WEI,Zip-Hoodie Heavy,XS,Weiss,1,89.9,89.9,28.0
AB-2026-13650,2026-06-30,Eigener Shop,K-19486,Kreditkarte,JOG-CL-XS-SCH,Jogger Classic,XS,Schwarz,1,64.9,64.9,19.5
AB-2026-13650,2026-06-30,Eigener Shop,K-19486,Kreditkarte,JKT-RN-XL-SCH,Regenjacke Tech,XL,Schwarz,1,119.9,119.9,84.0
AB-2026-13650,2026-06-30,Eigener Shop,K-19486,Kreditkarte,TEE-OVS-XL-NAV,T-Shirt Oversized,XL,Navy,1,34.9,34.9,9.0
AB-2026-13651,2026-05-16,Eigener Shop,K-13835,Kreditkarte,KLEID-PR-XL-NAV,Sommerkleid Print,XL,Navy,1,79.9,79.9,24.0
AB-2026-13651,2026-05-16,Eigener Shop,K-13835,Kreditkarte,HOOD-ZP-XS-WEI,Zip-Hoodie Heavy,XS,Weiss,1,89.9,89.9,28.0
AB-2026-13651,2026-05-16,Eigener Shop,K-13835,Kreditkarte,TEE-BAS-XS-WEI,T-Shirt Basic,XS,Weiss,1,29.9,29.9,7.5
AB-2026-13652,2026-06-02,Eigener Shop,K-12125,Vorkasse,TEE-BAS-XL-NAV,T-Shirt Basic,XL,Navy,1,29.9,29.9,7.5
AB-2026-13653,2026-04-12,Eigener Shop,K-11417,Rechnungskauf,HOOD-ZP-XS-SCH,Zip-Hoodie Heavy,XS,Schwarz,1,89.9,89.9,28.0
AB-2026-13654,2026-03-14,Eigener Shop,K-17793,Kreditkarte,TEE-OVS-XL-NAV,T-Shirt Oversized,XL,Navy,1,34.9,34.9,9.0
AB-2026-13655,2026-03-18,Eigener Shop,K-14419,PayPal,HOOD-CL-S-SCH,Hoodie Classic,S,Schwarz,1,69.9,69.9,21.0
AB-2026-13656,2026-04-14,Amazon,K-17986,Kreditkarte,SOCK-3P-XL-OLI,Sneaker Socken 3er-Pack,XL,Oliv,1,19.9,19.9,4.8
AB-2026-13657,2026-02-05,Eigener Shop,K-12370,Rechnungskauf,TEE-BAS-XS-OLI,T-Shirt Basic,XS,Oliv,1,29.9,29.9,7.5
AB-2026-13657,2026-02-05,Eigener Shop,K-12370,Rechnungskauf,TEE-BAS-L-OLI,T-Shirt Basic,L,Oliv,1,29.9,29.9,7.5
AB-2026-13658,2026-06-08,Eigener Shop,K-17122,Kreditkarte,JKT-RN-XS-WEI,Regenjacke Tech,XS,Weiss,1,119.9,119.9,84.0
AB-2026-13658,2026-06-08,Eigener Shop,K-17122,Kreditkarte,TEE-OVS-M-WEI,T-Shirt Oversized,M,Weiss,1,34.9,34.9,9.0
AB-2026-13658,2026-06-08,Eigener Shop,K-17122,Kreditkarte,TEE-BAS-XS-OLI,T-Shirt Basic,XS,Oliv,1,29.9,29.9,7.5
AB-2026-13659,2026-06-01,Eigener Shop,K-12021,Kreditkarte,TEE-OVS-L-OLI,T-Shirt Oversized,L,Oliv,1,34.9,34.9,9.0
AB-2026-13660,2026-05-23,Amazon,K-15473,Rechnungskauf,TEE-OVS-M-OLI,T-Shirt Oversized,M,Oliv,1,34.9,34.9,9.0
AB-2026-13661,2026-04-16,Amazon,K-11689,PayPal,TEE-BAS-M-OLI,T-Shirt Basic,M,Oliv,1,29.9,29.9,7.5
AB-2026-13662,2026-04-14,Eigener Shop,K-14120,PayPal,HOOD-ZP-L-WEI,Zip-Hoodie Heavy,L,Weiss,1,89.9,89.9,28.0
AB-2026-13663,2026-05-11,Eigener Shop,K-11593,Vorkasse,HOOD-ZP-L-WEI,Zip-Hoodie Heavy,L,Weiss,1,89.9,89.9,28.0
AB-2026-13663,2026-05-11,Eigener Shop,K-11593,Vorkasse,HOOD-ZP-M-WEI,Zip-Hoodie Heavy,M,Weiss,1,89.9,89.9,28.0
AB-2026-13663,2026-05-11,Eigener Shop,K-11593,Vorkasse,HOOD-ZP-XS-WEI,Zip-Hoodie Heavy,XS,Weiss,1,89.9,89.9,28.0
AB-2026-13663,2026-05-11,Eigener Shop,K-11593,Vorkasse,HOOD-ZP-XL-WEI,Zip-Hoodie Heavy,XL,Weiss,1,89.9,89.9,28.0
AB-2026-13663,2026-05-11,Eigener Shop,K-11593,Vorkasse,SOCK-3P-L-SCH,Sneaker Socken 3er-Pack,L,Schwarz,1,19.9,19.9,4.8
AB-2026-13663,2026-05-11,Eigener Shop,K-11593,Vorkasse,SOCK-3P-XS-SCH,Sneaker Socken 3er-Pack,XS,Schwarz,1,19.9,19.9,4.8
AB-2026-13664,2026-01-28,Eigener Shop,K-13342,PayPal,KLEID-PR-S-SCH,Sommerkleid Print,S,Schwarz,1,79.9,79.9,24.0
AB-2026-13664,2026-01-28,Eigener Shop,K-13342,PayPal,HOOD-CL-M-OLI,Hoodie Classic,M,Oliv,1,69.9,69.9,21.0
AB-2026-13665,2026-06-05,Eigener Shop,K-14538,PayPal,HOOD-ZP-XS-SCH,Zip-Hoodie Heavy,XS,Schwarz,1,89.9,89.9,28.0
AB-2026-13666,2026-04-22,Eigener Shop,K-15037,Kreditkarte,HOOD-ZP-XL-SCH,Zip-Hoodie Heavy,XL,Schwarz,1,89.9,89.9,28.0
AB-2026-13667,2026-02-01,Eigener Shop,K-19893,PayPal,HOOD-CL-XL-OLI,Hoodie Classic,XL,Oliv,1,69.9,69.9,21.0
AB-2026-13668,2026-03-08,Eigener Shop,K-13827,PayPal,HOOD-ZP-L-SCH,Zip-Hoodie Heavy,L,Schwarz,1,89.9,89.9,28.0
AB-2026-13668,2026-03-08,Eigener Shop,K-13827,PayPal,JKT-RN-M-SCH,Regenjacke Tech,M,Schwarz,1,119.9,119.9,84.0
AB-2026-13668,2026-03-08,Eigener Shop,K-13827,PayPal,KLEID-PR-S-NAV,Sommerkleid Print,S,Navy,1,79.9,79.9,24.0
AB-2026-13669,2026-05-16,Eigener Shop,K-12679,Vorkasse,SOCK-3P-XS-OLI,Sneaker Socken 3er-Pack,XS,Oliv,1,19.9,19.9,4.8
AB-2026-13670,2026-06-02,Eigener Shop,K-13972,Vorkasse,TEE-OVS-XS-NAV,T-Shirt Oversized,XS,Navy,1,34.9,34.9,9.0
AB-2026-13671,2026-01-18,Amazon,K-10632,Vorkasse,HOOD-CL-S-WEI,Hoodie Classic,S,Weiss,1,69.9,69.9,21.0
AB-2026-13671,2026-01-18,Amazon,K-10632,Vorkasse,JKT-RN-S-WEI,Regenjacke Tech,S,Weiss,1,119.9,119.9,84.0
AB-2026-13672,2026-02-14,Amazon,K-16201,Kreditkarte,HOOD-ZP-XS-SCH,Zip-Hoodie Heavy,XS,Schwarz,1,89.9,89.9,28.0
AB-2026-13672,2026-02-14,Amazon,K-16201,Kreditkarte,SOCK-3P-XS-NAV,Sneaker Socken 3er-Pack,XS,Navy,1,19.9,19.9,4.8
AB-2026-13672,2026-02-14,Amazon,K-16201,Kreditkarte,CAP-LG-XL-SCH,Cap Logo,XL,Schwarz,1,24.9,24.9,6.0
AB-2026-13673,2026-02-10,Eigener Shop,K-13862,PayPal,HOOD-CL-XS-OLI,Hoodie Classic,XS,Oliv,1,69.9,69.9,21.0
AB-2026-13673,2026-02-10,Eigener Shop,K-13862,PayPal,TEE-OVS-S-SCH,T-Shirt Oversized,S,Schwarz,1,34.9,34.9,9.0
AB-2026-13674,2026-06-18,Eigener Shop,K-11443,Kreditkarte,HOOD-ZP-M-WEI,Zip-Hoodie Heavy,M,Weiss,1,89.9,89.9,28.0
AB-2026-13674,2026-06-18,Eigener Shop,K-11443,Kreditkarte,JOG-CL-L-OLI,Jogger Classic,L,Oliv,1,64.9,64.9,19.5
AB-2026-13675,2026-05-09,Eigener Shop,K-10175,PayPal,TEE-OVS-M-WEI,T-Shirt Oversized,M,Weiss,1,34.9,34.9,9.0
AB-2026-13676,2026-05-18,Eigener Shop,K-19569,Rechnungskauf,SOCK-3P-XS-OLI,Sneaker Socken 3er-Pack,XS,Oliv,1,19.9,19.9,4.8
AB-2026-13676,2026-05-18,Eigener Shop,K-19569,Rechnungskauf,KLEID-PR-XL-OLI,Sommerkleid Print,XL,Oliv,1,79.9,79.9,24.0
AB-2026-13676,2026-05-18,Eigener Shop,K-19569,Rechnungskauf,JKT-RN-XL-WEI,Regenjacke Tech,XL,Weiss,1,119.9,119.9,84.0
AB-2026-13677,2026-04-08,Eigener Shop,K-13390,PayPal,CAP-LG-XL-NAV,Cap Logo,XL,Navy,1,24.9,24.9,6.0
AB-2026-13677,2026-04-08,Eigener Shop,K-13390,PayPal,TEE-BAS-M-SCH,T-Shirt Basic,M,Schwarz,1,29.9,29.9,7.5
AB-2026-13678,2026-02-15,Amazon,K-13808,Kreditkarte,JOG-CL-XL-NAV,Jogger Classic,XL,Navy,1,64.9,64.9,19.5
AB-2026-13679,2026-01-24,Zalando,K-16892,Rechnungskauf,CAP-LG-L-WEI,Cap Logo,L,Weiss,1,24.9,24.9,6.0
AB-2026-13680,2026-05-22,Eigener Shop,K-18644,Rechnungskauf,HOOD-ZP-XL-WEI,Zip-Hoodie Heavy,XL,Weiss,1,89.9,89.9,28.0
AB-2026-13680,2026-05-22,Eigener Shop,K-18644,Rechnungskauf,HOOD-ZP-S-WEI,Zip-Hoodie Heavy,S,Weiss,1,89.9,89.9,28.0
AB-2026-13681,2026-01-16,Eigener Shop,K-16626,PayPal,HOOD-CL-XL-NAV,Hoodie Classic,XL,Navy,1,69.9,69.9,21.0
AB-2026-13681,2026-01-16,Eigener Shop,K-16626,PayPal,TEE-BAS-M-SCH,T-Shirt Basic,M,Schwarz,1,29.9,29.9,7.5
AB-2026-13682,2026-01-01,Amazon,K-17956,Rechnungskauf,HOOD-ZP-XL-SCH,Zip-Hoodie Heavy,XL,Schwarz,1,89.9,89.9,28.0
AB-2026-13682,2026-01-01,Amazon,K-17956,Rechnungskauf,JOG-CL-S-NAV,Jogger Classic,S,Navy,1,64.9,64.9,19.5
AB-2026-13682,2026-01-01,Amazon,K-17956,Rechnungskauf,TEE-BAS-S-WEI,T-Shirt Basic,S,Weiss,1,29.9,29.9,7.5
AB-2026-13683,2026-01-11,Amazon,K-15065,Kreditkarte,HOOD-ZP-XL-WEI,Zip-Hoodie Heavy,XL,Weiss,1,89.9,89.9,28.0
AB-2026-13684,2026-03-01,Eigener Shop,K-10981,Kreditkarte,TEE-BAS-M-WEI,T-Shirt Basic,M,Weiss,1,29.9,29.9,7.5
AB-2026-13685,2026-03-03,Eigener Shop,K-17896,PayPal,HOOD-ZP-S-SCH,Zip-Hoodie Heavy,S,Schwarz,1,89.9,89.9,28.0
AB-2026-13685,2026-03-03,Eigener Shop,K-17896,PayPal,JKT-RN-L-SCH,Regenjacke Tech,L,Schwarz,1,119.9,119.9,84.0
AB-2026-13686,2026-02-17,Amazon,K-10493,PayPal,HOOD-CL-XL-WEI,Hoodie Classic,XL,Weiss,1,69.9,69.9,21.0
AB-2026-13687,2026-02-15,Amazon,K-19898,PayPal,HOOD-ZP-XS-WEI,Zip-Hoodie Heavy,XS,Weiss,1,89.9,89.9,28.0
AB-2026-13687,2026-02-15,Amazon,K-19898,PayPal,KLEID-PR-L-SCH,Sommerkleid Print,L,Schwarz,1,79.9,79.9,24.0
AB-2026-13688,2026-04-27,Eigener Shop,K-17376,PayPal,TEE-OVS-XL-NAV,T-Shirt Oversized,XL,Navy,1,34.9,34.9,9.0
AB-2026-13689,2026-02-03,Eigener Shop,K-10694,Kreditkarte,HOOD-ZP-M-SCH,Zip-Hoodie Heavy,M,Schwarz,1,89.9,89.9,28.0
AB-2026-13689,2026-02-03,Eigener Shop,K-10694,Kreditkarte,TEE-BAS-XL-OLI,T-Shirt Basic,XL,Oliv,1,29.9,29.9,7.5
AB-2026-13690,2026-02-11,Eigener Shop,K-14915,Kreditkarte,HOOD-ZP-S-WEI,Zip-Hoodie Heavy,S,Weiss,1,89.9,89.9,28.0
AB-2026-13690,2026-02-11,Eigener Shop,K-14915,Kreditkarte,TEE-OVS-XS-NAV,T-Shirt Oversized,XS,Navy,1,34.9,34.9,9.0
AB-2026-13691,2026-05-05,Eigener Shop,K-11977,Rechnungskauf,KLEID-PR-XS-OLI,Sommerkleid Print,XS,Oliv,1,79.9,79.9,24.0
AB-2026-13692,2026-05-30,Eigener Shop,K-12164,PayPal,HOOD-CL-M-WEI,Hoodie Classic,M,Weiss,1,69.9,69.9,21.0
AB-2026-13692,2026-05-30,Eigener Shop,K-12164,PayPal,JKT-RN-XS-WEI,Regenjacke Tech,XS,Weiss,1,119.9,119.9,84.0
AB-2026-13692,2026-05-30,Eigener Shop,K-12164,PayPal,SOCK-3P-XL-OLI,Sneaker Socken 3er-Pack,XL,Oliv,1,19.9,19.9,4.8
AB-2026-13693,2026-01-03,Amazon,K-19673,Vorkasse,TEE-OVS-S-WEI,T-Shirt Oversized,S,Weiss,1,34.9,34.9,9.0
AB-2026-13694,2026-03-17,Amazon,K-10849,PayPal,HOOD-CL-XL-NAV,Hoodie Classic,XL,Navy,1,69.9,69.9,21.0
AB-2026-13695,2026-02-13,Zalando,K-11469,Rechnungskauf,HOOD-ZP-S-WEI,Zip-Hoodie Heavy,S,Weiss,1,89.9,89.9,28.0
AB-2026-13696,2026-03-29,Zalando,K-14639,PayPal,JOG-CL-XL-SCH,Jogger Classic,XL,Schwarz,1,64.9,64.9,19.5
AB-2026-13697,2026-01-08,Eigener Shop,K-18745,PayPal,KLEID-PR-XL-WEI,Sommerkleid Print,XL,Weiss,1,79.9,79.9,24.0
AB-2026-13697,2026-01-08,Eigener Shop,K-18745,PayPal,TEE-OVS-M-NAV,T-Shirt Oversized,M,Navy,1,34.9,34.9,9.0
AB-2026-13698,2026-06-17,Eigener Shop,K-18934,Vorkasse,HOOD-ZP-XL-SCH,Zip-Hoodie Heavy,XL,Schwarz,1,89.9,89.9,28.0
AB-2026-13699,2026-06-24,Eigener Shop,K-16552,Kreditkarte,TEE-OVS-M-WEI,T-Shirt Oversized,M,Weiss,1,34.9,34.9,9.0
AB-2026-13700,2026-02-04,Eigener Shop,K-15318,Rechnungskauf,JOG-CL-M-SCH,Jogger Classic,M,Schwarz,1,64.9,64.9,19.5
AB-2026-13700,2026-02-04,Eigener Shop,K-15318,Rechnungskauf,HOOD-ZP-M-WEI,Zip-Hoodie Heavy,M,Weiss,1,89.9,89.9,28.0
AB-2026-13701,2026-01-10,Amazon,K-14952,PayPal,SOCK-3P-S-SCH,Sneaker Socken 3er-Pack,S,Schwarz,1,19.9,19.9,4.8
AB-2026-13701,2026-01-10,Amazon,K-14952,PayPal,HOOD-CL-M-SCH,Hoodie Classic,M,Schwarz,1,69.9,69.9,21.0
AB-2026-13702,2026-04-08,Eigener Shop,K-11404,PayPal,HOOD-ZP-M-WEI,Zip-Hoodie Heavy,M,Weiss,1,89.9,89.9,28.0
AB-2026-13702,2026-04-08,Eigener Shop,K-11404,PayPal,TEE-BAS-XS-SCH,T-Shirt Basic,XS,Schwarz,1,29.9,29.9,7.5
AB-2026-13702,2026-04-08,Eigener Shop,K-11404,PayPal,JKT-RN-XL-SCH,Regenjacke Tech,XL,Schwarz,1,119.9,119.9,84.0
AB-2026-13703,2026-01-11,Eigener Shop,K-17525,PayPal,JKT-RN-L-WEI,Regenjacke Tech,L,Weiss,1,119.9,119.9,84.0
AB-2026-13704,2026-06-18,Amazon,K-19930,PayPal,SOCK-3P-XL-SCH,Sneaker Socken 3er-Pack,XL,Schwarz,1,19.9,19.9,4.8
AB-2026-13704,2026-06-18,Amazon,K-19930,PayPal,SOCK-3P-XS-SCH,Sneaker Socken 3er-Pack,XS,Schwarz,1,19.9,19.9,4.8
AB-2026-13705,2026-05-13,Eigener Shop,K-11038,Rechnungskauf,CAP-LG-XL-OLI,Cap Logo,XL,Oliv,1,24.9,24.9,6.0
AB-2026-13705,2026-05-13,Eigener Shop,K-11038,Rechnungskauf,TEE-BAS-XL-SCH,T-Shirt Basic,XL,Schwarz,1,29.9,29.9,7.5
AB-2026-13706,2026-01-05,Eigener Shop,K-15502,Vorkasse,HOOD-CL-S-NAV,Hoodie Classic,S,Navy,1,69.9,69.9,21.0
AB-2026-13707,2026-06-04,Eigener Shop,K-12991,Vorkasse,JOG-CL-L-OLI,Jogger Classic,L,Oliv,1,64.9,64.9,19.5
AB-2026-13708,2026-04-25,Eigener Shop,K-18675,Kreditkarte,KLEID-PR-S-SCH,Sommerkleid Print,S,Schwarz,1,79.9,79.9,24.0
AB-2026-13709,2026-04-16,Eigener Shop,K-16560,Vorkasse,JOG-CL-L-NAV,Jogger Classic,L,Navy,1,64.9,64.9,19.5
AB-2026-13709,2026-04-16,Eigener Shop,K-16560,Vorkasse,KLEID-PR-XS-SCH,Sommerkleid Print,XS,Schwarz,1,79.9,79.9,24.0
AB-2026-13710,2026-05-24,Amazon,K-12057,Kreditkarte,HOOD-CL-S-NAV,Hoodie Classic,S,Navy,1,69.9,69.9,21.0
AB-2026-13710,2026-05-24,Amazon,K-12057,Kreditkarte,SOCK-3P-S-NAV,Sneaker Socken 3er-Pack,S,Navy,1,19.9,19.9,4.8
AB-2026-13711,2026-01-02,Amazon,K-10129,PayPal,CAP-LG-S-WEI,Cap Logo,S,Weiss,1,24.9,24.9,6.0
AB-2026-13712,2026-02-25,Amazon,K-18454,Vorkasse,TEE-OVS-M-NAV,T-Shirt Oversized,M,Navy,1,34.9,34.9,9.0
AB-2026-13712,2026-02-25,Amazon,K-18454,Vorkasse,JOG-CL-M-WEI,Jogger Classic,M,Weiss,1,64.9,64.9,19.5
AB-2026-13712,2026-02-25,Amazon,K-18454,Vorkasse,HOOD-ZP-XS-WEI,Zip-Hoodie Heavy,XS,Weiss,1,89.9,89.9,28.0
AB-2026-13713,2026-04-16,Zalando,K-17699,Vorkasse,TEE-BAS-L-SCH,T-Shirt Basic,L,Schwarz,1,29.9,29.9,7.5
AB-2026-13713,2026-04-16,Zalando,K-17699,Vorkasse,TEE-BAS-M-SCH,T-Shirt Basic,M,Schwarz,1,29.9,29.9,7.5
AB-2026-13714,2026-01-16,Amazon,K-19779,PayPal,JOG-CL-XS-OLI,Jogger Classic,XS,Oliv,1,64.9,64.9,19.5
AB-2026-13714,2026-01-16,Amazon,K-19779,PayPal,HOOD-ZP-S-SCH,Zip-Hoodie Heavy,S,Schwarz,1,89.9,89.9,28.0
AB-2026-13715,2026-03-08,Eigener Shop,K-13332,PayPal,HOOD-ZP-S-SCH,Zip-Hoodie Heavy,S,Schwarz,1,89.9,89.9,28.0
AB-2026-13715,2026-03-08,Eigener Shop,K-13332,PayPal,CAP-LG-XL-OLI,Cap Logo,XL,Oliv,1,24.9,24.9,6.0
AB-2026-13716,2026-06-17,Eigener Shop,K-11961,PayPal,HOOD-ZP-L-SCH,Zip-Hoodie Heavy,L,Schwarz,1,89.9,89.9,28.0
AB-2026-13716,2026-06-17,Eigener Shop,K-11961,PayPal,KLEID-PR-M-OLI,Sommerkleid Print,M,Oliv,1,79.9,79.9,24.0
AB-2026-13716,2026-06-17,Eigener Shop,K-11961,PayPal,CAP-LG-S-SCH,Cap Logo,S,Schwarz,1,24.9,24.9,6.0
AB-2026-13717,2026-04-13,Zalando,K-18444,Rechnungskauf,CAP-LG-L-OLI,Cap Logo,L,Oliv,1,24.9,24.9,6.0
AB-2026-13718,2026-04-26,Eigener Shop,K-19005,Kreditkarte,HOOD-ZP-XL-SCH,Zip-Hoodie Heavy,XL,Schwarz,1,89.9,89.9,28.0
AB-2026-13719,2026-02-09,Amazon,K-16336,Kreditkarte,JKT-RN-XS-SCH,Regenjacke Tech,XS,Schwarz,1,119.9,119.9,84.0
AB-2026-13719,2026-02-09,Amazon,K-16336,Kreditkarte,JOG-CL-L-OLI,Jogger Classic,L,Oliv,1,64.9,64.9,19.5
AB-2026-13720,2026-05-15,Amazon,K-18778,PayPal,TEE-BAS-S-OLI,T-Shirt Basic,S,Oliv,1,29.9,29.9,7.5
AB-2026-13721,2026-06-22,Eigener Shop,K-18701,Kreditkarte,TEE-BAS-S-WEI,T-Shirt Basic,S,Weiss,1,29.9,29.9,7.5
AB-2026-13721,2026-06-22,Eigener Shop,K-18701,Kreditkarte,JOG-CL-XL-NAV,Jogger Classic,XL,Navy,1,64.9,64.9,19.5
AB-2026-13722,2026-03-02,Eigener Shop,K-18735,Vorkasse,HOOD-ZP-M-SCH,Zip-Hoodie Heavy,M,Schwarz,1,89.9,89.9,28.0
AB-2026-13722,2026-03-02,Eigener Shop,K-18735,Vorkasse,TEE-BAS-M-NAV,T-Shirt Basic,M,Navy,1,29.9,29.9,7.5
AB-2026-13723,2026-04-27,Eigener Shop,K-10743,Vorkasse,JOG-CL-XL-OLI,Jogger Classic,XL,Oliv,1,64.9,64.9,19.5
AB-2026-13724,2026-03-26,Eigener Shop,K-16328,PayPal,CAP-LG-XL-WEI,Cap Logo,XL,Weiss,1,24.9,24.9,6.0
AB-2026-13724,2026-03-26,Eigener Shop,K-16328,PayPal,CAP-LG-S-OLI,Cap Logo,S,Oliv,1,24.9,24.9,6.0
AB-2026-13725,2026-02-07,Eigener Shop,K-12217,PayPal,HOOD-ZP-XS-SCH,Zip-Hoodie Heavy,XS,Schwarz,1,89.9,89.9,28.0
AB-2026-13726,2026-06-27,Eigener Shop,K-16061,Rechnungskauf,TEE-BAS-L-WEI,T-Shirt Basic,L,Weiss,1,29.9,29.9,7.5
AB-2026-13727,2026-03-11,Eigener Shop,K-12350,Kreditkarte,HOOD-CL-XS-OLI,Hoodie Classic,XS,Oliv,1,69.9,69.9,21.0
AB-2026-13728,2026-05-27,Eigener Shop,K-12095,Rechnungskauf,JKT-RN-M-SCH,Regenjacke Tech,M,Schwarz,1,119.9,119.9,84.0
AB-2026-13729,2026-02-08,Eigener Shop,K-12132,Rechnungskauf,TEE-BAS-XS-WEI,T-Shirt Basic,XS,Weiss,1,29.9,29.9,7.5
AB-2026-13729,2026-02-08,Eigener Shop,K-12132,Rechnungskauf,HOOD-CL-L-OLI,Hoodie Classic,L,Oliv,1,69.9,69.9,21.0
AB-2026-13730,2026-05-20,Eigener Shop,K-11895,PayPal,JOG-CL-XL-WEI,Jogger Classic,XL,Weiss,1,64.9,64.9,19.5
AB-2026-13731,2026-05-10,Amazon,K-16195,PayPal,HOOD-CL-L-WEI,Hoodie Classic,L,Weiss,1,69.9,69.9,21.0
AB-2026-13732,2026-05-06,Amazon,K-16450,Kreditkarte,TEE-BAS-M-SCH,T-Shirt Basic,M,Schwarz,1,29.9,29.9,7.5
AB-2026-13733,2026-06-14,Eigener Shop,K-18607,Vorkasse,JKT-RN-M-SCH,Regenjacke Tech,M,Schwarz,1,119.9,119.9,84.0
AB-2026-13734,2026-04-11,Zalando,K-12601,Kreditkarte,JOG-CL-XS-SCH,Jogger Classic,XS,Schwarz,1,64.9,64.9,19.5
AB-2026-13735,2026-02-25,Amazon,K-17739,PayPal,JOG-CL-XL-OLI,Jogger Classic,XL,Oliv,1,64.9,64.9,19.5
AB-2026-13735,2026-02-25,Amazon,K-17739,PayPal,TEE-OVS-S-WEI,T-Shirt Oversized,S,Weiss,1,34.9,34.9,9.0
AB-2026-13736,2026-04-22,Eigener Shop,K-17361,Rechnungskauf,HOOD-CL-XL-OLI,Hoodie Classic,XL,Oliv,1,69.9,69.9,21.0
AB-2026-13736,2026-04-22,Eigener Shop,K-17361,Rechnungskauf,HOOD-CL-M-OLI,Hoodie Classic,M,Oliv,1,69.9,69.9,21.0
AB-2026-13737,2026-03-19,Amazon,K-13311,PayPal,HOOD-ZP-XL-WEI,Zip-Hoodie Heavy,XL,Weiss,1,89.9,89.9,28.0
AB-2026-13738,2026-04-18,Zalando,K-19302,PayPal,SOCK-3P-M-OLI,Sneaker Socken 3er-Pack,M,Oliv,1,19.9,19.9,4.8
AB-2026-13739,2026-03-28,Amazon,K-16254,Kreditkarte,HOOD-ZP-XL-SCH,Zip-Hoodie Heavy,XL,Schwarz,1,89.9,89.9,28.0
AB-2026-13739,2026-03-28,Amazon,K-16254,Kreditkarte,TEE-BAS-L-NAV,T-Shirt Basic,L,Navy,1,29.9,29.9,7.5
AB-2026-13739,2026-03-28,Amazon,K-16254,Kreditkarte,CAP-LG-XL-OLI,Cap Logo,XL,Oliv,1,24.9,24.9,6.0
AB-2026-13740,2026-04-20,Eigener Shop,K-10286,Vorkasse,HOOD-ZP-XS-WEI,Zip-Hoodie Heavy,XS,Weiss,1,89.9,89.9,28.0
AB-2026-13741,2026-05-06,Eigener Shop,K-17258,Vorkasse,KLEID-PR-S-SCH,Sommerkleid Print,S,Schwarz,1,79.9,79.9,24.0
AB-2026-13742,2026-02-09,Eigener Shop,K-15149,Kreditkarte,HOOD-ZP-S-WEI,Zip-Hoodie Heavy,S,Weiss,1,89.9,89.9,28.0
AB-2026-13743,2026-05-16,Zalando,K-18082,PayPal,HOOD-CL-M-OLI,Hoodie Classic,M,Oliv,1,69.9,69.9,21.0
AB-2026-13743,2026-05-16,Zalando,K-18082,PayPal,CAP-LG-S-NAV,Cap Logo,S,Navy,1,24.9,24.9,6.0
AB-2026-13744,2026-06-19,Eigener Shop,K-18350,Rechnungskauf,HOOD-ZP-L-WEI,Zip-Hoodie Heavy,L,Weiss,1,89.9,89.9,28.0
AB-2026-13744,2026-06-19,Eigener Shop,K-18350,Rechnungskauf,HOOD-CL-XL-OLI,Hoodie Classic,XL,Oliv,1,69.9,69.9,21.0
AB-2026-13744,2026-06-19,Eigener Shop,K-18350,Rechnungskauf,JOG-CL-XS-WEI,Jogger Classic,XS,Weiss,1,64.9,64.9,19.5
AB-2026-13745,2026-04-25,Eigener Shop,K-12891,Vorkasse,HOOD-ZP-S-WEI,Zip-Hoodie Heavy,S,Weiss,1,89.9,89.9,28.0
AB-2026-13746,2026-04-26,Eigener Shop,K-14879,Rechnungskauf,HOOD-ZP-XL-SCH,Zip-Hoodie Heavy,XL,Schwarz,1,89.9,89.9,28.0
AB-2026-13747,2026-06-01,Amazon,K-14172,Rechnungskauf,HOOD-ZP-S-WEI,Zip-Hoodie Heavy,S,Weiss,1,89.9,89.9,28.0
AB-2026-13747,2026-06-01,Amazon,K-14172,Rechnungskauf,HOOD-CL-L-WEI,Hoodie Classic,L,Weiss,1,69.9,69.9,21.0
AB-2026-13748,2026-06-27,Eigener Shop,K-19146,PayPal,CAP-LG-L-SCH,Cap Logo,L,Schwarz,1,24.9,24.9,6.0
AB-2026-13749,2026-05-03,Eigener Shop,K-17815,Vorkasse,KLEID-PR-S-NAV,Sommerkleid Print,S,Navy,1,79.9,79.9,24.0
AB-2026-13749,2026-05-03,Eigener Shop,K-17815,Vorkasse,HOOD-CL-M-NAV,Hoodie Classic,M,Navy,1,69.9,69.9,21.0
AB-2026-13750,2026-01-08,Amazon,K-17809,Kreditkarte,HOOD-CL-M-WEI,Hoodie Classic,M,Weiss,1,69.9,69.9,21.0
AB-2026-13751,2026-01-27,Eigener Shop,K-16365,Kreditkarte,HOOD-ZP-XS-WEI,Zip-Hoodie Heavy,XS,Weiss,1,89.9,89.9,28.0
AB-2026-13751,2026-01-27,Eigener Shop,K-16365,Kreditkarte,HOOD-ZP-S-WEI,Zip-Hoodie Heavy,S,Weiss,1,89.9,89.9,28.0
AB-2026-13752,2026-05-24,Eigener Shop,K-11363,Kreditkarte,JKT-RN-S-SCH,Regenjacke Tech,S,Schwarz,1,119.9,119.9,84.0
AB-2026-13753,2026-04-03,Eigener Shop,K-16304,Kreditkarte,JOG-CL-L-OLI,Jogger Classic,L,Oliv,1,64.9,64.9,19.5
AB-2026-13753,2026-04-03,Eigener Shop,K-16304,Kreditkarte,HOOD-CL-S-OLI,Hoodie Classic,S,Oliv,1,69.9,69.9,21.0
AB-2026-13754,2026-03-27,Eigener Shop,K-16543,Vorkasse,CAP-LG-L-NAV,Cap Logo,L,Navy,1,24.9,24.9,6.0
AB-2026-13754,2026-03-27,Eigener Shop,K-16543,Vorkasse,CAP-LG-XS-NAV,Cap Logo,XS,Navy,1,24.9,24.9,6.0
AB-2026-13755,2026-02-15,Eigener Shop,K-15323,Vorkasse,JOG-CL-M-WEI,Jogger Classic,M,Weiss,1,64.9,64.9,19.5
AB-2026-13756,2026-05-12,Eigener Shop,K-19199,Vorkasse,HOOD-CL-XS-WEI,Hoodie Classic,XS,Weiss,1,69.9,69.9,21.0
AB-2026-13756,2026-05-12,Eigener Shop,K-19199,Vorkasse,HOOD-CL-XL-WEI,Hoodie Classic,XL,Weiss,1,69.9,69.9,21.0
AB-2026-13756,2026-05-12,Eigener Shop,K-19199,Vorkasse,JKT-RN-S-WEI,Regenjacke Tech,S,Weiss,1,119.9,119.9,84.0
AB-2026-13756,2026-05-12,Eigener Shop,K-19199,Vorkasse,JKT-RN-XL-WEI,Regenjacke Tech,XL,Weiss,1,119.9,119.9,84.0
AB-2026-13757,2026-04-26,Eigener Shop,K-19673,Vorkasse,JOG-CL-S-OLI,Jogger Classic,S,Oliv,1,64.9,64.9,19.5
AB-2026-13758,2026-06-29,Eigener Shop,K-16578,Kreditkarte,TEE-BAS-XS-SCH,T-Shirt Basic,XS,Schwarz,1,29.9,29.9,7.5
AB-2026-13759,2026-06-23,Eigener Shop,K-14605,Vorkasse,JKT-RN-XL-WEI,Regenjacke Tech,XL,Weiss,1,119.9,119.9,84.0
AB-2026-13759,2026-06-23,Eigener Shop,K-14605,Vorkasse,HOOD-ZP-M-WEI,Zip-Hoodie Heavy,M,Weiss,1,89.9,89.9,28.0
AB-2026-13760,2026-05-24,Eigener Shop,K-13290,Vorkasse,JKT-RN-L-SCH,Regenjacke Tech,L,Schwarz,1,119.9,119.9,84.0
AB-2026-13760,2026-05-24,Eigener Shop,K-13290,Vorkasse,TEE-OVS-XS-NAV,T-Shirt Oversized,XS,Navy,1,34.9,34.9,9.0
AB-2026-13761,2026-03-08,Amazon,K-17281,Kreditkarte,HOOD-ZP-L-WEI,Zip-Hoodie Heavy,L,Weiss,1,89.9,89.9,28.0
AB-2026-13761,2026-03-08,Amazon,K-17281,Kreditkarte,JKT-RN-S-WEI,Regenjacke Tech,S,Weiss,1,119.9,119.9,84.0
AB-2026-13762,2026-04-23,Amazon,K-10872,Kreditkarte,JKT-RN-XL-WEI,Regenjacke Tech,XL,Weiss,1,119.9,119.9,84.0
AB-2026-13763,2026-04-03,Eigener Shop,K-19172,PayPal,TEE-BAS-XL-NAV,T-Shirt Basic,XL,Navy,1,29.9,29.9,7.5
AB-2026-13764,2026-02-28,Amazon,K-18154,Rechnungskauf,TEE-OVS-L-WEI,T-Shirt Oversized,L,Weiss,1,34.9,34.9,9.0
AB-2026-13764,2026-02-28,Amazon,K-18154,Rechnungskauf,HOOD-ZP-XS-WEI,Zip-Hoodie Heavy,XS,Weiss,1,89.9,89.9,28.0
AB-2026-13764,2026-02-28,Amazon,K-18154,Rechnungskauf,TEE-OVS-M-SCH,T-Shirt Oversized,M,Schwarz,1,34.9,34.9,9.0
AB-2026-13765,2026-04-25,Eigener Shop,K-10168,PayPal,TEE-OVS-S-WEI,T-Shirt Oversized,S,Weiss,1,34.9,34.9,9.0
AB-2026-13766,2026-05-05,Zalando,K-11523,Kreditkarte,KLEID-PR-M-SCH,Sommerkleid Print,M,Schwarz,1,79.9,79.9,24.0
AB-2026-13767,2026-01-23,Eigener Shop,K-18022,Rechnungskauf,HOOD-CL-S-OLI,Hoodie Classic,S,Oliv,1,69.9,69.9,21.0
AB-2026-13768,2026-04-07,Eigener Shop,K-19417,Kreditkarte,CAP-LG-XS-WEI,Cap Logo,XS,Weiss,1,24.9,24.9,6.0
AB-2026-13768,2026-04-07,Eigener Shop,K-19417,Kreditkarte,HOOD-CL-M-SCH,Hoodie Classic,M,Schwarz,1,69.9,69.9,21.0
AB-2026-13769,2026-04-27,Eigener Shop,K-17175,Kreditkarte,TEE-BAS-L-SCH,T-Shirt Basic,L,Schwarz,1,29.9,29.9,7.5
AB-2026-13770,2026-05-12,Zalando,K-17831,Vorkasse,TEE-OVS-M-OLI,T-Shirt Oversized,M,Oliv,1,34.9,34.9,9.0
AB-2026-13770,2026-05-12,Zalando,K-17831,Vorkasse,HOOD-ZP-XL-SCH,Zip-Hoodie Heavy,XL,Schwarz,1,89.9,89.9,28.0
AB-2026-13770,2026-05-12,Zalando,K-17831,Vorkasse,HOOD-CL-S-NAV,Hoodie Classic,S,Navy,1,69.9,69.9,21.0
AB-2026-13771,2026-04-11,Amazon,K-11397,Kreditkarte,HOOD-ZP-S-SCH,Zip-Hoodie Heavy,S,Schwarz,1,89.9,89.9,28.0
AB-2026-13772,2026-03-06,Amazon,K-13827,PayPal,KLEID-PR-XL-OLI,Sommerkleid Print,XL,Oliv,1,79.9,79.9,24.0
AB-2026-13772,2026-03-06,Amazon,K-13827,PayPal,HOOD-ZP-XL-WEI,Zip-Hoodie Heavy,XL,Weiss,1,89.9,89.9,28.0
AB-2026-13773,2026-04-15,Eigener Shop,K-11331,Kreditkarte,TEE-OVS-L-WEI,T-Shirt Oversized,L,Weiss,1,34.9,34.9,9.0
AB-2026-13774,2026-06-02,Eigener Shop,K-19444,Vorkasse,CAP-LG-XL-OLI,Cap Logo,XL,Oliv,1,24.9,24.9,6.0
AB-2026-13774,2026-06-02,Eigener Shop,K-19444,Vorkasse,JKT-RN-XS-SCH,Regenjacke Tech,XS,Schwarz,1,119.9,119.9,84.0
AB-2026-13775,2026-02-15,Amazon,K-19960,Kreditkarte,KLEID-PR-L-NAV,Sommerkleid Print,L,Navy,1,79.9,79.9,24.0
AB-2026-13776,2026-06-16,Amazon,K-15135,PayPal,KLEID-PR-XL-NAV,Sommerkleid Print,XL,Navy,1,79.9,79.9,24.0
AB-2026-13777,2026-01-29,Eigener Shop,K-11198,Vorkasse,TEE-BAS-S-OLI,T-Shirt Basic,S,Oliv,1,29.9,29.9,7.5
AB-2026-13777,2026-01-29,Eigener Shop,K-11198,Vorkasse,HOOD-CL-S-SCH,Hoodie Classic,S,Schwarz,1,69.9,69.9,21.0
AB-2026-13778,2026-05-30,Eigener Shop,K-14011,Kreditkarte,TEE-BAS-L-SCH,T-Shirt Basic,L,Schwarz,1,29.9,29.9,7.5
AB-2026-13779,2026-01-15,Zalando,K-14251,Kreditkarte,TEE-BAS-XS-OLI,T-Shirt Basic,XS,Oliv,1,29.9,29.9,7.5
AB-2026-13780,2026-06-12,Eigener Shop,K-13843,PayPal,TEE-OVS-XS-OLI,T-Shirt Oversized,XS,Oliv,1,34.9,34.9,9.0
AB-2026-13780,2026-06-12,Eigener Shop,K-13843,PayPal,SOCK-3P-S-SCH,Sneaker Socken 3er-Pack,S,Schwarz,1,19.9,19.9,4.8
AB-2026-13781,2026-06-03,Amazon,K-12552,Vorkasse,TEE-BAS-XL-OLI,T-Shirt Basic,XL,Oliv,1,29.9,29.9,7.5
AB-2026-13781,2026-06-03,Amazon,K-12552,Vorkasse,SOCK-3P-S-SCH,Sneaker Socken 3er-Pack,S,Schwarz,1,19.9,19.9,4.8
AB-2026-13782,2026-01-18,Zalando,K-12959,Kreditkarte,HOOD-CL-XL-SCH,Hoodie Classic,XL,Schwarz,1,69.9,69.9,21.0
AB-2026-13783,2026-01-27,Amazon,K-13343,PayPal,HOOD-ZP-XL-SCH,Zip-Hoodie Heavy,XL,Schwarz,1,89.9,89.9,28.0
AB-2026-13783,2026-01-27,Amazon,K-13343,PayPal,HOOD-ZP-M-WEI,Zip-Hoodie Heavy,M,Weiss,1,89.9,89.9,28.0
AB-2026-13784,2026-05-09,Eigener Shop,K-14868,Rechnungskauf,HOOD-ZP-S-SCH,Zip-Hoodie Heavy,S,Schwarz,1,89.9,89.9,28.0
AB-2026-13784,2026-05-09,Eigener Shop,K-14868,Rechnungskauf,JOG-CL-L-WEI,Jogger Classic,L,Weiss,1,64.9,64.9,19.5
AB-2026-13785,2026-04-18,Eigener Shop,K-17913,Rechnungskauf,JOG-CL-XS-SCH,Jogger Classic,XS,Schwarz,1,64.9,64.9,19.5
AB-2026-13786,2026-05-31,Eigener Shop,K-19590,PayPal,JKT-RN-XL-SCH,Regenjacke Tech,XL,Schwarz,1,119.9,119.9,84.0
AB-2026-13786,2026-05-31,Eigener Shop,K-19590,PayPal,TEE-OVS-XL-OLI,T-Shirt Oversized,XL,Oliv,1,34.9,34.9,9.0
AB-2026-13787,2026-06-03,Eigener Shop,K-17028,Rechnungskauf,TEE-BAS-L-SCH,T-Shirt Basic,L,Schwarz,1,29.9,29.9,7.5
AB-2026-13788,2026-04-19,Eigener Shop,K-15333,Rechnungskauf,HOOD-CL-L-WEI,Hoodie Classic,L,Weiss,1,69.9,69.9,21.0
AB-2026-13789,2026-02-24,Eigener Shop,K-13594,Rechnungskauf,SOCK-3P-M-WEI,Sneaker Socken 3er-Pack,M,Weiss,1,19.9,19.9,4.8
AB-2026-13789,2026-02-24,Eigener Shop,K-13594,Rechnungskauf,TEE-OVS-M-SCH,T-Shirt Oversized,M,Schwarz,1,34.9,34.9,9.0
AB-2026-13790,2026-04-17,Eigener Shop,K-13654,Vorkasse,TEE-OVS-S-NAV,T-Shirt Oversized,S,Navy,1,34.9,34.9,9.0
AB-2026-13791,2026-01-23,Eigener Shop,K-19092,Rechnungskauf,TEE-BAS-S-SCH,T-Shirt Basic,S,Schwarz,1,29.9,29.9,7.5
AB-2026-13792,2026-02-11,Eigener Shop,K-19280,Rechnungskauf,KLEID-PR-L-OLI,Sommerkleid Print,L,Oliv,1,79.9,79.9,24.0
AB-2026-13792,2026-02-11,Eigener Shop,K-19280,Rechnungskauf,HOOD-CL-L-NAV,Hoodie Classic,L,Navy,1,69.9,69.9,21.0
AB-2026-13793,2026-06-25,Amazon,K-11339,Kreditkarte,JKT-RN-L-SCH,Regenjacke Tech,L,Schwarz,1,119.9,119.9,84.0
AB-2026-13794,2026-02-12,Eigener Shop,K-13815,PayPal,JOG-CL-XL-SCH,Jogger Classic,XL,Schwarz,1,64.9,64.9,19.5
AB-2026-13795,2026-05-16,Zalando,K-13554,Rechnungskauf,CAP-LG-XL-OLI,Cap Logo,XL,Oliv,1,24.9,24.9,6.0
AB-2026-13795,2026-05-16,Zalando,K-13554,Rechnungskauf,HOOD-ZP-L-SCH,Zip-Hoodie Heavy,L,Schwarz,1,89.9,89.9,28.0
AB-2026-13796,2026-03-31,Amazon,K-19778,Kreditkarte,HOOD-CL-S-OLI,Hoodie Classic,S,Oliv,1,69.9,69.9,21.0
AB-2026-13797,2026-01-10,Eigener Shop,K-11970,Rechnungskauf,HOOD-ZP-XL-WEI,Zip-Hoodie Heavy,XL,Weiss,1,89.9,89.9,28.0
AB-2026-13797,2026-01-10,Eigener Shop,K-11970,Rechnungskauf,JKT-RN-M-WEI,Regenjacke Tech,M,Weiss,1,119.9,119.9,84.0
AB-2026-13797,2026-01-10,Eigener Shop,K-11970,Rechnungskauf,CAP-LG-XL-OLI,Cap Logo,XL,Oliv,1,24.9,24.9,6.0
AB-2026-13798,2026-05-18,Amazon,K-19423,Vorkasse,HOOD-CL-L-WEI,Hoodie Classic,L,Weiss,1,69.9,69.9,21.0
AB-2026-13799,2026-04-06,Eigener Shop,K-11294,Kreditkarte,HOOD-CL-M-WEI,Hoodie Classic,M,Weiss,1,69.9,69.9,21.0
AB-2026-13800,2026-05-21,Eigener Shop,K-11785,Vorkasse,HOOD-ZP-XL-SCH,Zip-Hoodie Heavy,XL,Schwarz,1,89.9,89.9,28.0
AB-2026-13801,2026-02-14,Eigener Shop,K-16292,Kreditkarte,JKT-RN-XL-SCH,Regenjacke Tech,XL,Schwarz,1,119.9,119.9,84.0
AB-2026-13802,2026-01-06,Amazon,K-10933,Rechnungskauf,HOOD-ZP-XS-SCH,Zip-Hoodie Heavy,XS,Schwarz,1,89.9,89.9,28.0
AB-2026-13803,2026-01-12,Eigener Shop,K-16708,Rechnungskauf,KLEID-PR-M-SCH,Sommerkleid Print,M,Schwarz,1,79.9,79.9,24.0
AB-2026-13803,2026-01-12,Eigener Shop,K-16708,Rechnungskauf,KLEID-PR-XL-SCH,Sommerkleid Print,XL,Schwarz,1,79.9,79.9,24.0
AB-2026-13803,2026-01-12,Eigener Shop,K-16708,Rechnungskauf,TEE-BAS-M-WEI,T-Shirt Basic,M,Weiss,1,29.9,29.9,7.5
AB-2026-13803,2026-01-12,Eigener Shop,K-16708,Rechnungskauf,TEE-BAS-S-WEI,T-Shirt Basic,S,Weiss,1,29.9,29.9,7.5
AB-2026-13804,2026-02-21,Amazon,K-11830,Rechnungskauf,CAP-LG-XL-SCH,Cap Logo,XL,Schwarz,1,24.9,24.9,6.0
AB-2026-13805,2026-06-01,Zalando,K-11050,PayPal,HOOD-ZP-S-WEI,Zip-Hoodie Heavy,S,Weiss,1,89.9,89.9,28.0
AB-2026-13805,2026-06-01,Zalando,K-11050,PayPal,TEE-BAS-XL-OLI,T-Shirt Basic,XL,Oliv,1,29.9,29.9,7.5
AB-2026-13806,2026-02-21,Amazon,K-19581,Rechnungskauf,JOG-CL-M-SCH,Jogger Classic,M,Schwarz,1,64.9,64.9,19.5
AB-2026-13806,2026-02-21,Amazon,K-19581,Rechnungskauf,KLEID-PR-M-SCH,Sommerkleid Print,M,Schwarz,1,79.9,79.9,24.0
AB-2026-13807,2026-06-21,Amazon,K-11241,PayPal,HOOD-ZP-L-WEI,Zip-Hoodie Heavy,L,Weiss,1,89.9,89.9,28.0
AB-2026-13807,2026-06-21,Amazon,K-11241,PayPal,TEE-BAS-M-OLI,T-Shirt Basic,M,Oliv,1,29.9,29.9,7.5
AB-2026-13808,2026-06-26,Eigener Shop,K-11146,Kreditkarte,SOCK-3P-XS-OLI,Sneaker Socken 3er-Pack,XS,Oliv,1,19.9,19.9,4.8
AB-2026-13809,2026-02-07,Amazon,K-12301,Kreditkarte,JKT-RN-L-SCH,Regenjacke Tech,L,Schwarz,1,119.9,119.9,84.0
AB-2026-13810,2026-01-16,Amazon,K-14122,Rechnungskauf,JOG-CL-XS-SCH,Jogger Classic,XS,Schwarz,1,64.9,64.9,19.5
AB-2026-13810,2026-01-16,Amazon,K-14122,Rechnungskauf,HOOD-ZP-XL-SCH,Zip-Hoodie Heavy,XL,Schwarz,1,89.9,89.9,28.0
AB-2026-13811,2026-05-22,Eigener Shop,K-15764,Kreditkarte,SOCK-3P-XL-OLI,Sneaker Socken 3er-Pack,XL,Oliv,1,19.9,19.9,4.8
AB-2026-13812,2026-02-22,Eigener Shop,K-14874,PayPal,HOOD-CL-XS-NAV,Hoodie Classic,XS,Navy,1,69.9,69.9,21.0
AB-2026-13813,2026-01-02,Amazon,K-17469,PayPal,JKT-RN-M-SCH,Regenjacke Tech,M,Schwarz,1,119.9,119.9,84.0
AB-2026-13814,2026-06-18,Eigener Shop,K-10253,Rechnungskauf,TEE-OVS-XL-NAV,T-Shirt Oversized,XL,Navy,1,34.9,34.9,9.0
AB-2026-13815,2026-05-31,Eigener Shop,K-10848,Vorkasse,HOOD-ZP-L-SCH,Zip-Hoodie Heavy,L,Schwarz,1,89.9,89.9,28.0
AB-2026-13816,2026-03-28,Amazon,K-16754,Rechnungskauf,HOOD-CL-M-WEI,Hoodie Classic,M,Weiss,1,69.9,69.9,21.0
AB-2026-13816,2026-03-28,Amazon,K-16754,Rechnungskauf,HOOD-ZP-L-SCH,Zip-Hoodie Heavy,L,Schwarz,1,89.9,89.9,28.0
AB-2026-13817,2026-03-26,Amazon,K-15565,Rechnungskauf,HOOD-CL-XS-NAV,Hoodie Classic,XS,Navy,1,69.9,69.9,21.0
AB-2026-13818,2026-03-17,Eigener Shop,K-15110,Kreditkarte,HOOD-CL-XS-NAV,Hoodie Classic,XS,Navy,1,69.9,69.9,21.0
AB-2026-13819,2026-02-21,Eigener Shop,K-12618,PayPal,HOOD-ZP-M-WEI,Zip-Hoodie Heavy,M,Weiss,1,89.9,89.9,28.0
AB-2026-13819,2026-02-21,Eigener Shop,K-12618,PayPal,HOOD-ZP-XL-WEI,Zip-Hoodie Heavy,XL,Weiss,1,89.9,89.9,28.0
AB-2026-13820,2026-06-18,Eigener Shop,K-19110,Rechnungskauf,KLEID-PR-XL-OLI,Sommerkleid Print,XL,Oliv,1,79.9,79.9,24.0
AB-2026-13821,2026-05-08,Eigener Shop,K-17373,Rechnungskauf,JKT-RN-XS-WEI,Regenjacke Tech,XS,Weiss,1,119.9,119.9,84.0
AB-2026-13822,2026-05-14,Amazon,K-17984,Kreditkarte,JKT-RN-XS-WEI,Regenjacke Tech,XS,Weiss,1,119.9,119.9,84.0
AB-2026-13822,2026-05-14,Amazon,K-17984,Kreditkarte,SOCK-3P-XS-NAV,Sneaker Socken 3er-Pack,XS,Navy,1,19.9,19.9,4.8
AB-2026-13822,2026-05-14,Amazon,K-17984,Kreditkarte,TEE-OVS-XS-NAV,T-Shirt Oversized,XS,Navy,1,34.9,34.9,9.0
AB-2026-13823,2026-02-04,Eigener Shop,K-15609,Rechnungskauf,HOOD-ZP-XL-WEI,Zip-Hoodie Heavy,XL,Weiss,1,89.9,89.9,28.0
AB-2026-13824,2026-02-11,Amazon,K-13802,Kreditkarte,HOOD-ZP-L-WEI,Zip-Hoodie Heavy,L,Weiss,1,89.9,89.9,28.0
AB-2026-13824,2026-02-11,Amazon,K-13802,Kreditkarte,HOOD-ZP-S-WEI,Zip-Hoodie Heavy,S,Weiss,1,89.9,89.9,28.0
AB-2026-13825,2026-04-11,Eigener Shop,K-11127,PayPal,JKT-RN-L-SCH,Regenjacke Tech,L,Schwarz,1,119.9,119.9,84.0
AB-2026-13825,2026-04-11,Eigener Shop,K-11127,PayPal,CAP-LG-M-SCH,Cap Logo,M,Schwarz,1,24.9,24.9,6.0
AB-2026-13826,2026-06-14,Amazon,K-12165,Kreditkarte,KLEID-PR-L-WEI,Sommerkleid Print,L,Weiss,1,79.9,79.9,24.0
AB-2026-13826,2026-06-14,Amazon,K-12165,Kreditkarte,JKT-RN-L-WEI,Regenjacke Tech,L,Weiss,1,119.9,119.9,84.0
AB-2026-13827,2026-06-30,Zalando,K-16192,Kreditkarte,HOOD-ZP-XS-SCH,Zip-Hoodie Heavy,XS,Schwarz,1,89.9,89.9,28.0
AB-2026-13827,2026-06-30,Zalando,K-16192,Kreditkarte,KLEID-PR-L-SCH,Sommerkleid Print,L,Schwarz,1,79.9,79.9,24.0
AB-2026-13828,2026-01-31,Eigener Shop,K-10288,Kreditkarte,SOCK-3P-M-OLI,Sneaker Socken 3er-Pack,M,Oliv,1,19.9,19.9,4.8
AB-2026-13828,2026-01-31,Eigener Shop,K-10288,Kreditkarte,JOG-CL-L-OLI,Jogger Classic,L,Oliv,1,64.9,64.9,19.5
AB-2026-13828,2026-01-31,Eigener Shop,K-10288,Kreditkarte,HOOD-ZP-L-WEI,Zip-Hoodie Heavy,L,Weiss,1,89.9,89.9,28.0
AB-2026-13829,2026-02-15,Amazon,K-12039,PayPal,HOOD-CL-L-OLI,Hoodie Classic,L,Oliv,1,69.9,69.9,21.0
AB-2026-13830,2026-04-07,Eigener Shop,K-12769,Vorkasse,SOCK-3P-M-OLI,Sneaker Socken 3er-Pack,M,Oliv,1,19.9,19.9,4.8
AB-2026-13830,2026-04-07,Eigener Shop,K-12769,Vorkasse,SOCK-3P-S-OLI,Sneaker Socken 3er-Pack,S,Oliv,1,19.9,19.9,4.8
AB-2026-13831,2026-04-15,Eigener Shop,K-10442,PayPal,CAP-LG-L-WEI,Cap Logo,L,Weiss,1,24.9,24.9,6.0
AB-2026-13831,2026-04-15,Eigener Shop,K-10442,PayPal,CAP-LG-XS-WEI,Cap Logo,XS,Weiss,1,24.9,24.9,6.0
AB-2026-13831,2026-04-15,Eigener Shop,K-10442,PayPal,HOOD-ZP-XS-WEI,Zip-Hoodie Heavy,XS,Weiss,1,89.9,89.9,28.0
AB-2026-13831,2026-04-15,Eigener Shop,K-10442,PayPal,HOOD-ZP-XL-WEI,Zip-Hoodie Heavy,XL,Weiss,1,89.9,89.9,28.0
AB-2026-13832,2026-04-15,Zalando,K-16494,Vorkasse,HOOD-ZP-S-WEI,Zip-Hoodie Heavy,S,Weiss,1,89.9,89.9,28.0
AB-2026-13832,2026-04-15,Zalando,K-16494,Vorkasse,KLEID-PR-XL-SCH,Sommerkleid Print,XL,Schwarz,1,79.9,79.9,24.0
AB-2026-13833,2026-03-03,Eigener Shop,K-11720,PayPal,HOOD-ZP-M-WEI,Zip-Hoodie Heavy,M,Weiss,1,89.9,89.9,28.0
AB-2026-13833,2026-03-03,Eigener Shop,K-11720,PayPal,JOG-CL-S-OLI,Jogger Classic,S,Oliv,1,64.9,64.9,19.5
AB-2026-13834,2026-01-26,Amazon,K-19096,Kreditkarte,SOCK-3P-XL-WEI,Sneaker Socken 3er-Pack,XL,Weiss,1,19.9,19.9,4.8
AB-2026-13834,2026-01-26,Amazon,K-19096,Kreditkarte,HOOD-ZP-S-SCH,Zip-Hoodie Heavy,S,Schwarz,1,89.9,89.9,28.0
AB-2026-13834,2026-01-26,Amazon,K-19096,Kreditkarte,SOCK-3P-XS-SCH,Sneaker Socken 3er-Pack,XS,Schwarz,1,19.9,19.9,4.8
AB-2026-13835,2026-01-10,Eigener Shop,K-19408,PayPal,TEE-BAS-S-OLI,T-Shirt Basic,S,Oliv,1,29.9,29.9,7.5
AB-2026-13836,2026-05-22,Zalando,K-19590,PayPal,KLEID-PR-M-NAV,Sommerkleid Print,M,Navy,1,79.9,79.9,24.0
AB-2026-13837,2026-06-04,Amazon,K-14330,PayPal,CAP-LG-M-OLI,Cap Logo,M,Oliv,1,24.9,24.9,6.0
AB-2026-13838,2026-04-04,Eigener Shop,K-10154,PayPal,HOOD-ZP-XS-WEI,Zip-Hoodie Heavy,XS,Weiss,1,89.9,89.9,28.0
AB-2026-13839,2026-03-09,Zalando,K-19622,PayPal,TEE-OVS-S-NAV,T-Shirt Oversized,S,Navy,1,34.9,34.9,9.0
AB-2026-13840,2026-03-16,Eigener Shop,K-11424,PayPal,JOG-CL-XS-NAV,Jogger Classic,XS,Navy,1,64.9,64.9,19.5
AB-2026-13841,2026-04-17,Eigener Shop,K-19526,PayPal,HOOD-ZP-M-SCH,Zip-Hoodie Heavy,M,Schwarz,1,89.9,89.9,28.0
AB-2026-13842,2026-01-10,Eigener Shop,K-17082,PayPal,HOOD-ZP-XL-SCH,Zip-Hoodie Heavy,XL,Schwarz,1,89.9,89.9,28.0
AB-2026-13842,2026-01-10,Eigener Shop,K-17082,PayPal,HOOD-ZP-L-WEI,Zip-Hoodie Heavy,L,Weiss,1,89.9,89.9,28.0
AB-2026-13842,2026-01-10,Eigener Shop,K-17082,PayPal,HOOD-ZP-XS-SCH,Zip-Hoodie Heavy,XS,Schwarz,1,89.9,89.9,28.0
AB-2026-13843,2026-03-05,Eigener Shop,K-11149,Kreditkarte,TEE-BAS-L-OLI,T-Shirt Basic,L,Oliv,1,29.9,29.9,7.5
AB-2026-13844,2026-01-04,Eigener Shop,K-13494,PayPal,JOG-CL-S-SCH,Jogger Classic,S,Schwarz,1,64.9,64.9,19.5
AB-2026-13845,2026-06-25,Eigener Shop,K-11706,PayPal,TEE-OVS-S-SCH,T-Shirt Oversized,S,Schwarz,1,34.9,34.9,9.0
AB-2026-13845,2026-06-25,Eigener Shop,K-11706,PayPal,TEE-BAS-XS-WEI,T-Shirt Basic,XS,Weiss,1,29.9,29.9,7.5
AB-2026-13846,2026-05-19,Amazon,K-10576,Rechnungskauf,JKT-RN-XS-SCH,Regenjacke Tech,XS,Schwarz,1,119.9,119.9,84.0
AB-2026-13846,2026-05-19,Amazon,K-10576,Rechnungskauf,JKT-RN-M-SCH,Regenjacke Tech,M,Schwarz,1,119.9,119.9,84.0
AB-2026-13846,2026-05-19,Amazon,K-10576,Rechnungskauf,CAP-LG-M-OLI,Cap Logo,M,Oliv,1,24.9,24.9,6.0
AB-2026-13846,2026-05-19,Amazon,K-10576,Rechnungskauf,CAP-LG-XL-OLI,Cap Logo,XL,Oliv,1,24.9,24.9,6.0
AB-2026-13846,2026-05-19,Amazon,K-10576,Rechnungskauf,HOOD-CL-M-OLI,Hoodie Classic,M,Oliv,1,69.9,69.9,21.0
AB-2026-13846,2026-05-19,Amazon,K-10576,Rechnungskauf,HOOD-CL-S-OLI,Hoodie Classic,S,Oliv,1,69.9,69.9,21.0
AB-2026-13847,2026-01-23,Zalando,K-12992,PayPal,TEE-OVS-XL-OLI,T-Shirt Oversized,XL,Oliv,1,34.9,34.9,9.0
AB-2026-13848,2026-03-28,Eigener Shop,K-19103,Kreditkarte,CAP-LG-L-SCH,Cap Logo,L,Schwarz,1,24.9,24.9,6.0
AB-2026-13848,2026-03-28,Eigener Shop,K-19103,Kreditkarte,CAP-LG-XL-SCH,Cap Logo,XL,Schwarz,1,24.9,24.9,6.0
AB-2026-13848,2026-03-28,Eigener Shop,K-19103,Kreditkarte,JOG-CL-XL-NAV,Jogger Classic,XL,Navy,1,64.9,64.9,19.5
AB-2026-13848,2026-03-28,Eigener Shop,K-19103,Kreditkarte,JOG-CL-S-NAV,Jogger Classic,S,Navy,1,64.9,64.9,19.5
AB-2026-13849,2026-03-04,Eigener Shop,K-18585,PayPal,TEE-OVS-S-WEI,T-Shirt Oversized,S,Weiss,1,34.9,34.9,9.0
AB-2026-13850,2026-02-13,Eigener Shop,K-13299,Rechnungskauf,JOG-CL-XS-SCH,Jogger Classic,XS,Schwarz,1,64.9,64.9,19.5
AB-2026-13850,2026-02-13,Eigener Shop,K-13299,Rechnungskauf,KLEID-PR-XS-OLI,Sommerkleid Print,XS,Oliv,1,79.9,79.9,24.0
AB-2026-13851,2026-05-14,Eigener Shop,K-19120,Kreditkarte,HOOD-CL-XS-OLI,Hoodie Classic,XS,Oliv,1,69.9,69.9,21.0
AB-2026-13851,2026-05-14,Eigener Shop,K-19120,Kreditkarte,HOOD-ZP-S-WEI,Zip-Hoodie Heavy,S,Weiss,1,89.9,89.9,28.0
AB-2026-13852,2026-03-30,Eigener Shop,K-12414,PayPal,JKT-RN-XL-SCH,Regenjacke Tech,XL,Schwarz,1,119.9,119.9,84.0
AB-2026-13852,2026-03-30,Eigener Shop,K-12414,PayPal,TEE-OVS-S-NAV,T-Shirt Oversized,S,Navy,1,34.9,34.9,9.0
AB-2026-13852,2026-03-30,Eigener Shop,K-12414,PayPal,TEE-OVS-L-SCH,T-Shirt Oversized,L,Schwarz,1,34.9,34.9,9.0
AB-2026-13853,2026-02-02,Eigener Shop,K-16340,Vorkasse,HOOD-ZP-L-SCH,Zip-Hoodie Heavy,L,Schwarz,1,89.9,89.9,28.0
AB-2026-13854,2026-02-02,Eigener Shop,K-10029,PayPal,HOOD-ZP-M-SCH,Zip-Hoodie Heavy,M,Schwarz,1,89.9,89.9,28.0
AB-2026-13855,2026-01-11,Eigener Shop,K-18478,PayPal,HOOD-ZP-L-SCH,Zip-Hoodie Heavy,L,Schwarz,1,89.9,89.9,28.0
AB-2026-13855,2026-01-11,Eigener Shop,K-18478,PayPal,HOOD-ZP-M-SCH,Zip-Hoodie Heavy,M,Schwarz,1,89.9,89.9,28.0
AB-2026-13855,2026-01-11,Eigener Shop,K-18478,PayPal,KLEID-PR-L-WEI,Sommerkleid Print,L,Weiss,1,79.9,79.9,24.0
AB-2026-13856,2026-01-21,Eigener Shop,K-12424,PayPal,KLEID-PR-S-NAV,Sommerkleid Print,S,Navy,1,79.9,79.9,24.0
AB-2026-13857,2026-02-21,Eigener Shop,K-14280,Rechnungskauf,TEE-OVS-S-SCH,T-Shirt Oversized,S,Schwarz,1,34.9,34.9,9.0
AB-2026-13858,2026-01-02,Eigener Shop,K-17911,Rechnungskauf,CAP-LG-L-NAV,Cap Logo,L,Navy,1,24.9,24.9,6.0
AB-2026-13858,2026-01-02,Eigener Shop,K-17911,Rechnungskauf,CAP-LG-M-NAV,Cap Logo,M,Navy,1,24.9,24.9,6.0
AB-2026-13859,2026-03-15,Eigener Shop,K-12359,Vorkasse,JKT-RN-S-SCH,Regenjacke Tech,S,Schwarz,1,119.9,119.9,84.0
AB-2026-13860,2026-06-28,Eigener Shop,K-10648,Rechnungskauf,CAP-LG-M-NAV,Cap Logo,M,Navy,1,24.9,24.9,6.0
AB-2026-13861,2026-02-28,Eigener Shop,K-11648,Rechnungskauf,SOCK-3P-M-OLI,Sneaker Socken 3er-Pack,M,Oliv,1,19.9,19.9,4.8
AB-2026-13861,2026-02-28,Eigener Shop,K-11648,Rechnungskauf,TEE-OVS-S-OLI,T-Shirt Oversized,S,Oliv,1,34.9,34.9,9.0
AB-2026-13862,2026-03-27,Eigener Shop,K-19734,Rechnungskauf,SOCK-3P-M-WEI,Sneaker Socken 3er-Pack,M,Weiss,1,19.9,19.9,4.8
AB-2026-13862,2026-03-27,Eigener Shop,K-19734,Rechnungskauf,SOCK-3P-XL-NAV,Sneaker Socken 3er-Pack,XL,Navy,1,19.9,19.9,4.8
AB-2026-13863,2026-03-16,Amazon,K-17903,Rechnungskauf,JKT-RN-XS-SCH,Regenjacke Tech,XS,Schwarz,1,119.9,119.9,84.0
AB-2026-13864,2026-03-08,Amazon,K-10745,Rechnungskauf,JKT-RN-M-WEI,Regenjacke Tech,M,Weiss,1,119.9,119.9,84.0
AB-2026-13865,2026-02-07,Amazon,K-19622,PayPal,TEE-BAS-L-WEI,T-Shirt Basic,L,Weiss,1,29.9,29.9,7.5
AB-2026-13866,2026-01-31,Eigener Shop,K-17391,PayPal,HOOD-CL-M-NAV,Hoodie Classic,M,Navy,1,69.9,69.9,21.0
AB-2026-13867,2026-06-27,Eigener Shop,K-17467,PayPal,JOG-CL-XS-WEI,Jogger Classic,XS,Weiss,1,64.9,64.9,19.5
AB-2026-13867,2026-06-27,Eigener Shop,K-17467,PayPal,JKT-RN-S-WEI,Regenjacke Tech,S,Weiss,1,119.9,119.9,84.0
AB-2026-13868,2026-03-16,Eigener Shop,K-14295,Vorkasse,HOOD-ZP-M-WEI,Zip-Hoodie Heavy,M,Weiss,1,89.9,89.9,28.0
AB-2026-13868,2026-03-16,Eigener Shop,K-14295,Vorkasse,HOOD-ZP-M-SCH,Zip-Hoodie Heavy,M,Schwarz,1,89.9,89.9,28.0
AB-2026-13868,2026-03-16,Eigener Shop,K-14295,Vorkasse,JOG-CL-XS-OLI,Jogger Classic,XS,Oliv,1,64.9,64.9,19.5
AB-2026-13869,2026-03-14,Amazon,K-14578,PayPal,HOOD-ZP-XL-WEI,Zip-Hoodie Heavy,XL,Weiss,1,89.9,89.9,28.0
AB-2026-13869,2026-03-14,Amazon,K-14578,PayPal,JKT-RN-M-SCH,Regenjacke Tech,M,Schwarz,1,119.9,119.9,84.0
AB-2026-13870,2026-01-12,Eigener Shop,K-10387,PayPal,HOOD-ZP-XL-SCH,Zip-Hoodie Heavy,XL,Schwarz,1,89.9,89.9,28.0
AB-2026-13871,2026-03-23,Amazon,K-14773,Rechnungskauf,JOG-CL-XL-OLI,Jogger Classic,XL,Oliv,1,64.9,64.9,19.5
AB-2026-13872,2026-05-28,Amazon,K-17613,Rechnungskauf,KLEID-PR-M-WEI,Sommerkleid Print,M,Weiss,1,79.9,79.9,24.0
AB-2026-13873,2026-03-05,Eigener Shop,K-13309,Rechnungskauf,KLEID-PR-S-OLI,Sommerkleid Print,S,Oliv,1,79.9,79.9,24.0
AB-2026-13874,2026-01-21,Eigener Shop,K-18536,Kreditkarte,JOG-CL-M-NAV,Jogger Classic,M,Navy,1,64.9,64.9,19.5
AB-2026-13874,2026-01-21,Eigener Shop,K-18536,Kreditkarte,HOOD-ZP-L-SCH,Zip-Hoodie Heavy,L,Schwarz,1,89.9,89.9,28.0
AB-2026-13875,2026-05-26,Eigener Shop,K-19993,Rechnungskauf,SOCK-3P-L-SCH,Sneaker Socken 3er-Pack,L,Schwarz,1,19.9,19.9,4.8
AB-2026-13876,2026-03-16,Eigener Shop,K-15653,PayPal,TEE-BAS-S-WEI,T-Shirt Basic,S,Weiss,1,29.9,29.9,7.5
AB-2026-13876,2026-03-16,Eigener Shop,K-15653,PayPal,TEE-OVS-L-WEI,T-Shirt Oversized,L,Weiss,1,34.9,34.9,9.0
AB-2026-13877,2026-04-05,Eigener Shop,K-19072,Kreditkarte,HOOD-ZP-XS-SCH,Zip-Hoodie Heavy,XS,Schwarz,1,89.9,89.9,28.0
AB-2026-13878,2026-06-12,Eigener Shop,K-16731,Rechnungskauf,SOCK-3P-M-OLI,Sneaker Socken 3er-Pack,M,Oliv,1,19.9,19.9,4.8
AB-2026-13878,2026-06-12,Eigener Shop,K-16731,Rechnungskauf,TEE-OVS-L-SCH,T-Shirt Oversized,L,Schwarz,1,34.9,34.9,9.0
AB-2026-13879,2026-05-07,Zalando,K-11546,Kreditkarte,TEE-OVS-M-WEI,T-Shirt Oversized,M,Weiss,1,34.9,34.9,9.0
AB-2026-13880,2026-02-16,Amazon,K-15505,Vorkasse,HOOD-CL-XL-WEI,Hoodie Classic,XL,Weiss,1,69.9,69.9,21.0
AB-2026-13880,2026-02-16,Amazon,K-15505,Vorkasse,SOCK-3P-S-WEI,Sneaker Socken 3er-Pack,S,Weiss,1,19.9,19.9,4.8
AB-2026-13881,2026-04-18,Eigener Shop,K-10415,Rechnungskauf,TEE-OVS-XL-OLI,T-Shirt Oversized,XL,Oliv,1,34.9,34.9,9.0
AB-2026-13881,2026-04-18,Eigener Shop,K-10415,Rechnungskauf,KLEID-PR-S-OLI,Sommerkleid Print,S,Oliv,1,79.9,79.9,24.0
AB-2026-13881,2026-04-18,Eigener Shop,K-10415,Rechnungskauf,TEE-BAS-M-WEI,T-Shirt Basic,M,Weiss,1,29.9,29.9,7.5
AB-2026-13882,2026-04-13,Amazon,K-16405,Kreditkarte,TEE-BAS-XL-NAV,T-Shirt Basic,XL,Navy,1,29.9,29.9,7.5
AB-2026-13882,2026-04-13,Amazon,K-16405,Kreditkarte,JKT-RN-XL-SCH,Regenjacke Tech,XL,Schwarz,1,119.9,119.9,84.0
AB-2026-13882,2026-04-13,Amazon,K-16405,Kreditkarte,TEE-BAS-XS-NAV,T-Shirt Basic,XS,Navy,1,29.9,29.9,7.5
AB-2026-13883,2026-06-02,Eigener Shop,K-15227,Rechnungskauf,JOG-CL-XL-SCH,Jogger Classic,XL,Schwarz,1,64.9,64.9,19.5
AB-2026-13883,2026-06-02,Eigener Shop,K-15227,Rechnungskauf,TEE-OVS-S-OLI,T-Shirt Oversized,S,Oliv,1,34.9,34.9,9.0
AB-2026-13884,2026-03-16,Zalando,K-11416,PayPal,JOG-CL-L-WEI,Jogger Classic,L,Weiss,1,64.9,64.9,19.5
AB-2026-13884,2026-03-16,Zalando,K-11416,PayPal,KLEID-PR-XS-WEI,Sommerkleid Print,XS,Weiss,1,79.9,79.9,24.0
AB-2026-13885,2026-01-26,Eigener Shop,K-18929,Kreditkarte,HOOD-ZP-S-WEI,Zip-Hoodie Heavy,S,Weiss,1,89.9,89.9,28.0
AB-2026-13886,2026-06-08,Eigener Shop,K-13901,Kreditkarte,KLEID-PR-L-SCH,Sommerkleid Print,L,Schwarz,1,79.9,79.9,24.0
AB-2026-13887,2026-05-09,Eigener Shop,K-17580,Vorkasse,SOCK-3P-S-NAV,Sneaker Socken 3er-Pack,S,Navy,1,19.9,19.9,4.8
AB-2026-13888,2026-04-08,Amazon,K-12360,Rechnungskauf,HOOD-ZP-XS-WEI,Zip-Hoodie Heavy,XS,Weiss,1,89.9,89.9,28.0
AB-2026-13889,2026-02-18,Zalando,K-18689,Vorkasse,HOOD-ZP-XL-SCH,Zip-Hoodie Heavy,XL,Schwarz,1,89.9,89.9,28.0
AB-2026-13889,2026-02-18,Zalando,K-18689,Vorkasse,TEE-OVS-L-SCH,T-Shirt Oversized,L,Schwarz,1,34.9,34.9,9.0
AB-2026-13890,2026-04-30,Eigener Shop,K-19353,Rechnungskauf,HOOD-CL-S-SCH,Hoodie Classic,S,Schwarz,1,69.9,69.9,21.0
AB-2026-13890,2026-04-30,Eigener Shop,K-19353,Rechnungskauf,JKT-RN-S-SCH,Regenjacke Tech,S,Schwarz,1,119.9,119.9,84.0
AB-2026-13891,2026-06-24,Amazon,K-10442,PayPal,SOCK-3P-XS-WEI,Sneaker Socken 3er-Pack,XS,Weiss,1,19.9,19.9,4.8
AB-2026-13891,2026-06-24,Amazon,K-10442,PayPal,SOCK-3P-S-WEI,Sneaker Socken 3er-Pack,S,Weiss,1,19.9,19.9,4.8
AB-2026-13891,2026-06-24,Amazon,K-10442,PayPal,KLEID-PR-XL-OLI,Sommerkleid Print,XL,Oliv,1,79.9,79.9,24.0
AB-2026-13891,2026-06-24,Amazon,K-10442,PayPal,KLEID-PR-L-OLI,Sommerkleid Print,L,Oliv,1,79.9,79.9,24.0
AB-2026-13891,2026-06-24,Amazon,K-10442,PayPal,TEE-OVS-XS-OLI,T-Shirt Oversized,XS,Oliv,1,34.9,34.9,9.0
AB-2026-13891,2026-06-24,Amazon,K-10442,PayPal,TEE-OVS-XL-OLI,T-Shirt Oversized,XL,Oliv,1,34.9,34.9,9.0
AB-2026-13892,2026-05-25,Zalando,K-11930,PayPal,HOOD-ZP-L-WEI,Zip-Hoodie Heavy,L,Weiss,1,89.9,89.9,28.0
AB-2026-13892,2026-05-25,Zalando,K-11930,PayPal,HOOD-ZP-M-SCH,Zip-Hoodie Heavy,M,Schwarz,1,89.9,89.9,28.0
AB-2026-13893,2026-03-13,Eigener Shop,K-12343,Rechnungskauf,CAP-LG-S-NAV,Cap Logo,S,Navy,1,24.9,24.9,6.0
AB-2026-13894,2026-02-21,Eigener Shop,K-18168,Vorkasse,KLEID-PR-XL-OLI,Sommerkleid Print,XL,Oliv,1,79.9,79.9,24.0
AB-2026-13895,2026-01-06,Zalando,K-12367,Rechnungskauf,JOG-CL-XL-WEI,Jogger Classic,XL,Weiss,1,64.9,64.9,19.5
AB-2026-13896,2026-02-09,Eigener Shop,K-15081,PayPal,TEE-OVS-XS-OLI,T-Shirt Oversized,XS,Oliv,1,34.9,34.9,9.0
AB-2026-13897,2026-01-31,Amazon,K-14911,PayPal,HOOD-ZP-M-SCH,Zip-Hoodie Heavy,M,Schwarz,1,89.9,89.9,28.0
AB-2026-13898,2026-05-02,Amazon,K-16898,PayPal,HOOD-ZP-XL-WEI,Zip-Hoodie Heavy,XL,Weiss,1,89.9,89.9,28.0
AB-2026-13898,2026-05-02,Amazon,K-16898,PayPal,JKT-RN-XL-SCH,Regenjacke Tech,XL,Schwarz,1,119.9,119.9,84.0
AB-2026-13898,2026-05-02,Amazon,K-16898,PayPal,HOOD-CL-L-OLI,Hoodie Classic,L,Oliv,1,69.9,69.9,21.0
AB-2026-13899,2026-01-27,Amazon,K-16334,Vorkasse,JKT-RN-S-WEI,Regenjacke Tech,S,Weiss,1,119.9,119.9,84.0
AB-2026-13900,2026-03-03,Zalando,K-13191,Vorkasse,HOOD-ZP-XS-SCH,Zip-Hoodie Heavy,XS,Schwarz,1,89.9,89.9,28.0
AB-2026-13901,2026-03-30,Zalando,K-11189,PayPal,JKT-RN-S-SCH,Regenjacke Tech,S,Schwarz,1,119.9,119.9,84.0
AB-2026-13901,2026-03-30,Zalando,K-11189,PayPal,HOOD-ZP-S-WEI,Zip-Hoodie Heavy,S,Weiss,1,89.9,89.9,28.0
AB-2026-13901,2026-03-30,Zalando,K-11189,PayPal,TEE-BAS-XS-WEI,T-Shirt Basic,XS,Weiss,1,29.9,29.9,7.5
AB-2026-13902,2026-01-28,Eigener Shop,K-19441,Rechnungskauf,TEE-OVS-L-WEI,T-Shirt Oversized,L,Weiss,1,34.9,34.9,9.0
AB-2026-13903,2026-02-22,Zalando,K-15061,Kreditkarte,CAP-LG-S-NAV,Cap Logo,S,Navy,1,24.9,24.9,6.0
AB-2026-13904,2026-02-03,Eigener Shop,K-18840,Kreditkarte,CAP-LG-L-OLI,Cap Logo,L,Oliv,1,24.9,24.9,6.0
AB-2026-13904,2026-02-03,Eigener Shop,K-18840,Kreditkarte,HOOD-ZP-XL-SCH,Zip-Hoodie Heavy,XL,Schwarz,1,89.9,89.9,28.0
AB-2026-13905,2026-03-30,Eigener Shop,K-14461,Rechnungskauf,SOCK-3P-L-SCH,Sneaker Socken 3er-Pack,L,Schwarz,1,19.9,19.9,4.8
AB-2026-13906,2026-05-14,Amazon,K-15368,Kreditkarte,HOOD-ZP-XL-WEI,Zip-Hoodie Heavy,XL,Weiss,1,89.9,89.9,28.0
AB-2026-13906,2026-05-14,Amazon,K-15368,Kreditkarte,CAP-LG-XS-WEI,Cap Logo,XS,Weiss,1,24.9,24.9,6.0
AB-2026-13907,2026-01-04,Eigener Shop,K-10665,Vorkasse,CAP-LG-S-NAV,Cap Logo,S,Navy,1,24.9,24.9,6.0
AB-2026-13907,2026-01-04,Eigener Shop,K-10665,Vorkasse,HOOD-CL-L-NAV,Hoodie Classic,L,Navy,1,69.9,69.9,21.0
AB-2026-13908,2026-04-04,Eigener Shop,K-13581,PayPal,HOOD-ZP-L-SCH,Zip-Hoodie Heavy,L,Schwarz,1,89.9,89.9,28.0
AB-2026-13909,2026-05-27,Eigener Shop,K-13769,Rechnungskauf,KLEID-PR-M-SCH,Sommerkleid Print,M,Schwarz,1,79.9,79.9,24.0
AB-2026-13909,2026-05-27,Eigener Shop,K-13769,Rechnungskauf,TEE-BAS-L-WEI,T-Shirt Basic,L,Weiss,1,29.9,29.9,7.5
AB-2026-13909,2026-05-27,Eigener Shop,K-13769,Rechnungskauf,TEE-OVS-XS-OLI,T-Shirt Oversized,XS,Oliv,1,34.9,34.9,9.0
AB-2026-13910,2026-02-24,Amazon,K-17727,PayPal,SOCK-3P-M-SCH,Sneaker Socken 3er-Pack,M,Schwarz,1,19.9,19.9,4.8
AB-2026-13911,2026-03-27,Amazon,K-12209,Rechnungskauf,TEE-OVS-L-SCH,T-Shirt Oversized,L,Schwarz,1,34.9,34.9,9.0
AB-2026-13911,2026-03-27,Amazon,K-12209,Rechnungskauf,TEE-OVS-S-SCH,T-Shirt Oversized,S,Schwarz,1,34.9,34.9,9.0
AB-2026-13911,2026-03-27,Amazon,K-12209,Rechnungskauf,TEE-OVS-XL-WEI,T-Shirt Oversized,XL,Weiss,1,34.9,34.9,9.0
AB-2026-13911,2026-03-27,Amazon,K-12209,Rechnungskauf,TEE-OVS-L-WEI,T-Shirt Oversized,L,Weiss,1,34.9,34.9,9.0
AB-2026-13912,2026-05-28,Zalando,K-12585,PayPal,JOG-CL-S-WEI,Jogger Classic,S,Weiss,1,64.9,64.9,19.5
AB-2026-13913,2026-04-05,Eigener Shop,K-11536,Rechnungskauf,HOOD-ZP-L-WEI,Zip-Hoodie Heavy,L,Weiss,1,89.9,89.9,28.0
AB-2026-13914,2026-04-03,Amazon,K-13580,Rechnungskauf,HOOD-ZP-XS-WEI,Zip-Hoodie Heavy,XS,Weiss,1,89.9,89.9,28.0
AB-2026-13915,2026-03-08,Amazon,K-14521,PayPal,TEE-BAS-XS-SCH,T-Shirt Basic,XS,Schwarz,1,29.9,29.9,7.5
AB-2026-13915,2026-03-08,Amazon,K-14521,PayPal,TEE-BAS-M-SCH,T-Shirt Basic,M,Schwarz,1,29.9,29.9,7.5
AB-2026-13916,2026-03-15,Zalando,K-12731,Rechnungskauf,TEE-OVS-L-NAV,T-Shirt Oversized,L,Navy,1,34.9,34.9,9.0
AB-2026-13917,2026-05-10,Eigener Shop,K-19574,Vorkasse,HOOD-ZP-M-WEI,Zip-Hoodie Heavy,M,Weiss,1,89.9,89.9,28.0
AB-2026-13918,2026-03-09,Zalando,K-17738,Rechnungskauf,TEE-BAS-M-SCH,T-Shirt Basic,M,Schwarz,1,29.9,29.9,7.5
AB-2026-13919,2026-03-10,Eigener Shop,K-10307,Kreditkarte,TEE-OVS-L-OLI,T-Shirt Oversized,L,Oliv,1,34.9,34.9,9.0
AB-2026-13920,2026-05-17,Eigener Shop,K-17401,PayPal,HOOD-CL-S-OLI,Hoodie Classic,S,Oliv,1,69.9,69.9,21.0
AB-2026-13920,2026-05-17,Eigener Shop,K-17401,PayPal,TEE-BAS-S-OLI,T-Shirt Basic,S,Oliv,1,29.9,29.9,7.5
AB-2026-13920,2026-05-17,Eigener Shop,K-17401,PayPal,JKT-RN-M-WEI,Regenjacke Tech,M,Weiss,1,119.9,119.9,84.0
AB-2026-13921,2026-02-17,Zalando,K-13273,Rechnungskauf,TEE-OVS-XL-SCH,T-Shirt Oversized,XL,Schwarz,1,34.9,34.9,9.0
AB-2026-13921,2026-02-17,Zalando,K-13273,Rechnungskauf,HOOD-CL-XS-WEI,Hoodie Classic,XS,Weiss,1,69.9,69.9,21.0
AB-2026-13921,2026-02-17,Zalando,K-13273,Rechnungskauf,CAP-LG-XL-WEI,Cap Logo,XL,Weiss,1,24.9,24.9,6.0
AB-2026-13922,2026-04-16,Eigener Shop,K-12870,PayPal,TEE-BAS-XL-OLI,T-Shirt Basic,XL,Oliv,1,29.9,29.9,7.5
AB-2026-13923,2026-01-18,Eigener Shop,K-15403,Kreditkarte,HOOD-CL-L-SCH,Hoodie Classic,L,Schwarz,1,69.9,69.9,21.0
AB-2026-13923,2026-01-18,Eigener Shop,K-15403,Kreditkarte,HOOD-ZP-M-WEI,Zip-Hoodie Heavy,M,Weiss,1,89.9,89.9,28.0
AB-2026-13924,2026-05-23,Eigener Shop,K-15492,Kreditkarte,HOOD-CL-L-WEI,Hoodie Classic,L,Weiss,1,69.9,69.9,21.0
AB-2026-13925,2026-02-17,Eigener Shop,K-16525,PayPal,TEE-BAS-XL-OLI,T-Shirt Basic,XL,Oliv,1,29.9,29.9,7.5
AB-2026-13925,2026-02-17,Eigener Shop,K-16525,PayPal,TEE-BAS-L-OLI,T-Shirt Basic,L,Oliv,1,29.9,29.9,7.5
AB-2026-13926,2026-05-03,Eigener Shop,K-16864,PayPal,JKT-RN-XL-SCH,Regenjacke Tech,XL,Schwarz,1,119.9,119.9,84.0
AB-2026-13927,2026-01-18,Zalando,K-18994,Kreditkarte,HOOD-ZP-XS-SCH,Zip-Hoodie Heavy,XS,Schwarz,1,89.9,89.9,28.0
AB-2026-13928,2026-05-20,Amazon,K-12909,Kreditkarte,HOOD-ZP-XS-WEI,Zip-Hoodie Heavy,XS,Weiss,1,89.9,89.9,28.0
AB-2026-13928,2026-05-20,Amazon,K-12909,Kreditkarte,HOOD-ZP-S-SCH,Zip-Hoodie Heavy,S,Schwarz,1,89.9,89.9,28.0
AB-2026-13928,2026-05-20,Amazon,K-12909,Kreditkarte,JKT-RN-M-WEI,Regenjacke Tech,M,Weiss,1,119.9,119.9,84.0
AB-2026-13929,2026-05-05,Eigener Shop,K-19919,PayPal,SOCK-3P-S-NAV,Sneaker Socken 3er-Pack,S,Navy,1,19.9,19.9,4.8
AB-2026-13930,2026-03-21,Eigener Shop,K-14388,Kreditkarte,HOOD-ZP-XS-SCH,Zip-Hoodie Heavy,XS,Schwarz,1,89.9,89.9,28.0
AB-2026-13930,2026-03-21,Eigener Shop,K-14388,Kreditkarte,KLEID-PR-L-NAV,Sommerkleid Print,L,Navy,1,79.9,79.9,24.0
AB-2026-13931,2026-05-06,Amazon,K-19895,Rechnungskauf,HOOD-ZP-L-WEI,Zip-Hoodie Heavy,L,Weiss,1,89.9,89.9,28.0
AB-2026-13932,2026-02-10,Eigener Shop,K-13899,Rechnungskauf,SOCK-3P-M-SCH,Sneaker Socken 3er-Pack,M,Schwarz,1,19.9,19.9,4.8
AB-2026-13932,2026-02-10,Eigener Shop,K-13899,Rechnungskauf,TEE-BAS-S-SCH,T-Shirt Basic,S,Schwarz,1,29.9,29.9,7.5
AB-2026-13933,2026-06-16,Eigener Shop,K-10207,PayPal,JOG-CL-XL-SCH,Jogger Classic,XL,Schwarz,1,64.9,64.9,19.5
AB-2026-13934,2026-06-02,Amazon,K-19185,Vorkasse,TEE-OVS-L-WEI,T-Shirt Oversized,L,Weiss,1,34.9,34.9,9.0
AB-2026-13934,2026-06-02,Amazon,K-19185,Vorkasse,TEE-OVS-S-WEI,T-Shirt Oversized,S,Weiss,1,34.9,34.9,9.0
AB-2026-13934,2026-06-02,Amazon,K-19185,Vorkasse,JKT-RN-M-WEI,Regenjacke Tech,M,Weiss,1,119.9,119.9,84.0
AB-2026-13934,2026-06-02,Amazon,K-19185,Vorkasse,JKT-RN-XL-WEI,Regenjacke Tech,XL,Weiss,1,119.9,119.9,84.0
AB-2026-13935,2026-05-01,Eigener Shop,K-11614,Kreditkarte,SOCK-3P-S-WEI,Sneaker Socken 3er-Pack,S,Weiss,1,19.9,19.9,4.8
AB-2026-13936,2026-04-01,Amazon,K-14158,Rechnungskauf,SOCK-3P-XS-WEI,Sneaker Socken 3er-Pack,XS,Weiss,1,19.9,19.9,4.8
AB-2026-13937,2026-01-21,Eigener Shop,K-14670,Rechnungskauf,KLEID-PR-XS-OLI,Sommerkleid Print,XS,Oliv,1,79.9,79.9,24.0
AB-2026-13938,2026-05-08,Eigener Shop,K-19432,Vorkasse,KLEID-PR-M-OLI,Sommerkleid Print,M,Oliv,1,79.9,79.9,24.0
AB-2026-13939,2026-01-16,Eigener Shop,K-14420,PayPal,CAP-LG-XL-NAV,Cap Logo,XL,Navy,1,24.9,24.9,6.0
AB-2026-13939,2026-01-16,Eigener Shop,K-14420,PayPal,SOCK-3P-XS-WEI,Sneaker Socken 3er-Pack,XS,Weiss,1,19.9,19.9,4.8
AB-2026-13939,2026-01-16,Eigener Shop,K-14420,PayPal,JKT-RN-XL-WEI,Regenjacke Tech,XL,Weiss,1,119.9,119.9,84.0
AB-2026-13940,2026-06-13,Eigener Shop,K-16838,Kreditkarte,CAP-LG-S-OLI,Cap Logo,S,Oliv,1,24.9,24.9,6.0
AB-2026-13940,2026-06-13,Eigener Shop,K-16838,Kreditkarte,TEE-BAS-L-OLI,T-Shirt Basic,L,Oliv,1,29.9,29.9,7.5
AB-2026-13941,2026-01-03,Amazon,K-13144,PayPal,SOCK-3P-S-SCH,Sneaker Socken 3er-Pack,S,Schwarz,1,19.9,19.9,4.8
AB-2026-13942,2026-04-15,Eigener Shop,K-13909,Rechnungskauf,HOOD-ZP-S-SCH,Zip-Hoodie Heavy,S,Schwarz,1,89.9,89.9,28.0
AB-2026-13942,2026-04-15,Eigener Shop,K-13909,Rechnungskauf,HOOD-ZP-L-WEI,Zip-Hoodie Heavy,L,Weiss,1,89.9,89.9,28.0
AB-2026-13943,2026-01-13,Eigener Shop,K-15104,Rechnungskauf,TEE-BAS-XL-WEI,T-Shirt Basic,XL,Weiss,1,29.9,29.9,7.5
AB-2026-13943,2026-01-13,Eigener Shop,K-15104,Rechnungskauf,HOOD-ZP-XL-WEI,Zip-Hoodie Heavy,XL,Weiss,1,89.9,89.9,28.0
AB-2026-13944,2026-01-04,Amazon,K-12732,Kreditkarte,KLEID-PR-XS-SCH,Sommerkleid Print,XS,Schwarz,1,79.9,79.9,24.0
AB-2026-13945,2026-01-10,Amazon,K-11001,Kreditkarte,CAP-LG-XS-SCH,Cap Logo,XS,Schwarz,1,24.9,24.9,6.0
AB-2026-13945,2026-01-10,Amazon,K-11001,Kreditkarte,SOCK-3P-M-WEI,Sneaker Socken 3er-Pack,M,Weiss,1,19.9,19.9,4.8
AB-2026-13946,2026-01-29,Zalando,K-10131,Kreditkarte,KLEID-PR-XS-SCH,Sommerkleid Print,XS,Schwarz,1,79.9,79.9,24.0
AB-2026-13947,2026-05-29,Amazon,K-10800,PayPal,TEE-BAS-XS-SCH,T-Shirt Basic,XS,Schwarz,1,29.9,29.9,7.5
AB-2026-13947,2026-05-29,Amazon,K-10800,PayPal,HOOD-ZP-XL-WEI,Zip-Hoodie Heavy,XL,Weiss,1,89.9,89.9,28.0
AB-2026-13947,2026-05-29,Amazon,K-10800,PayPal,TEE-OVS-M-SCH,T-Shirt Oversized,M,Schwarz,1,34.9,34.9,9.0
AB-2026-13948,2026-05-18,Amazon,K-13248,PayPal,HOOD-ZP-XS-WEI,Zip-Hoodie Heavy,XS,Weiss,1,89.9,89.9,28.0
AB-2026-13948,2026-05-18,Amazon,K-13248,PayPal,TEE-BAS-M-NAV,T-Shirt Basic,M,Navy,1,29.9,29.9,7.5
AB-2026-13949,2026-01-08,Eigener Shop,K-12903,PayPal,HOOD-ZP-L-SCH,Zip-Hoodie Heavy,L,Schwarz,1,89.9,89.9,28.0
AB-2026-13950,2026-06-03,Amazon,K-19181,Rechnungskauf,JOG-CL-L-OLI,Jogger Classic,L,Oliv,1,64.9,64.9,19.5
AB-2026-13951,2026-06-03,Eigener Shop,K-18759,PayPal,TEE-OVS-M-NAV,T-Shirt Oversized,M,Navy,1,34.9,34.9,9.0
AB-2026-13951,2026-06-03,Eigener Shop,K-18759,PayPal,KLEID-PR-XL-WEI,Sommerkleid Print,XL,Weiss,1,79.9,79.9,24.0
AB-2026-13952,2026-06-27,Eigener Shop,K-15070,Vorkasse,HOOD-ZP-S-WEI,Zip-Hoodie Heavy,S,Weiss,1,89.9,89.9,28.0
AB-2026-13953,2026-01-21,Eigener Shop,K-12205,PayPal,CAP-LG-S-SCH,Cap Logo,S,Schwarz,1,24.9,24.9,6.0
AB-2026-13954,2026-03-22,Eigener Shop,K-14428,Rechnungskauf,CAP-LG-XS-WEI,Cap Logo,XS,Weiss,1,24.9,24.9,6.0
AB-2026-13954,2026-03-22,Eigener Shop,K-14428,Rechnungskauf,CAP-LG-XL-WEI,Cap Logo,XL,Weiss,1,24.9,24.9,6.0
AB-2026-13955,2026-02-20,Amazon,K-18256,PayPal,TEE-BAS-XS-OLI,T-Shirt Basic,XS,Oliv,1,29.9,29.9,7.5
AB-2026-13955,2026-02-20,Amazon,K-18256,PayPal,HOOD-CL-XS-WEI,Hoodie Classic,XS,Weiss,1,69.9,69.9,21.0
AB-2026-13955,2026-02-20,Amazon,K-18256,PayPal,KLEID-PR-XS-OLI,Sommerkleid Print,XS,Oliv,1,79.9,79.9,24.0
AB-2026-13956,2026-02-21,Zalando,K-10828,Vorkasse,CAP-LG-XL-OLI,Cap Logo,XL,Oliv,1,24.9,24.9,6.0
AB-2026-13957,2026-01-26,Eigener Shop,K-14864,PayPal,HOOD-CL-L-WEI,Hoodie Classic,L,Weiss,1,69.9,69.9,21.0
AB-2026-13958,2026-06-14,Amazon,K-11379,PayPal,HOOD-ZP-XL-WEI,Zip-Hoodie Heavy,XL,Weiss,1,89.9,89.9,28.0
AB-2026-13958,2026-06-14,Amazon,K-11379,PayPal,KLEID-PR-XL-OLI,Sommerkleid Print,XL,Oliv,1,79.9,79.9,24.0
AB-2026-13959,2026-05-24,Zalando,K-15103,Vorkasse,KLEID-PR-S-SCH,Sommerkleid Print,S,Schwarz,1,79.9,79.9,24.0
AB-2026-13959,2026-05-24,Zalando,K-15103,Vorkasse,HOOD-ZP-XS-SCH,Zip-Hoodie Heavy,XS,Schwarz,1,89.9,89.9,28.0
AB-2026-13960,2026-03-16,Amazon,K-12496,Rechnungskauf,SOCK-3P-S-NAV,Sneaker Socken 3er-Pack,S,Navy,1,19.9,19.9,4.8
AB-2026-13961,2026-02-12,Eigener Shop,K-15224,PayPal,SOCK-3P-XS-NAV,Sneaker Socken 3er-Pack,XS,Navy,1,19.9,19.9,4.8
AB-2026-13961,2026-02-12,Eigener Shop,K-15224,PayPal,SOCK-3P-XL-NAV,Sneaker Socken 3er-Pack,XL,Navy,1,19.9,19.9,4.8
AB-2026-13961,2026-02-12,Eigener Shop,K-15224,PayPal,HOOD-ZP-S-SCH,Zip-Hoodie Heavy,S,Schwarz,1,89.9,89.9,28.0
AB-2026-13961,2026-02-12,Eigener Shop,K-15224,PayPal,HOOD-ZP-XL-SCH,Zip-Hoodie Heavy,XL,Schwarz,1,89.9,89.9,28.0
AB-2026-13962,2026-06-28,Eigener Shop,K-16270,Rechnungskauf,HOOD-ZP-XL-SCH,Zip-Hoodie Heavy,XL,Schwarz,1,89.9,89.9,28.0
AB-2026-13963,2026-04-08,Amazon,K-16102,Rechnungskauf,TEE-BAS-L-WEI,T-Shirt Basic,L,Weiss,1,29.9,29.9,7.5
AB-2026-13964,2026-01-24,Eigener Shop,K-10067,Rechnungskauf,SOCK-3P-XL-SCH,Sneaker Socken 3er-Pack,XL,Schwarz,1,19.9,19.9,4.8
AB-2026-13964,2026-01-24,Eigener Shop,K-10067,Rechnungskauf,TEE-OVS-S-NAV,T-Shirt Oversized,S,Navy,1,34.9,34.9,9.0
AB-2026-13965,2026-01-14,Amazon,K-18251,PayPal,HOOD-ZP-L-WEI,Zip-Hoodie Heavy,L,Weiss,1,89.9,89.9,28.0
AB-2026-13965,2026-01-14,Amazon,K-18251,PayPal,JKT-RN-M-WEI,Regenjacke Tech,M,Weiss,1,119.9,119.9,84.0
AB-2026-13966,2026-03-14,Eigener Shop,K-14848,Rechnungskauf,KLEID-PR-S-SCH,Sommerkleid Print,S,Schwarz,1,79.9,79.9,24.0
AB-2026-13967,2026-03-24,Zalando,K-13827,Vorkasse,HOOD-ZP-S-SCH,Zip-Hoodie Heavy,S,Schwarz,1,89.9,89.9,28.0
AB-2026-13968,2026-01-23,Eigener Shop,K-10632,Rechnungskauf,CAP-LG-XL-WEI,Cap Logo,XL,Weiss,1,24.9,24.9,6.0
AB-2026-13969,2026-01-26,Eigener Shop,K-10841,PayPal,SOCK-3P-S-WEI,Sneaker Socken 3er-Pack,S,Weiss,1,19.9,19.9,4.8
AB-2026-13970,2026-04-16,Eigener Shop,K-14433,PayPal,HOOD-ZP-M-SCH,Zip-Hoodie Heavy,M,Schwarz,1,89.9,89.9,28.0
AB-2026-13971,2026-02-14,Zalando,K-16775,Vorkasse,TEE-BAS-XS-SCH,T-Shirt Basic,XS,Schwarz,1,29.9,29.9,7.5
AB-2026-13972,2026-03-05,Eigener Shop,K-19262,PayPal,HOOD-ZP-XS-WEI,Zip-Hoodie Heavy,XS,Weiss,1,89.9,89.9,28.0
AB-2026-13972,2026-03-05,Eigener Shop,K-19262,PayPal,HOOD-CL-M-SCH,Hoodie Classic,M,Schwarz,1,69.9,69.9,21.0
AB-2026-13972,2026-03-05,Eigener Shop,K-19262,PayPal,CAP-LG-XL-NAV,Cap Logo,XL,Navy,1,24.9,24.9,6.0
AB-2026-13973,2026-02-14,Eigener Shop,K-18716,PayPal,HOOD-CL-XL-SCH,Hoodie Classic,XL,Schwarz,1,69.9,69.9,21.0
AB-2026-13973,2026-02-14,Eigener Shop,K-18716,PayPal,TEE-BAS-M-SCH,T-Shirt Basic,M,Schwarz,1,29.9,29.9,7.5
AB-2026-13973,2026-02-14,Eigener Shop,K-18716,PayPal,JKT-RN-XS-SCH,Regenjacke Tech,XS,Schwarz,1,119.9,119.9,84.0
AB-2026-13974,2026-04-15,Eigener Shop,K-14368,Rechnungskauf,TEE-BAS-S-NAV,T-Shirt Basic,S,Navy,1,29.9,29.9,7.5
AB-2026-13975,2026-03-21,Eigener Shop,K-10269,Rechnungskauf,HOOD-ZP-XL-SCH,Zip-Hoodie Heavy,XL,Schwarz,1,89.9,89.9,28.0
AB-2026-13976,2026-01-24,Eigener Shop,K-14690,PayPal,HOOD-ZP-S-SCH,Zip-Hoodie Heavy,S,Schwarz,1,89.9,89.9,28.0
AB-2026-13976,2026-01-24,Eigener Shop,K-14690,PayPal,HOOD-ZP-M-SCH,Zip-Hoodie Heavy,M,Schwarz,1,89.9,89.9,28.0
AB-2026-13977,2026-03-16,Eigener Shop,K-18239,Vorkasse,HOOD-CL-XS-OLI,Hoodie Classic,XS,Oliv,1,69.9,69.9,21.0
AB-2026-13977,2026-03-16,Eigener Shop,K-18239,Vorkasse,HOOD-CL-XL-NAV,Hoodie Classic,XL,Navy,1,69.9,69.9,21.0
AB-2026-13977,2026-03-16,Eigener Shop,K-18239,Vorkasse,JOG-CL-M-SCH,Jogger Classic,M,Schwarz,1,64.9,64.9,19.5
AB-2026-13978,2026-05-17,Zalando,K-18545,Rechnungskauf,TEE-OVS-M-OLI,T-Shirt Oversized,M,Oliv,1,34.9,34.9,9.0
AB-2026-13979,2026-03-12,Eigener Shop,K-10174,PayPal,JKT-RN-XS-SCH,Regenjacke Tech,XS,Schwarz,1,119.9,119.9,84.0
AB-2026-13980,2026-01-21,Eigener Shop,K-19014,PayPal,HOOD-CL-M-NAV,Hoodie Classic,M,Navy,1,69.9,69.9,21.0
AB-2026-13980,2026-01-21,Eigener Shop,K-19014,PayPal,HOOD-ZP-XL-SCH,Zip-Hoodie Heavy,XL,Schwarz,1,89.9,89.9,28.0
AB-2026-13981,2026-04-16,Eigener Shop,K-10155,Kreditkarte,HOOD-CL-M-OLI,Hoodie Classic,M,Oliv,1,69.9,69.9,21.0
AB-2026-13981,2026-04-16,Eigener Shop,K-10155,Kreditkarte,JKT-RN-S-WEI,Regenjacke Tech,S,Weiss,1,119.9,119.9,84.0
AB-2026-13981,2026-04-16,Eigener Shop,K-10155,Kreditkarte,HOOD-ZP-XL-WEI,Zip-Hoodie Heavy,XL,Weiss,1,89.9,89.9,28.0
AB-2026-13982,2026-06-08,Amazon,K-17888,Rechnungskauf,JKT-RN-XS-WEI,Regenjacke Tech,XS,Weiss,1,119.9,119.9,84.0
AB-2026-13983,2026-03-17,Zalando,K-15091,Kreditkarte,HOOD-CL-M-WEI,Hoodie Classic,M,Weiss,1,69.9,69.9,21.0
AB-2026-13984,2026-04-17,Eigener Shop,K-10836,Kreditkarte,HOOD-ZP-XL-SCH,Zip-Hoodie Heavy,XL,Schwarz,1,89.9,89.9,28.0
AB-2026-13985,2026-02-27,Eigener Shop,K-10895,PayPal,HOOD-CL-L-OLI,Hoodie Classic,L,Oliv,1,69.9,69.9,21.0
AB-2026-13985,2026-02-27,Eigener Shop,K-10895,PayPal,KLEID-PR-XL-NAV,Sommerkleid Print,XL,Navy,1,79.9,79.9,24.0
AB-2026-13986,2026-04-11,Amazon,K-18042,PayPal,TEE-BAS-XL-WEI,T-Shirt Basic,XL,Weiss,1,29.9,29.9,7.5
AB-2026-13987,2026-01-10,Eigener Shop,K-16048,Rechnungskauf,TEE-OVS-XS-NAV,T-Shirt Oversized,XS,Navy,1,34.9,34.9,9.0
AB-2026-13987,2026-01-10,Eigener Shop,K-16048,Rechnungskauf,JKT-RN-XL-WEI,Regenjacke Tech,XL,Weiss,1,119.9,119.9,84.0
AB-2026-13988,2026-05-24,Eigener Shop,K-15570,Kreditkarte,HOOD-ZP-L-WEI,Zip-Hoodie Heavy,L,Weiss,1,89.9,89.9,28.0
AB-2026-13988,2026-05-24,Eigener Shop,K-15570,Kreditkarte,KLEID-PR-S-OLI,Sommerkleid Print,S,Oliv,1,79.9,79.9,24.0
AB-2026-13989,2026-06-18,Amazon,K-17120,Rechnungskauf,TEE-OVS-XS-OLI,T-Shirt Oversized,XS,Oliv,1,34.9,34.9,9.0
AB-2026-13990,2026-03-20,Zalando,K-13198,PayPal,SOCK-3P-XS-NAV,Sneaker Socken 3er-Pack,XS,Navy,1,19.9,19.9,4.8
AB-2026-13991,2026-05-18,Eigener Shop,K-15429,PayPal,CAP-LG-L-WEI,Cap Logo,L,Weiss,1,24.9,24.9,6.0
AB-2026-13991,2026-05-18,Eigener Shop,K-15429,PayPal,HOOD-CL-M-SCH,Hoodie Classic,M,Schwarz,1,69.9,69.9,21.0
AB-2026-13992,2026-05-12,Amazon,K-19116,Rechnungskauf,JKT-RN-M-WEI,Regenjacke Tech,M,Weiss,1,119.9,119.9,84.0
AB-2026-13993,2026-05-04,Eigener Shop,K-19860,Vorkasse,TEE-OVS-M-SCH,T-Shirt Oversized,M,Schwarz,1,34.9,34.9,9.0
AB-2026-13994,2026-04-26,Eigener Shop,K-15467,PayPal,TEE-OVS-XS-NAV,T-Shirt Oversized,XS,Navy,1,34.9,34.9,9.0
AB-2026-13995,2026-05-15,Eigener Shop,K-16995,Rechnungskauf,TEE-OVS-L-OLI,T-Shirt Oversized,L,Oliv,1,34.9,34.9,9.0
AB-2026-13996,2026-01-22,Amazon,K-14690,PayPal,TEE-OVS-M-OLI,T-Shirt Oversized,M,Oliv,1,34.9,34.9,9.0
AB-2026-13997,2026-04-21,Zalando,K-14461,Kreditkarte,JOG-CL-S-NAV,Jogger Classic,S,Navy,1,64.9,64.9,19.5
AB-2026-13998,2026-01-22,Amazon,K-14875,Vorkasse,CAP-LG-S-WEI,Cap Logo,S,Weiss,1,24.9,24.9,6.0
AB-2026-13998,2026-01-22,Amazon,K-14875,Vorkasse,JOG-CL-S-NAV,Jogger Classic,S,Navy,1,64.9,64.9,19.5
AB-2026-13999,2026-03-24,Eigener Shop,K-19133,Kreditkarte,HOOD-ZP-S-SCH,Zip-Hoodie Heavy,S,Schwarz,1,89.9,89.9,28.0
AB-2026-14000,2026-03-12,Amazon,K-16044,Rechnungskauf,HOOD-CL-M-OLI,Hoodie Classic,M,Oliv,1,69.9,69.9,21.0
AB-2026-14001,2026-05-09,Eigener Shop,K-16291,Rechnungskauf,JOG-CL-M-OLI,Jogger Classic,M,Oliv,1,64.9,64.9,19.5
AB-2026-14002,2026-03-31,Eigener Shop,K-13906,Vorkasse,HOOD-ZP-L-SCH,Zip-Hoodie Heavy,L,Schwarz,1,89.9,89.9,28.0
AB-2026-14003,2026-03-30,Eigener Shop,K-10308,Kreditkarte,HOOD-ZP-XL-SCH,Zip-Hoodie Heavy,XL,Schwarz,1,89.9,89.9,28.0
AB-2026-14003,2026-03-30,Eigener Shop,K-10308,Kreditkarte,HOOD-ZP-XS-SCH,Zip-Hoodie Heavy,XS,Schwarz,1,89.9,89.9,28.0
AB-2026-14004,2026-06-08,Amazon,K-16606,Rechnungskauf,TEE-OVS-M-OLI,T-Shirt Oversized,M,Oliv,1,34.9,34.9,9.0
AB-2026-14004,2026-06-08,Amazon,K-16606,Rechnungskauf,TEE-OVS-M-NAV,T-Shirt Oversized,M,Navy,1,34.9,34.9,9.0
AB-2026-14005,2026-02-28,Eigener Shop,K-19311,Rechnungskauf,HOOD-ZP-S-WEI,Zip-Hoodie Heavy,S,Weiss,1,89.9,89.9,28.0
AB-2026-14006,2026-05-18,Eigener Shop,K-18617,Rechnungskauf,JOG-CL-S-WEI,Jogger Classic,S,Weiss,1,64.9,64.9,19.5
AB-2026-14006,2026-05-18,Eigener Shop,K-18617,Rechnungskauf,SOCK-3P-S-WEI,Sneaker Socken 3er-Pack,S,Weiss,1,19.9,19.9,4.8
AB-2026-14007,2026-01-05,Zalando,K-11168,Rechnungskauf,TEE-OVS-M-NAV,T-Shirt Oversized,M,Navy,1,34.9,34.9,9.0
AB-2026-14008,2026-05-03,Eigener Shop,K-10736,Rechnungskauf,TEE-BAS-S-WEI,T-Shirt Basic,S,Weiss,1,29.9,29.9,7.5
AB-2026-14008,2026-05-03,Eigener Shop,K-10736,Rechnungskauf,TEE-OVS-L-NAV,T-Shirt Oversized,L,Navy,1,34.9,34.9,9.0
AB-2026-14009,2026-01-06,Amazon,K-18368,PayPal,SOCK-3P-M-WEI,Sneaker Socken 3er-Pack,M,Weiss,1,19.9,19.9,4.8
AB-2026-14010,2026-04-26,Eigener Shop,K-17544,Rechnungskauf,JKT-RN-XS-SCH,Regenjacke Tech,XS,Schwarz,1,119.9,119.9,84.0
AB-2026-14011,2026-02-01,Eigener Shop,K-11853,PayPal,JKT-RN-XS-SCH,Regenjacke Tech,XS,Schwarz,1,119.9,119.9,84.0
AB-2026-14011,2026-02-01,Eigener Shop,K-11853,PayPal,HOOD-ZP-XS-SCH,Zip-Hoodie Heavy,XS,Schwarz,1,89.9,89.9,28.0
AB-2026-14012,2026-01-31,Zalando,K-14450,PayPal,SOCK-3P-XL-SCH,Sneaker Socken 3er-Pack,XL,Schwarz,1,19.9,19.9,4.8
AB-2026-14012,2026-01-31,Zalando,K-14450,PayPal,HOOD-ZP-XL-SCH,Zip-Hoodie Heavy,XL,Schwarz,1,89.9,89.9,28.0
AB-2026-14013,2026-03-20,Amazon,K-13841,Kreditkarte,JKT-RN-XS-WEI,Regenjacke Tech,XS,Weiss,1,119.9,119.9,84.0
AB-2026-14014,2026-04-02,Eigener Shop,K-15153,Rechnungskauf,HOOD-CL-XS-SCH,Hoodie Classic,XS,Schwarz,1,69.9,69.9,21.0
AB-2026-14014,2026-04-02,Eigener Shop,K-15153,Rechnungskauf,SOCK-3P-XS-NAV,Sneaker Socken 3er-Pack,XS,Navy,1,19.9,19.9,4.8
AB-2026-14015,2026-03-17,Eigener Shop,K-11171,Kreditkarte,HOOD-ZP-XS-SCH,Zip-Hoodie Heavy,XS,Schwarz,1,89.9,89.9,28.0
AB-2026-14015,2026-03-17,Eigener Shop,K-11171,Kreditkarte,SOCK-3P-S-OLI,Sneaker Socken 3er-Pack,S,Oliv,1,19.9,19.9,4.8
AB-2026-14016,2026-05-13,Zalando,K-19520,Rechnungskauf,CAP-LG-XS-OLI,Cap Logo,XS,Oliv,1,24.9,24.9,6.0
AB-2026-14016,2026-05-13,Zalando,K-19520,Rechnungskauf,CAP-LG-S-OLI,Cap Logo,S,Oliv,1,24.9,24.9,6.0
AB-2026-14017,2026-04-02,Eigener Shop,K-16329,Rechnungskauf,KLEID-PR-M-WEI,Sommerkleid Print,M,Weiss,1,79.9,79.9,24.0
AB-2026-14017,2026-04-02,Eigener Shop,K-16329,Rechnungskauf,JOG-CL-XS-OLI,Jogger Classic,XS,Oliv,1,64.9,64.9,19.5
AB-2026-14018,2026-01-15,Zalando,K-18115,Kreditkarte,KLEID-PR-XL-OLI,Sommerkleid Print,XL,Oliv,1,79.9,79.9,24.0
AB-2026-14019,2026-06-11,Eigener Shop,K-15094,Rechnungskauf,SOCK-3P-L-SCH,Sneaker Socken 3er-Pack,L,Schwarz,1,19.9,19.9,4.8
AB-2026-14019,2026-06-11,Eigener Shop,K-15094,Rechnungskauf,HOOD-ZP-XS-WEI,Zip-Hoodie Heavy,XS,Weiss,1,89.9,89.9,28.0
AB-2026-14020,2026-04-16,Eigener Shop,K-10103,Rechnungskauf,JOG-CL-L-WEI,Jogger Classic,L,Weiss,1,64.9,64.9,19.5
AB-2026-14021,2026-05-11,Amazon,K-15449,Rechnungskauf,TEE-OVS-S-SCH,T-Shirt Oversized,S,Schwarz,1,34.9,34.9,9.0
AB-2026-14022,2026-04-13,Eigener Shop,K-13752,Kreditkarte,KLEID-PR-M-NAV,Sommerkleid Print,M,Navy,1,79.9,79.9,24.0
AB-2026-14022,2026-04-13,Eigener Shop,K-13752,Kreditkarte,KLEID-PR-S-NAV,Sommerkleid Print,S,Navy,1,79.9,79.9,24.0
AB-2026-14023,2026-03-05,Zalando,K-10603,PayPal,HOOD-ZP-XS-WEI,Zip-Hoodie Heavy,XS,Weiss,1,89.9,89.9,28.0
AB-2026-14024,2026-06-01,Eigener Shop,K-19297,Kreditkarte,TEE-BAS-L-SCH,T-Shirt Basic,L,Schwarz,1,29.9,29.9,7.5
AB-2026-14025,2026-02-02,Amazon,K-19636,Kreditkarte,JOG-CL-M-SCH,Jogger Classic,M,Schwarz,1,64.9,64.9,19.5
AB-2026-14026,2026-03-06,Amazon,K-17111,PayPal,SOCK-3P-S-WEI,Sneaker Socken 3er-Pack,S,Weiss,1,19.9,19.9,4.8
AB-2026-14027,2026-02-15,Eigener Shop,K-12565,Vorkasse,HOOD-ZP-XS-SCH,Zip-Hoodie Heavy,XS,Schwarz,1,89.9,89.9,28.0
AB-2026-14027,2026-02-15,Eigener Shop,K-12565,Vorkasse,HOOD-CL-M-OLI,Hoodie Classic,M,Oliv,1,69.9,69.9,21.0
AB-2026-14027,2026-02-15,Eigener Shop,K-12565,Vorkasse,HOOD-ZP-L-WEI,Zip-Hoodie Heavy,L,Weiss,1,89.9,89.9,28.0
AB-2026-14028,2026-05-10,Eigener Shop,K-18320,PayPal,HOOD-ZP-S-SCH,Zip-Hoodie Heavy,S,Schwarz,1,89.9,89.9,28.0
AB-2026-14029,2026-04-16,Amazon,K-13032,Kreditkarte,JKT-RN-L-SCH,Regenjacke Tech,L,Schwarz,1,119.9,119.9,84.0
AB-2026-14030,2026-01-26,Amazon,K-15305,PayPal,HOOD-ZP-S-SCH,Zip-Hoodie Heavy,S,Schwarz,1,89.9,89.9,28.0
AB-2026-14030,2026-01-26,Amazon,K-15305,PayPal,SOCK-3P-XS-OLI,Sneaker Socken 3er-Pack,XS,Oliv,1,19.9,19.9,4.8
AB-2026-14030,2026-01-26,Amazon,K-15305,PayPal,TEE-OVS-L-WEI,T-Shirt Oversized,L,Weiss,1,34.9,34.9,9.0
AB-2026-14031,2026-05-29,Eigener Shop,K-11104,Rechnungskauf,KLEID-PR-XL-OLI,Sommerkleid Print,XL,Oliv,1,79.9,79.9,24.0
AB-2026-14031,2026-05-29,Eigener Shop,K-11104,Rechnungskauf,HOOD-ZP-XL-SCH,Zip-Hoodie Heavy,XL,Schwarz,1,89.9,89.9,28.0
AB-2026-14031,2026-05-29,Eigener Shop,K-11104,Rechnungskauf,SOCK-3P-XL-OLI,Sneaker Socken 3er-Pack,XL,Oliv,1,19.9,19.9,4.8
AB-2026-14032,2026-06-05,Eigener Shop,K-14548,PayPal,HOOD-ZP-L-WEI,Zip-Hoodie Heavy,L,Weiss,1,89.9,89.9,28.0
AB-2026-14032,2026-06-05,Eigener Shop,K-14548,PayPal,HOOD-ZP-L-WEI,Zip-Hoodie Heavy,L,Weiss,1,89.9,89.9,28.0
AB-2026-14032,2026-06-05,Eigener Shop,K-14548,PayPal,TEE-BAS-XS-NAV,T-Shirt Basic,XS,Navy,1,29.9,29.9,7.5
AB-2026-14033,2026-03-04,Amazon,K-11642,PayPal,JKT-RN-XS-WEI,Regenjacke Tech,XS,Weiss,1,119.9,119.9,84.0
AB-2026-14034,2026-04-05,Eigener Shop,K-19659,PayPal,TEE-OVS-L-OLI,T-Shirt Oversized,L,Oliv,1,34.9,34.9,9.0
AB-2026-14035,2026-03-01,Amazon,K-15881,Kreditkarte,CAP-LG-XL-WEI,Cap Logo,XL,Weiss,1,24.9,24.9,6.0
AB-2026-14035,2026-03-01,Amazon,K-15881,Kreditkarte,SOCK-3P-M-NAV,Sneaker Socken 3er-Pack,M,Navy,1,19.9,19.9,4.8
AB-2026-14036,2026-01-26,Eigener Shop,K-11062,PayPal,TEE-BAS-XL-WEI,T-Shirt Basic,XL,Weiss,1,29.9,29.9,7.5
AB-2026-14036,2026-01-26,Eigener Shop,K-11062,PayPal,TEE-BAS-XS-WEI,T-Shirt Basic,XS,Weiss,1,29.9,29.9,7.5
AB-2026-14037,2026-01-06,Eigener Shop,K-10166,PayPal,KLEID-PR-XL-NAV,Sommerkleid Print,XL,Navy,1,79.9,79.9,24.0
AB-2026-14037,2026-01-06,Eigener Shop,K-10166,PayPal,TEE-BAS-M-OLI,T-Shirt Basic,M,Oliv,1,29.9,29.9,7.5
AB-2026-14038,2026-03-17,Eigener Shop,K-11746,Vorkasse,SOCK-3P-M-NAV,Sneaker Socken 3er-Pack,M,Navy,1,19.9,19.9,4.8
AB-2026-14039,2026-03-12,Eigener Shop,K-17157,PayPal,HOOD-ZP-S-SCH,Zip-Hoodie Heavy,S,Schwarz,1,89.9,89.9,28.0
AB-2026-14039,2026-03-12,Eigener Shop,K-17157,PayPal,HOOD-ZP-XL-SCH,Zip-Hoodie Heavy,XL,Schwarz,1,89.9,89.9,28.0
AB-2026-14040,2026-05-31,Eigener Shop,K-10778,PayPal,HOOD-ZP-S-SCH,Zip-Hoodie Heavy,S,Schwarz,1,89.9,89.9,28.0
AB-2026-14040,2026-05-31,Eigener Shop,K-10778,PayPal,HOOD-ZP-M-SCH,Zip-Hoodie Heavy,M,Schwarz,1,89.9,89.9,28.0
AB-2026-14041,2026-05-12,Eigener Shop,K-13691,PayPal,HOOD-ZP-M-SCH,Zip-Hoodie Heavy,M,Schwarz,1,89.9,89.9,28.0
AB-2026-14041,2026-05-12,Eigener Shop,K-13691,PayPal,HOOD-ZP-XS-WEI,Zip-Hoodie Heavy,XS,Weiss,1,89.9,89.9,28.0
AB-2026-14042,2026-05-13,Zalando,K-15287,PayPal,HOOD-CL-XL-WEI,Hoodie Classic,XL,Weiss,1,69.9,69.9,21.0
AB-2026-14043,2026-02-19,Amazon,K-17474,Kreditkarte,HOOD-CL-XS-OLI,Hoodie Classic,XS,Oliv,1,69.9,69.9,21.0
AB-2026-14043,2026-02-19,Amazon,K-17474,Kreditkarte,JOG-CL-XS-SCH,Jogger Classic,XS,Schwarz,1,64.9,64.9,19.5
AB-2026-14044,2026-01-27,Zalando,K-18174,Rechnungskauf,JKT-RN-M-SCH,Regenjacke Tech,M,Schwarz,1,119.9,119.9,84.0
AB-2026-14044,2026-01-27,Zalando,K-18174,Rechnungskauf,KLEID-PR-L-SCH,Sommerkleid Print,L,Schwarz,1,79.9,79.9,24.0
AB-2026-14045,2026-04-01,Amazon,K-12827,PayPal,HOOD-ZP-XL-WEI,Zip-Hoodie Heavy,XL,Weiss,1,89.9,89.9,28.0
AB-2026-14046,2026-03-11,Amazon,K-15639,PayPal,HOOD-ZP-M-WEI,Zip-Hoodie Heavy,M,Weiss,1,89.9,89.9,28.0
AB-2026-14047,2026-01-25,Eigener Shop,K-10057,Kreditkarte,KLEID-PR-L-SCH,Sommerkleid Print,L,Schwarz,1,79.9,79.9,24.0
AB-2026-14047,2026-01-25,Eigener Shop,K-10057,Kreditkarte,KLEID-PR-XL-WEI,Sommerkleid Print,XL,Weiss,1,79.9,79.9,24.0
AB-2026-14048,2026-06-02,Amazon,K-15841,PayPal,HOOD-ZP-M-SCH,Zip-Hoodie Heavy,M,Schwarz,1,89.9,89.9,28.0
AB-2026-14048,2026-06-02,Amazon,K-15841,PayPal,CAP-LG-S-OLI,Cap Logo,S,Oliv,1,24.9,24.9,6.0
AB-2026-14049,2026-03-11,Eigener Shop,K-13063,PayPal,JOG-CL-XS-OLI,Jogger Classic,XS,Oliv,1,64.9,64.9,19.5
AB-2026-14049,2026-03-11,Eigener Shop,K-13063,PayPal,KLEID-PR-XS-NAV,Sommerkleid Print,XS,Navy,1,79.9,79.9,24.0
AB-2026-14049,2026-03-11,Eigener Shop,K-13063,PayPal,TEE-BAS-L-SCH,T-Shirt Basic,L,Schwarz,1,29.9,29.9,7.5
AB-2026-14050,2026-03-26,Eigener Shop,K-15397,Kreditkarte,TEE-OVS-S-NAV,T-Shirt Oversized,S,Navy,1,34.9,34.9,9.0
AB-2026-14051,2026-02-03,Eigener Shop,K-10239,PayPal,HOOD-ZP-XL-SCH,Zip-Hoodie Heavy,XL,Schwarz,1,89.9,89.9,28.0
AB-2026-14051,2026-02-03,Eigener Shop,K-10239,PayPal,SOCK-3P-XS-WEI,Sneaker Socken 3er-Pack,XS,Weiss,1,19.9,19.9,4.8
AB-2026-14052,2026-03-26,Eigener Shop,K-13330,PayPal,SOCK-3P-XS-OLI,Sneaker Socken 3er-Pack,XS,Oliv,1,19.9,19.9,4.8
AB-2026-14053,2026-03-10,Eigener Shop,K-17915,Vorkasse,HOOD-ZP-M-WEI,Zip-Hoodie Heavy,M,Weiss,1,89.9,89.9,28.0
AB-2026-14053,2026-03-10,Eigener Shop,K-17915,Vorkasse,HOOD-ZP-M-SCH,Zip-Hoodie Heavy,M,Schwarz,1,89.9,89.9,28.0
AB-2026-14054,2026-03-31,Eigener Shop,K-10337,Kreditkarte,HOOD-ZP-M-WEI,Zip-Hoodie Heavy,M,Weiss,1,89.9,89.9,28.0
AB-2026-14055,2026-05-01,Eigener Shop,K-12710,Rechnungskauf,CAP-LG-M-NAV,Cap Logo,M,Navy,1,24.9,24.9,6.0
AB-2026-14056,2026-05-01,Zalando,K-15109,PayPal,HOOD-CL-XS-NAV,Hoodie Classic,XS,Navy,1,69.9,69.9,21.0
AB-2026-14057,2026-06-08,Amazon,K-10540,Vorkasse,JKT-RN-L-WEI,Regenjacke Tech,L,Weiss,1,119.9,119.9,84.0
AB-2026-14058,2026-06-29,Eigener Shop,K-17716,Kreditkarte,HOOD-ZP-L-WEI,Zip-Hoodie Heavy,L,Weiss,1,89.9,89.9,28.0
AB-2026-14059,2026-01-10,Zalando,K-12635,PayPal,TEE-BAS-L-WEI,T-Shirt Basic,L,Weiss,1,29.9,29.9,7.5
AB-2026-14059,2026-01-10,Zalando,K-12635,PayPal,JKT-RN-S-WEI,Regenjacke Tech,S,Weiss,1,119.9,119.9,84.0
AB-2026-14060,2026-06-01,Eigener Shop,K-17457,Kreditkarte,JKT-RN-M-SCH,Regenjacke Tech,M,Schwarz,1,119.9,119.9,84.0
AB-2026-14060,2026-06-01,Eigener Shop,K-17457,Kreditkarte,KLEID-PR-L-SCH,Sommerkleid Print,L,Schwarz,1,79.9,79.9,24.0
AB-2026-14061,2026-03-24,Eigener Shop,K-17209,Vorkasse,CAP-LG-S-OLI,Cap Logo,S,Oliv,1,24.9,24.9,6.0
AB-2026-14061,2026-03-24,Eigener Shop,K-17209,Vorkasse,TEE-OVS-M-WEI,T-Shirt Oversized,M,Weiss,1,34.9,34.9,9.0
AB-2026-14061,2026-03-24,Eigener Shop,K-17209,Vorkasse,SOCK-3P-XS-OLI,Sneaker Socken 3er-Pack,XS,Oliv,1,19.9,19.9,4.8
AB-2026-14062,2026-04-08,Eigener Shop,K-14630,Vorkasse,JKT-RN-S-SCH,Regenjacke Tech,S,Schwarz,1,119.9,119.9,84.0
AB-2026-14063,2026-05-17,Eigener Shop,K-17260,Kreditkarte,TEE-OVS-XL-SCH,T-Shirt Oversized,XL,Schwarz,1,34.9,34.9,9.0
AB-2026-14063,2026-05-17,Eigener Shop,K-17260,Kreditkarte,HOOD-ZP-L-WEI,Zip-Hoodie Heavy,L,Weiss,1,89.9,89.9,28.0
AB-2026-14064,2026-02-11,Amazon,K-16635,Rechnungskauf,TEE-OVS-M-SCH,T-Shirt Oversized,M,Schwarz,1,34.9,34.9,9.0
AB-2026-14064,2026-02-11,Amazon,K-16635,Rechnungskauf,SOCK-3P-L-SCH,Sneaker Socken 3er-Pack,L,Schwarz,1,19.9,19.9,4.8
AB-2026-14065,2026-01-09,Eigener Shop,K-19589,Kreditkarte,HOOD-CL-M-SCH,Hoodie Classic,M,Schwarz,1,69.9,69.9,21.0
AB-2026-14066,2026-02-26,Amazon,K-12698,PayPal,TEE-BAS-L-OLI,T-Shirt Basic,L,Oliv,1,29.9,29.9,7.5
AB-2026-14067,2026-06-27,Zalando,K-16983,PayPal,HOOD-ZP-XS-SCH,Zip-Hoodie Heavy,XS,Schwarz,1,89.9,89.9,28.0
AB-2026-14068,2026-01-05,Eigener Shop,K-17659,Rechnungskauf,HOOD-ZP-XS-WEI,Zip-Hoodie Heavy,XS,Weiss,1,89.9,89.9,28.0
AB-2026-14069,2026-05-21,Eigener Shop,K-16910,Rechnungskauf,HOOD-ZP-XL-WEI,Zip-Hoodie Heavy,XL,Weiss,1,89.9,89.9,28.0
AB-2026-14069,2026-05-21,Eigener Shop,K-16910,Rechnungskauf,HOOD-ZP-XS-SCH,Zip-Hoodie Heavy,XS,Schwarz,1,89.9,89.9,28.0
AB-2026-14070,2026-04-19,Eigener Shop,K-11818,Rechnungskauf,HOOD-CL-L-WEI,Hoodie Classic,L,Weiss,1,69.9,69.9,21.0
AB-2026-14071,2026-04-28,Amazon,K-19803,PayPal,CAP-LG-XL-SCH,Cap Logo,XL,Schwarz,1,24.9,24.9,6.0
AB-2026-14072,2026-06-18,Eigener Shop,K-17415,PayPal,HOOD-ZP-M-SCH,Zip-Hoodie Heavy,M,Schwarz,1,89.9,89.9,28.0
AB-2026-14072,2026-06-18,Eigener Shop,K-17415,PayPal,HOOD-ZP-S-SCH,Zip-Hoodie Heavy,S,Schwarz,1,89.9,89.9,28.0
AB-2026-14073,2026-02-12,Eigener Shop,K-12234,Kreditkarte,HOOD-ZP-L-SCH,Zip-Hoodie Heavy,L,Schwarz,1,89.9,89.9,28.0
AB-2026-14073,2026-02-12,Eigener Shop,K-12234,Kreditkarte,TEE-BAS-S-SCH,T-Shirt Basic,S,Schwarz,1,29.9,29.9,7.5
AB-2026-14074,2026-02-02,Eigener Shop,K-18831,Kreditkarte,CAP-LG-L-SCH,Cap Logo,L,Schwarz,1,24.9,24.9,6.0
AB-2026-14075,2026-04-21,Eigener Shop,K-17720,PayPal,JKT-RN-XL-WEI,Regenjacke Tech,XL,Weiss,1,119.9,119.9,84.0
AB-2026-14076,2026-06-09,Amazon,K-10821,PayPal,HOOD-CL-XL-OLI,Hoodie Classic,XL,Oliv,1,69.9,69.9,21.0
AB-2026-14076,2026-06-09,Amazon,K-10821,PayPal,CAP-LG-XS-SCH,Cap Logo,XS,Schwarz,1,24.9,24.9,6.0
AB-2026-14077,2026-01-08,Zalando,K-10032,Vorkasse,HOOD-ZP-XL-SCH,Zip-Hoodie Heavy,XL,Schwarz,1,89.9,89.9,28.0
AB-2026-14077,2026-01-08,Zalando,K-10032,Vorkasse,HOOD-ZP-S-SCH,Zip-Hoodie Heavy,S,Schwarz,1,89.9,89.9,28.0
AB-2026-14077,2026-01-08,Zalando,K-10032,Vorkasse,KLEID-PR-L-OLI,Sommerkleid Print,L,Oliv,1,79.9,79.9,24.0
AB-2026-14078,2026-03-12,Zalando,K-15578,Vorkasse,JKT-RN-M-SCH,Regenjacke Tech,M,Schwarz,1,119.9,119.9,84.0
AB-2026-14078,2026-03-12,Zalando,K-15578,Vorkasse,CAP-LG-L-OLI,Cap Logo,L,Oliv,1,24.9,24.9,6.0
AB-2026-14079,2026-03-31,Eigener Shop,K-15403,Kreditkarte,SOCK-3P-XS-NAV,Sneaker Socken 3er-Pack,XS,Navy,1,19.9,19.9,4.8
AB-2026-14080,2026-02-16,Eigener Shop,K-13457,Rechnungskauf,TEE-BAS-XL-OLI,T-Shirt Basic,XL,Oliv,1,29.9,29.9,7.5
AB-2026-14080,2026-02-16,Eigener Shop,K-13457,Rechnungskauf,SOCK-3P-XL-NAV,Sneaker Socken 3er-Pack,XL,Navy,1,19.9,19.9,4.8
AB-2026-14081,2026-03-26,Eigener Shop,K-12715,Kreditkarte,HOOD-ZP-S-WEI,Zip-Hoodie Heavy,S,Weiss,1,89.9,89.9,28.0
AB-2026-14082,2026-01-03,Eigener Shop,K-14907,Rechnungskauf,HOOD-ZP-L-WEI,Zip-Hoodie Heavy,L,Weiss,1,89.9,89.9,28.0
AB-2026-14083,2026-06-11,Eigener Shop,K-10498,Rechnungskauf,TEE-BAS-M-SCH,T-Shirt Basic,M,Schwarz,1,29.9,29.9,7.5
AB-2026-14083,2026-06-11,Eigener Shop,K-10498,Rechnungskauf,JKT-RN-XS-SCH,Regenjacke Tech,XS,Schwarz,1,119.9,119.9,84.0
AB-2026-14084,2026-04-12,Amazon,K-16577,Rechnungskauf,HOOD-ZP-XS-WEI,Zip-Hoodie Heavy,XS,Weiss,1,89.9,89.9,28.0
AB-2026-14085,2026-06-13,Amazon,K-10283,Rechnungskauf,TEE-BAS-S-SCH,T-Shirt Basic,S,Schwarz,1,29.9,29.9,7.5
AB-2026-14085,2026-06-13,Amazon,K-10283,Rechnungskauf,TEE-BAS-M-SCH,T-Shirt Basic,M,Schwarz,1,29.9,29.9,7.5
AB-2026-14086,2026-06-27,Zalando,K-14523,PayPal,SOCK-3P-XL-WEI,Sneaker Socken 3er-Pack,XL,Weiss,1,19.9,19.9,4.8
AB-2026-14087,2026-01-28,Zalando,K-19550,Kreditkarte,TEE-BAS-S-SCH,T-Shirt Basic,S,Schwarz,1,29.9,29.9,7.5
AB-2026-14088,2026-05-14,Zalando,K-18840,Rechnungskauf,CAP-LG-M-WEI,Cap Logo,M,Weiss,1,24.9,24.9,6.0
AB-2026-14088,2026-05-14,Zalando,K-18840,Rechnungskauf,HOOD-ZP-S-WEI,Zip-Hoodie Heavy,S,Weiss,1,89.9,89.9,28.0
AB-2026-14089,2026-05-16,Amazon,K-15611,PayPal,CAP-LG-XS-WEI,Cap Logo,XS,Weiss,1,24.9,24.9,6.0
AB-2026-14090,2026-06-19,Zalando,K-19555,Rechnungskauf,KLEID-PR-XS-NAV,Sommerkleid Print,XS,Navy,1,79.9,79.9,24.0
AB-2026-14090,2026-06-19,Zalando,K-19555,Rechnungskauf,HOOD-ZP-M-WEI,Zip-Hoodie Heavy,M,Weiss,1,89.9,89.9,28.0
AB-2026-14091,2026-06-09,Eigener Shop,K-18365,Rechnungskauf,KLEID-PR-L-NAV,Sommerkleid Print,L,Navy,1,79.9,79.9,24.0
AB-2026-14091,2026-06-09,Eigener Shop,K-18365,Rechnungskauf,KLEID-PR-S-NAV,Sommerkleid Print,S,Navy,1,79.9,79.9,24.0
AB-2026-14091,2026-06-09,Eigener Shop,K-18365,Rechnungskauf,HOOD-ZP-L-WEI,Zip-Hoodie Heavy,L,Weiss,1,89.9,89.9,28.0
AB-2026-14091,2026-06-09,Eigener Shop,K-18365,Rechnungskauf,HOOD-ZP-S-WEI,Zip-Hoodie Heavy,S,Weiss,1,89.9,89.9,28.0
AB-2026-14091,2026-06-09,Eigener Shop,K-18365,Rechnungskauf,SOCK-3P-XL-SCH,Sneaker Socken 3er-Pack,XL,Schwarz,1,19.9,19.9,4.8
AB-2026-14091,2026-06-09,Eigener Shop,K-18365,Rechnungskauf,SOCK-3P-S-SCH,Sneaker Socken 3er-Pack,S,Schwarz,1,19.9,19.9,4.8
AB-2026-14092,2026-04-12,Zalando,K-14097,Rechnungskauf,JKT-RN-M-WEI,Regenjacke Tech,M,Weiss,1,119.9,119.9,84.0
AB-2026-14092,2026-04-12,Zalando,K-14097,Rechnungskauf,KLEID-PR-L-WEI,Sommerkleid Print,L,Weiss,1,79.9,79.9,24.0
AB-2026-14093,2026-01-16,Eigener Shop,K-14915,PayPal,TEE-BAS-XL-SCH,T-Shirt Basic,XL,Schwarz,1,29.9,29.9,7.5
AB-2026-14093,2026-01-16,Eigener Shop,K-14915,PayPal,SOCK-3P-M-SCH,Sneaker Socken 3er-Pack,M,Schwarz,1,19.9,19.9,4.8
AB-2026-14094,2026-01-28,Zalando,K-16228,PayPal,TEE-OVS-L-NAV,T-Shirt Oversized,L,Navy,1,34.9,34.9,9.0
AB-2026-14094,2026-01-28,Zalando,K-16228,PayPal,JKT-RN-XS-WEI,Regenjacke Tech,XS,Weiss,1,119.9,119.9,84.0
AB-2026-14095,2026-03-07,Eigener Shop,K-16788,Rechnungskauf,TEE-BAS-S-SCH,T-Shirt Basic,S,Schwarz,1,29.9,29.9,7.5
AB-2026-14096,2026-06-25,Eigener Shop,K-15926,Kreditkarte,HOOD-ZP-L-WEI,Zip-Hoodie Heavy,L,Weiss,1,89.9,89.9,28.0
AB-2026-14097,2026-03-06,Amazon,K-15342,PayPal,SOCK-3P-M-SCH,Sneaker Socken 3er-Pack,M,Schwarz,1,19.9,19.9,4.8
AB-2026-14098,2026-03-07,Eigener Shop,K-10282,Rechnungskauf,KLEID-PR-S-SCH,Sommerkleid Print,S,Schwarz,1,79.9,79.9,24.0
AB-2026-14099,2026-06-17,Eigener Shop,K-13920,PayPal,TEE-OVS-S-WEI,T-Shirt Oversized,S,Weiss,1,34.9,34.9,9.0
AB-2026-14100,2026-04-11,Amazon,K-19040,Kreditkarte,HOOD-ZP-M-SCH,Zip-Hoodie Heavy,M,Schwarz,1,89.9,89.9,28.0
AB-2026-14100,2026-04-11,Amazon,K-19040,Kreditkarte,JKT-RN-XL-WEI,Regenjacke Tech,XL,Weiss,1,119.9,119.9,84.0
AB-2026-14101,2026-01-01,Eigener Shop,K-13094,Kreditkarte,HOOD-CL-XS-WEI,Hoodie Classic,XS,Weiss,1,69.9,69.9,21.0
AB-2026-14102,2026-01-28,Eigener Shop,K-15256,PayPal,TEE-BAS-M-WEI,T-Shirt Basic,M,Weiss,1,29.9,29.9,7.5
AB-2026-14103,2026-05-12,Zalando,K-10916,PayPal,TEE-OVS-S-OLI,T-Shirt Oversized,S,Oliv,1,34.9,34.9,9.0
AB-2026-14104,2026-04-23,Amazon,K-18155,Vorkasse,TEE-BAS-XL-OLI,T-Shirt Basic,XL,Oliv,1,29.9,29.9,7.5
AB-2026-14105,2026-03-11,Zalando,K-13708,PayPal,KLEID-PR-M-WEI,Sommerkleid Print,M,Weiss,1,79.9,79.9,24.0
AB-2026-14105,2026-03-11,Zalando,K-13708,PayPal,JOG-CL-M-WEI,Jogger Classic,M,Weiss,1,64.9,64.9,19.5
AB-2026-14106,2026-02-10,Zalando,K-12326,PayPal,SOCK-3P-M-SCH,Sneaker Socken 3er-Pack,M,Schwarz,1,19.9,19.9,4.8
AB-2026-14106,2026-02-10,Zalando,K-12326,PayPal,SOCK-3P-S-SCH,Sneaker Socken 3er-Pack,S,Schwarz,1,19.9,19.9,4.8
AB-2026-14106,2026-02-10,Zalando,K-12326,PayPal,HOOD-ZP-L-SCH,Zip-Hoodie Heavy,L,Schwarz,1,89.9,89.9,28.0
AB-2026-14107,2026-05-28,Amazon,K-16368,Rechnungskauf,KLEID-PR-L-OLI,Sommerkleid Print,L,Oliv,1,79.9,79.9,24.0
AB-2026-14107,2026-05-28,Amazon,K-16368,Rechnungskauf,HOOD-ZP-XS-SCH,Zip-Hoodie Heavy,XS,Schwarz,1,89.9,89.9,28.0
AB-2026-14108,2026-05-14,Eigener Shop,K-16879,PayPal,TEE-OVS-M-NAV,T-Shirt Oversized,M,Navy,1,34.9,34.9,9.0
AB-2026-14109,2026-01-09,Eigener Shop,K-18178,PayPal,TEE-OVS-M-WEI,T-Shirt Oversized,M,Weiss,1,34.9,34.9,9.0
AB-2026-14110,2026-05-06,Zalando,K-19703,PayPal,KLEID-PR-M-NAV,Sommerkleid Print,M,Navy,1,79.9,79.9,24.0
AB-2026-14111,2026-03-12,Zalando,K-11885,PayPal,TEE-BAS-L-SCH,T-Shirt Basic,L,Schwarz,1,29.9,29.9,7.5
AB-2026-14112,2026-02-11,Eigener Shop,K-13862,Rechnungskauf,HOOD-ZP-XL-SCH,Zip-Hoodie Heavy,XL,Schwarz,1,89.9,89.9,28.0
AB-2026-14112,2026-02-11,Eigener Shop,K-13862,Rechnungskauf,HOOD-ZP-S-WEI,Zip-Hoodie Heavy,S,Weiss,1,89.9,89.9,28.0
AB-2026-14113,2026-01-31,Eigener Shop,K-16000,Rechnungskauf,HOOD-ZP-L-WEI,Zip-Hoodie Heavy,L,Weiss,1,89.9,89.9,28.0
AB-2026-14114,2026-01-15,Eigener Shop,K-10586,Rechnungskauf,JKT-RN-S-SCH,Regenjacke Tech,S,Schwarz,1,119.9,119.9,84.0
AB-2026-14115,2026-02-16,Amazon,K-14631,Vorkasse,JKT-RN-XL-WEI,Regenjacke Tech,XL,Weiss,1,119.9,119.9,84.0
AB-2026-14115,2026-02-16,Amazon,K-14631,Vorkasse,HOOD-ZP-L-SCH,Zip-Hoodie Heavy,L,Schwarz,1,89.9,89.9,28.0
AB-2026-14116,2026-03-26,Eigener Shop,K-13627,PayPal,JKT-RN-S-SCH,Regenjacke Tech,S,Schwarz,1,119.9,119.9,84.0
AB-2026-14116,2026-03-26,Eigener Shop,K-13627,PayPal,HOOD-ZP-S-SCH,Zip-Hoodie Heavy,S,Schwarz,1,89.9,89.9,28.0
AB-2026-14117,2026-02-16,Eigener Shop,K-13022,PayPal,JKT-RN-XS-SCH,Regenjacke Tech,XS,Schwarz,1,119.9,119.9,84.0
AB-2026-14118,2026-04-26,Zalando,K-10958,Kreditkarte,SOCK-3P-XL-OLI,Sneaker Socken 3er-Pack,XL,Oliv,1,19.9,19.9,4.8
AB-2026-14118,2026-04-26,Zalando,K-10958,Kreditkarte,HOOD-CL-L-OLI,Hoodie Classic,L,Oliv,1,69.9,69.9,21.0
AB-2026-14119,2026-01-04,Eigener Shop,K-14898,PayPal,HOOD-CL-XS-WEI,Hoodie Classic,XS,Weiss,1,69.9,69.9,21.0
AB-2026-14120,2026-04-26,Eigener Shop,K-17080,Kreditkarte,SOCK-3P-XS-OLI,Sneaker Socken 3er-Pack,XS,Oliv,1,19.9,19.9,4.8
AB-2026-14120,2026-04-26,Eigener Shop,K-17080,Kreditkarte,HOOD-CL-XS-WEI,Hoodie Classic,XS,Weiss,1,69.9,69.9,21.0
AB-2026-14121,2026-05-17,Eigener Shop,K-15654,PayPal,TEE-OVS-L-WEI,T-Shirt Oversized,L,Weiss,1,34.9,34.9,9.0
AB-2026-14122,2026-05-20,Eigener Shop,K-12938,Rechnungskauf,JOG-CL-M-WEI,Jogger Classic,M,Weiss,1,64.9,64.9,19.5
AB-2026-14122,2026-05-20,Eigener Shop,K-12938,Rechnungskauf,HOOD-ZP-XL-SCH,Zip-Hoodie Heavy,XL,Schwarz,1,89.9,89.9,28.0
AB-2026-14123,2026-02-18,Eigener Shop,K-11999,Kreditkarte,HOOD-ZP-S-WEI,Zip-Hoodie Heavy,S,Weiss,1,89.9,89.9,28.0
AB-2026-14124,2026-03-08,Eigener Shop,K-11321,Kreditkarte,JKT-RN-XL-WEI,Regenjacke Tech,XL,Weiss,1,119.9,119.9,84.0
AB-2026-14125,2026-05-01,Zalando,K-12462,Rechnungskauf,CAP-LG-XS-SCH,Cap Logo,XS,Schwarz,1,24.9,24.9,6.0
AB-2026-14125,2026-05-01,Zalando,K-12462,Rechnungskauf,CAP-LG-L-SCH,Cap Logo,L,Schwarz,1,24.9,24.9,6.0
AB-2026-14126,2026-06-01,Eigener Shop,K-18563,Kreditkarte,KLEID-PR-M-SCH,Sommerkleid Print,M,Schwarz,1,79.9,79.9,24.0
AB-2026-14127,2026-06-17,Eigener Shop,K-17875,Kreditkarte,CAP-LG-L-OLI,Cap Logo,L,Oliv,1,24.9,24.9,6.0
AB-2026-14128,2026-02-26,Eigener Shop,K-17160,Kreditkarte,JOG-CL-M-OLI,Jogger Classic,M,Oliv,1,64.9,64.9,19.5
AB-2026-14129,2026-01-25,Amazon,K-16295,Kreditkarte,SOCK-3P-XS-SCH,Sneaker Socken 3er-Pack,XS,Schwarz,1,19.9,19.9,4.8
AB-2026-14129,2026-01-25,Amazon,K-16295,Kreditkarte,TEE-BAS-S-NAV,T-Shirt Basic,S,Navy,1,29.9,29.9,7.5
AB-2026-14130,2026-02-16,Amazon,K-18686,PayPal,TEE-OVS-XL-SCH,T-Shirt Oversized,XL,Schwarz,1,34.9,34.9,9.0
AB-2026-14130,2026-02-16,Amazon,K-18686,PayPal,JOG-CL-XS-WEI,Jogger Classic,XS,Weiss,1,64.9,64.9,19.5
AB-2026-14131,2026-05-11,Amazon,K-15110,Rechnungskauf,HOOD-ZP-S-SCH,Zip-Hoodie Heavy,S,Schwarz,1,89.9,89.9,28.0
AB-2026-14131,2026-05-11,Amazon,K-15110,Rechnungskauf,CAP-LG-M-NAV,Cap Logo,M,Navy,1,24.9,24.9,6.0
AB-2026-14132,2026-06-06,Eigener Shop,K-11948,PayPal,HOOD-ZP-L-WEI,Zip-Hoodie Heavy,L,Weiss,1,89.9,89.9,28.0
AB-2026-14132,2026-06-06,Eigener Shop,K-11948,PayPal,HOOD-ZP-S-SCH,Zip-Hoodie Heavy,S,Schwarz,1,89.9,89.9,28.0
AB-2026-14133,2026-01-08,Amazon,K-10032,PayPal,TEE-OVS-L-NAV,T-Shirt Oversized,L,Navy,1,34.9,34.9,9.0
AB-2026-14133,2026-01-08,Amazon,K-10032,PayPal,HOOD-ZP-L-SCH,Zip-Hoodie Heavy,L,Schwarz,1,89.9,89.9,28.0
AB-2026-14133,2026-01-08,Amazon,K-10032,PayPal,HOOD-CL-XL-OLI,Hoodie Classic,XL,Oliv,1,69.9,69.9,21.0
AB-2026-14134,2026-04-29,Eigener Shop,K-18760,Rechnungskauf,HOOD-ZP-XS-WEI,Zip-Hoodie Heavy,XS,Weiss,1,89.9,89.9,28.0
AB-2026-14135,2026-02-28,Eigener Shop,K-11379,Rechnungskauf,CAP-LG-S-NAV,Cap Logo,S,Navy,1,24.9,24.9,6.0
AB-2026-14136,2026-02-23,Amazon,K-10395,Vorkasse,HOOD-CL-M-WEI,Hoodie Classic,M,Weiss,1,69.9,69.9,21.0
AB-2026-14137,2026-03-15,Amazon,K-19266,Rechnungskauf,HOOD-CL-M-WEI,Hoodie Classic,M,Weiss,1,69.9,69.9,21.0
AB-2026-14138,2026-05-21,Amazon,K-16706,Kreditkarte,CAP-LG-M-OLI,Cap Logo,M,Oliv,1,24.9,24.9,6.0
AB-2026-14138,2026-05-21,Amazon,K-16706,Kreditkarte,CAP-LG-S-OLI,Cap Logo,S,Oliv,1,24.9,24.9,6.0
AB-2026-14139,2026-05-06,Eigener Shop,K-10166,Rechnungskauf,JOG-CL-M-NAV,Jogger Classic,M,Navy,1,64.9,64.9,19.5
AB-2026-14140,2026-04-07,Amazon,K-12053,Kreditkarte,JOG-CL-XS-WEI,Jogger Classic,XS,Weiss,1,64.9,64.9,19.5
AB-2026-14140,2026-04-07,Amazon,K-12053,Kreditkarte,KLEID-PR-M-NAV,Sommerkleid Print,M,Navy,1,79.9,79.9,24.0
AB-2026-14140,2026-04-07,Amazon,K-12053,Kreditkarte,JOG-CL-L-NAV,Jogger Classic,L,Navy,1,64.9,64.9,19.5
AB-2026-14141,2026-06-14,Eigener Shop,K-15209,PayPal,HOOD-ZP-S-WEI,Zip-Hoodie Heavy,S,Weiss,1,89.9,89.9,28.0
AB-2026-14142,2026-02-28,Zalando,K-17687,Rechnungskauf,HOOD-ZP-L-SCH,Zip-Hoodie Heavy,L,Schwarz,1,89.9,89.9,28.0
AB-2026-14142,2026-02-28,Zalando,K-17687,Rechnungskauf,KLEID-PR-XS-SCH,Sommerkleid Print,XS,Schwarz,1,79.9,79.9,24.0
AB-2026-14143,2026-06-02,Eigener Shop,K-19457,Kreditkarte,HOOD-ZP-S-WEI,Zip-Hoodie Heavy,S,Weiss,1,89.9,89.9,28.0
AB-2026-14143,2026-06-02,Eigener Shop,K-19457,Kreditkarte,KLEID-PR-M-SCH,Sommerkleid Print,M,Schwarz,1,79.9,79.9,24.0
AB-2026-14144,2026-05-18,Eigener Shop,K-17651,Vorkasse,HOOD-CL-XL-NAV,Hoodie Classic,XL,Navy,1,69.9,69.9,21.0
AB-2026-14145,2026-03-06,Eigener Shop,K-12860,Rechnungskauf,JOG-CL-XS-SCH,Jogger Classic,XS,Schwarz,1,64.9,64.9,19.5
AB-2026-14145,2026-03-06,Eigener Shop,K-12860,Rechnungskauf,JOG-CL-M-SCH,Jogger Classic,M,Schwarz,1,64.9,64.9,19.5
AB-2026-14146,2026-04-07,Eigener Shop,K-18210,Kreditkarte,HOOD-ZP-L-SCH,Zip-Hoodie Heavy,L,Schwarz,1,89.9,89.9,28.0
AB-2026-14147,2026-04-19,Eigener Shop,K-19469,Kreditkarte,JKT-RN-XL-SCH,Regenjacke Tech,XL,Schwarz,1,119.9,119.9,84.0
AB-2026-14148,2026-05-03,Eigener Shop,K-14118,Vorkasse,CAP-LG-XL-OLI,Cap Logo,XL,Oliv,1,24.9,24.9,6.0
AB-2026-14149,2026-01-05,Eigener Shop,K-16808,Vorkasse,JOG-CL-XS-OLI,Jogger Classic,XS,Oliv,1,64.9,64.9,19.5
AB-2026-14149,2026-01-05,Eigener Shop,K-16808,Vorkasse,HOOD-ZP-M-SCH,Zip-Hoodie Heavy,M,Schwarz,1,89.9,89.9,28.0
AB-2026-14150,2026-06-10,Eigener Shop,K-16755,PayPal,TEE-BAS-XL-WEI,T-Shirt Basic,XL,Weiss,1,29.9,29.9,7.5
AB-2026-14151,2026-04-29,Eigener Shop,K-14014,PayPal,HOOD-ZP-XS-SCH,Zip-Hoodie Heavy,XS,Schwarz,1,89.9,89.9,28.0
AB-2026-14152,2026-01-29,Eigener Shop,K-10456,PayPal,JKT-RN-XS-WEI,Regenjacke Tech,XS,Weiss,1,119.9,119.9,84.0
AB-2026-14152,2026-01-29,Eigener Shop,K-10456,PayPal,JKT-RN-S-WEI,Regenjacke Tech,S,Weiss,1,119.9,119.9,84.0
AB-2026-14152,2026-01-29,Eigener Shop,K-10456,PayPal,SOCK-3P-XS-OLI,Sneaker Socken 3er-Pack,XS,Oliv,1,19.9,19.9,4.8
AB-2026-14152,2026-01-29,Eigener Shop,K-10456,PayPal,SOCK-3P-XL-OLI,Sneaker Socken 3er-Pack,XL,Oliv,1,19.9,19.9,4.8
AB-2026-14152,2026-01-29,Eigener Shop,K-10456,PayPal,JOG-CL-XL-OLI,Jogger Classic,XL,Oliv,1,64.9,64.9,19.5
AB-2026-14152,2026-01-29,Eigener Shop,K-10456,PayPal,JOG-CL-XS-OLI,Jogger Classic,XS,Oliv,1,64.9,64.9,19.5
AB-2026-14153,2026-04-12,Eigener Shop,K-15289,Rechnungskauf,JOG-CL-S-NAV,Jogger Classic,S,Navy,1,64.9,64.9,19.5
AB-2026-14154,2026-02-11,Amazon,K-15162,Rechnungskauf,SOCK-3P-XS-WEI,Sneaker Socken 3er-Pack,XS,Weiss,1,19.9,19.9,4.8
AB-2026-14155,2026-05-15,Zalando,K-13767,Kreditkarte,HOOD-CL-L-WEI,Hoodie Classic,L,Weiss,1,69.9,69.9,21.0
AB-2026-14156,2026-06-13,Eigener Shop,K-18891,Vorkasse,JOG-CL-XS-WEI,Jogger Classic,XS,Weiss,1,64.9,64.9,19.5
AB-2026-14156,2026-06-13,Eigener Shop,K-18891,Vorkasse,TEE-BAS-M-OLI,T-Shirt Basic,M,Oliv,1,29.9,29.9,7.5
AB-2026-14156,2026-06-13,Eigener Shop,K-18891,Vorkasse,KLEID-PR-L-SCH,Sommerkleid Print,L,Schwarz,1,79.9,79.9,24.0
AB-2026-14157,2026-04-26,Eigener Shop,K-10190,PayPal,JKT-RN-XS-WEI,Regenjacke Tech,XS,Weiss,1,119.9,119.9,84.0
AB-2026-14157,2026-04-26,Eigener Shop,K-10190,PayPal,HOOD-ZP-S-SCH,Zip-Hoodie Heavy,S,Schwarz,1,89.9,89.9,28.0
AB-2026-14158,2026-02-26,Eigener Shop,K-10759,Kreditkarte,JOG-CL-S-OLI,Jogger Classic,S,Oliv,1,64.9,64.9,19.5
AB-2026-14159,2026-04-07,Eigener Shop,K-16520,PayPal,HOOD-CL-XS-WEI,Hoodie Classic,XS,Weiss,1,69.9,69.9,21.0
AB-2026-14159,2026-04-07,Eigener Shop,K-16520,PayPal,JOG-CL-L-WEI,Jogger Classic,L,Weiss,1,64.9,64.9,19.5
AB-2026-14160,2026-01-07,Eigener Shop,K-14151,PayPal,KLEID-PR-XS-SCH,Sommerkleid Print,XS,Schwarz,1,79.9,79.9,24.0
AB-2026-14161,2026-02-09,Eigener Shop,K-10442,Vorkasse,HOOD-ZP-S-SCH,Zip-Hoodie Heavy,S,Schwarz,1,89.9,89.9,28.0
AB-2026-14161,2026-02-09,Eigener Shop,K-10442,Vorkasse,HOOD-ZP-M-SCH,Zip-Hoodie Heavy,M,Schwarz,1,89.9,89.9,28.0
AB-2026-14162,2026-03-29,Eigener Shop,K-17881,Vorkasse,HOOD-ZP-XS-WEI,Zip-Hoodie Heavy,XS,Weiss,1,89.9,89.9,28.0
AB-2026-14163,2026-03-09,Amazon,K-11084,PayPal,SOCK-3P-XS-SCH,Sneaker Socken 3er-Pack,XS,Schwarz,1,19.9,19.9,4.8
AB-2026-14164,2026-02-26,Eigener Shop,K-11868,Rechnungskauf,HOOD-CL-L-OLI,Hoodie Classic,L,Oliv,1,69.9,69.9,21.0
AB-2026-14165,2026-04-21,Zalando,K-14206,Vorkasse,HOOD-ZP-M-SCH,Zip-Hoodie Heavy,M,Schwarz,1,89.9,89.9,28.0
AB-2026-14166,2026-05-02,Amazon,K-11847,PayPal,HOOD-ZP-S-WEI,Zip-Hoodie Heavy,S,Weiss,1,89.9,89.9,28.0
AB-2026-14167,2026-02-24,Zalando,K-18789,Vorkasse,HOOD-CL-XS-OLI,Hoodie Classic,XS,Oliv,1,69.9,69.9,21.0
AB-2026-14168,2026-01-01,Eigener Shop,K-14457,PayPal,JKT-RN-S-WEI,Regenjacke Tech,S,Weiss,1,119.9,119.9,84.0
AB-2026-14168,2026-01-01,Eigener Shop,K-14457,PayPal,HOOD-ZP-S-WEI,Zip-Hoodie Heavy,S,Weiss,1,89.9,89.9,28.0
AB-2026-14169,2026-01-24,Eigener Shop,K-19989,Vorkasse,JKT-RN-M-SCH,Regenjacke Tech,M,Schwarz,1,119.9,119.9,84.0
AB-2026-14170,2026-05-25,Amazon,K-13305,Vorkasse,HOOD-ZP-L-WEI,Zip-Hoodie Heavy,L,Weiss,1,89.9,89.9,28.0
AB-2026-14171,2026-01-08,Eigener Shop,K-17218,PayPal,SOCK-3P-XS-NAV,Sneaker Socken 3er-Pack,XS,Navy,1,19.9,19.9,4.8
AB-2026-14172,2026-04-12,Amazon,K-10148,Kreditkarte,JKT-RN-S-SCH,Regenjacke Tech,S,Schwarz,1,119.9,119.9,84.0
AB-2026-14173,2026-01-25,Eigener Shop,K-18204,PayPal,KLEID-PR-L-SCH,Sommerkleid Print,L,Schwarz,1,79.9,79.9,24.0
AB-2026-14174,2026-06-23,Eigener Shop,K-14990,PayPal,JKT-RN-L-SCH,Regenjacke Tech,L,Schwarz,1,119.9,119.9,84.0
AB-2026-14174,2026-06-23,Eigener Shop,K-14990,PayPal,SOCK-3P-XL-WEI,Sneaker Socken 3er-Pack,XL,Weiss,1,19.9,19.9,4.8
AB-2026-14175,2026-05-13,Eigener Shop,K-19397,Kreditkarte,HOOD-ZP-XL-WEI,Zip-Hoodie Heavy,XL,Weiss,1,89.9,89.9,28.0
AB-2026-14175,2026-05-13,Eigener Shop,K-19397,Kreditkarte,CAP-LG-XS-WEI,Cap Logo,XS,Weiss,1,24.9,24.9,6.0
AB-2026-14175,2026-05-13,Eigener Shop,K-19397,Kreditkarte,SOCK-3P-M-SCH,Sneaker Socken 3er-Pack,M,Schwarz,1,19.9,19.9,4.8
AB-2026-14176,2026-03-24,Amazon,K-13984,Rechnungskauf,TEE-OVS-S-OLI,T-Shirt Oversized,S,Oliv,1,34.9,34.9,9.0
AB-2026-14177,2026-05-30,Amazon,K-16344,Kreditkarte,SOCK-3P-M-WEI,Sneaker Socken 3er-Pack,M,Weiss,1,19.9,19.9,4.8
AB-2026-14177,2026-05-30,Amazon,K-16344,Kreditkarte,TEE-BAS-S-NAV,T-Shirt Basic,S,Navy,1,29.9,29.9,7.5
AB-2026-14177,2026-05-30,Amazon,K-16344,Kreditkarte,SOCK-3P-XL-SCH,Sneaker Socken 3er-Pack,XL,Schwarz,1,19.9,19.9,4.8
AB-2026-14178,2026-04-01,Zalando,K-11665,Kreditkarte,HOOD-CL-S-WEI,Hoodie Classic,S,Weiss,1,69.9,69.9,21.0
AB-2026-14178,2026-04-01,Zalando,K-11665,Kreditkarte,HOOD-CL-XL-WEI,Hoodie Classic,XL,Weiss,1,69.9,69.9,21.0
AB-2026-14179,2026-01-21,Eigener Shop,K-19624,PayPal,CAP-LG-XL-SCH,Cap Logo,XL,Schwarz,1,24.9,24.9,6.0
AB-2026-14180,2026-01-19,Amazon,K-18454,Rechnungskauf,SOCK-3P-M-WEI,Sneaker Socken 3er-Pack,M,Weiss,1,19.9,19.9,4.8
AB-2026-14181,2026-05-20,Eigener Shop,K-13767,PayPal,JOG-CL-S-OLI,Jogger Classic,S,Oliv,1,64.9,64.9,19.5
AB-2026-14181,2026-05-20,Eigener Shop,K-13767,PayPal,JOG-CL-XL-OLI,Jogger Classic,XL,Oliv,1,64.9,64.9,19.5
AB-2026-14181,2026-05-20,Eigener Shop,K-13767,PayPal,KLEID-PR-L-WEI,Sommerkleid Print,L,Weiss,1,79.9,79.9,24.0
AB-2026-14181,2026-05-20,Eigener Shop,K-13767,PayPal,KLEID-PR-XL-WEI,Sommerkleid Print,XL,Weiss,1,79.9,79.9,24.0
AB-2026-14182,2026-02-23,Eigener Shop,K-11442,PayPal,HOOD-ZP-XS-WEI,Zip-Hoodie Heavy,XS,Weiss,1,89.9,89.9,28.0
AB-2026-14183,2026-04-29,Eigener Shop,K-11501,Rechnungskauf,HOOD-ZP-XS-WEI,Zip-Hoodie Heavy,XS,Weiss,1,89.9,89.9,28.0
AB-2026-14183,2026-04-29,Eigener Shop,K-11501,Rechnungskauf,CAP-LG-L-NAV,Cap Logo,L,Navy,1,24.9,24.9,6.0
AB-2026-14184,2026-06-04,Eigener Shop,K-18606,Rechnungskauf,JKT-RN-M-WEI,Regenjacke Tech,M,Weiss,1,119.9,119.9,84.0
AB-2026-14184,2026-06-04,Eigener Shop,K-18606,Rechnungskauf,HOOD-CL-M-OLI,Hoodie Classic,M,Oliv,1,69.9,69.9,21.0
AB-2026-14184,2026-06-04,Eigener Shop,K-18606,Rechnungskauf,SOCK-3P-M-NAV,Sneaker Socken 3er-Pack,M,Navy,1,19.9,19.9,4.8
AB-2026-14185,2026-01-19,Eigener Shop,K-11425,Vorkasse,TEE-BAS-M-SCH,T-Shirt Basic,M,Schwarz,1,29.9,29.9,7.5
AB-2026-14186,2026-06-05,Eigener Shop,K-18284,Rechnungskauf,KLEID-PR-XS-SCH,Sommerkleid Print,XS,Schwarz,1,79.9,79.9,24.0
AB-2026-14187,2026-02-25,Amazon,K-11501,PayPal,TEE-OVS-XL-OLI,T-Shirt Oversized,XL,Oliv,1,34.9,34.9,9.0
AB-2026-14188,2026-04-04,Eigener Shop,K-11156,Rechnungskauf,TEE-OVS-L-OLI,T-Shirt Oversized,L,Oliv,1,34.9,34.9,9.0
AB-2026-14189,2026-04-10,Eigener Shop,K-12665,Vorkasse,HOOD-ZP-L-SCH,Zip-Hoodie Heavy,L,Schwarz,1,89.9,89.9,28.0
AB-2026-14190,2026-02-11,Eigener Shop,K-17580,Kreditkarte,HOOD-ZP-L-WEI,Zip-Hoodie Heavy,L,Weiss,1,89.9,89.9,28.0
AB-2026-14191,2026-05-03,Zalando,K-13274,Rechnungskauf,KLEID-PR-XL-WEI,Sommerkleid Print,XL,Weiss,1,79.9,79.9,24.0
AB-2026-14192,2026-01-29,Eigener Shop,K-14549,PayPal,HOOD-CL-M-NAV,Hoodie Classic,M,Navy,1,69.9,69.9,21.0
AB-2026-14192,2026-01-29,Eigener Shop,K-14549,PayPal,CAP-LG-XL-SCH,Cap Logo,XL,Schwarz,1,24.9,24.9,6.0
AB-2026-14193,2026-05-02,Eigener Shop,K-16449,Vorkasse,SOCK-3P-L-NAV,Sneaker Socken 3er-Pack,L,Navy,1,19.9,19.9,4.8
AB-2026-14193,2026-05-02,Eigener Shop,K-16449,Vorkasse,JOG-CL-XS-SCH,Jogger Classic,XS,Schwarz,1,64.9,64.9,19.5
AB-2026-14194,2026-03-30,Eigener Shop,K-18774,Rechnungskauf,KLEID-PR-S-OLI,Sommerkleid Print,S,Oliv,1,79.9,79.9,24.0
AB-2026-14195,2026-03-23,Eigener Shop,K-11924,Kreditkarte,TEE-OVS-L-WEI,T-Shirt Oversized,L,Weiss,1,34.9,34.9,9.0
AB-2026-14196,2026-03-04,Eigener Shop,K-16478,Rechnungskauf,HOOD-ZP-XL-SCH,Zip-Hoodie Heavy,XL,Schwarz,1,89.9,89.9,28.0
AB-2026-14196,2026-03-04,Eigener Shop,K-16478,Rechnungskauf,TEE-BAS-S-NAV,T-Shirt Basic,S,Navy,1,29.9,29.9,7.5
AB-2026-14197,2026-06-14,Zalando,K-11523,Kreditkarte,CAP-LG-M-NAV,Cap Logo,M,Navy,1,24.9,24.9,6.0
AB-2026-14198,2026-03-30,Amazon,K-19613,Kreditkarte,TEE-OVS-S-WEI,T-Shirt Oversized,S,Weiss,1,34.9,34.9,9.0
AB-2026-14199,2026-01-15,Zalando,K-15808,PayPal,HOOD-CL-XS-WEI,Hoodie Classic,XS,Weiss,1,69.9,69.9,21.0
AB-2026-14199,2026-01-15,Zalando,K-15808,PayPal,HOOD-ZP-XS-WEI,Zip-Hoodie Heavy,XS,Weiss,1,89.9,89.9,28.0
AB-2026-14199,2026-01-15,Zalando,K-15808,PayPal,KLEID-PR-XL-WEI,Sommerkleid Print,XL,Weiss,1,79.9,79.9,24.0
AB-2026-14200,2026-01-05,Eigener Shop,K-10424,Vorkasse,TEE-OVS-S-SCH,T-Shirt Oversized,S,Schwarz,1,34.9,34.9,9.0
AB-2026-14201,2026-06-19,Eigener Shop,K-16458,PayPal,JKT-RN-S-WEI,Regenjacke Tech,S,Weiss,1,119.9,119.9,84.0
AB-2026-14201,2026-06-19,Eigener Shop,K-16458,PayPal,JKT-RN-M-SCH,Regenjacke Tech,M,Schwarz,1,119.9,119.9,84.0
AB-2026-14202,2026-05-08,Eigener Shop,K-10442,Vorkasse,SOCK-3P-L-SCH,Sneaker Socken 3er-Pack,L,Schwarz,1,19.9,19.9,4.8
AB-2026-14202,2026-05-08,Eigener Shop,K-10442,Vorkasse,SOCK-3P-XS-SCH,Sneaker Socken 3er-Pack,XS,Schwarz,1,19.9,19.9,4.8
AB-2026-14203,2026-06-30,Eigener Shop,K-14072,Kreditkarte,HOOD-ZP-M-WEI,Zip-Hoodie Heavy,M,Weiss,1,89.9,89.9,28.0
AB-2026-14204,2026-06-17,Eigener Shop,K-14192,Kreditkarte,HOOD-ZP-L-SCH,Zip-Hoodie Heavy,L,Schwarz,1,89.9,89.9,28.0
AB-2026-14205,2026-05-14,Eigener Shop,K-16429,PayPal,HOOD-ZP-L-SCH,Zip-Hoodie Heavy,L,Schwarz,1,89.9,89.9,28.0
AB-2026-14206,2026-02-10,Amazon,K-15579,PayPal,JOG-CL-L-SCH,Jogger Classic,L,Schwarz,1,64.9,64.9,19.5
AB-2026-14206,2026-02-10,Amazon,K-15579,PayPal,TEE-BAS-M-NAV,T-Shirt Basic,M,Navy,1,29.9,29.9,7.5
AB-2026-14207,2026-06-04,Eigener Shop,K-17297,Rechnungskauf,KLEID-PR-L-OLI,Sommerkleid Print,L,Oliv,1,79.9,79.9,24.0
AB-2026-14207,2026-06-04,Eigener Shop,K-17297,Rechnungskauf,JOG-CL-M-OLI,Jogger Classic,M,Oliv,1,64.9,64.9,19.5
AB-2026-14207,2026-06-04,Eigener Shop,K-17297,Rechnungskauf,SOCK-3P-XS-NAV,Sneaker Socken 3er-Pack,XS,Navy,1,19.9,19.9,4.8
AB-2026-14208,2026-01-24,Eigener Shop,K-16488,Rechnungskauf,TEE-BAS-XL-NAV,T-Shirt Basic,XL,Navy,1,29.9,29.9,7.5
AB-2026-14208,2026-01-24,Eigener Shop,K-16488,Rechnungskauf,HOOD-ZP-XL-WEI,Zip-Hoodie Heavy,XL,Weiss,1,89.9,89.9,28.0
AB-2026-14209,2026-06-21,Eigener Shop,K-13724,PayPal,HOOD-ZP-S-SCH,Zip-Hoodie Heavy,S,Schwarz,1,89.9,89.9,28.0
AB-2026-14209,2026-06-21,Eigener Shop,K-13724,PayPal,JOG-CL-XS-OLI,Jogger Classic,XS,Oliv,1,64.9,64.9,19.5
AB-2026-14210,2026-06-13,Amazon,K-17928,Vorkasse,SOCK-3P-XL-SCH,Sneaker Socken 3er-Pack,XL,Schwarz,1,19.9,19.9,4.8
AB-2026-14211,2026-05-20,Amazon,K-11982,Rechnungskauf,TEE-OVS-S-WEI,T-Shirt Oversized,S,Weiss,1,34.9,34.9,9.0
AB-2026-14212,2026-01-20,Eigener Shop,K-11513,PayPal,HOOD-ZP-XL-WEI,Zip-Hoodie Heavy,XL,Weiss,1,89.9,89.9,28.0
AB-2026-14213,2026-06-17,Eigener Shop,K-14336,Rechnungskauf,KLEID-PR-M-OLI,Sommerkleid Print,M,Oliv,1,79.9,79.9,24.0
AB-2026-14214,2026-05-01,Eigener Shop,K-12676,PayPal,CAP-LG-S-WEI,Cap Logo,S,Weiss,1,24.9,24.9,6.0
AB-2026-14214,2026-05-01,Eigener Shop,K-12676,PayPal,HOOD-CL-L-NAV,Hoodie Classic,L,Navy,1,69.9,69.9,21.0
AB-2026-14215,2026-06-06,Eigener Shop,K-14322,Rechnungskauf,KLEID-PR-S-SCH,Sommerkleid Print,S,Schwarz,1,79.9,79.9,24.0
AB-2026-14215,2026-06-06,Eigener Shop,K-14322,Rechnungskauf,TEE-BAS-M-WEI,T-Shirt Basic,M,Weiss,1,29.9,29.9,7.5
AB-2026-14216,2026-05-27,Eigener Shop,K-18297,PayPal,TEE-BAS-S-WEI,T-Shirt Basic,S,Weiss,1,29.9,29.9,7.5
AB-2026-14217,2026-05-13,Eigener Shop,K-14298,PayPal,HOOD-ZP-XS-WEI,Zip-Hoodie Heavy,XS,Weiss,1,89.9,89.9,28.0
AB-2026-14217,2026-05-13,Eigener Shop,K-14298,PayPal,JKT-RN-XL-WEI,Regenjacke Tech,XL,Weiss,1,119.9,119.9,84.0
AB-2026-14218,2026-03-23,Eigener Shop,K-15998,Vorkasse,CAP-LG-S-OLI,Cap Logo,S,Oliv,1,24.9,24.9,6.0
AB-2026-14219,2026-03-24,Eigener Shop,K-15335,Kreditkarte,HOOD-ZP-XL-WEI,Zip-Hoodie Heavy,XL,Weiss,1,89.9,89.9,28.0
AB-2026-14219,2026-03-24,Eigener Shop,K-15335,Kreditkarte,SOCK-3P-XL-NAV,Sneaker Socken 3er-Pack,XL,Navy,1,19.9,19.9,4.8
AB-2026-14220,2026-05-19,Zalando,K-17659,PayPal,TEE-BAS-M-WEI,T-Shirt Basic,M,Weiss,1,29.9,29.9,7.5
AB-2026-14220,2026-05-19,Zalando,K-17659,PayPal,KLEID-PR-L-NAV,Sommerkleid Print,L,Navy,1,79.9,79.9,24.0
AB-2026-14221,2026-06-03,Eigener Shop,K-19615,PayPal,KLEID-PR-S-SCH,Sommerkleid Print,S,Schwarz,1,79.9,79.9,24.0
AB-2026-14222,2026-03-29,Amazon,K-19640,Kreditkarte,SOCK-3P-XS-NAV,Sneaker Socken 3er-Pack,XS,Navy,1,19.9,19.9,4.8
AB-2026-14223,2026-01-31,Eigener Shop,K-12264,Rechnungskauf,JKT-RN-L-WEI,Regenjacke Tech,L,Weiss,1,119.9,119.9,84.0
AB-2026-14224,2026-02-18,Eigener Shop,K-19774,Rechnungskauf,JOG-CL-M-SCH,Jogger Classic,M,Schwarz,1,64.9,64.9,19.5
AB-2026-14224,2026-02-18,Eigener Shop,K-19774,Rechnungskauf,TEE-OVS-M-OLI,T-Shirt Oversized,M,Oliv,1,34.9,34.9,9.0
AB-2026-14224,2026-02-18,Eigener Shop,K-19774,Rechnungskauf,HOOD-ZP-XL-SCH,Zip-Hoodie Heavy,XL,Schwarz,1,89.9,89.9,28.0
AB-2026-14225,2026-01-21,Eigener Shop,K-18997,Rechnungskauf,SOCK-3P-XS-OLI,Sneaker Socken 3er-Pack,XS,Oliv,1,19.9,19.9,4.8
AB-2026-14226,2026-05-13,Eigener Shop,K-14431,Kreditkarte,TEE-BAS-XS-WEI,T-Shirt Basic,XS,Weiss,1,29.9,29.9,7.5
AB-2026-14227,2026-01-19,Eigener Shop,K-19159,PayPal,TEE-OVS-XS-WEI,T-Shirt Oversized,XS,Weiss,1,34.9,34.9,9.0
AB-2026-14228,2026-04-19,Amazon,K-17691,Rechnungskauf,JKT-RN-M-SCH,Regenjacke Tech,M,Schwarz,1,119.9,119.9,84.0
AB-2026-14228,2026-04-19,Amazon,K-17691,Rechnungskauf,HOOD-ZP-XS-SCH,Zip-Hoodie Heavy,XS,Schwarz,1,89.9,89.9,28.0
AB-2026-14229,2026-02-13,Eigener Shop,K-15471,Kreditkarte,CAP-LG-L-OLI,Cap Logo,L,Oliv,1,24.9,24.9,6.0
AB-2026-14230,2026-03-17,Zalando,K-16897,Kreditkarte,HOOD-CL-XL-OLI,Hoodie Classic,XL,Oliv,1,69.9,69.9,21.0
AB-2026-14230,2026-03-17,Zalando,K-16897,Kreditkarte,HOOD-CL-XS-OLI,Hoodie Classic,XS,Oliv,1,69.9,69.9,21.0
AB-2026-14231,2026-04-22,Eigener Shop,K-18313,PayPal,HOOD-ZP-XL-SCH,Zip-Hoodie Heavy,XL,Schwarz,1,89.9,89.9,28.0
AB-2026-14232,2026-04-27,Amazon,K-18988,PayPal,TEE-OVS-L-NAV,T-Shirt Oversized,L,Navy,1,34.9,34.9,9.0
AB-2026-14233,2026-01-05,Eigener Shop,K-16905,Rechnungskauf,JOG-CL-XS-WEI,Jogger Classic,XS,Weiss,1,64.9,64.9,19.5
AB-2026-14234,2026-03-25,Eigener Shop,K-15102,PayPal,TEE-OVS-XL-SCH,T-Shirt Oversized,XL,Schwarz,1,34.9,34.9,9.0
AB-2026-14234,2026-03-25,Eigener Shop,K-15102,PayPal,JKT-RN-XL-SCH,Regenjacke Tech,XL,Schwarz,1,119.9,119.9,84.0
AB-2026-14235,2026-04-29,Amazon,K-18679,PayPal,SOCK-3P-L-OLI,Sneaker Socken 3er-Pack,L,Oliv,1,19.9,19.9,4.8
AB-2026-14235,2026-04-29,Amazon,K-18679,PayPal,SOCK-3P-S-OLI,Sneaker Socken 3er-Pack,S,Oliv,1,19.9,19.9,4.8
AB-2026-14235,2026-04-29,Amazon,K-18679,PayPal,JKT-RN-XS-WEI,Regenjacke Tech,XS,Weiss,1,119.9,119.9,84.0
AB-2026-14235,2026-04-29,Amazon,K-18679,PayPal,JKT-RN-L-WEI,Regenjacke Tech,L,Weiss,1,119.9,119.9,84.0
AB-2026-14235,2026-04-29,Amazon,K-18679,PayPal,TEE-OVS-XL-NAV,T-Shirt Oversized,XL,Navy,1,34.9,34.9,9.0
AB-2026-14235,2026-04-29,Amazon,K-18679,PayPal,TEE-OVS-L-NAV,T-Shirt Oversized,L,Navy,1,34.9,34.9,9.0
AB-2026-14236,2026-05-10,Eigener Shop,K-16944,PayPal,JKT-RN-S-SCH,Regenjacke Tech,S,Schwarz,1,119.9,119.9,84.0
AB-2026-14237,2026-03-29,Eigener Shop,K-17625,Vorkasse,HOOD-ZP-XL-SCH,Zip-Hoodie Heavy,XL,Schwarz,1,89.9,89.9,28.0
AB-2026-14237,2026-03-29,Eigener Shop,K-17625,Vorkasse,JKT-RN-M-WEI,Regenjacke Tech,M,Weiss,1,119.9,119.9,84.0
AB-2026-14238,2026-04-01,Eigener Shop,K-18838,Kreditkarte,JOG-CL-S-WEI,Jogger Classic,S,Weiss,1,64.9,64.9,19.5
AB-2026-14239,2026-03-16,Eigener Shop,K-18429,Rechnungskauf,KLEID-PR-S-WEI,Sommerkleid Print,S,Weiss,1,79.9,79.9,24.0
AB-2026-14239,2026-03-16,Eigener Shop,K-18429,Rechnungskauf,SOCK-3P-XS-NAV,Sneaker Socken 3er-Pack,XS,Navy,1,19.9,19.9,4.8
AB-2026-14240,2026-04-27,Amazon,K-14117,Kreditkarte,HOOD-ZP-XS-WEI,Zip-Hoodie Heavy,XS,Weiss,1,89.9,89.9,28.0
AB-2026-14240,2026-04-27,Amazon,K-14117,Kreditkarte,JOG-CL-S-NAV,Jogger Classic,S,Navy,1,64.9,64.9,19.5
AB-2026-14241,2026-01-04,Eigener Shop,K-17804,Vorkasse,KLEID-PR-XS-SCH,Sommerkleid Print,XS,Schwarz,1,79.9,79.9,24.0
AB-2026-14241,2026-01-04,Eigener Shop,K-17804,Vorkasse,KLEID-PR-XL-SCH,Sommerkleid Print,XL,Schwarz,1,79.9,79.9,24.0
AB-2026-14241,2026-01-04,Eigener Shop,K-17804,Vorkasse,CAP-LG-M-SCH,Cap Logo,M,Schwarz,1,24.9,24.9,6.0
AB-2026-14241,2026-01-04,Eigener Shop,K-17804,Vorkasse,CAP-LG-XS-SCH,Cap Logo,XS,Schwarz,1,24.9,24.9,6.0
AB-2026-14242,2026-06-19,Eigener Shop,K-15621,Rechnungskauf,KLEID-PR-XL-SCH,Sommerkleid Print,XL,Schwarz,1,79.9,79.9,24.0
AB-2026-14243,2026-05-03,Eigener Shop,K-14380,Kreditkarte,KLEID-PR-L-OLI,Sommerkleid Print,L,Oliv,1,79.9,79.9,24.0
AB-2026-14244,2026-02-21,Eigener Shop,K-19665,PayPal,SOCK-3P-S-WEI,Sneaker Socken 3er-Pack,S,Weiss,1,19.9,19.9,4.8
AB-2026-14245,2026-01-09,Eigener Shop,K-19985,PayPal,HOOD-ZP-M-SCH,Zip-Hoodie Heavy,M,Schwarz,1,89.9,89.9,28.0
AB-2026-14245,2026-01-09,Eigener Shop,K-19985,PayPal,SOCK-3P-S-NAV,Sneaker Socken 3er-Pack,S,Navy,1,19.9,19.9,4.8
AB-2026-14246,2026-04-12,Amazon,K-14882,PayPal,JKT-RN-XS-SCH,Regenjacke Tech,XS,Schwarz,1,119.9,119.9,84.0
AB-2026-14246,2026-04-12,Amazon,K-14882,PayPal,HOOD-ZP-L-SCH,Zip-Hoodie Heavy,L,Schwarz,1,89.9,89.9,28.0
AB-2026-14247,2026-02-23,Eigener Shop,K-19458,Kreditkarte,KLEID-PR-XS-SCH,Sommerkleid Print,XS,Schwarz,1,79.9,79.9,24.0
AB-2026-14248,2026-06-25,Eigener Shop,K-13321,PayPal,TEE-BAS-L-SCH,T-Shirt Basic,L,Schwarz,1,29.9,29.9,7.5
AB-2026-14249,2026-05-22,Eigener Shop,K-19653,Rechnungskauf,JOG-CL-M-NAV,Jogger Classic,M,Navy,1,64.9,64.9,19.5
AB-2026-14250,2026-04-05,Eigener Shop,K-15276,Vorkasse,TEE-OVS-XS-SCH,T-Shirt Oversized,XS,Schwarz,1,34.9,34.9,9.0
AB-2026-14251,2026-04-28,Eigener Shop,K-16641,Kreditkarte,JOG-CL-XL-SCH,Jogger Classic,XL,Schwarz,1,64.9,64.9,19.5
AB-2026-14251,2026-04-28,Eigener Shop,K-16641,Kreditkarte,HOOD-ZP-M-SCH,Zip-Hoodie Heavy,M,Schwarz,1,89.9,89.9,28.0
AB-2026-14252,2026-02-26,Zalando,K-13346,Vorkasse,SOCK-3P-M-WEI,Sneaker Socken 3er-Pack,M,Weiss,1,19.9,19.9,4.8
AB-2026-14253,2026-01-05,Eigener Shop,K-10843,Kreditkarte,KLEID-PR-S-SCH,Sommerkleid Print,S,Schwarz,1,79.9,79.9,24.0
AB-2026-14254,2026-04-11,Eigener Shop,K-19015,Kreditkarte,JKT-RN-XL-SCH,Regenjacke Tech,XL,Schwarz,1,119.9,119.9,84.0
AB-2026-14254,2026-04-11,Eigener Shop,K-19015,Kreditkarte,TEE-OVS-L-OLI,T-Shirt Oversized,L,Oliv,1,34.9,34.9,9.0
AB-2026-14254,2026-04-11,Eigener Shop,K-19015,Kreditkarte,HOOD-CL-L-SCH,Hoodie Classic,L,Schwarz,1,69.9,69.9,21.0
AB-2026-14255,2026-05-05,Eigener Shop,K-11364,Kreditkarte,HOOD-ZP-XS-WEI,Zip-Hoodie Heavy,XS,Weiss,1,89.9,89.9,28.0
AB-2026-14256,2026-04-09,Eigener Shop,K-11564,PayPal,SOCK-3P-S-NAV,Sneaker Socken 3er-Pack,S,Navy,1,19.9,19.9,4.8
AB-2026-14257,2026-04-25,Eigener Shop,K-10651,PayPal,CAP-LG-S-OLI,Cap Logo,S,Oliv,1,24.9,24.9,6.0
AB-2026-14258,2026-03-21,Eigener Shop,K-16556,Rechnungskauf,JKT-RN-M-WEI,Regenjacke Tech,M,Weiss,1,119.9,119.9,84.0
AB-2026-14258,2026-03-21,Eigener Shop,K-16556,Rechnungskauf,TEE-BAS-XS-WEI,T-Shirt Basic,XS,Weiss,1,29.9,29.9,7.5
AB-2026-14259,2026-02-02,Eigener Shop,K-13707,Kreditkarte,JKT-RN-XL-SCH,Regenjacke Tech,XL,Schwarz,1,119.9,119.9,84.0
AB-2026-14259,2026-02-02,Eigener Shop,K-13707,Kreditkarte,TEE-OVS-XS-WEI,T-Shirt Oversized,XS,Weiss,1,34.9,34.9,9.0
AB-2026-14259,2026-02-02,Eigener Shop,K-13707,Kreditkarte,HOOD-ZP-S-WEI,Zip-Hoodie Heavy,S,Weiss,1,89.9,89.9,28.0
AB-2026-14260,2026-06-06,Eigener Shop,K-15436,Rechnungskauf,TEE-OVS-XS-NAV,T-Shirt Oversized,XS,Navy,1,34.9,34.9,9.0
AB-2026-14260,2026-06-06,Eigener Shop,K-15436,Rechnungskauf,HOOD-ZP-S-SCH,Zip-Hoodie Heavy,S,Schwarz,1,89.9,89.9,28.0
AB-2026-14261,2026-03-23,Eigener Shop,K-10769,Kreditkarte,JOG-CL-M-SCH,Jogger Classic,M,Schwarz,1,64.9,64.9,19.5
AB-2026-14262,2026-05-05,Amazon,K-14661,Rechnungskauf,TEE-OVS-XS-OLI,T-Shirt Oversized,XS,Oliv,1,34.9,34.9,9.0
AB-2026-14262,2026-05-05,Amazon,K-14661,Rechnungskauf,TEE-OVS-S-OLI,T-Shirt Oversized,S,Oliv,1,34.9,34.9,9.0
AB-2026-14263,2026-02-03,Amazon,K-19150,Kreditkarte,JOG-CL-L-OLI,Jogger Classic,L,Oliv,1,64.9,64.9,19.5
AB-2026-14264,2026-05-26,Eigener Shop,K-16442,Vorkasse,JOG-CL-XS-OLI,Jogger Classic,XS,Oliv,1,64.9,64.9,19.5
AB-2026-14264,2026-05-26,Eigener Shop,K-16442,Vorkasse,JOG-CL-XL-NAV,Jogger Classic,XL,Navy,1,64.9,64.9,19.5
AB-2026-14265,2026-05-05,Amazon,K-18609,PayPal,SOCK-3P-XL-OLI,Sneaker Socken 3er-Pack,XL,Oliv,1,19.9,19.9,4.8
AB-2026-14265,2026-05-05,Amazon,K-18609,PayPal,SOCK-3P-S-SCH,Sneaker Socken 3er-Pack,S,Schwarz,1,19.9,19.9,4.8
AB-2026-14266,2026-04-11,Amazon,K-10385,PayPal,CAP-LG-XL-SCH,Cap Logo,XL,Schwarz,1,24.9,24.9,6.0
AB-2026-14266,2026-04-11,Amazon,K-10385,PayPal,TEE-BAS-S-SCH,T-Shirt Basic,S,Schwarz,1,29.9,29.9,7.5
AB-2026-14267,2026-04-19,Eigener Shop,K-14031,Vorkasse,CAP-LG-XL-WEI,Cap Logo,XL,Weiss,1,24.9,24.9,6.0
AB-2026-14267,2026-04-19,Eigener Shop,K-14031,Vorkasse,CAP-LG-XS-OLI,Cap Logo,XS,Oliv,1,24.9,24.9,6.0
AB-2026-14268,2026-05-18,Amazon,K-19612,Kreditkarte,SOCK-3P-L-NAV,Sneaker Socken 3er-Pack,L,Navy,1,19.9,19.9,4.8
AB-2026-14269,2026-06-30,Eigener Shop,K-14420,Rechnungskauf,JKT-RN-XL-SCH,Regenjacke Tech,XL,Schwarz,1,119.9,119.9,84.0
AB-2026-14270,2026-01-16,Eigener Shop,K-13371,PayPal,TEE-OVS-S-NAV,T-Shirt Oversized,S,Navy,1,34.9,34.9,9.0
AB-2026-14271,2026-06-07,Eigener Shop,K-11214,Vorkasse,HOOD-ZP-XS-SCH,Zip-Hoodie Heavy,XS,Schwarz,1,89.9,89.9,28.0
AB-2026-14272,2026-04-06,Eigener Shop,K-11669,Rechnungskauf,TEE-OVS-XS-NAV,T-Shirt Oversized,XS,Navy,1,34.9,34.9,9.0
AB-2026-14273,2026-06-15,Zalando,K-17287,PayPal,HOOD-ZP-XS-SCH,Zip-Hoodie Heavy,XS,Schwarz,1,89.9,89.9,28.0
AB-2026-14273,2026-06-15,Zalando,K-17287,PayPal,TEE-OVS-XS-SCH,T-Shirt Oversized,XS,Schwarz,1,34.9,34.9,9.0
AB-2026-14273,2026-06-15,Zalando,K-17287,PayPal,KLEID-PR-XL-WEI,Sommerkleid Print,XL,Weiss,1,79.9,79.9,24.0
AB-2026-14274,2026-03-26,Eigener Shop,K-13714,Vorkasse,TEE-BAS-L-OLI,T-Shirt Basic,L,Oliv,1,29.9,29.9,7.5
AB-2026-14274,2026-03-26,Eigener Shop,K-13714,Vorkasse,TEE-BAS-S-OLI,T-Shirt Basic,S,Oliv,1,29.9,29.9,7.5
AB-2026-14275,2026-05-05,Eigener Shop,K-18005,Kreditkarte,CAP-LG-L-WEI,Cap Logo,L,Weiss,1,24.9,24.9,6.0
AB-2026-14275,2026-05-05,Eigener Shop,K-18005,Kreditkarte,KLEID-PR-XL-SCH,Sommerkleid Print,XL,Schwarz,1,79.9,79.9,24.0
AB-2026-14276,2026-02-01,Eigener Shop,K-16990,PayPal,SOCK-3P-XS-WEI,Sneaker Socken 3er-Pack,XS,Weiss,1,19.9,19.9,4.8
AB-2026-14277,2026-06-24,Amazon,K-12055,PayPal,TEE-BAS-XS-SCH,T-Shirt Basic,XS,Schwarz,1,29.9,29.9,7.5
AB-2026-14277,2026-06-24,Amazon,K-12055,PayPal,TEE-OVS-XS-OLI,T-Shirt Oversized,XS,Oliv,1,34.9,34.9,9.0
AB-2026-14278,2026-02-23,Eigener Shop,K-14673,Kreditkarte,TEE-BAS-XS-OLI,T-Shirt Basic,XS,Oliv,1,29.9,29.9,7.5
AB-2026-14279,2026-02-20,Amazon,K-10277,Rechnungskauf,TEE-OVS-S-OLI,T-Shirt Oversized,S,Oliv,1,34.9,34.9,9.0
AB-2026-14279,2026-02-20,Amazon,K-10277,Rechnungskauf,HOOD-ZP-M-WEI,Zip-Hoodie Heavy,M,Weiss,1,89.9,89.9,28.0
AB-2026-14279,2026-02-20,Amazon,K-10277,Rechnungskauf,HOOD-CL-M-NAV,Hoodie Classic,M,Navy,1,69.9,69.9,21.0
AB-2026-14280,2026-03-23,Amazon,K-15294,Rechnungskauf,JOG-CL-XL-OLI,Jogger Classic,XL,Oliv,1,64.9,64.9,19.5
AB-2026-14281,2026-04-05,Eigener Shop,K-17520,PayPal,JOG-CL-S-OLI,Jogger Classic,S,Oliv,1,64.9,64.9,19.5
AB-2026-14282,2026-06-19,Eigener Shop,K-16036,PayPal,HOOD-ZP-L-SCH,Zip-Hoodie Heavy,L,Schwarz,1,89.9,89.9,28.0
AB-2026-14283,2026-06-19,Amazon,K-10593,PayPal,HOOD-ZP-L-SCH,Zip-Hoodie Heavy,L,Schwarz,1,89.9,89.9,28.0
AB-2026-14284,2026-04-18,Eigener Shop,K-15987,Rechnungskauf,JKT-RN-XL-WEI,Regenjacke Tech,XL,Weiss,1,119.9,119.9,84.0
AB-2026-14285,2026-01-29,Amazon,K-18106,PayPal,TEE-OVS-XS-WEI,T-Shirt Oversized,XS,Weiss,1,34.9,34.9,9.0
AB-2026-14285,2026-01-29,Amazon,K-18106,PayPal,JKT-RN-XS-WEI,Regenjacke Tech,XS,Weiss,1,119.9,119.9,84.0
AB-2026-14285,2026-01-29,Amazon,K-18106,PayPal,JOG-CL-XS-WEI,Jogger Classic,XS,Weiss,1,64.9,64.9,19.5
AB-2026-14286,2026-06-01,Eigener Shop,K-15450,Rechnungskauf,JKT-RN-XL-SCH,Regenjacke Tech,XL,Schwarz,1,119.9,119.9,84.0
AB-2026-14287,2026-05-06,Amazon,K-17742,Rechnungskauf,TEE-BAS-M-NAV,T-Shirt Basic,M,Navy,1,29.9,29.9,7.5
AB-2026-14287,2026-05-06,Amazon,K-17742,Rechnungskauf,HOOD-ZP-XS-SCH,Zip-Hoodie Heavy,XS,Schwarz,1,89.9,89.9,28.0
AB-2026-14288,2026-01-27,Eigener Shop,K-14977,Kreditkarte,KLEID-PR-M-WEI,Sommerkleid Print,M,Weiss,1,79.9,79.9,24.0
AB-2026-14288,2026-01-27,Eigener Shop,K-14977,Kreditkarte,HOOD-CL-L-OLI,Hoodie Classic,L,Oliv,1,69.9,69.9,21.0
AB-2026-14289,2026-04-06,Eigener Shop,K-16884,Kreditkarte,HOOD-ZP-XL-SCH,Zip-Hoodie Heavy,XL,Schwarz,1,89.9,89.9,28.0
AB-2026-14290,2026-02-23,Eigener Shop,K-14592,Kreditkarte,JKT-RN-XS-SCH,Regenjacke Tech,XS,Schwarz,1,119.9,119.9,84.0
AB-2026-14291,2026-05-07,Eigener Shop,K-13642,Kreditkarte,HOOD-ZP-M-SCH,Zip-Hoodie Heavy,M,Schwarz,1,89.9,89.9,28.0
AB-2026-14291,2026-05-07,Eigener Shop,K-13642,Kreditkarte,KLEID-PR-XS-OLI,Sommerkleid Print,XS,Oliv,1,79.9,79.9,24.0
AB-2026-14291,2026-05-07,Eigener Shop,K-13642,Kreditkarte,HOOD-ZP-M-SCH,Zip-Hoodie Heavy,M,Schwarz,1,89.9,89.9,28.0
AB-2026-14292,2026-03-18,Eigener Shop,K-16031,PayPal,CAP-LG-L-OLI,Cap Logo,L,Oliv,1,24.9,24.9,6.0
AB-2026-14292,2026-03-18,Eigener Shop,K-16031,PayPal,HOOD-CL-S-WEI,Hoodie Classic,S,Weiss,1,69.9,69.9,21.0
AB-2026-14293,2026-01-18,Eigener Shop,K-16208,Rechnungskauf,SOCK-3P-S-OLI,Sneaker Socken 3er-Pack,S,Oliv,1,19.9,19.9,4.8
AB-2026-14293,2026-01-18,Eigener Shop,K-16208,Rechnungskauf,TEE-OVS-M-SCH,T-Shirt Oversized,M,Schwarz,1,34.9,34.9,9.0
AB-2026-14294,2026-02-16,Eigener Shop,K-18216,PayPal,TEE-BAS-XS-SCH,T-Shirt Basic,XS,Schwarz,1,29.9,29.9,7.5
AB-2026-14295,2026-03-09,Eigener Shop,K-11730,Rechnungskauf,TEE-OVS-XS-WEI,T-Shirt Oversized,XS,Weiss,1,34.9,34.9,9.0
AB-2026-14296,2026-06-13,Amazon,K-15415,PayPal,JOG-CL-S-SCH,Jogger Classic,S,Schwarz,1,64.9,64.9,19.5
AB-2026-14297,2026-02-09,Eigener Shop,K-12290,Rechnungskauf,SOCK-3P-XL-NAV,Sneaker Socken 3er-Pack,XL,Navy,1,19.9,19.9,4.8
AB-2026-14297,2026-02-09,Eigener Shop,K-12290,Rechnungskauf,HOOD-CL-S-SCH,Hoodie Classic,S,Schwarz,1,69.9,69.9,21.0
AB-2026-14298,2026-04-06,Eigener Shop,K-18267,Rechnungskauf,SOCK-3P-XS-OLI,Sneaker Socken 3er-Pack,XS,Oliv,1,19.9,19.9,4.8
AB-2026-14299,2026-01-05,Eigener Shop,K-18505,Vorkasse,SOCK-3P-XL-SCH,Sneaker Socken 3er-Pack,XL,Schwarz,1,19.9,19.9,4.8
AB-2026-14300,2026-05-20,Zalando,K-17644,Kreditkarte,HOOD-ZP-XL-SCH,Zip-Hoodie Heavy,XL,Schwarz,1,89.9,89.9,28.0
AB-2026-14301,2026-06-04,Amazon,K-10382,Rechnungskauf,HOOD-CL-S-WEI,Hoodie Classic,S,Weiss,1,69.9,69.9,21.0
AB-2026-14301,2026-06-04,Amazon,K-10382,Rechnungskauf,HOOD-CL-M-WEI,Hoodie Classic,M,Weiss,1,69.9,69.9,21.0
AB-2026-14301,2026-06-04,Amazon,K-10382,Rechnungskauf,JOG-CL-M-SCH,Jogger Classic,M,Schwarz,1,64.9,64.9,19.5
AB-2026-14301,2026-06-04,Amazon,K-10382,Rechnungskauf,JOG-CL-L-SCH,Jogger Classic,L,Schwarz,1,64.9,64.9,19.5
AB-2026-14302,2026-03-04,Eigener Shop,K-12680,Vorkasse,CAP-LG-XL-NAV,Cap Logo,XL,Navy,1,24.9,24.9,6.0
AB-2026-14303,2026-02-15,Eigener Shop,K-12491,Rechnungskauf,TEE-BAS-XL-OLI,T-Shirt Basic,XL,Oliv,1,29.9,29.9,7.5
AB-2026-14304,2026-06-29,Eigener Shop,K-14153,PayPal,HOOD-CL-S-OLI,Hoodie Classic,S,Oliv,1,69.9,69.9,21.0
AB-2026-14304,2026-06-29,Eigener Shop,K-14153,PayPal,TEE-OVS-XS-NAV,T-Shirt Oversized,XS,Navy,1,34.9,34.9,9.0
AB-2026-14304,2026-06-29,Eigener Shop,K-14153,PayPal,KLEID-PR-M-SCH,Sommerkleid Print,M,Schwarz,1,79.9,79.9,24.0
AB-2026-14305,2026-03-28,Eigener Shop,K-15635,PayPal,HOOD-ZP-XS-SCH,Zip-Hoodie Heavy,XS,Schwarz,1,89.9,89.9,28.0
AB-2026-14306,2026-06-25,Amazon,K-18834,Vorkasse,SOCK-3P-XL-NAV,Sneaker Socken 3er-Pack,XL,Navy,1,19.9,19.9,4.8
AB-2026-14307,2026-02-07,Eigener Shop,K-14828,PayPal,JKT-RN-L-WEI,Regenjacke Tech,L,Weiss,1,119.9,119.9,84.0
AB-2026-14307,2026-02-07,Eigener Shop,K-14828,PayPal,HOOD-ZP-S-SCH,Zip-Hoodie Heavy,S,Schwarz,1,89.9,89.9,28.0
AB-2026-14308,2026-01-27,Amazon,K-10667,Kreditkarte,JOG-CL-XL-OLI,Jogger Classic,XL,Oliv,1,64.9,64.9,19.5
AB-2026-14308,2026-01-27,Amazon,K-10667,Kreditkarte,SOCK-3P-XS-SCH,Sneaker Socken 3er-Pack,XS,Schwarz,1,19.9,19.9,4.8
AB-2026-14309,2026-02-11,Eigener Shop,K-11328,PayPal,TEE-OVS-XS-NAV,T-Shirt Oversized,XS,Navy,1,34.9,34.9,9.0
AB-2026-14310,2026-03-21,Zalando,K-12171,PayPal,JOG-CL-XS-WEI,Jogger Classic,XS,Weiss,1,64.9,64.9,19.5
AB-2026-14311,2026-05-29,Eigener Shop,K-14233,Rechnungskauf,HOOD-ZP-S-WEI,Zip-Hoodie Heavy,S,Weiss,1,89.9,89.9,28.0
AB-2026-14312,2026-01-14,Amazon,K-10561,Vorkasse,HOOD-ZP-L-WEI,Zip-Hoodie Heavy,L,Weiss,1,89.9,89.9,28.0
AB-2026-14312,2026-01-14,Amazon,K-10561,Vorkasse,SOCK-3P-S-SCH,Sneaker Socken 3er-Pack,S,Schwarz,1,19.9,19.9,4.8
AB-2026-14313,2026-03-30,Eigener Shop,K-12375,Kreditkarte,HOOD-CL-XS-OLI,Hoodie Classic,XS,Oliv,1,69.9,69.9,21.0
AB-2026-14314,2026-03-14,Eigener Shop,K-16195,Vorkasse,TEE-BAS-L-SCH,T-Shirt Basic,L,Schwarz,1,29.9,29.9,7.5
AB-2026-14315,2026-06-07,Eigener Shop,K-18517,PayPal,HOOD-ZP-M-WEI,Zip-Hoodie Heavy,M,Weiss,1,89.9,89.9,28.0
AB-2026-14316,2026-04-13,Eigener Shop,K-17177,Kreditkarte,CAP-LG-L-NAV,Cap Logo,L,Navy,1,24.9,24.9,6.0
AB-2026-14317,2026-04-21,Eigener Shop,K-17551,Kreditkarte,SOCK-3P-XS-SCH,Sneaker Socken 3er-Pack,XS,Schwarz,1,19.9,19.9,4.8
AB-2026-14318,2026-02-04,Eigener Shop,K-15573,Vorkasse,JOG-CL-L-SCH,Jogger Classic,L,Schwarz,1,64.9,64.9,19.5
AB-2026-14319,2026-06-29,Zalando,K-12901,Vorkasse,HOOD-ZP-M-WEI,Zip-Hoodie Heavy,M,Weiss,1,89.9,89.9,28.0
AB-2026-14319,2026-06-29,Zalando,K-12901,Vorkasse,HOOD-ZP-S-WEI,Zip-Hoodie Heavy,S,Weiss,1,89.9,89.9,28.0
AB-2026-14320,2026-02-17,Amazon,K-13827,PayPal,HOOD-ZP-S-SCH,Zip-Hoodie Heavy,S,Schwarz,1,89.9,89.9,28.0
AB-2026-14320,2026-02-17,Amazon,K-13827,PayPal,JKT-RN-M-WEI,Regenjacke Tech,M,Weiss,1,119.9,119.9,84.0
AB-2026-14321,2026-04-27,Eigener Shop,K-10498,PayPal,HOOD-ZP-M-SCH,Zip-Hoodie Heavy,M,Schwarz,1,89.9,89.9,28.0
AB-2026-14322,2026-04-03,Amazon,K-15423,PayPal,TEE-BAS-XL-SCH,T-Shirt Basic,XL,Schwarz,1,29.9,29.9,7.5
AB-2026-14322,2026-04-03,Amazon,K-15423,PayPal,KLEID-PR-XL-OLI,Sommerkleid Print,XL,Oliv,1,79.9,79.9,24.0
AB-2026-14323,2026-06-23,Eigener Shop,K-13704,Vorkasse,HOOD-ZP-XL-WEI,Zip-Hoodie Heavy,XL,Weiss,1,89.9,89.9,28.0
AB-2026-14324,2026-02-06,Amazon,K-12181,Rechnungskauf,HOOD-ZP-L-SCH,Zip-Hoodie Heavy,L,Schwarz,1,89.9,89.9,28.0
AB-2026-14325,2026-01-17,Eigener Shop,K-16954,Rechnungskauf,CAP-LG-XL-SCH,Cap Logo,XL,Schwarz,1,24.9,24.9,6.0
AB-2026-14326,2026-05-23,Eigener Shop,K-17403,Rechnungskauf,CAP-LG-M-WEI,Cap Logo,M,Weiss,1,24.9,24.9,6.0
AB-2026-14327,2026-03-25,Amazon,K-19879,Rechnungskauf,SOCK-3P-XL-WEI,Sneaker Socken 3er-Pack,XL,Weiss,1,19.9,19.9,4.8
AB-2026-14328,2026-01-09,Eigener Shop,K-13229,Rechnungskauf,TEE-OVS-M-OLI,T-Shirt Oversized,M,Oliv,1,34.9,34.9,9.0
AB-2026-14328,2026-01-09,Eigener Shop,K-13229,Rechnungskauf,TEE-OVS-L-OLI,T-Shirt Oversized,L,Oliv,1,34.9,34.9,9.0
AB-2026-14328,2026-01-09,Eigener Shop,K-13229,Rechnungskauf,JKT-RN-XS-SCH,Regenjacke Tech,XS,Schwarz,1,119.9,119.9,84.0
AB-2026-14328,2026-01-09,Eigener Shop,K-13229,Rechnungskauf,JKT-RN-L-SCH,Regenjacke Tech,L,Schwarz,1,119.9,119.9,84.0
AB-2026-14328,2026-01-09,Eigener Shop,K-13229,Rechnungskauf,KLEID-PR-L-NAV,Sommerkleid Print,L,Navy,1,79.9,79.9,24.0
AB-2026-14328,2026-01-09,Eigener Shop,K-13229,Rechnungskauf,KLEID-PR-M-NAV,Sommerkleid Print,M,Navy,1,79.9,79.9,24.0
AB-2026-14329,2026-03-21,Amazon,K-10989,Rechnungskauf,HOOD-ZP-S-SCH,Zip-Hoodie Heavy,S,Schwarz,1,89.9,89.9,28.0
AB-2026-14330,2026-06-03,Amazon,K-18817,Rechnungskauf,HOOD-ZP-S-SCH,Zip-Hoodie Heavy,S,Schwarz,1,89.9,89.9,28.0
AB-2026-14330,2026-06-03,Amazon,K-18817,Rechnungskauf,HOOD-ZP-XS-SCH,Zip-Hoodie Heavy,XS,Schwarz,1,89.9,89.9,28.0
AB-2026-14331,2026-04-23,Eigener Shop,K-12611,Kreditkarte,HOOD-CL-L-OLI,Hoodie Classic,L,Oliv,1,69.9,69.9,21.0
AB-2026-14331,2026-04-23,Eigener Shop,K-12611,Kreditkarte,TEE-OVS-M-WEI,T-Shirt Oversized,M,Weiss,1,34.9,34.9,9.0
AB-2026-14331,2026-04-23,Eigener Shop,K-12611,Kreditkarte,TEE-OVS-XS-NAV,T-Shirt Oversized,XS,Navy,1,34.9,34.9,9.0
AB-2026-14332,2026-02-22,Eigener Shop,K-16594,Kreditkarte,HOOD-ZP-M-SCH,Zip-Hoodie Heavy,M,Schwarz,1,89.9,89.9,28.0
AB-2026-14333,2026-06-15,Eigener Shop,K-14489,Kreditkarte,HOOD-CL-XL-NAV,Hoodie Classic,XL,Navy,1,69.9,69.9,21.0
AB-2026-14334,2026-05-16,Zalando,K-12835,Rechnungskauf,CAP-LG-L-SCH,Cap Logo,L,Schwarz,1,24.9,24.9,6.0
AB-2026-14335,2026-02-09,Zalando,K-17083,PayPal,SOCK-3P-XL-OLI,Sneaker Socken 3er-Pack,XL,Oliv,1,19.9,19.9,4.8
AB-2026-14335,2026-02-09,Zalando,K-17083,PayPal,SOCK-3P-M-NAV,Sneaker Socken 3er-Pack,M,Navy,1,19.9,19.9,4.8
AB-2026-14336,2026-02-10,Eigener Shop,K-18862,Rechnungskauf,HOOD-CL-M-SCH,Hoodie Classic,M,Schwarz,1,69.9,69.9,21.0
AB-2026-14336,2026-02-10,Eigener Shop,K-18862,Rechnungskauf,HOOD-CL-XL-SCH,Hoodie Classic,XL,Schwarz,1,69.9,69.9,21.0
AB-2026-14337,2026-05-05,Amazon,K-17866,Rechnungskauf,TEE-OVS-XS-OLI,T-Shirt Oversized,XS,Oliv,1,34.9,34.9,9.0
AB-2026-14337,2026-05-05,Amazon,K-17866,Rechnungskauf,HOOD-ZP-XS-WEI,Zip-Hoodie Heavy,XS,Weiss,1,89.9,89.9,28.0
AB-2026-14338,2026-04-28,Amazon,K-19864,Rechnungskauf,HOOD-ZP-L-SCH,Zip-Hoodie Heavy,L,Schwarz,1,89.9,89.9,28.0
AB-2026-14339,2026-03-24,Amazon,K-15348,Kreditkarte,TEE-BAS-M-SCH,T-Shirt Basic,M,Schwarz,1,29.9,29.9,7.5
AB-2026-14340,2026-05-24,Zalando,K-13166,PayPal,HOOD-ZP-M-SCH,Zip-Hoodie Heavy,M,Schwarz,1,89.9,89.9,28.0
AB-2026-14340,2026-05-24,Zalando,K-13166,PayPal,HOOD-ZP-XL-SCH,Zip-Hoodie Heavy,XL,Schwarz,1,89.9,89.9,28.0
AB-2026-14341,2026-01-04,Eigener Shop,K-14630,Rechnungskauf,KLEID-PR-L-NAV,Sommerkleid Print,L,Navy,1,79.9,79.9,24.0
AB-2026-14342,2026-02-16,Eigener Shop,K-12845,PayPal,JOG-CL-XL-SCH,Jogger Classic,XL,Schwarz,1,64.9,64.9,19.5
AB-2026-14342,2026-02-16,Eigener Shop,K-12845,PayPal,TEE-BAS-M-SCH,T-Shirt Basic,M,Schwarz,1,29.9,29.9,7.5
AB-2026-14343,2026-01-15,Eigener Shop,K-17164,Kreditkarte,TEE-BAS-XL-NAV,T-Shirt Basic,XL,Navy,1,29.9,29.9,7.5
AB-2026-14344,2026-06-13,Amazon,K-13228,Rechnungskauf,SOCK-3P-M-NAV,Sneaker Socken 3er-Pack,M,Navy,1,19.9,19.9,4.8
AB-2026-14345,2026-06-07,Zalando,K-10718,PayPal,HOOD-ZP-L-WEI,Zip-Hoodie Heavy,L,Weiss,1,89.9,89.9,28.0
AB-2026-14346,2026-04-03,Eigener Shop,K-19212,Kreditkarte,HOOD-CL-S-SCH,Hoodie Classic,S,Schwarz,1,69.9,69.9,21.0
AB-2026-14346,2026-04-03,Eigener Shop,K-19212,Kreditkarte,HOOD-ZP-XS-SCH,Zip-Hoodie Heavy,XS,Schwarz,1,89.9,89.9,28.0
AB-2026-14347,2026-05-27,Amazon,K-15185,Vorkasse,HOOD-ZP-S-WEI,Zip-Hoodie Heavy,S,Weiss,1,89.9,89.9,28.0
AB-2026-14348,2026-01-01,Eigener Shop,K-18803,Rechnungskauf,HOOD-ZP-XS-SCH,Zip-Hoodie Heavy,XS,Schwarz,1,89.9,89.9,28.0
AB-2026-14349,2026-03-18,Amazon,K-17457,PayPal,TEE-OVS-S-WEI,T-Shirt Oversized,S,Weiss,1,34.9,34.9,9.0
AB-2026-14350,2026-02-09,Eigener Shop,K-19135,Rechnungskauf,TEE-BAS-M-OLI,T-Shirt Basic,M,Oliv,1,29.9,29.9,7.5
AB-2026-14351,2026-06-05,Eigener Shop,K-18663,PayPal,JKT-RN-S-WEI,Regenjacke Tech,S,Weiss,1,119.9,119.9,84.0
AB-2026-14352,2026-06-28,Eigener Shop,K-16133,Rechnungskauf,HOOD-CL-S-OLI,Hoodie Classic,S,Oliv,1,69.9,69.9,21.0
AB-2026-14353,2026-03-05,Amazon,K-18210,Kreditkarte,JOG-CL-XL-WEI,Jogger Classic,XL,Weiss,1,64.9,64.9,19.5
AB-2026-14354,2026-04-05,Zalando,K-11001,PayPal,SOCK-3P-L-OLI,Sneaker Socken 3er-Pack,L,Oliv,1,19.9,19.9,4.8
AB-2026-14355,2026-06-04,Eigener Shop,K-13134,Rechnungskauf,TEE-BAS-XL-OLI,T-Shirt Basic,XL,Oliv,1,29.9,29.9,7.5
AB-2026-14356,2026-04-06,Amazon,K-11413,Rechnungskauf,TEE-OVS-XS-SCH,T-Shirt Oversized,XS,Schwarz,1,34.9,34.9,9.0
AB-2026-14357,2026-06-23,Eigener Shop,K-12331,Kreditkarte,JKT-RN-S-SCH,Regenjacke Tech,S,Schwarz,1,119.9,119.9,84.0
AB-2026-14357,2026-06-23,Eigener Shop,K-12331,Kreditkarte,TEE-OVS-L-SCH,T-Shirt Oversized,L,Schwarz,1,34.9,34.9,9.0
AB-2026-14358,2026-01-06,Zalando,K-10281,Vorkasse,HOOD-ZP-L-SCH,Zip-Hoodie Heavy,L,Schwarz,1,89.9,89.9,28.0
AB-2026-14358,2026-01-06,Zalando,K-10281,Vorkasse,HOOD-ZP-L-WEI,Zip-Hoodie Heavy,L,Weiss,1,89.9,89.9,28.0
AB-2026-14359,2026-03-15,Eigener Shop,K-12092,Kreditkarte,JOG-CL-S-NAV,Jogger Classic,S,Navy,1,64.9,64.9,19.5
AB-2026-14359,2026-03-15,Eigener Shop,K-12092,Kreditkarte,JOG-CL-M-WEI,Jogger Classic,M,Weiss,1,64.9,64.9,19.5
AB-2026-14359,2026-03-15,Eigener Shop,K-12092,Kreditkarte,SOCK-3P-S-SCH,Sneaker Socken 3er-Pack,S,Schwarz,1,19.9,19.9,4.8
AB-2026-14360,2026-02-26,Eigener Shop,K-15312,PayPal,HOOD-ZP-S-WEI,Zip-Hoodie Heavy,S,Weiss,1,89.9,89.9,28.0
AB-2026-14360,2026-02-26,Eigener Shop,K-15312,PayPal,HOOD-ZP-S-WEI,Zip-Hoodie Heavy,S,Weiss,1,89.9,89.9,28.0
AB-2026-14360,2026-02-26,Eigener Shop,K-15312,PayPal,CAP-LG-XS-SCH,Cap Logo,XS,Schwarz,1,24.9,24.9,6.0
AB-2026-14361,2026-03-01,Eigener Shop,K-14957,Vorkasse,KLEID-PR-M-OLI,Sommerkleid Print,M,Oliv,1,79.9,79.9,24.0
AB-2026-14361,2026-03-01,Eigener Shop,K-14957,Vorkasse,KLEID-PR-XS-OLI,Sommerkleid Print,XS,Oliv,1,79.9,79.9,24.0
AB-2026-14362,2026-06-22,Eigener Shop,K-11373,Vorkasse,TEE-OVS-M-SCH,T-Shirt Oversized,M,Schwarz,1,34.9,34.9,9.0
AB-2026-14363,2026-03-27,Eigener Shop,K-10548,PayPal,TEE-OVS-M-SCH,T-Shirt Oversized,M,Schwarz,1,34.9,34.9,9.0
AB-2026-14364,2026-01-01,Amazon,K-16742,Kreditkarte,TEE-OVS-M-SCH,T-Shirt Oversized,M,Schwarz,1,34.9,34.9,9.0
AB-2026-14365,2026-05-11,Zalando,K-12856,PayPal,HOOD-ZP-S-SCH,Zip-Hoodie Heavy,S,Schwarz,1,89.9,89.9,28.0
AB-2026-14365,2026-05-11,Zalando,K-12856,PayPal,KLEID-PR-XL-WEI,Sommerkleid Print,XL,Weiss,1,79.9,79.9,24.0
AB-2026-14366,2026-02-20,Eigener Shop,K-19597,Rechnungskauf,JKT-RN-XS-SCH,Regenjacke Tech,XS,Schwarz,1,119.9,119.9,84.0
AB-2026-14367,2026-01-29,Eigener Shop,K-17698,Rechnungskauf,KLEID-PR-XL-SCH,Sommerkleid Print,XL,Schwarz,1,79.9,79.9,24.0
AB-2026-14367,2026-01-29,Eigener Shop,K-17698,Rechnungskauf,TEE-BAS-S-SCH,T-Shirt Basic,S,Schwarz,1,29.9,29.9,7.5
AB-2026-14368,2026-04-25,Eigener Shop,K-12571,Rechnungskauf,HOOD-CL-XL-SCH,Hoodie Classic,XL,Schwarz,1,69.9,69.9,21.0
AB-2026-14369,2026-04-13,Amazon,K-12032,PayPal,KLEID-PR-XL-SCH,Sommerkleid Print,XL,Schwarz,1,79.9,79.9,24.0
AB-2026-14370,2026-01-10,Eigener Shop,K-14855,Rechnungskauf,HOOD-CL-M-WEI,Hoodie Classic,M,Weiss,1,69.9,69.9,21.0
AB-2026-14370,2026-01-10,Eigener Shop,K-14855,Rechnungskauf,TEE-BAS-M-SCH,T-Shirt Basic,M,Schwarz,1,29.9,29.9,7.5
AB-2026-14371,2026-03-10,Eigener Shop,K-17066,Kreditkarte,JKT-RN-L-WEI,Regenjacke Tech,L,Weiss,1,119.9,119.9,84.0
AB-2026-14371,2026-03-10,Eigener Shop,K-17066,Kreditkarte,HOOD-CL-S-NAV,Hoodie Classic,S,Navy,1,69.9,69.9,21.0
AB-2026-14372,2026-01-27,Eigener Shop,K-11572,PayPal,HOOD-CL-XL-SCH,Hoodie Classic,XL,Schwarz,1,69.9,69.9,21.0
AB-2026-14372,2026-01-27,Eigener Shop,K-11572,PayPal,HOOD-CL-XL-NAV,Hoodie Classic,XL,Navy,1,69.9,69.9,21.0
AB-2026-14373,2026-03-03,Zalando,K-18636,PayPal,HOOD-ZP-S-SCH,Zip-Hoodie Heavy,S,Schwarz,1,89.9,89.9,28.0
AB-2026-14374,2026-06-23,Eigener Shop,K-12519,PayPal,KLEID-PR-XL-NAV,Sommerkleid Print,XL,Navy,1,79.9,79.9,24.0
AB-2026-14374,2026-06-23,Eigener Shop,K-12519,PayPal,TEE-OVS-XS-OLI,T-Shirt Oversized,XS,Oliv,1,34.9,34.9,9.0
AB-2026-14375,2026-02-03,Eigener Shop,K-18206,Rechnungskauf,TEE-OVS-S-OLI,T-Shirt Oversized,S,Oliv,1,34.9,34.9,9.0
AB-2026-14376,2026-04-20,Zalando,K-19604,PayPal,TEE-OVS-XS-WEI,T-Shirt Oversized,XS,Weiss,1,34.9,34.9,9.0
AB-2026-14377,2026-03-07,Eigener Shop,K-12786,PayPal,HOOD-ZP-L-WEI,Zip-Hoodie Heavy,L,Weiss,1,89.9,89.9,28.0
AB-2026-14377,2026-03-07,Eigener Shop,K-12786,PayPal,JOG-CL-M-NAV,Jogger Classic,M,Navy,1,64.9,64.9,19.5
AB-2026-14378,2026-05-21,Eigener Shop,K-19630,PayPal,HOOD-CL-XL-SCH,Hoodie Classic,XL,Schwarz,1,69.9,69.9,21.0
AB-2026-14379,2026-05-11,Eigener Shop,K-13489,PayPal,HOOD-ZP-M-WEI,Zip-Hoodie Heavy,M,Weiss,1,89.9,89.9,28.0
AB-2026-14380,2026-02-23,Eigener Shop,K-10870,PayPal,CAP-LG-M-OLI,Cap Logo,M,Oliv,1,24.9,24.9,6.0
AB-2026-14381,2026-01-01,Eigener Shop,K-17492,PayPal,HOOD-ZP-M-SCH,Zip-Hoodie Heavy,M,Schwarz,1,89.9,89.9,28.0
AB-2026-14382,2026-01-03,Eigener Shop,K-17983,Rechnungskauf,HOOD-CL-L-WEI,Hoodie Classic,L,Weiss,1,69.9,69.9,21.0
AB-2026-14382,2026-01-03,Eigener Shop,K-17983,Rechnungskauf,SOCK-3P-M-WEI,Sneaker Socken 3er-Pack,M,Weiss,1,19.9,19.9,4.8
AB-2026-14383,2026-03-25,Amazon,K-11917,Kreditkarte,HOOD-ZP-XS-WEI,Zip-Hoodie Heavy,XS,Weiss,1,89.9,89.9,28.0
AB-2026-14384,2026-02-26,Amazon,K-10862,PayPal,SOCK-3P-XS-OLI,Sneaker Socken 3er-Pack,XS,Oliv,1,19.9,19.9,4.8
AB-2026-14384,2026-02-26,Amazon,K-10862,PayPal,KLEID-PR-S-SCH,Sommerkleid Print,S,Schwarz,1,79.9,79.9,24.0
AB-2026-14385,2026-04-25,Zalando,K-17554,PayPal,HOOD-ZP-S-SCH,Zip-Hoodie Heavy,S,Schwarz,1,89.9,89.9,28.0
AB-2026-14386,2026-02-23,Eigener Shop,K-16285,PayPal,KLEID-PR-L-OLI,Sommerkleid Print,L,Oliv,1,79.9,79.9,24.0
AB-2026-14386,2026-02-23,Eigener Shop,K-16285,PayPal,KLEID-PR-M-SCH,Sommerkleid Print,M,Schwarz,1,79.9,79.9,24.0
AB-2026-14387,2026-03-02,Amazon,K-10442,Rechnungskauf,HOOD-ZP-XS-WEI,Zip-Hoodie Heavy,XS,Weiss,1,89.9,89.9,28.0
AB-2026-14387,2026-03-02,Amazon,K-10442,Rechnungskauf,HOOD-ZP-L-WEI,Zip-Hoodie Heavy,L,Weiss,1,89.9,89.9,28.0
AB-2026-14388,2026-04-08,Eigener Shop,K-14227,Kreditkarte,JKT-RN-L-SCH,Regenjacke Tech,L,Schwarz,1,119.9,119.9,84.0
AB-2026-14389,2026-05-01,Eigener Shop,K-13191,Rechnungskauf,SOCK-3P-S-WEI,Sneaker Socken 3er-Pack,S,Weiss,1,19.9,19.9,4.8
AB-2026-14389,2026-05-01,Eigener Shop,K-13191,Rechnungskauf,SOCK-3P-L-WEI,Sneaker Socken 3er-Pack,L,Weiss,1,19.9,19.9,4.8
AB-2026-14390,2026-01-19,Eigener Shop,K-12544,Rechnungskauf,JKT-RN-XS-SCH,Regenjacke Tech,XS,Schwarz,1,119.9,119.9,84.0
AB-2026-14391,2026-02-07,Eigener Shop,K-16426,Rechnungskauf,TEE-OVS-L-SCH,T-Shirt Oversized,L,Schwarz,1,34.9,34.9,9.0
AB-2026-14391,2026-02-07,Eigener Shop,K-16426,Rechnungskauf,TEE-BAS-XS-OLI,T-Shirt Basic,XS,Oliv,1,29.9,29.9,7.5
AB-2026-14391,2026-02-07,Eigener Shop,K-16426,Rechnungskauf,HOOD-ZP-XL-SCH,Zip-Hoodie Heavy,XL,Schwarz,1,89.9,89.9,28.0
AB-2026-14392,2026-01-06,Eigener Shop,K-16540,Rechnungskauf,JOG-CL-XS-SCH,Jogger Classic,XS,Schwarz,1,64.9,64.9,19.5
AB-2026-14393,2026-06-09,Eigener Shop,K-16511,Vorkasse,JOG-CL-XS-SCH,Jogger Classic,XS,Schwarz,1,64.9,64.9,19.5
AB-2026-14393,2026-06-09,Eigener Shop,K-16511,Vorkasse,HOOD-ZP-XS-WEI,Zip-Hoodie Heavy,XS,Weiss,1,89.9,89.9,28.0
AB-2026-14394,2026-06-29,Eigener Shop,K-10885,Vorkasse,TEE-BAS-S-NAV,T-Shirt Basic,S,Navy,1,29.9,29.9,7.5
AB-2026-14395,2026-01-27,Zalando,K-10024,Vorkasse,TEE-BAS-L-WEI,T-Shirt Basic,L,Weiss,1,29.9,29.9,7.5
AB-2026-14396,2026-01-16,Amazon,K-13570,PayPal,CAP-LG-M-WEI,Cap Logo,M,Weiss,1,24.9,24.9,6.0
AB-2026-14397,2026-04-15,Zalando,K-15086,Rechnungskauf,CAP-LG-M-SCH,Cap Logo,M,Schwarz,1,24.9,24.9,6.0
AB-2026-14398,2026-03-16,Eigener Shop,K-19473,Rechnungskauf,JKT-RN-M-WEI,Regenjacke Tech,M,Weiss,1,119.9,119.9,84.0
AB-2026-14399,2026-01-23,Eigener Shop,K-17341,Kreditkarte,HOOD-ZP-XS-SCH,Zip-Hoodie Heavy,XS,Schwarz,1,89.9,89.9,28.0
AB-2026-14399,2026-01-23,Eigener Shop,K-17341,Kreditkarte,HOOD-CL-M-SCH,Hoodie Classic,M,Schwarz,1,69.9,69.9,21.0
AB-2026-14399,2026-01-23,Eigener Shop,K-17341,Kreditkarte,JKT-RN-XL-WEI,Regenjacke Tech,XL,Weiss,1,119.9,119.9,84.0
AB-2026-14400,2026-03-02,Eigener Shop,K-16491,Rechnungskauf,JKT-RN-S-SCH,Regenjacke Tech,S,Schwarz,1,119.9,119.9,84.0
AB-2026-14401,2026-05-28,Zalando,K-17118,Vorkasse,HOOD-ZP-M-SCH,Zip-Hoodie Heavy,M,Schwarz,1,89.9,89.9,28.0
AB-2026-14401,2026-05-28,Zalando,K-17118,Vorkasse,HOOD-ZP-S-WEI,Zip-Hoodie Heavy,S,Weiss,1,89.9,89.9,28.0
AB-2026-14402,2026-03-02,Amazon,K-17426,Vorkasse,CAP-LG-S-WEI,Cap Logo,S,Weiss,1,24.9,24.9,6.0
AB-2026-14402,2026-03-02,Amazon,K-17426,Vorkasse,TEE-BAS-XL-SCH,T-Shirt Basic,XL,Schwarz,1,29.9,29.9,7.5
AB-2026-14402,2026-03-02,Amazon,K-17426,Vorkasse,HOOD-ZP-XS-WEI,Zip-Hoodie Heavy,XS,Weiss,1,89.9,89.9,28.0
AB-2026-14403,2026-05-01,Eigener Shop,K-12807,Rechnungskauf,HOOD-CL-L-OLI,Hoodie Classic,L,Oliv,1,69.9,69.9,21.0
AB-2026-14403,2026-05-01,Eigener Shop,K-12807,Rechnungskauf,HOOD-ZP-XS-WEI,Zip-Hoodie Heavy,XS,Weiss,1,89.9,89.9,28.0
AB-2026-14404,2026-01-27,Eigener Shop,K-13034,Rechnungskauf,TEE-BAS-M-NAV,T-Shirt Basic,M,Navy,1,29.9,29.9,7.5
AB-2026-14405,2026-02-02,Eigener Shop,K-11114,Rechnungskauf,SOCK-3P-M-NAV,Sneaker Socken 3er-Pack,M,Navy,1,19.9,19.9,4.8
AB-2026-14406,2026-01-06,Amazon,K-17027,Kreditkarte,HOOD-ZP-S-SCH,Zip-Hoodie Heavy,S,Schwarz,1,89.9,89.9,28.0
AB-2026-14407,2026-03-14,Zalando,K-12774,Rechnungskauf,KLEID-PR-L-OLI,Sommerkleid Print,L,Oliv,1,79.9,79.9,24.0
AB-2026-14408,2026-01-27,Amazon,K-13603,Rechnungskauf,KLEID-PR-S-OLI,Sommerkleid Print,S,Oliv,1,79.9,79.9,24.0
AB-2026-14408,2026-01-27,Amazon,K-13603,Rechnungskauf,HOOD-ZP-XL-WEI,Zip-Hoodie Heavy,XL,Weiss,1,89.9,89.9,28.0
AB-2026-14409,2026-03-06,Eigener Shop,K-13181,Kreditkarte,SOCK-3P-M-WEI,Sneaker Socken 3er-Pack,M,Weiss,1,19.9,19.9,4.8
AB-2026-14409,2026-03-06,Eigener Shop,K-13181,Kreditkarte,KLEID-PR-M-NAV,Sommerkleid Print,M,Navy,1,79.9,79.9,24.0
AB-2026-14410,2026-03-31,Amazon,K-11160,Rechnungskauf,TEE-OVS-L-WEI,T-Shirt Oversized,L,Weiss,1,34.9,34.9,9.0
AB-2026-14410,2026-03-31,Amazon,K-11160,Rechnungskauf,JKT-RN-XS-SCH,Regenjacke Tech,XS,Schwarz,1,119.9,119.9,84.0
AB-2026-14410,2026-03-31,Amazon,K-11160,Rechnungskauf,TEE-BAS-M-SCH,T-Shirt Basic,M,Schwarz,1,29.9,29.9,7.5
AB-2026-14411,2026-01-12,Eigener Shop,K-17943,PayPal,HOOD-ZP-S-WEI,Zip-Hoodie Heavy,S,Weiss,1,89.9,89.9,28.0
AB-2026-14412,2026-01-10,Eigener Shop,K-19141,PayPal,HOOD-CL-L-NAV,Hoodie Classic,L,Navy,1,69.9,69.9,21.0
AB-2026-14413,2026-04-20,Zalando,K-13246,Rechnungskauf,CAP-LG-XS-NAV,Cap Logo,XS,Navy,1,24.9,24.9,6.0
AB-2026-14414,2026-02-13,Eigener Shop,K-13096,Kreditkarte,HOOD-CL-M-WEI,Hoodie Classic,M,Weiss,1,69.9,69.9,21.0
AB-2026-14415,2026-01-24,Eigener Shop,K-17683,PayPal,HOOD-ZP-XL-WEI,Zip-Hoodie Heavy,XL,Weiss,1,89.9,89.9,28.0
AB-2026-14416,2026-01-02,Amazon,K-19938,Rechnungskauf,KLEID-PR-S-OLI,Sommerkleid Print,S,Oliv,1,79.9,79.9,24.0
AB-2026-14416,2026-01-02,Amazon,K-19938,Rechnungskauf,SOCK-3P-L-NAV,Sneaker Socken 3er-Pack,L,Navy,1,19.9,19.9,4.8
AB-2026-14417,2026-06-23,Amazon,K-11299,PayPal,KLEID-PR-L-SCH,Sommerkleid Print,L,Schwarz,1,79.9,79.9,24.0
AB-2026-14417,2026-06-23,Amazon,K-11299,PayPal,HOOD-ZP-XS-SCH,Zip-Hoodie Heavy,XS,Schwarz,1,89.9,89.9,28.0
AB-2026-14418,2026-02-28,Eigener Shop,K-17901,PayPal,HOOD-ZP-XL-WEI,Zip-Hoodie Heavy,XL,Weiss,1,89.9,89.9,28.0
AB-2026-14418,2026-02-28,Eigener Shop,K-17901,PayPal,HOOD-ZP-XL-WEI,Zip-Hoodie Heavy,XL,Weiss,1,89.9,89.9,28.0
AB-2026-14419,2026-03-24,Eigener Shop,K-10993,PayPal,KLEID-PR-S-WEI,Sommerkleid Print,S,Weiss,1,79.9,79.9,24.0
AB-2026-14419,2026-03-24,Eigener Shop,K-10993,PayPal,KLEID-PR-M-SCH,Sommerkleid Print,M,Schwarz,1,79.9,79.9,24.0
AB-2026-14420,2026-06-13,Amazon,K-10801,Rechnungskauf,SOCK-3P-M-SCH,Sneaker Socken 3er-Pack,M,Schwarz,1,19.9,19.9,4.8
AB-2026-14420,2026-06-13,Amazon,K-10801,Rechnungskauf,SOCK-3P-XL-SCH,Sneaker Socken 3er-Pack,XL,Schwarz,1,19.9,19.9,4.8
AB-2026-14421,2026-03-03,Eigener Shop,K-18153,Rechnungskauf,HOOD-ZP-XL-WEI,Zip-Hoodie Heavy,XL,Weiss,1,89.9,89.9,28.0
AB-2026-14422,2026-05-01,Eigener Shop,K-15688,PayPal,HOOD-ZP-XL-SCH,Zip-Hoodie Heavy,XL,Schwarz,1,89.9,89.9,28.0
AB-2026-14422,2026-05-01,Eigener Shop,K-15688,PayPal,HOOD-ZP-XL-WEI,Zip-Hoodie Heavy,XL,Weiss,1,89.9,89.9,28.0
AB-2026-14423,2026-01-05,Eigener Shop,K-16121,Rechnungskauf,HOOD-ZP-XL-SCH,Zip-Hoodie Heavy,XL,Schwarz,1,89.9,89.9,28.0
AB-2026-14424,2026-04-03,Amazon,K-16734,PayPal,JOG-CL-XL-OLI,Jogger Classic,XL,Oliv,1,64.9,64.9,19.5
AB-2026-14425,2026-05-28,Eigener Shop,K-19846,Rechnungskauf,JKT-RN-XL-WEI,Regenjacke Tech,XL,Weiss,1,119.9,119.9,84.0
AB-2026-14426,2026-02-08,Eigener Shop,K-18858,PayPal,KLEID-PR-S-OLI,Sommerkleid Print,S,Oliv,1,79.9,79.9,24.0
AB-2026-14426,2026-02-08,Eigener Shop,K-18858,PayPal,TEE-BAS-S-SCH,T-Shirt Basic,S,Schwarz,1,29.9,29.9,7.5
AB-2026-14427,2026-05-17,Amazon,K-11374,Vorkasse,JKT-RN-M-WEI,Regenjacke Tech,M,Weiss,1,119.9,119.9,84.0
AB-2026-14428,2026-03-31,Eigener Shop,K-10693,Kreditkarte,TEE-BAS-XL-WEI,T-Shirt Basic,XL,Weiss,1,29.9,29.9,7.5
AB-2026-14428,2026-03-31,Eigener Shop,K-10693,Kreditkarte,JKT-RN-S-SCH,Regenjacke Tech,S,Schwarz,1,119.9,119.9,84.0
AB-2026-14429,2026-04-20,Amazon,K-13728,Kreditkarte,JOG-CL-XS-WEI,Jogger Classic,XS,Weiss,1,64.9,64.9,19.5
AB-2026-14430,2026-04-19,Amazon,K-16513,Kreditkarte,HOOD-CL-M-WEI,Hoodie Classic,M,Weiss,1,69.9,69.9,21.0
AB-2026-14431,2026-03-07,Zalando,K-14122,Kreditkarte,CAP-LG-XS-OLI,Cap Logo,XS,Oliv,1,24.9,24.9,6.0
AB-2026-14432,2026-03-07,Eigener Shop,K-10190,PayPal,JOG-CL-S-OLI,Jogger Classic,S,Oliv,1,64.9,64.9,19.5
AB-2026-14433,2026-02-04,Zalando,K-12658,Rechnungskauf,JKT-RN-L-WEI,Regenjacke Tech,L,Weiss,1,119.9,119.9,84.0
AB-2026-14434,2026-01-20,Eigener Shop,K-13571,Kreditkarte,JKT-RN-L-SCH,Regenjacke Tech,L,Schwarz,1,119.9,119.9,84.0
AB-2026-14434,2026-01-20,Eigener Shop,K-13571,Kreditkarte,JKT-RN-M-SCH,Regenjacke Tech,M,Schwarz,1,119.9,119.9,84.0
AB-2026-14435,2026-02-02,Zalando,K-10018,PayPal,CAP-LG-XS-SCH,Cap Logo,XS,Schwarz,1,24.9,24.9,6.0
AB-2026-14436,2026-03-15,Zalando,K-10286,Rechnungskauf,HOOD-ZP-L-WEI,Zip-Hoodie Heavy,L,Weiss,1,89.9,89.9,28.0
AB-2026-14436,2026-03-15,Zalando,K-10286,Rechnungskauf,KLEID-PR-S-NAV,Sommerkleid Print,S,Navy,1,79.9,79.9,24.0
AB-2026-14437,2026-02-25,Eigener Shop,K-14598,Vorkasse,JOG-CL-S-SCH,Jogger Classic,S,Schwarz,1,64.9,64.9,19.5
AB-2026-14437,2026-02-25,Eigener Shop,K-14598,Vorkasse,JOG-CL-L-NAV,Jogger Classic,L,Navy,1,64.9,64.9,19.5
AB-2026-14437,2026-02-25,Eigener Shop,K-14598,Vorkasse,TEE-OVS-XL-WEI,T-Shirt Oversized,XL,Weiss,1,34.9,34.9,9.0
AB-2026-14438,2026-03-09,Amazon,K-10431,PayPal,HOOD-ZP-S-WEI,Zip-Hoodie Heavy,S,Weiss,1,89.9,89.9,28.0
AB-2026-14439,2026-06-14,Zalando,K-19518,Kreditkarte,JKT-RN-L-SCH,Regenjacke Tech,L,Schwarz,1,119.9,119.9,84.0
AB-2026-14439,2026-06-14,Zalando,K-19518,Kreditkarte,KLEID-PR-L-WEI,Sommerkleid Print,L,Weiss,1,79.9,79.9,24.0
AB-2026-14439,2026-06-14,Zalando,K-19518,Kreditkarte,TEE-BAS-XS-OLI,T-Shirt Basic,XS,Oliv,1,29.9,29.9,7.5
AB-2026-14440,2026-05-27,Eigener Shop,K-18748,Kreditkarte,HOOD-ZP-S-WEI,Zip-Hoodie Heavy,S,Weiss,1,89.9,89.9,28.0
AB-2026-14440,2026-05-27,Eigener Shop,K-18748,Kreditkarte,TEE-BAS-XL-SCH,T-Shirt Basic,XL,Schwarz,1,29.9,29.9,7.5
AB-2026-14440,2026-05-27,Eigener Shop,K-18748,Kreditkarte,TEE-OVS-S-OLI,T-Shirt Oversized,S,Oliv,1,34.9,34.9,9.0
AB-2026-14441,2026-03-23,Amazon,K-18785,Rechnungskauf,JOG-CL-S-OLI,Jogger Classic,S,Oliv,1,64.9,64.9,19.5
AB-2026-14442,2026-06-08,Amazon,K-11969,Rechnungskauf,TEE-BAS-S-NAV,T-Shirt Basic,S,Navy,1,29.9,29.9,7.5
AB-2026-14443,2026-01-13,Eigener Shop,K-13858,PayPal,TEE-BAS-XS-WEI,T-Shirt Basic,XS,Weiss,1,29.9,29.9,7.5
AB-2026-14444,2026-06-21,Zalando,K-14687,Vorkasse,KLEID-PR-M-SCH,Sommerkleid Print,M,Schwarz,1,79.9,79.9,24.0
AB-2026-14444,2026-06-21,Zalando,K-14687,Vorkasse,HOOD-ZP-S-WEI,Zip-Hoodie Heavy,S,Weiss,1,89.9,89.9,28.0
AB-2026-14445,2026-03-08,Eigener Shop,K-13330,Rechnungskauf,HOOD-CL-L-SCH,Hoodie Classic,L,Schwarz,1,69.9,69.9,21.0
AB-2026-14446,2026-04-12,Eigener Shop,K-11166,PayPal,HOOD-ZP-XS-SCH,Zip-Hoodie Heavy,XS,Schwarz,1,89.9,89.9,28.0
AB-2026-14446,2026-04-12,Eigener Shop,K-11166,PayPal,HOOD-ZP-M-SCH,Zip-Hoodie Heavy,M,Schwarz,1,89.9,89.9,28.0
AB-2026-14446,2026-04-12,Eigener Shop,K-11166,PayPal,SOCK-3P-XS-WEI,Sneaker Socken 3er-Pack,XS,Weiss,1,19.9,19.9,4.8
AB-2026-14446,2026-04-12,Eigener Shop,K-11166,PayPal,SOCK-3P-S-WEI,Sneaker Socken 3er-Pack,S,Weiss,1,19.9,19.9,4.8
AB-2026-14447,2026-05-28,Eigener Shop,K-16778,Vorkasse,SOCK-3P-L-SCH,Sneaker Socken 3er-Pack,L,Schwarz,1,19.9,19.9,4.8
AB-2026-14448,2026-03-06,Eigener Shop,K-15336,Kreditkarte,HOOD-CL-L-NAV,Hoodie Classic,L,Navy,1,69.9,69.9,21.0
AB-2026-14448,2026-03-06,Eigener Shop,K-15336,Kreditkarte,JKT-RN-L-SCH,Regenjacke Tech,L,Schwarz,1,119.9,119.9,84.0
AB-2026-14449,2026-02-06,Zalando,K-11429,Rechnungskauf,JOG-CL-M-WEI,Jogger Classic,M,Weiss,1,64.9,64.9,19.5
AB-2026-14449,2026-02-06,Zalando,K-11429,Rechnungskauf,SOCK-3P-M-NAV,Sneaker Socken 3er-Pack,M,Navy,1,19.9,19.9,4.8
AB-2026-14449,2026-02-06,Zalando,K-11429,Rechnungskauf,TEE-BAS-M-SCH,T-Shirt Basic,M,Schwarz,1,29.9,29.9,7.5
AB-2026-14450,2026-02-01,Eigener Shop,K-11137,PayPal,HOOD-ZP-L-WEI,Zip-Hoodie Heavy,L,Weiss,1,89.9,89.9,28.0
AB-2026-14450,2026-02-01,Eigener Shop,K-11137,PayPal,HOOD-ZP-XS-SCH,Zip-Hoodie Heavy,XS,Schwarz,1,89.9,89.9,28.0
AB-2026-14451,2026-01-14,Eigener Shop,K-19027,PayPal,TEE-OVS-XL-NAV,T-Shirt Oversized,XL,Navy,1,34.9,34.9,9.0
AB-2026-14452,2026-01-02,Eigener Shop,K-14463,Kreditkarte,KLEID-PR-L-WEI,Sommerkleid Print,L,Weiss,1,79.9,79.9,24.0
AB-2026-14453,2026-04-04,Eigener Shop,K-19271,Kreditkarte,TEE-BAS-M-WEI,T-Shirt Basic,M,Weiss,1,29.9,29.9,7.5
AB-2026-14453,2026-04-04,Eigener Shop,K-19271,Kreditkarte,JKT-RN-S-WEI,Regenjacke Tech,S,Weiss,1,119.9,119.9,84.0
AB-2026-14454,2026-03-23,Zalando,K-19945,Rechnungskauf,HOOD-ZP-L-WEI,Zip-Hoodie Heavy,L,Weiss,1,89.9,89.9,28.0
AB-2026-14454,2026-03-23,Zalando,K-19945,Rechnungskauf,CAP-LG-XS-NAV,Cap Logo,XS,Navy,1,24.9,24.9,6.0
AB-2026-14455,2026-06-30,Eigener Shop,K-15367,PayPal,TEE-BAS-M-SCH,T-Shirt Basic,M,Schwarz,1,29.9,29.9,7.5
AB-2026-14455,2026-06-30,Eigener Shop,K-15367,PayPal,TEE-OVS-XL-OLI,T-Shirt Oversized,XL,Oliv,1,34.9,34.9,9.0
AB-2026-14456,2026-05-21,Amazon,K-17388,Vorkasse,TEE-BAS-XL-NAV,T-Shirt Basic,XL,Navy,1,29.9,29.9,7.5
AB-2026-14456,2026-05-21,Amazon,K-17388,Vorkasse,HOOD-ZP-XS-WEI,Zip-Hoodie Heavy,XS,Weiss,1,89.9,89.9,28.0
AB-2026-14457,2026-03-10,Eigener Shop,K-16406,PayPal,JKT-RN-XS-SCH,Regenjacke Tech,XS,Schwarz,1,119.9,119.9,84.0
AB-2026-14458,2026-06-28,Eigener Shop,K-16645,Kreditkarte,JOG-CL-S-OLI,Jogger Classic,S,Oliv,1,64.9,64.9,19.5
AB-2026-14459,2026-04-30,Eigener Shop,K-12557,Kreditkarte,JKT-RN-XS-WEI,Regenjacke Tech,XS,Weiss,1,119.9,119.9,84.0
AB-2026-14460,2026-04-24,Eigener Shop,K-17307,PayPal,JKT-RN-XL-SCH,Regenjacke Tech,XL,Schwarz,1,119.9,119.9,84.0
AB-2026-14461,2026-06-05,Eigener Shop,K-16384,Kreditkarte,KLEID-PR-S-OLI,Sommerkleid Print,S,Oliv,1,79.9,79.9,24.0
AB-2026-14461,2026-06-05,Eigener Shop,K-16384,Kreditkarte,HOOD-CL-S-OLI,Hoodie Classic,S,Oliv,1,69.9,69.9,21.0
AB-2026-14462,2026-01-07,Eigener Shop,K-14133,Rechnungskauf,HOOD-CL-M-NAV,Hoodie Classic,M,Navy,1,69.9,69.9,21.0
AB-2026-14462,2026-01-07,Eigener Shop,K-14133,Rechnungskauf,TEE-BAS-XS-NAV,T-Shirt Basic,XS,Navy,1,29.9,29.9,7.5
AB-2026-14463,2026-02-12,Eigener Shop,K-16763,Rechnungskauf,JOG-CL-XL-WEI,Jogger Classic,XL,Weiss,1,64.9,64.9,19.5
AB-2026-14464,2026-05-25,Zalando,K-17672,Vorkasse,KLEID-PR-XS-SCH,Sommerkleid Print,XS,Schwarz,1,79.9,79.9,24.0
AB-2026-14465,2026-03-13,Eigener Shop,K-16546,Vorkasse,HOOD-CL-L-NAV,Hoodie Classic,L,Navy,1,69.9,69.9,21.0
AB-2026-14465,2026-03-13,Eigener Shop,K-16546,Vorkasse,JOG-CL-S-WEI,Jogger Classic,S,Weiss,1,64.9,64.9,19.5
AB-2026-14466,2026-06-02,Eigener Shop,K-18045,Kreditkarte,HOOD-ZP-S-WEI,Zip-Hoodie Heavy,S,Weiss,1,89.9,89.9,28.0
AB-2026-14467,2026-01-07,Amazon,K-17064,Kreditkarte,KLEID-PR-L-SCH,Sommerkleid Print,L,Schwarz,1,79.9,79.9,24.0
AB-2026-14467,2026-01-07,Amazon,K-17064,Kreditkarte,TEE-BAS-S-NAV,T-Shirt Basic,S,Navy,1,29.9,29.9,7.5
AB-2026-14468,2026-05-07,Eigener Shop,K-16509,Kreditkarte,JOG-CL-S-OLI,Jogger Classic,S,Oliv,1,64.9,64.9,19.5
AB-2026-14468,2026-05-07,Eigener Shop,K-16509,Kreditkarte,JOG-CL-L-OLI,Jogger Classic,L,Oliv,1,64.9,64.9,19.5
AB-2026-14469,2026-06-05,Eigener Shop,K-17564,Vorkasse,HOOD-ZP-L-WEI,Zip-Hoodie Heavy,L,Weiss,1,89.9,89.9,28.0
AB-2026-14470,2026-02-13,Zalando,K-17076,Rechnungskauf,SOCK-3P-XL-WEI,Sneaker Socken 3er-Pack,XL,Weiss,1,19.9,19.9,4.8
AB-2026-14471,2026-03-12,Eigener Shop,K-15561,PayPal,HOOD-ZP-S-WEI,Zip-Hoodie Heavy,S,Weiss,1,89.9,89.9,28.0
AB-2026-14472,2026-06-29,Eigener Shop,K-17024,Kreditkarte,HOOD-ZP-M-SCH,Zip-Hoodie Heavy,M,Schwarz,1,89.9,89.9,28.0
AB-2026-14473,2026-06-18,Amazon,K-17506,Rechnungskauf,HOOD-CL-XS-WEI,Hoodie Classic,XS,Weiss,1,69.9,69.9,21.0
AB-2026-14474,2026-06-03,Eigener Shop,K-17781,Vorkasse,JKT-RN-S-WEI,Regenjacke Tech,S,Weiss,1,119.9,119.9,84.0
AB-2026-14474,2026-06-03,Eigener Shop,K-17781,Vorkasse,JKT-RN-L-WEI,Regenjacke Tech,L,Weiss,1,119.9,119.9,84.0
AB-2026-14475,2026-06-29,Eigener Shop,K-11104,Vorkasse,JKT-RN-M-WEI,Regenjacke Tech,M,Weiss,1,119.9,119.9,84.0
AB-2026-14475,2026-06-29,Eigener Shop,K-11104,Vorkasse,TEE-BAS-XS-SCH,T-Shirt Basic,XS,Schwarz,1,29.9,29.9,7.5
AB-2026-14476,2026-04-14,Amazon,K-10673,Kreditkarte,JOG-CL-M-OLI,Jogger Classic,M,Oliv,1,64.9,64.9,19.5
AB-2026-14477,2026-02-20,Eigener Shop,K-17079,Rechnungskauf,HOOD-ZP-XS-SCH,Zip-Hoodie Heavy,XS,Schwarz,1,89.9,89.9,28.0
AB-2026-14477,2026-02-20,Eigener Shop,K-17079,Rechnungskauf,HOOD-ZP-S-SCH,Zip-Hoodie Heavy,S,Schwarz,1,89.9,89.9,28.0
AB-2026-14478,2026-05-12,Eigener Shop,K-19253,Rechnungskauf,HOOD-ZP-M-SCH,Zip-Hoodie Heavy,M,Schwarz,1,89.9,89.9,28.0
AB-2026-14479,2026-03-10,Eigener Shop,K-19844,PayPal,TEE-OVS-L-OLI,T-Shirt Oversized,L,Oliv,1,34.9,34.9,9.0
AB-2026-14480,2026-02-27,Eigener Shop,K-12113,PayPal,KLEID-PR-L-SCH,Sommerkleid Print,L,Schwarz,1,79.9,79.9,24.0
AB-2026-14480,2026-02-27,Eigener Shop,K-12113,PayPal,KLEID-PR-L-WEI,Sommerkleid Print,L,Weiss,1,79.9,79.9,24.0
AB-2026-14480,2026-02-27,Eigener Shop,K-12113,PayPal,CAP-LG-L-WEI,Cap Logo,L,Weiss,1,24.9,24.9,6.0
AB-2026-14481,2026-04-27,Amazon,K-16109,Kreditkarte,SOCK-3P-M-NAV,Sneaker Socken 3er-Pack,M,Navy,1,19.9,19.9,4.8
AB-2026-14482,2026-02-12,Amazon,K-12202,PayPal,TEE-OVS-XL-WEI,T-Shirt Oversized,XL,Weiss,1,34.9,34.9,9.0
AB-2026-14483,2026-03-29,Eigener Shop,K-12728,PayPal,JKT-RN-S-WEI,Regenjacke Tech,S,Weiss,1,119.9,119.9,84.0
AB-2026-14483,2026-03-29,Eigener Shop,K-12728,PayPal,JKT-RN-M-WEI,Regenjacke Tech,M,Weiss,1,119.9,119.9,84.0
AB-2026-14483,2026-03-29,Eigener Shop,K-12728,PayPal,JKT-RN-XL-WEI,Regenjacke Tech,XL,Weiss,1,119.9,119.9,84.0
AB-2026-14483,2026-03-29,Eigener Shop,K-12728,PayPal,JKT-RN-S-WEI,Regenjacke Tech,S,Weiss,1,119.9,119.9,84.0
AB-2026-14484,2026-03-12,Eigener Shop,K-15952,Rechnungskauf,TEE-BAS-S-OLI,T-Shirt Basic,S,Oliv,1,29.9,29.9,7.5
AB-2026-14485,2026-01-14,Eigener Shop,K-13177,Rechnungskauf,HOOD-CL-XS-OLI,Hoodie Classic,XS,Oliv,1,69.9,69.9,21.0
AB-2026-14486,2026-05-19,Eigener Shop,K-13760,Kreditkarte,TEE-BAS-XS-SCH,T-Shirt Basic,XS,Schwarz,1,29.9,29.9,7.5
AB-2026-14487,2026-06-21,Amazon,K-19640,Kreditkarte,JKT-RN-XL-SCH,Regenjacke Tech,XL,Schwarz,1,119.9,119.9,84.0
AB-2026-14488,2026-06-30,Eigener Shop,K-11540,Kreditkarte,JOG-CL-S-SCH,Jogger Classic,S,Schwarz,1,64.9,64.9,19.5
AB-2026-14489,2026-06-21,Eigener Shop,K-12613,Kreditkarte,JOG-CL-XL-SCH,Jogger Classic,XL,Schwarz,1,64.9,64.9,19.5
AB-2026-14489,2026-06-21,Eigener Shop,K-12613,Kreditkarte,CAP-LG-M-WEI,Cap Logo,M,Weiss,1,24.9,24.9,6.0
AB-2026-14490,2026-01-05,Eigener Shop,K-17497,Vorkasse,HOOD-ZP-XS-WEI,Zip-Hoodie Heavy,XS,Weiss,1,89.9,89.9,28.0
AB-2026-14490,2026-01-05,Eigener Shop,K-17497,Vorkasse,KLEID-PR-L-WEI,Sommerkleid Print,L,Weiss,1,79.9,79.9,24.0
AB-2026-14491,2026-02-05,Eigener Shop,K-16872,Rechnungskauf,KLEID-PR-S-WEI,Sommerkleid Print,S,Weiss,1,79.9,79.9,24.0
AB-2026-14492,2026-04-30,Eigener Shop,K-19588,PayPal,JOG-CL-S-NAV,Jogger Classic,S,Navy,1,64.9,64.9,19.5
AB-2026-14493,2026-06-16,Amazon,K-19946,Rechnungskauf,KLEID-PR-M-NAV,Sommerkleid Print,M,Navy,1,79.9,79.9,24.0
AB-2026-14493,2026-06-16,Amazon,K-19946,Rechnungskauf,HOOD-ZP-L-WEI,Zip-Hoodie Heavy,L,Weiss,1,89.9,89.9,28.0
AB-2026-14494,2026-05-15,Eigener Shop,K-11229,Kreditkarte,HOOD-CL-M-SCH,Hoodie Classic,M,Schwarz,1,69.9,69.9,21.0
AB-2026-14494,2026-05-15,Eigener Shop,K-11229,Kreditkarte,JOG-CL-S-NAV,Jogger Classic,S,Navy,1,64.9,64.9,19.5
AB-2026-14495,2026-03-01,Eigener Shop,K-15003,Rechnungskauf,JOG-CL-S-OLI,Jogger Classic,S,Oliv,1,64.9,64.9,19.5
AB-2026-14496,2026-05-22,Eigener Shop,K-13356,Rechnungskauf,SOCK-3P-XS-NAV,Sneaker Socken 3er-Pack,XS,Navy,1,19.9,19.9,4.8
AB-2026-14496,2026-05-22,Eigener Shop,K-13356,Rechnungskauf,KLEID-PR-S-WEI,Sommerkleid Print,S,Weiss,1,79.9,79.9,24.0
AB-2026-14496,2026-05-22,Eigener Shop,K-13356,Rechnungskauf,HOOD-ZP-XS-WEI,Zip-Hoodie Heavy,XS,Weiss,1,89.9,89.9,28.0
AB-2026-14497,2026-06-05,Eigener Shop,K-17250,Vorkasse,SOCK-3P-XL-SCH,Sneaker Socken 3er-Pack,XL,Schwarz,1,19.9,19.9,4.8
AB-2026-14498,2026-05-27,Eigener Shop,K-18488,Kreditkarte,JOG-CL-S-WEI,Jogger Classic,S,Weiss,1,64.9,64.9,19.5
AB-2026-14498,2026-05-27,Eigener Shop,K-18488,Kreditkarte,TEE-BAS-S-NAV,T-Shirt Basic,S,Navy,1,29.9,29.9,7.5
AB-2026-14499,2026-02-14,Zalando,K-12661,Kreditkarte,TEE-BAS-XS-WEI,T-Shirt Basic,XS,Weiss,1,29.9,29.9,7.5
AB-2026-14499,2026-02-14,Zalando,K-12661,Kreditkarte,KLEID-PR-XL-SCH,Sommerkleid Print,XL,Schwarz,1,79.9,79.9,24.0
AB-2026-14500,2026-05-28,Eigener Shop,K-13950,Rechnungskauf,JOG-CL-L-SCH,Jogger Classic,L,Schwarz,1,64.9,64.9,19.5
AB-2026-14500,2026-05-28,Eigener Shop,K-13950,Rechnungskauf,HOOD-ZP-M-SCH,Zip-Hoodie Heavy,M,Schwarz,1,89.9,89.9,28.0
AB-2026-14501,2026-03-14,Zalando,K-14359,Vorkasse,CAP-LG-L-OLI,Cap Logo,L,Oliv,1,24.9,24.9,6.0
AB-2026-14501,2026-03-14,Zalando,K-14359,Vorkasse,CAP-LG-L-WEI,Cap Logo,L,Weiss,1,24.9,24.9,6.0
AB-2026-14501,2026-03-14,Zalando,K-14359,Vorkasse,HOOD-ZP-XL-SCH,Zip-Hoodie Heavy,XL,Schwarz,1,89.9,89.9,28.0
AB-2026-14502,2026-04-12,Eigener Shop,K-10750,Rechnungskauf,HOOD-ZP-L-WEI,Zip-Hoodie Heavy,L,Weiss,1,89.9,89.9,28.0
AB-2026-14503,2026-05-27,Eigener Shop,K-10356,Vorkasse,HOOD-ZP-S-SCH,Zip-Hoodie Heavy,S,Schwarz,1,89.9,89.9,28.0
AB-2026-14504,2026-06-02,Eigener Shop,K-11935,PayPal,JOG-CL-M-OLI,Jogger Classic,M,Oliv,1,64.9,64.9,19.5
AB-2026-14505,2026-05-01,Zalando,K-10698,PayPal,HOOD-ZP-S-SCH,Zip-Hoodie Heavy,S,Schwarz,1,89.9,89.9,28.0
AB-2026-14506,2026-06-30,Zalando,K-14025,Rechnungskauf,HOOD-ZP-XL-SCH,Zip-Hoodie Heavy,XL,Schwarz,1,89.9,89.9,28.0
AB-2026-14506,2026-06-30,Zalando,K-14025,Rechnungskauf,JKT-RN-XS-WEI,Regenjacke Tech,XS,Weiss,1,119.9,119.9,84.0
AB-2026-14507,2026-03-23,Eigener Shop,K-12180,Rechnungskauf,JOG-CL-S-WEI,Jogger Classic,S,Weiss,1,64.9,64.9,19.5
AB-2026-14508,2026-06-27,Amazon,K-15943,Rechnungskauf,CAP-LG-S-NAV,Cap Logo,S,Navy,1,24.9,24.9,6.0
AB-2026-14508,2026-06-27,Amazon,K-15943,Rechnungskauf,CAP-LG-L-NAV,Cap Logo,L,Navy,1,24.9,24.9,6.0
AB-2026-14509,2026-06-03,Eigener Shop,K-11038,PayPal,JOG-CL-XS-OLI,Jogger Classic,XS,Oliv,1,64.9,64.9,19.5
AB-2026-14509,2026-06-03,Eigener Shop,K-11038,PayPal,HOOD-ZP-XL-SCH,Zip-Hoodie Heavy,XL,Schwarz,1,89.9,89.9,28.0
AB-2026-14510,2026-06-03,Amazon,K-18204,PayPal,TEE-BAS-M-NAV,T-Shirt Basic,M,Navy,1,29.9,29.9,7.5
AB-2026-14511,2026-03-22,Eigener Shop,K-18044,PayPal,HOOD-ZP-L-WEI,Zip-Hoodie Heavy,L,Weiss,1,89.9,89.9,28.0
AB-2026-14512,2026-02-09,Eigener Shop,K-15656,Kreditkarte,JOG-CL-S-NAV,Jogger Classic,S,Navy,1,64.9,64.9,19.5
AB-2026-14513,2026-05-27,Eigener Shop,K-18540,Rechnungskauf,HOOD-ZP-XL-SCH,Zip-Hoodie Heavy,XL,Schwarz,1,89.9,89.9,28.0
AB-2026-14514,2026-04-24,Amazon,K-11299,Vorkasse,HOOD-ZP-S-SCH,Zip-Hoodie Heavy,S,Schwarz,1,89.9,89.9,28.0
AB-2026-14515,2026-05-20,Eigener Shop,K-18361,Vorkasse,HOOD-ZP-M-WEI,Zip-Hoodie Heavy,M,Weiss,1,89.9,89.9,28.0
AB-2026-14515,2026-05-20,Eigener Shop,K-18361,Vorkasse,SOCK-3P-XS-WEI,Sneaker Socken 3er-Pack,XS,Weiss,1,19.9,19.9,4.8
AB-2026-14516,2026-05-14,Zalando,K-10025,PayPal,HOOD-ZP-XL-WEI,Zip-Hoodie Heavy,XL,Weiss,1,89.9,89.9,28.0
AB-2026-14517,2026-04-28,Eigener Shop,K-12690,Rechnungskauf,TEE-BAS-XS-NAV,T-Shirt Basic,XS,Navy,1,29.9,29.9,7.5
AB-2026-14517,2026-04-28,Eigener Shop,K-12690,Rechnungskauf,TEE-BAS-M-NAV,T-Shirt Basic,M,Navy,1,29.9,29.9,7.5
AB-2026-14518,2026-02-08,Zalando,K-10103,Rechnungskauf,TEE-OVS-M-NAV,T-Shirt Oversized,M,Navy,1,34.9,34.9,9.0
AB-2026-14519,2026-01-24,Eigener Shop,K-19326,PayPal,HOOD-CL-S-OLI,Hoodie Classic,S,Oliv,1,69.9,69.9,21.0
AB-2026-14520,2026-03-13,Eigener Shop,K-19869,Rechnungskauf,TEE-BAS-XL-SCH,T-Shirt Basic,XL,Schwarz,1,29.9,29.9,7.5
AB-2026-14521,2026-05-01,Eigener Shop,K-18404,Kreditkarte,HOOD-ZP-XL-WEI,Zip-Hoodie Heavy,XL,Weiss,1,89.9,89.9,28.0
AB-2026-14521,2026-05-01,Eigener Shop,K-18404,Kreditkarte,HOOD-ZP-S-WEI,Zip-Hoodie Heavy,S,Weiss,1,89.9,89.9,28.0
AB-2026-14521,2026-05-01,Eigener Shop,K-18404,Kreditkarte,HOOD-CL-M-SCH,Hoodie Classic,M,Schwarz,1,69.9,69.9,21.0
AB-2026-14521,2026-05-01,Eigener Shop,K-18404,Kreditkarte,HOOD-CL-XL-SCH,Hoodie Classic,XL,Schwarz,1,69.9,69.9,21.0
AB-2026-14522,2026-02-04,Eigener Shop,K-13382,Kreditkarte,KLEID-PR-M-WEI,Sommerkleid Print,M,Weiss,1,79.9,79.9,24.0
AB-2026-14522,2026-02-04,Eigener Shop,K-13382,Kreditkarte,HOOD-ZP-XS-SCH,Zip-Hoodie Heavy,XS,Schwarz,1,89.9,89.9,28.0
AB-2026-14523,2026-01-05,Eigener Shop,K-14284,Rechnungskauf,JOG-CL-L-OLI,Jogger Classic,L,Oliv,1,64.9,64.9,19.5
AB-2026-14524,2026-06-21,Zalando,K-18244,Rechnungskauf,HOOD-ZP-M-SCH,Zip-Hoodie Heavy,M,Schwarz,1,89.9,89.9,28.0
AB-2026-14525,2026-04-27,Amazon,K-15015,Vorkasse,SOCK-3P-XS-NAV,Sneaker Socken 3er-Pack,XS,Navy,1,19.9,19.9,4.8
AB-2026-14526,2026-05-18,Amazon,K-12627,Kreditkarte,SOCK-3P-M-SCH,Sneaker Socken 3er-Pack,M,Schwarz,1,19.9,19.9,4.8
AB-2026-14526,2026-05-18,Amazon,K-12627,Kreditkarte,HOOD-ZP-XS-SCH,Zip-Hoodie Heavy,XS,Schwarz,1,89.9,89.9,28.0
AB-2026-14527,2026-06-10,Eigener Shop,K-16928,Vorkasse,JOG-CL-M-WEI,Jogger Classic,M,Weiss,1,64.9,64.9,19.5
AB-2026-14528,2026-02-20,Eigener Shop,K-15436,PayPal,TEE-BAS-XS-NAV,T-Shirt Basic,XS,Navy,1,29.9,29.9,7.5
AB-2026-14528,2026-02-20,Eigener Shop,K-15436,PayPal,HOOD-ZP-L-SCH,Zip-Hoodie Heavy,L,Schwarz,1,89.9,89.9,28.0
AB-2026-14529,2026-01-11,Eigener Shop,K-10355,Vorkasse,TEE-OVS-XL-WEI,T-Shirt Oversized,XL,Weiss,1,34.9,34.9,9.0
AB-2026-14530,2026-03-28,Amazon,K-15405,Vorkasse,JKT-RN-S-SCH,Regenjacke Tech,S,Schwarz,1,119.9,119.9,84.0
AB-2026-14530,2026-03-28,Amazon,K-15405,Vorkasse,TEE-OVS-XL-WEI,T-Shirt Oversized,XL,Weiss,1,34.9,34.9,9.0
AB-2026-14530,2026-03-28,Amazon,K-15405,Vorkasse,HOOD-ZP-L-WEI,Zip-Hoodie Heavy,L,Weiss,1,89.9,89.9,28.0
AB-2026-14531,2026-03-25,Eigener Shop,K-19504,PayPal,HOOD-ZP-L-SCH,Zip-Hoodie Heavy,L,Schwarz,1,89.9,89.9,28.0
AB-2026-14531,2026-03-25,Eigener Shop,K-19504,PayPal,HOOD-ZP-L-WEI,Zip-Hoodie Heavy,L,Weiss,1,89.9,89.9,28.0
AB-2026-14531,2026-03-25,Eigener Shop,K-19504,PayPal,HOOD-ZP-L-SCH,Zip-Hoodie Heavy,L,Schwarz,1,89.9,89.9,28.0
AB-2026-14532,2026-05-26,Eigener Shop,K-15838,Kreditkarte,TEE-OVS-S-WEI,T-Shirt Oversized,S,Weiss,1,34.9,34.9,9.0
AB-2026-14533,2026-04-22,Eigener Shop,K-12825,Kreditkarte,JOG-CL-XS-OLI,Jogger Classic,XS,Oliv,1,64.9,64.9,19.5
AB-2026-14534,2026-03-04,Eigener Shop,K-19352,Vorkasse,HOOD-CL-M-OLI,Hoodie Classic,M,Oliv,1,69.9,69.9,21.0
AB-2026-14535,2026-05-11,Zalando,K-13574,Vorkasse,TEE-BAS-XS-NAV,T-Shirt Basic,XS,Navy,1,29.9,29.9,7.5
AB-2026-14536,2026-01-28,Amazon,K-12398,Vorkasse,TEE-BAS-XL-SCH,T-Shirt Basic,XL,Schwarz,1,29.9,29.9,7.5
AB-2026-14536,2026-01-28,Amazon,K-12398,Vorkasse,JOG-CL-L-NAV,Jogger Classic,L,Navy,1,64.9,64.9,19.5
AB-2026-14537,2026-03-30,Amazon,K-17221,Rechnungskauf,TEE-OVS-XL-SCH,T-Shirt Oversized,XL,Schwarz,1,34.9,34.9,9.0
AB-2026-14537,2026-03-30,Amazon,K-17221,Rechnungskauf,JOG-CL-XS-WEI,Jogger Classic,XS,Weiss,1,64.9,64.9,19.5
AB-2026-14538,2026-04-10,Amazon,K-13461,Vorkasse,JKT-RN-M-SCH,Regenjacke Tech,M,Schwarz,1,119.9,119.9,84.0
AB-2026-14538,2026-04-10,Amazon,K-13461,Vorkasse,JKT-RN-XL-SCH,Regenjacke Tech,XL,Schwarz,1,119.9,119.9,84.0
AB-2026-14539,2026-01-10,Eigener Shop,K-13787,PayPal,HOOD-ZP-XS-WEI,Zip-Hoodie Heavy,XS,Weiss,1,89.9,89.9,28.0
AB-2026-14540,2026-02-20,Eigener Shop,K-14691,Rechnungskauf,KLEID-PR-XL-NAV,Sommerkleid Print,XL,Navy,1,79.9,79.9,24.0
AB-2026-14541,2026-03-16,Eigener Shop,K-17254,Rechnungskauf,HOOD-ZP-XS-SCH,Zip-Hoodie Heavy,XS,Schwarz,1,89.9,89.9,28.0
AB-2026-14541,2026-03-16,Eigener Shop,K-17254,Rechnungskauf,KLEID-PR-XS-NAV,Sommerkleid Print,XS,Navy,1,79.9,79.9,24.0
AB-2026-14542,2026-05-05,Eigener Shop,K-15890,Vorkasse,HOOD-ZP-XS-SCH,Zip-Hoodie Heavy,XS,Schwarz,1,89.9,89.9,28.0
AB-2026-14543,2026-01-22,Zalando,K-15532,Rechnungskauf,HOOD-ZP-S-SCH,Zip-Hoodie Heavy,S,Schwarz,1,89.9,89.9,28.0
AB-2026-14544,2026-01-11,Amazon,K-10216,Rechnungskauf,JOG-CL-XS-SCH,Jogger Classic,XS,Schwarz,1,64.9,64.9,19.5
AB-2026-14544,2026-01-11,Amazon,K-10216,Rechnungskauf,HOOD-ZP-XS-WEI,Zip-Hoodie Heavy,XS,Weiss,1,89.9,89.9,28.0
AB-2026-14545,2026-06-05,Zalando,K-19509,Kreditkarte,TEE-BAS-XL-SCH,T-Shirt Basic,XL,Schwarz,1,29.9,29.9,7.5
AB-2026-14546,2026-03-19,Zalando,K-11247,PayPal,JKT-RN-S-WEI,Regenjacke Tech,S,Weiss,1,119.9,119.9,84.0
AB-2026-14546,2026-03-19,Zalando,K-11247,PayPal,TEE-OVS-L-WEI,T-Shirt Oversized,L,Weiss,1,34.9,34.9,9.0
AB-2026-14547,2026-06-18,Zalando,K-15700,PayPal,KLEID-PR-S-OLI,Sommerkleid Print,S,Oliv,1,79.9,79.9,24.0
AB-2026-14548,2026-03-03,Zalando,K-10681,Rechnungskauf,KLEID-PR-M-NAV,Sommerkleid Print,M,Navy,1,79.9,79.9,24.0
AB-2026-14548,2026-03-03,Zalando,K-10681,Rechnungskauf,TEE-OVS-L-WEI,T-Shirt Oversized,L,Weiss,1,34.9,34.9,9.0
AB-2026-14549,2026-02-01,Eigener Shop,K-13887,Rechnungskauf,HOOD-ZP-M-WEI,Zip-Hoodie Heavy,M,Weiss,1,89.9,89.9,28.0
AB-2026-14550,2026-05-27,Eigener Shop,K-18566,PayPal,HOOD-CL-XS-OLI,Hoodie Classic,XS,Oliv,1,69.9,69.9,21.0
AB-2026-14551,2026-03-11,Amazon,K-14428,Kreditkarte,JOG-CL-S-NAV,Jogger Classic,S,Navy,1,64.9,64.9,19.5
AB-2026-14552,2026-06-07,Zalando,K-19148,PayPal,HOOD-CL-S-WEI,Hoodie Classic,S,Weiss,1,69.9,69.9,21.0
AB-2026-14552,2026-06-07,Zalando,K-19148,PayPal,KLEID-PR-L-SCH,Sommerkleid Print,L,Schwarz,1,79.9,79.9,24.0
AB-2026-14553,2026-06-14,Zalando,K-11183,Rechnungskauf,JKT-RN-XL-SCH,Regenjacke Tech,XL,Schwarz,1,119.9,119.9,84.0
AB-2026-14554,2026-03-13,Zalando,K-18964,Rechnungskauf,HOOD-ZP-XS-SCH,Zip-Hoodie Heavy,XS,Schwarz,1,89.9,89.9,28.0
AB-2026-14555,2026-03-24,Amazon,K-14394,Rechnungskauf,JOG-CL-S-SCH,Jogger Classic,S,Schwarz,1,64.9,64.9,19.5
AB-2026-14555,2026-03-24,Amazon,K-14394,Rechnungskauf,JOG-CL-XL-SCH,Jogger Classic,XL,Schwarz,1,64.9,64.9,19.5
AB-2026-14556,2026-01-14,Amazon,K-16987,Vorkasse,HOOD-ZP-M-SCH,Zip-Hoodie Heavy,M,Schwarz,1,89.9,89.9,28.0
AB-2026-14556,2026-01-14,Amazon,K-16987,Vorkasse,HOOD-ZP-XL-SCH,Zip-Hoodie Heavy,XL,Schwarz,1,89.9,89.9,28.0
AB-2026-14557,2026-04-25,Eigener Shop,K-16493,Rechnungskauf,TEE-BAS-M-WEI,T-Shirt Basic,M,Weiss,1,29.9,29.9,7.5
AB-2026-14558,2026-01-23,Eigener Shop,K-18110,PayPal,KLEID-PR-XS-OLI,Sommerkleid Print,XS,Oliv,1,79.9,79.9,24.0
AB-2026-14559,2026-04-16,Eigener Shop,K-14892,PayPal,CAP-LG-M-SCH,Cap Logo,M,Schwarz,1,24.9,24.9,6.0
AB-2026-14559,2026-04-16,Eigener Shop,K-14892,PayPal,HOOD-CL-L-NAV,Hoodie Classic,L,Navy,1,69.9,69.9,21.0
AB-2026-14559,2026-04-16,Eigener Shop,K-14892,PayPal,SOCK-3P-XL-OLI,Sneaker Socken 3er-Pack,XL,Oliv,1,19.9,19.9,4.8
AB-2026-14560,2026-01-12,Amazon,K-10890,Vorkasse,HOOD-CL-M-NAV,Hoodie Classic,M,Navy,1,69.9,69.9,21.0
AB-2026-14560,2026-01-12,Amazon,K-10890,Vorkasse,TEE-OVS-M-OLI,T-Shirt Oversized,M,Oliv,1,34.9,34.9,9.0
AB-2026-14561,2026-03-03,Amazon,K-14376,Rechnungskauf,HOOD-ZP-XS-SCH,Zip-Hoodie Heavy,XS,Schwarz,1,89.9,89.9,28.0
AB-2026-14561,2026-03-03,Amazon,K-14376,Rechnungskauf,TEE-OVS-XS-OLI,T-Shirt Oversized,XS,Oliv,1,34.9,34.9,9.0
AB-2026-14562,2026-05-26,Eigener Shop,K-14375,Rechnungskauf,HOOD-ZP-XL-SCH,Zip-Hoodie Heavy,XL,Schwarz,1,89.9,89.9,28.0
AB-2026-14563,2026-05-28,Amazon,K-19437,Vorkasse,HOOD-ZP-XS-SCH,Zip-Hoodie Heavy,XS,Schwarz,1,89.9,89.9,28.0
AB-2026-14564,2026-05-20,Eigener Shop,K-12199,Rechnungskauf,HOOD-ZP-XS-WEI,Zip-Hoodie Heavy,XS,Weiss,1,89.9,89.9,28.0
AB-2026-14564,2026-05-20,Eigener Shop,K-12199,Rechnungskauf,TEE-OVS-XL-SCH,T-Shirt Oversized,XL,Schwarz,1,34.9,34.9,9.0
AB-2026-14564,2026-05-20,Eigener Shop,K-12199,Rechnungskauf,TEE-OVS-M-NAV,T-Shirt Oversized,M,Navy,1,34.9,34.9,9.0
AB-2026-14565,2026-06-17,Eigener Shop,K-18378,Vorkasse,JKT-RN-M-WEI,Regenjacke Tech,M,Weiss,1,119.9,119.9,84.0
AB-2026-14566,2026-03-21,Amazon,K-15791,Kreditkarte,SOCK-3P-L-WEI,Sneaker Socken 3er-Pack,L,Weiss,1,19.9,19.9,4.8
AB-2026-14566,2026-03-21,Amazon,K-15791,Kreditkarte,CAP-LG-XS-OLI,Cap Logo,XS,Oliv,1,24.9,24.9,6.0
AB-2026-14566,2026-03-21,Amazon,K-15791,Kreditkarte,TEE-OVS-L-SCH,T-Shirt Oversized,L,Schwarz,1,34.9,34.9,9.0
AB-2026-14567,2026-05-01,Eigener Shop,K-19199,Kreditkarte,TEE-OVS-XL-NAV,T-Shirt Oversized,XL,Navy,1,34.9,34.9,9.0
AB-2026-14568,2026-03-14,Eigener Shop,K-15681,PayPal,TEE-OVS-XL-SCH,T-Shirt Oversized,XL,Schwarz,1,34.9,34.9,9.0
AB-2026-14569,2026-05-29,Eigener Shop,K-18221,Vorkasse,CAP-LG-XS-OLI,Cap Logo,XS,Oliv,1,24.9,24.9,6.0
AB-2026-14570,2026-04-04,Amazon,K-12177,Rechnungskauf,TEE-BAS-M-WEI,T-Shirt Basic,M,Weiss,1,29.9,29.9,7.5
AB-2026-14571,2026-05-18,Zalando,K-12904,Kreditkarte,TEE-BAS-M-NAV,T-Shirt Basic,M,Navy,1,29.9,29.9,7.5
AB-2026-14571,2026-05-18,Zalando,K-12904,Kreditkarte,KLEID-PR-S-WEI,Sommerkleid Print,S,Weiss,1,79.9,79.9,24.0
AB-2026-14572,2026-03-11,Eigener Shop,K-16856,Vorkasse,TEE-BAS-M-SCH,T-Shirt Basic,M,Schwarz,1,29.9,29.9,7.5
AB-2026-14572,2026-03-11,Eigener Shop,K-16856,Vorkasse,SOCK-3P-XS-OLI,Sneaker Socken 3er-Pack,XS,Oliv,1,19.9,19.9,4.8
AB-2026-14573,2026-02-12,Amazon,K-19945,Kreditkarte,HOOD-CL-XS-OLI,Hoodie Classic,XS,Oliv,1,69.9,69.9,21.0
AB-2026-14573,2026-02-12,Amazon,K-19945,Kreditkarte,CAP-LG-XS-SCH,Cap Logo,XS,Schwarz,1,24.9,24.9,6.0
AB-2026-14574,2026-01-24,Amazon,K-11158,PayPal,HOOD-ZP-XS-WEI,Zip-Hoodie Heavy,XS,Weiss,1,89.9,89.9,28.0
AB-2026-14575,2026-03-03,Eigener Shop,K-17980,PayPal,KLEID-PR-L-NAV,Sommerkleid Print,L,Navy,1,79.9,79.9,24.0
AB-2026-14575,2026-03-03,Eigener Shop,K-17980,PayPal,KLEID-PR-S-WEI,Sommerkleid Print,S,Weiss,1,79.9,79.9,24.0
AB-2026-14576,2026-01-10,Eigener Shop,K-10493,Kreditkarte,SOCK-3P-L-OLI,Sneaker Socken 3er-Pack,L,Oliv,1,19.9,19.9,4.8
AB-2026-14577,2026-03-10,Eigener Shop,K-11588,Rechnungskauf,CAP-LG-M-NAV,Cap Logo,M,Navy,1,24.9,24.9,6.0
AB-2026-14578,2026-06-17,Eigener Shop,K-12361,Kreditkarte,HOOD-CL-XS-WEI,Hoodie Classic,XS,Weiss,1,69.9,69.9,21.0
AB-2026-14579,2026-04-02,Amazon,K-11303,Rechnungskauf,TEE-OVS-XL-SCH,T-Shirt Oversized,XL,Schwarz,1,34.9,34.9,9.0
AB-2026-14580,2026-06-24,Eigener Shop,K-19041,Rechnungskauf,TEE-OVS-S-OLI,T-Shirt Oversized,S,Oliv,1,34.9,34.9,9.0
AB-2026-14581,2026-02-04,Zalando,K-18609,PayPal,HOOD-ZP-XS-SCH,Zip-Hoodie Heavy,XS,Schwarz,1,89.9,89.9,28.0
AB-2026-14581,2026-02-04,Zalando,K-18609,PayPal,HOOD-ZP-L-SCH,Zip-Hoodie Heavy,L,Schwarz,1,89.9,89.9,28.0
AB-2026-14582,2026-02-27,Eigener Shop,K-11014,Vorkasse,JKT-RN-S-WEI,Regenjacke Tech,S,Weiss,1,119.9,119.9,84.0
AB-2026-14583,2026-04-18,Amazon,K-10026,Rechnungskauf,HOOD-ZP-M-WEI,Zip-Hoodie Heavy,M,Weiss,1,89.9,89.9,28.0
AB-2026-14584,2026-03-28,Eigener Shop,K-16091,PayPal,JOG-CL-L-SCH,Jogger Classic,L,Schwarz,1,64.9,64.9,19.5
AB-2026-14584,2026-03-28,Eigener Shop,K-16091,PayPal,JOG-CL-XS-SCH,Jogger Classic,XS,Schwarz,1,64.9,64.9,19.5
AB-2026-14585,2026-01-16,Amazon,K-17270,Rechnungskauf,SOCK-3P-XS-SCH,Sneaker Socken 3er-Pack,XS,Schwarz,1,19.9,19.9,4.8
AB-2026-14585,2026-01-16,Amazon,K-17270,Rechnungskauf,JKT-RN-L-WEI,Regenjacke Tech,L,Weiss,1,119.9,119.9,84.0
AB-2026-14586,2026-03-26,Eigener Shop,K-19208,Vorkasse,CAP-LG-XL-OLI,Cap Logo,XL,Oliv,1,24.9,24.9,6.0
AB-2026-14586,2026-03-26,Eigener Shop,K-19208,Vorkasse,HOOD-CL-S-OLI,Hoodie Classic,S,Oliv,1,69.9,69.9,21.0
AB-2026-14587,2026-01-16,Amazon,K-15467,Rechnungskauf,KLEID-PR-XL-WEI,Sommerkleid Print,XL,Weiss,1,79.9,79.9,24.0
AB-2026-14587,2026-01-16,Amazon,K-15467,Rechnungskauf,TEE-BAS-L-SCH,T-Shirt Basic,L,Schwarz,1,29.9,29.9,7.5
AB-2026-14588,2026-02-27,Eigener Shop,K-16182,Rechnungskauf,TEE-OVS-XS-NAV,T-Shirt Oversized,XS,Navy,1,34.9,34.9,9.0
AB-2026-14588,2026-02-27,Eigener Shop,K-16182,Rechnungskauf,TEE-BAS-S-WEI,T-Shirt Basic,S,Weiss,1,29.9,29.9,7.5
AB-2026-14589,2026-01-08,Eigener Shop,K-17642,Kreditkarte,HOOD-ZP-XL-SCH,Zip-Hoodie Heavy,XL,Schwarz,1,89.9,89.9,28.0
AB-2026-14589,2026-01-08,Eigener Shop,K-17642,Kreditkarte,KLEID-PR-S-OLI,Sommerkleid Print,S,Oliv,1,79.9,79.9,24.0
AB-2026-14590,2026-05-24,Eigener Shop,K-11687,Vorkasse,SOCK-3P-XL-WEI,Sneaker Socken 3er-Pack,XL,Weiss,1,19.9,19.9,4.8
AB-2026-14591,2026-05-30,Eigener Shop,K-16364,Kreditkarte,HOOD-CL-L-NAV,Hoodie Classic,L,Navy,1,69.9,69.9,21.0
AB-2026-14591,2026-05-30,Eigener Shop,K-16364,Kreditkarte,JOG-CL-M-OLI,Jogger Classic,M,Oliv,1,64.9,64.9,19.5
AB-2026-14591,2026-05-30,Eigener Shop,K-16364,Kreditkarte,KLEID-PR-S-WEI,Sommerkleid Print,S,Weiss,1,79.9,79.9,24.0
AB-2026-14592,2026-01-21,Eigener Shop,K-16974,Rechnungskauf,KLEID-PR-L-WEI,Sommerkleid Print,L,Weiss,1,79.9,79.9,24.0
AB-2026-14593,2026-04-16,Eigener Shop,K-15947,Vorkasse,HOOD-CL-XL-WEI,Hoodie Classic,XL,Weiss,1,69.9,69.9,21.0
AB-2026-14593,2026-04-16,Eigener Shop,K-15947,Vorkasse,HOOD-ZP-XL-WEI,Zip-Hoodie Heavy,XL,Weiss,1,89.9,89.9,28.0
AB-2026-14594,2026-04-22,Eigener Shop,K-11003,Rechnungskauf,HOOD-CL-S-NAV,Hoodie Classic,S,Navy,1,69.9,69.9,21.0
AB-2026-14595,2026-05-20,Eigener Shop,K-17590,Kreditkarte,SOCK-3P-XL-WEI,Sneaker Socken 3er-Pack,XL,Weiss,1,19.9,19.9,4.8
AB-2026-14595,2026-05-20,Eigener Shop,K-17590,Kreditkarte,CAP-LG-XL-SCH,Cap Logo,XL,Schwarz,1,24.9,24.9,6.0
AB-2026-14595,2026-05-20,Eigener Shop,K-17590,Kreditkarte,TEE-BAS-S-WEI,T-Shirt Basic,S,Weiss,1,29.9,29.9,7.5
AB-2026-14596,2026-01-28,Amazon,K-11450,Rechnungskauf,SOCK-3P-S-WEI,Sneaker Socken 3er-Pack,S,Weiss,1,19.9,19.9,4.8
AB-2026-14596,2026-01-28,Amazon,K-11450,Rechnungskauf,HOOD-ZP-XS-SCH,Zip-Hoodie Heavy,XS,Schwarz,1,89.9,89.9,28.0
AB-2026-14597,2026-01-24,Amazon,K-10788,PayPal,HOOD-ZP-L-SCH,Zip-Hoodie Heavy,L,Schwarz,1,89.9,89.9,28.0
AB-2026-14597,2026-01-24,Amazon,K-10788,PayPal,TEE-BAS-XL-SCH,T-Shirt Basic,XL,Schwarz,1,29.9,29.9,7.5
AB-2026-14597,2026-01-24,Amazon,K-10788,PayPal,CAP-LG-L-SCH,Cap Logo,L,Schwarz,1,24.9,24.9,6.0
AB-2026-14598,2026-04-15,Eigener Shop,K-15872,Rechnungskauf,HOOD-ZP-XL-SCH,Zip-Hoodie Heavy,XL,Schwarz,1,89.9,89.9,28.0
AB-2026-14598,2026-04-15,Eigener Shop,K-15872,Rechnungskauf,HOOD-ZP-XS-SCH,Zip-Hoodie Heavy,XS,Schwarz,1,89.9,89.9,28.0
AB-2026-14598,2026-04-15,Eigener Shop,K-15872,Rechnungskauf,HOOD-ZP-L-SCH,Zip-Hoodie Heavy,L,Schwarz,1,89.9,89.9,28.0
AB-2026-14599,2026-04-05,Amazon,K-17667,PayPal,HOOD-ZP-L-WEI,Zip-Hoodie Heavy,L,Weiss,1,89.9,89.9,28.0
AB-2026-14600,2026-01-25,Eigener Shop,K-16182,Rechnungskauf,JOG-CL-M-NAV,Jogger Classic,M,Navy,1,64.9,64.9,19.5
AB-2026-14600,2026-01-25,Eigener Shop,K-16182,Rechnungskauf,HOOD-ZP-M-SCH,Zip-Hoodie Heavy,M,Schwarz,1,89.9,89.9,28.0
AB-2026-14601,2026-05-02,Eigener Shop,K-13542,Kreditkarte,HOOD-ZP-S-WEI,Zip-Hoodie Heavy,S,Weiss,1,89.9,89.9,28.0
AB-2026-14601,2026-05-02,Eigener Shop,K-13542,Kreditkarte,HOOD-ZP-XS-SCH,Zip-Hoodie Heavy,XS,Schwarz,1,89.9,89.9,28.0
AB-2026-14602,2026-06-07,Amazon,K-16522,PayPal,SOCK-3P-S-OLI,Sneaker Socken 3er-Pack,S,Oliv,1,19.9,19.9,4.8
AB-2026-14603,2026-06-26,Eigener Shop,K-10489,Vorkasse,JOG-CL-L-SCH,Jogger Classic,L,Schwarz,1,64.9,64.9,19.5
AB-2026-14604,2026-03-16,Eigener Shop,K-12769,Kreditkarte,TEE-OVS-XL-WEI,T-Shirt Oversized,XL,Weiss,1,34.9,34.9,9.0
AB-2026-14605,2026-01-15,Zalando,K-14642,Vorkasse,KLEID-PR-XL-NAV,Sommerkleid Print,XL,Navy,1,79.9,79.9,24.0
AB-2026-14605,2026-01-15,Zalando,K-14642,Vorkasse,TEE-BAS-XL-SCH,T-Shirt Basic,XL,Schwarz,1,29.9,29.9,7.5
AB-2026-14605,2026-01-15,Zalando,K-14642,Vorkasse,HOOD-CL-XL-WEI,Hoodie Classic,XL,Weiss,1,69.9,69.9,21.0
AB-2026-14606,2026-03-17,Amazon,K-11040,PayPal,HOOD-ZP-L-WEI,Zip-Hoodie Heavy,L,Weiss,1,89.9,89.9,28.0
AB-2026-14607,2026-06-20,Eigener Shop,K-17490,Kreditkarte,KLEID-PR-M-WEI,Sommerkleid Print,M,Weiss,1,79.9,79.9,24.0
AB-2026-14607,2026-06-20,Eigener Shop,K-17490,Kreditkarte,KLEID-PR-XL-WEI,Sommerkleid Print,XL,Weiss,1,79.9,79.9,24.0
AB-2026-14608,2026-01-10,Zalando,K-14906,PayPal,HOOD-CL-L-WEI,Hoodie Classic,L,Weiss,1,69.9,69.9,21.0
AB-2026-14609,2026-01-06,Eigener Shop,K-12402,PayPal,SOCK-3P-S-OLI,Sneaker Socken 3er-Pack,S,Oliv,1,19.9,19.9,4.8
AB-2026-14609,2026-01-06,Eigener Shop,K-12402,PayPal,KLEID-PR-S-SCH,Sommerkleid Print,S,Schwarz,1,79.9,79.9,24.0
AB-2026-14610,2026-06-29,Eigener Shop,K-11772,Kreditkarte,TEE-OVS-M-OLI,T-Shirt Oversized,M,Oliv,1,34.9,34.9,9.0
AB-2026-14611,2026-04-11,Eigener Shop,K-16372,Rechnungskauf,CAP-LG-XL-WEI,Cap Logo,XL,Weiss,1,24.9,24.9,6.0
AB-2026-14612,2026-01-01,Eigener Shop,K-18590,PayPal,SOCK-3P-XL-OLI,Sneaker Socken 3er-Pack,XL,Oliv,1,19.9,19.9,4.8
AB-2026-14613,2026-04-18,Eigener Shop,K-17851,PayPal,TEE-OVS-L-NAV,T-Shirt Oversized,L,Navy,1,34.9,34.9,9.0
AB-2026-14614,2026-04-27,Eigener Shop,K-18344,Rechnungskauf,TEE-BAS-L-OLI,T-Shirt Basic,L,Oliv,1,29.9,29.9,7.5
AB-2026-14614,2026-04-27,Eigener Shop,K-18344,Rechnungskauf,HOOD-CL-M-WEI,Hoodie Classic,M,Weiss,1,69.9,69.9,21.0
AB-2026-14615,2026-04-08,Eigener Shop,K-13761,Kreditkarte,JKT-RN-XL-SCH,Regenjacke Tech,XL,Schwarz,1,119.9,119.9,84.0
AB-2026-14615,2026-04-08,Eigener Shop,K-13761,Kreditkarte,HOOD-ZP-L-WEI,Zip-Hoodie Heavy,L,Weiss,1,89.9,89.9,28.0
AB-2026-14616,2026-04-08,Eigener Shop,K-18621,Vorkasse,HOOD-ZP-L-WEI,Zip-Hoodie Heavy,L,Weiss,1,89.9,89.9,28.0
AB-2026-14616,2026-04-08,Eigener Shop,K-18621,Vorkasse,HOOD-ZP-L-WEI,Zip-Hoodie Heavy,L,Weiss,1,89.9,89.9,28.0
AB-2026-14617,2026-06-27,Eigener Shop,K-11728,Kreditkarte,KLEID-PR-L-OLI,Sommerkleid Print,L,Oliv,1,79.9,79.9,24.0
AB-2026-14617,2026-06-27,Eigener Shop,K-11728,Kreditkarte,JKT-RN-M-SCH,Regenjacke Tech,M,Schwarz,1,119.9,119.9,84.0
AB-2026-14618,2026-04-27,Zalando,K-16885,PayPal,TEE-OVS-M-SCH,T-Shirt Oversized,M,Schwarz,1,34.9,34.9,9.0
AB-2026-14618,2026-04-27,Zalando,K-16885,PayPal,TEE-BAS-XS-NAV,T-Shirt Basic,XS,Navy,1,29.9,29.9,7.5
AB-2026-14619,2026-03-30,Eigener Shop,K-14742,Vorkasse,TEE-BAS-XL-OLI,T-Shirt Basic,XL,Oliv,1,29.9,29.9,7.5
AB-2026-14619,2026-03-30,Eigener Shop,K-14742,Vorkasse,SOCK-3P-L-SCH,Sneaker Socken 3er-Pack,L,Schwarz,1,19.9,19.9,4.8
AB-2026-14619,2026-03-30,Eigener Shop,K-14742,Vorkasse,SOCK-3P-S-NAV,Sneaker Socken 3er-Pack,S,Navy,1,19.9,19.9,4.8
AB-2026-14620,2026-05-13,Amazon,K-14376,Rechnungskauf,HOOD-ZP-L-WEI,Zip-Hoodie Heavy,L,Weiss,1,89.9,89.9,28.0
AB-2026-14621,2026-04-28,Eigener Shop,K-13862,Vorkasse,TEE-BAS-M-OLI,T-Shirt Basic,M,Oliv,1,29.9,29.9,7.5
AB-2026-14621,2026-04-28,Eigener Shop,K-13862,Vorkasse,JKT-RN-M-SCH,Regenjacke Tech,M,Schwarz,1,119.9,119.9,84.0
AB-2026-14622,2026-06-12,Eigener Shop,K-15770,Kreditkarte,JKT-RN-XL-WEI,Regenjacke Tech,XL,Weiss,1,119.9,119.9,84.0
AB-2026-14622,2026-06-12,Eigener Shop,K-15770,Kreditkarte,SOCK-3P-XL-WEI,Sneaker Socken 3er-Pack,XL,Weiss,1,19.9,19.9,4.8
AB-2026-14623,2026-04-13,Zalando,K-13768,PayPal,HOOD-ZP-M-SCH,Zip-Hoodie Heavy,M,Schwarz,1,89.9,89.9,28.0
AB-2026-14623,2026-04-13,Zalando,K-13768,PayPal,CAP-LG-XS-WEI,Cap Logo,XS,Weiss,1,24.9,24.9,6.0
AB-2026-14624,2026-02-24,Zalando,K-10983,Vorkasse,JOG-CL-S-OLI,Jogger Classic,S,Oliv,1,64.9,64.9,19.5
AB-2026-14625,2026-05-12,Amazon,K-15247,Vorkasse,HOOD-CL-XL-WEI,Hoodie Classic,XL,Weiss,1,69.9,69.9,21.0
AB-2026-14626,2026-06-08,Eigener Shop,K-14108,Kreditkarte,HOOD-ZP-XL-SCH,Zip-Hoodie Heavy,XL,Schwarz,1,89.9,89.9,28.0
AB-2026-14626,2026-06-08,Eigener Shop,K-14108,Kreditkarte,KLEID-PR-M-SCH,Sommerkleid Print,M,Schwarz,1,79.9,79.9,24.0
AB-2026-14626,2026-06-08,Eigener Shop,K-14108,Kreditkarte,HOOD-CL-XS-SCH,Hoodie Classic,XS,Schwarz,1,69.9,69.9,21.0
AB-2026-14627,2026-06-26,Eigener Shop,K-16834,Vorkasse,TEE-OVS-L-OLI,T-Shirt Oversized,L,Oliv,1,34.9,34.9,9.0
AB-2026-14628,2026-05-23,Eigener Shop,K-19388,Kreditkarte,KLEID-PR-S-OLI,Sommerkleid Print,S,Oliv,1,79.9,79.9,24.0
AB-2026-14629,2026-03-30,Eigener Shop,K-12291,PayPal,KLEID-PR-S-WEI,Sommerkleid Print,S,Weiss,1,79.9,79.9,24.0
AB-2026-14629,2026-03-30,Eigener Shop,K-12291,PayPal,SOCK-3P-XS-OLI,Sneaker Socken 3er-Pack,XS,Oliv,1,19.9,19.9,4.8
AB-2026-14629,2026-03-30,Eigener Shop,K-12291,PayPal,HOOD-CL-S-OLI,Hoodie Classic,S,Oliv,1,69.9,69.9,21.0
AB-2026-14630,2026-06-26,Amazon,K-13884,PayPal,CAP-LG-S-OLI,Cap Logo,S,Oliv,1,24.9,24.9,6.0
AB-2026-14631,2026-06-18,Amazon,K-19152,Vorkasse,HOOD-ZP-L-SCH,Zip-Hoodie Heavy,L,Schwarz,1,89.9,89.9,28.0
AB-2026-14631,2026-06-18,Amazon,K-19152,Vorkasse,TEE-BAS-M-OLI,T-Shirt Basic,M,Oliv,1,29.9,29.9,7.5
AB-2026-14631,2026-06-18,Amazon,K-19152,Vorkasse,CAP-LG-M-WEI,Cap Logo,M,Weiss,1,24.9,24.9,6.0
AB-2026-14632,2026-03-16,Eigener Shop,K-11860,Kreditkarte,TEE-BAS-M-OLI,T-Shirt Basic,M,Oliv,1,29.9,29.9,7.5
AB-2026-14632,2026-03-16,Eigener Shop,K-11860,Kreditkarte,JOG-CL-S-OLI,Jogger Classic,S,Oliv,1,64.9,64.9,19.5
AB-2026-14633,2026-04-28,Eigener Shop,K-10161,Kreditkarte,HOOD-CL-XL-SCH,Hoodie Classic,XL,Schwarz,1,69.9,69.9,21.0
AB-2026-14634,2026-02-01,Eigener Shop,K-10416,Rechnungskauf,TEE-BAS-XS-SCH,T-Shirt Basic,XS,Schwarz,1,29.9,29.9,7.5
AB-2026-14635,2026-02-25,Eigener Shop,K-11977,Kreditkarte,SOCK-3P-XS-SCH,Sneaker Socken 3er-Pack,XS,Schwarz,1,19.9,19.9,4.8
AB-2026-14635,2026-02-25,Eigener Shop,K-11977,Kreditkarte,SOCK-3P-M-SCH,Sneaker Socken 3er-Pack,M,Schwarz,1,19.9,19.9,4.8
AB-2026-14635,2026-02-25,Eigener Shop,K-11977,Kreditkarte,KLEID-PR-L-OLI,Sommerkleid Print,L,Oliv,1,79.9,79.9,24.0
AB-2026-14635,2026-02-25,Eigener Shop,K-11977,Kreditkarte,KLEID-PR-XL-OLI,Sommerkleid Print,XL,Oliv,1,79.9,79.9,24.0
AB-2026-14636,2026-01-03,Amazon,K-14894,PayPal,CAP-LG-L-NAV,Cap Logo,L,Navy,1,24.9,24.9,6.0
AB-2026-14637,2026-02-13,Eigener Shop,K-12427,PayPal,TEE-OVS-XL-OLI,T-Shirt Oversized,XL,Oliv,1,34.9,34.9,9.0
AB-2026-14638,2026-01-21,Zalando,K-13945,Kreditkarte,JKT-RN-XS-WEI,Regenjacke Tech,XS,Weiss,1,119.9,119.9,84.0
AB-2026-14638,2026-01-21,Zalando,K-13945,Kreditkarte,TEE-BAS-XL-OLI,T-Shirt Basic,XL,Oliv,1,29.9,29.9,7.5
AB-2026-14639,2026-06-17,Eigener Shop,K-11291,Rechnungskauf,TEE-OVS-XL-SCH,T-Shirt Oversized,XL,Schwarz,1,34.9,34.9,9.0
AB-2026-14639,2026-06-17,Eigener Shop,K-11291,Rechnungskauf,HOOD-CL-M-NAV,Hoodie Classic,M,Navy,1,69.9,69.9,21.0
AB-2026-14639,2026-06-17,Eigener Shop,K-11291,Rechnungskauf,JKT-RN-XL-SCH,Regenjacke Tech,XL,Schwarz,1,119.9,119.9,84.0
AB-2026-14640,2026-05-31,Eigener Shop,K-14137,Rechnungskauf,JKT-RN-XS-WEI,Regenjacke Tech,XS,Weiss,1,119.9,119.9,84.0
AB-2026-14640,2026-05-31,Eigener Shop,K-14137,Rechnungskauf,CAP-LG-XS-OLI,Cap Logo,XS,Oliv,1,24.9,24.9,6.0
AB-2026-14641,2026-01-28,Eigener Shop,K-16923,Rechnungskauf,TEE-BAS-S-NAV,T-Shirt Basic,S,Navy,1,29.9,29.9,7.5
AB-2026-14642,2026-02-09,Zalando,K-18477,PayPal,TEE-BAS-XL-SCH,T-Shirt Basic,XL,Schwarz,1,29.9,29.9,7.5
AB-2026-14643,2026-02-02,Eigener Shop,K-16954,PayPal,TEE-BAS-L-WEI,T-Shirt Basic,L,Weiss,1,29.9,29.9,7.5
AB-2026-14643,2026-02-02,Eigener Shop,K-16954,PayPal,JOG-CL-XL-NAV,Jogger Classic,XL,Navy,1,64.9,64.9,19.5
AB-2026-14644,2026-02-11,Eigener Shop,K-19039,Vorkasse,JKT-RN-XL-WEI,Regenjacke Tech,XL,Weiss,1,119.9,119.9,84.0
AB-2026-14645,2026-02-05,Amazon,K-16454,PayPal,SOCK-3P-L-WEI,Sneaker Socken 3er-Pack,L,Weiss,1,19.9,19.9,4.8
AB-2026-14645,2026-02-05,Amazon,K-16454,PayPal,HOOD-CL-XS-OLI,Hoodie Classic,XS,Oliv,1,69.9,69.9,21.0
AB-2026-14645,2026-02-05,Amazon,K-16454,PayPal,JOG-CL-M-OLI,Jogger Classic,M,Oliv,1,64.9,64.9,19.5
AB-2026-14646,2026-05-24,Amazon,K-13536,Rechnungskauf,JOG-CL-S-OLI,Jogger Classic,S,Oliv,1,64.9,64.9,19.5
AB-2026-14647,2026-06-04,Amazon,K-19706,PayPal,TEE-OVS-XS-OLI,T-Shirt Oversized,XS,Oliv,1,34.9,34.9,9.0
AB-2026-14648,2026-02-09,Eigener Shop,K-17028,Rechnungskauf,HOOD-ZP-S-WEI,Zip-Hoodie Heavy,S,Weiss,1,89.9,89.9,28.0
AB-2026-14648,2026-02-09,Eigener Shop,K-17028,Rechnungskauf,TEE-BAS-XL-NAV,T-Shirt Basic,XL,Navy,1,29.9,29.9,7.5
AB-2026-14649,2026-03-21,Zalando,K-10002,Kreditkarte,CAP-LG-XS-WEI,Cap Logo,XS,Weiss,1,24.9,24.9,6.0
AB-2026-14650,2026-02-02,Eigener Shop,K-11731,PayPal,KLEID-PR-XL-OLI,Sommerkleid Print,XL,Oliv,1,79.9,79.9,24.0
AB-2026-14650,2026-02-02,Eigener Shop,K-11731,PayPal,HOOD-ZP-S-WEI,Zip-Hoodie Heavy,S,Weiss,1,89.9,89.9,28.0
AB-2026-14650,2026-02-02,Eigener Shop,K-11731,PayPal,SOCK-3P-XL-NAV,Sneaker Socken 3er-Pack,XL,Navy,1,19.9,19.9,4.8
AB-2026-14651,2026-03-30,Zalando,K-16971,Rechnungskauf,JOG-CL-XS-NAV,Jogger Classic,XS,Navy,1,64.9,64.9,19.5
AB-2026-14652,2026-01-29,Eigener Shop,K-18521,Kreditkarte,CAP-LG-M-NAV,Cap Logo,M,Navy,1,24.9,24.9,6.0
AB-2026-14653,2026-03-31,Amazon,K-10944,Vorkasse,SOCK-3P-L-OLI,Sneaker Socken 3er-Pack,L,Oliv,1,19.9,19.9,4.8
AB-2026-14654,2026-02-21,Eigener Shop,K-11336,PayPal,CAP-LG-M-WEI,Cap Logo,M,Weiss,1,24.9,24.9,6.0
AB-2026-14655,2026-06-29,Eigener Shop,K-13784,Kreditkarte,JOG-CL-M-SCH,Jogger Classic,M,Schwarz,1,64.9,64.9,19.5
AB-2026-14656,2026-03-30,Eigener Shop,K-17244,PayPal,JOG-CL-XL-WEI,Jogger Classic,XL,Weiss,1,64.9,64.9,19.5
AB-2026-14657,2026-02-09,Eigener Shop,K-11076,PayPal,KLEID-PR-M-WEI,Sommerkleid Print,M,Weiss,1,79.9,79.9,24.0
AB-2026-14658,2026-05-24,Eigener Shop,K-14500,PayPal,TEE-OVS-XL-OLI,T-Shirt Oversized,XL,Oliv,1,34.9,34.9,9.0
AB-2026-14658,2026-05-24,Eigener Shop,K-14500,PayPal,CAP-LG-S-SCH,Cap Logo,S,Schwarz,1,24.9,24.9,6.0
AB-2026-14659,2026-04-02,Eigener Shop,K-15479,Rechnungskauf,TEE-BAS-S-WEI,T-Shirt Basic,S,Weiss,1,29.9,29.9,7.5
AB-2026-14660,2026-02-03,Eigener Shop,K-14360,Rechnungskauf,JOG-CL-L-SCH,Jogger Classic,L,Schwarz,1,64.9,64.9,19.5
AB-2026-14660,2026-02-03,Eigener Shop,K-14360,Rechnungskauf,JKT-RN-S-WEI,Regenjacke Tech,S,Weiss,1,119.9,119.9,84.0
AB-2026-14660,2026-02-03,Eigener Shop,K-14360,Rechnungskauf,HOOD-CL-XS-OLI,Hoodie Classic,XS,Oliv,1,69.9,69.9,21.0
AB-2026-14661,2026-06-06,Eigener Shop,K-15274,Vorkasse,TEE-OVS-M-OLI,T-Shirt Oversized,M,Oliv,1,34.9,34.9,9.0
AB-2026-14661,2026-06-06,Eigener Shop,K-15274,Vorkasse,JOG-CL-S-SCH,Jogger Classic,S,Schwarz,1,64.9,64.9,19.5
AB-2026-14662,2026-06-04,Eigener Shop,K-19548,PayPal,SOCK-3P-L-OLI,Sneaker Socken 3er-Pack,L,Oliv,1,19.9,19.9,4.8
AB-2026-14662,2026-06-04,Eigener Shop,K-19548,PayPal,TEE-OVS-XS-SCH,T-Shirt Oversized,XS,Schwarz,1,34.9,34.9,9.0
AB-2026-14663,2026-04-16,Eigener Shop,K-11326,Rechnungskauf,KLEID-PR-XS-NAV,Sommerkleid Print,XS,Navy,1,79.9,79.9,24.0
AB-2026-14663,2026-04-16,Eigener Shop,K-11326,Rechnungskauf,TEE-OVS-M-SCH,T-Shirt Oversized,M,Schwarz,1,34.9,34.9,9.0
AB-2026-14664,2026-04-03,Eigener Shop,K-10159,Vorkasse,KLEID-PR-L-SCH,Sommerkleid Print,L,Schwarz,1,79.9,79.9,24.0
AB-2026-14665,2026-02-16,Eigener Shop,K-17889,PayPal,HOOD-ZP-M-WEI,Zip-Hoodie Heavy,M,Weiss,1,89.9,89.9,28.0
AB-2026-14666,2026-06-11,Eigener Shop,K-15394,Vorkasse,HOOD-CL-XL-OLI,Hoodie Classic,XL,Oliv,1,69.9,69.9,21.0
AB-2026-14667,2026-05-20,Eigener Shop,K-13932,PayPal,CAP-LG-M-OLI,Cap Logo,M,Oliv,1,24.9,24.9,6.0
AB-2026-14668,2026-01-07,Eigener Shop,K-11655,Rechnungskauf,TEE-OVS-L-OLI,T-Shirt Oversized,L,Oliv,1,34.9,34.9,9.0
AB-2026-14669,2026-01-07,Amazon,K-16130,Kreditkarte,TEE-BAS-L-WEI,T-Shirt Basic,L,Weiss,1,29.9,29.9,7.5
AB-2026-14669,2026-01-07,Amazon,K-16130,Kreditkarte,JOG-CL-M-NAV,Jogger Classic,M,Navy,1,64.9,64.9,19.5
AB-2026-14670,2026-04-12,Eigener Shop,K-12569,Vorkasse,HOOD-ZP-XL-WEI,Zip-Hoodie Heavy,XL,Weiss,1,89.9,89.9,28.0
AB-2026-14671,2026-03-29,Eigener Shop,K-12661,Kreditkarte,TEE-BAS-L-NAV,T-Shirt Basic,L,Navy,1,29.9,29.9,7.5
AB-2026-14672,2026-02-25,Eigener Shop,K-19582,Rechnungskauf,JKT-RN-M-WEI,Regenjacke Tech,M,Weiss,1,119.9,119.9,84.0
AB-2026-14673,2026-04-22,Eigener Shop,K-10099,Kreditkarte,SOCK-3P-M-WEI,Sneaker Socken 3er-Pack,M,Weiss,1,19.9,19.9,4.8
AB-2026-14673,2026-04-22,Eigener Shop,K-10099,Kreditkarte,TEE-BAS-XS-WEI,T-Shirt Basic,XS,Weiss,1,29.9,29.9,7.5
AB-2026-14674,2026-01-29,Eigener Shop,K-19410,Vorkasse,HOOD-CL-L-SCH,Hoodie Classic,L,Schwarz,1,69.9,69.9,21.0
AB-2026-14675,2026-06-14,Eigener Shop,K-12682,Kreditkarte,TEE-OVS-M-WEI,T-Shirt Oversized,M,Weiss,1,34.9,34.9,9.0
AB-2026-14675,2026-06-14,Eigener Shop,K-12682,Kreditkarte,JOG-CL-XS-SCH,Jogger Classic,XS,Schwarz,1,64.9,64.9,19.5
AB-2026-14676,2026-03-28,Amazon,K-18532,PayPal,KLEID-PR-L-SCH,Sommerkleid Print,L,Schwarz,1,79.9,79.9,24.0
AB-2026-14676,2026-03-28,Amazon,K-18532,PayPal,SOCK-3P-XL-SCH,Sneaker Socken 3er-Pack,XL,Schwarz,1,19.9,19.9,4.8
AB-2026-14677,2026-05-04,Eigener Shop,K-13014,PayPal,KLEID-PR-XL-SCH,Sommerkleid Print,XL,Schwarz,1,79.9,79.9,24.0
AB-2026-14678,2026-04-16,Eigener Shop,K-10249,Vorkasse,CAP-LG-XL-NAV,Cap Logo,XL,Navy,1,24.9,24.9,6.0
AB-2026-14679,2026-06-07,Zalando,K-17240,Kreditkarte,JKT-RN-M-WEI,Regenjacke Tech,M,Weiss,1,119.9,119.9,84.0
AB-2026-14680,2026-01-15,Amazon,K-18376,PayPal,HOOD-CL-L-OLI,Hoodie Classic,L,Oliv,1,69.9,69.9,21.0
AB-2026-14680,2026-01-15,Amazon,K-18376,PayPal,JOG-CL-XL-OLI,Jogger Classic,XL,Oliv,1,64.9,64.9,19.5
AB-2026-14681,2026-03-14,Amazon,K-10674,Vorkasse,SOCK-3P-XS-NAV,Sneaker Socken 3er-Pack,XS,Navy,1,19.9,19.9,4.8
AB-2026-14682,2026-04-24,Eigener Shop,K-11728,Kreditkarte,CAP-LG-L-SCH,Cap Logo,L,Schwarz,1,24.9,24.9,6.0
AB-2026-14682,2026-04-24,Eigener Shop,K-11728,Kreditkarte,TEE-BAS-XL-WEI,T-Shirt Basic,XL,Weiss,1,29.9,29.9,7.5
AB-2026-14683,2026-02-24,Amazon,K-10090,PayPal,TEE-BAS-XS-WEI,T-Shirt Basic,XS,Weiss,1,29.9,29.9,7.5
AB-2026-14683,2026-02-24,Amazon,K-10090,PayPal,TEE-BAS-L-OLI,T-Shirt Basic,L,Oliv,1,29.9,29.9,7.5
AB-2026-14684,2026-01-19,Eigener Shop,K-14238,PayPal,KLEID-PR-XL-SCH,Sommerkleid Print,XL,Schwarz,1,79.9,79.9,24.0
AB-2026-14684,2026-01-19,Eigener Shop,K-14238,PayPal,TEE-OVS-L-NAV,T-Shirt Oversized,L,Navy,1,34.9,34.9,9.0
AB-2026-14685,2026-04-27,Eigener Shop,K-10831,Vorkasse,HOOD-CL-M-NAV,Hoodie Classic,M,Navy,1,69.9,69.9,21.0
AB-2026-14686,2026-01-21,Eigener Shop,K-18780,Vorkasse,SOCK-3P-XL-NAV,Sneaker Socken 3er-Pack,XL,Navy,1,19.9,19.9,4.8
AB-2026-14687,2026-01-25,Eigener Shop,K-11154,Rechnungskauf,KLEID-PR-XS-SCH,Sommerkleid Print,XS,Schwarz,1,79.9,79.9,24.0
AB-2026-14688,2026-01-06,Eigener Shop,K-12277,PayPal,CAP-LG-S-NAV,Cap Logo,S,Navy,1,24.9,24.9,6.0
AB-2026-14688,2026-01-06,Eigener Shop,K-12277,PayPal,TEE-BAS-M-OLI,T-Shirt Basic,M,Oliv,1,29.9,29.9,7.5
AB-2026-14689,2026-01-09,Zalando,K-18371,Rechnungskauf,HOOD-CL-L-NAV,Hoodie Classic,L,Navy,1,69.9,69.9,21.0
AB-2026-14689,2026-01-09,Zalando,K-18371,Rechnungskauf,TEE-BAS-S-OLI,T-Shirt Basic,S,Oliv,1,29.9,29.9,7.5
AB-2026-14689,2026-01-09,Zalando,K-18371,Rechnungskauf,TEE-BAS-XS-OLI,T-Shirt Basic,XS,Oliv,1,29.9,29.9,7.5
AB-2026-14690,2026-04-11,Zalando,K-18949,Kreditkarte,HOOD-ZP-XL-SCH,Zip-Hoodie Heavy,XL,Schwarz,1,89.9,89.9,28.0
AB-2026-14690,2026-04-11,Zalando,K-18949,Kreditkarte,HOOD-ZP-L-WEI,Zip-Hoodie Heavy,L,Weiss,1,89.9,89.9,28.0
AB-2026-14691,2026-02-06,Eigener Shop,K-17514,Kreditkarte,JOG-CL-XS-OLI,Jogger Classic,XS,Oliv,1,64.9,64.9,19.5
AB-2026-14692,2026-03-04,Eigener Shop,K-17542,PayPal,HOOD-CL-XL-OLI,Hoodie Classic,XL,Oliv,1,69.9,69.9,21.0
AB-2026-14692,2026-03-04,Eigener Shop,K-17542,PayPal,TEE-BAS-M-WEI,T-Shirt Basic,M,Weiss,1,29.9,29.9,7.5
AB-2026-14693,2026-06-07,Eigener Shop,K-10908,Rechnungskauf,TEE-BAS-XS-SCH,T-Shirt Basic,XS,Schwarz,1,29.9,29.9,7.5
AB-2026-14694,2026-06-11,Amazon,K-11135,Vorkasse,HOOD-ZP-S-SCH,Zip-Hoodie Heavy,S,Schwarz,1,89.9,89.9,28.0
AB-2026-14695,2026-06-09,Zalando,K-10089,Rechnungskauf,HOOD-ZP-M-SCH,Zip-Hoodie Heavy,M,Schwarz,1,89.9,89.9,28.0
AB-2026-14695,2026-06-09,Zalando,K-10089,Rechnungskauf,TEE-OVS-XL-OLI,T-Shirt Oversized,XL,Oliv,1,34.9,34.9,9.0
AB-2026-14696,2026-01-29,Eigener Shop,K-18125,PayPal,CAP-LG-S-SCH,Cap Logo,S,Schwarz,1,24.9,24.9,6.0
AB-2026-14697,2026-03-29,Eigener Shop,K-10821,Rechnungskauf,HOOD-ZP-XL-WEI,Zip-Hoodie Heavy,XL,Weiss,1,89.9,89.9,28.0
AB-2026-14698,2026-05-18,Eigener Shop,K-17886,Vorkasse,HOOD-ZP-L-WEI,Zip-Hoodie Heavy,L,Weiss,1,89.9,89.9,28.0
AB-2026-14698,2026-05-18,Eigener Shop,K-17886,Vorkasse,TEE-OVS-XS-WEI,T-Shirt Oversized,XS,Weiss,1,34.9,34.9,9.0
AB-2026-14699,2026-01-13,Amazon,K-17002,Vorkasse,HOOD-ZP-XL-SCH,Zip-Hoodie Heavy,XL,Schwarz,1,89.9,89.9,28.0
AB-2026-14699,2026-01-13,Amazon,K-17002,Vorkasse,HOOD-ZP-L-SCH,Zip-Hoodie Heavy,L,Schwarz,1,89.9,89.9,28.0
AB-2026-14700,2026-02-03,Eigener Shop,K-14767,Rechnungskauf,JOG-CL-XS-NAV,Jogger Classic,XS,Navy,1,64.9,64.9,19.5
AB-2026-14700,2026-02-03,Eigener Shop,K-14767,Rechnungskauf,JKT-RN-XL-WEI,Regenjacke Tech,XL,Weiss,1,119.9,119.9,84.0
AB-2026-14701,2026-03-19,Eigener Shop,K-17815,Vorkasse,JOG-CL-M-OLI,Jogger Classic,M,Oliv,1,64.9,64.9,19.5
AB-2026-14701,2026-03-19,Eigener Shop,K-17815,Vorkasse,HOOD-ZP-S-SCH,Zip-Hoodie Heavy,S,Schwarz,1,89.9,89.9,28.0
AB-2026-14701,2026-03-19,Eigener Shop,K-17815,Vorkasse,JKT-RN-M-SCH,Regenjacke Tech,M,Schwarz,1,119.9,119.9,84.0
AB-2026-14702,2026-02-24,Eigener Shop,K-10107,Kreditkarte,HOOD-CL-XL-OLI,Hoodie Classic,XL,Oliv,1,69.9,69.9,21.0
AB-2026-14702,2026-02-24,Eigener Shop,K-10107,Kreditkarte,HOOD-ZP-L-WEI,Zip-Hoodie Heavy,L,Weiss,1,89.9,89.9,28.0
AB-2026-14703,2026-06-21,Eigener Shop,K-12294,Vorkasse,TEE-OVS-L-WEI,T-Shirt Oversized,L,Weiss,1,34.9,34.9,9.0
AB-2026-14704,2026-01-16,Amazon,K-15339,Vorkasse,JOG-CL-S-NAV,Jogger Classic,S,Navy,1,64.9,64.9,19.5
AB-2026-14704,2026-01-16,Amazon,K-15339,Vorkasse,JOG-CL-M-NAV,Jogger Classic,M,Navy,1,64.9,64.9,19.5
AB-2026-14705,2026-03-22,Zalando,K-18085,Kreditkarte,JKT-RN-L-WEI,Regenjacke Tech,L,Weiss,1,119.9,119.9,84.0
AB-2026-14706,2026-05-13,Eigener Shop,K-18740,PayPal,HOOD-CL-S-SCH,Hoodie Classic,S,Schwarz,1,69.9,69.9,21.0
AB-2026-14707,2026-04-25,Eigener Shop,K-16080,PayPal,KLEID-PR-XL-WEI,Sommerkleid Print,XL,Weiss,1,79.9,79.9,24.0
AB-2026-14708,2026-04-26,Eigener Shop,K-14008,Kreditkarte,HOOD-ZP-M-WEI,Zip-Hoodie Heavy,M,Weiss,1,89.9,89.9,28.0
AB-2026-14709,2026-06-02,Eigener Shop,K-14427,Rechnungskauf,HOOD-ZP-XS-WEI,Zip-Hoodie Heavy,XS,Weiss,1,89.9,89.9,28.0
AB-2026-14710,2026-05-11,Amazon,K-13078,Vorkasse,TEE-OVS-XL-NAV,T-Shirt Oversized,XL,Navy,1,34.9,34.9,9.0
AB-2026-14710,2026-05-11,Amazon,K-13078,Vorkasse,HOOD-ZP-M-SCH,Zip-Hoodie Heavy,M,Schwarz,1,89.9,89.9,28.0
AB-2026-14710,2026-05-11,Amazon,K-13078,Vorkasse,JOG-CL-S-OLI,Jogger Classic,S,Oliv,1,64.9,64.9,19.5
AB-2026-14711,2026-04-09,Amazon,K-18480,PayPal,TEE-OVS-XL-SCH,T-Shirt Oversized,XL,Schwarz,1,34.9,34.9,9.0
AB-2026-14711,2026-04-09,Amazon,K-18480,PayPal,JKT-RN-L-WEI,Regenjacke Tech,L,Weiss,1,119.9,119.9,84.0
AB-2026-14711,2026-04-09,Amazon,K-18480,PayPal,HOOD-ZP-S-WEI,Zip-Hoodie Heavy,S,Weiss,1,89.9,89.9,28.0
AB-2026-14712,2026-02-28,Zalando,K-16021,PayPal,KLEID-PR-XL-WEI,Sommerkleid Print,XL,Weiss,1,79.9,79.9,24.0
AB-2026-14712,2026-02-28,Zalando,K-16021,PayPal,KLEID-PR-M-WEI,Sommerkleid Print,M,Weiss,1,79.9,79.9,24.0
AB-2026-14713,2026-01-21,Eigener Shop,K-12300,Rechnungskauf,JKT-RN-XL-SCH,Regenjacke Tech,XL,Schwarz,1,119.9,119.9,84.0
AB-2026-14714,2026-03-11,Eigener Shop,K-14997,PayPal,CAP-LG-XL-SCH,Cap Logo,XL,Schwarz,1,24.9,24.9,6.0
AB-2026-14714,2026-03-11,Eigener Shop,K-14997,PayPal,HOOD-ZP-S-WEI,Zip-Hoodie Heavy,S,Weiss,1,89.9,89.9,28.0
AB-2026-14715,2026-01-30,Eigener Shop,K-16793,Kreditkarte,TEE-BAS-XL-WEI,T-Shirt Basic,XL,Weiss,1,29.9,29.9,7.5
AB-2026-14716,2026-06-14,Amazon,K-19201,PayPal,TEE-OVS-M-NAV,T-Shirt Oversized,M,Navy,1,34.9,34.9,9.0
AB-2026-14717,2026-06-16,Amazon,K-16681,Rechnungskauf,CAP-LG-M-OLI,Cap Logo,M,Oliv,1,24.9,24.9,6.0
AB-2026-14717,2026-06-16,Amazon,K-16681,Rechnungskauf,HOOD-CL-L-WEI,Hoodie Classic,L,Weiss,1,69.9,69.9,21.0
AB-2026-14717,2026-06-16,Amazon,K-16681,Rechnungskauf,TEE-BAS-S-OLI,T-Shirt Basic,S,Oliv,1,29.9,29.9,7.5
AB-2026-14718,2026-05-29,Eigener Shop,K-19233,Kreditkarte,CAP-LG-XS-SCH,Cap Logo,XS,Schwarz,1,24.9,24.9,6.0
AB-2026-14718,2026-05-29,Eigener Shop,K-19233,Kreditkarte,TEE-OVS-XL-NAV,T-Shirt Oversized,XL,Navy,1,34.9,34.9,9.0
AB-2026-14718,2026-05-29,Eigener Shop,K-19233,Kreditkarte,JKT-RN-XS-SCH,Regenjacke Tech,XS,Schwarz,1,119.9,119.9,84.0
AB-2026-14719,2026-06-21,Eigener Shop,K-18027,Rechnungskauf,JKT-RN-XS-WEI,Regenjacke Tech,XS,Weiss,1,119.9,119.9,84.0
AB-2026-14719,2026-06-21,Eigener Shop,K-18027,Rechnungskauf,JKT-RN-L-WEI,Regenjacke Tech,L,Weiss,1,119.9,119.9,84.0
AB-2026-14719,2026-06-21,Eigener Shop,K-18027,Rechnungskauf,KLEID-PR-S-NAV,Sommerkleid Print,S,Navy,1,79.9,79.9,24.0
AB-2026-14719,2026-06-21,Eigener Shop,K-18027,Rechnungskauf,KLEID-PR-XS-NAV,Sommerkleid Print,XS,Navy,1,79.9,79.9,24.0
AB-2026-14720,2026-01-07,Eigener Shop,K-15188,PayPal,KLEID-PR-L-OLI,Sommerkleid Print,L,Oliv,1,79.9,79.9,24.0
AB-2026-14721,2026-02-08,Eigener Shop,K-11441,PayPal,HOOD-ZP-L-SCH,Zip-Hoodie Heavy,L,Schwarz,1,89.9,89.9,28.0
AB-2026-14722,2026-04-25,Eigener Shop,K-16912,Kreditkarte,HOOD-ZP-XL-SCH,Zip-Hoodie Heavy,XL,Schwarz,1,89.9,89.9,28.0
AB-2026-14723,2026-04-18,Eigener Shop,K-18841,Rechnungskauf,CAP-LG-M-OLI,Cap Logo,M,Oliv,1,24.9,24.9,6.0
AB-2026-14723,2026-04-18,Eigener Shop,K-18841,Rechnungskauf,CAP-LG-XL-OLI,Cap Logo,XL,Oliv,1,24.9,24.9,6.0
AB-2026-14723,2026-04-18,Eigener Shop,K-18841,Rechnungskauf,JKT-RN-XL-WEI,Regenjacke Tech,XL,Weiss,1,119.9,119.9,84.0
AB-2026-14723,2026-04-18,Eigener Shop,K-18841,Rechnungskauf,JKT-RN-XS-WEI,Regenjacke Tech,XS,Weiss,1,119.9,119.9,84.0
AB-2026-14724,2026-06-22,Eigener Shop,K-12101,PayPal,TEE-BAS-XS-NAV,T-Shirt Basic,XS,Navy,1,29.9,29.9,7.5
AB-2026-14724,2026-06-22,Eigener Shop,K-12101,PayPal,HOOD-ZP-S-WEI,Zip-Hoodie Heavy,S,Weiss,1,89.9,89.9,28.0
AB-2026-14725,2026-01-31,Amazon,K-11577,Kreditkarte,HOOD-CL-L-NAV,Hoodie Classic,L,Navy,1,69.9,69.9,21.0
AB-2026-14725,2026-01-31,Amazon,K-11577,Kreditkarte,HOOD-ZP-L-WEI,Zip-Hoodie Heavy,L,Weiss,1,89.9,89.9,28.0
AB-2026-14726,2026-04-03,Eigener Shop,K-14218,Kreditkarte,JKT-RN-XL-SCH,Regenjacke Tech,XL,Schwarz,1,119.9,119.9,84.0
AB-2026-14726,2026-04-03,Eigener Shop,K-14218,Kreditkarte,JOG-CL-XS-SCH,Jogger Classic,XS,Schwarz,1,64.9,64.9,19.5
AB-2026-14727,2026-01-23,Eigener Shop,K-14811,PayPal,TEE-OVS-S-NAV,T-Shirt Oversized,S,Navy,1,34.9,34.9,9.0
AB-2026-14728,2026-02-08,Eigener Shop,K-16584,PayPal,TEE-BAS-S-NAV,T-Shirt Basic,S,Navy,1,29.9,29.9,7.5
AB-2026-14729,2026-01-24,Amazon,K-18190,PayPal,SOCK-3P-S-WEI,Sneaker Socken 3er-Pack,S,Weiss,1,19.9,19.9,4.8
AB-2026-14730,2026-03-15,Amazon,K-17222,Rechnungskauf,KLEID-PR-XS-SCH,Sommerkleid Print,XS,Schwarz,1,79.9,79.9,24.0
AB-2026-14730,2026-03-15,Amazon,K-17222,Rechnungskauf,JKT-RN-L-SCH,Regenjacke Tech,L,Schwarz,1,119.9,119.9,84.0
AB-2026-14731,2026-03-02,Amazon,K-13912,Rechnungskauf,HOOD-ZP-XS-SCH,Zip-Hoodie Heavy,XS,Schwarz,1,89.9,89.9,28.0
AB-2026-14732,2026-01-08,Eigener Shop,K-10097,Rechnungskauf,JKT-RN-L-WEI,Regenjacke Tech,L,Weiss,1,119.9,119.9,84.0
AB-2026-14733,2026-05-23,Zalando,K-17383,Rechnungskauf,TEE-OVS-S-NAV,T-Shirt Oversized,S,Navy,1,34.9,34.9,9.0
AB-2026-14734,2026-01-14,Amazon,K-10678,Vorkasse,HOOD-ZP-XL-SCH,Zip-Hoodie Heavy,XL,Schwarz,1,89.9,89.9,28.0
AB-2026-14735,2026-03-04,Eigener Shop,K-18096,PayPal,KLEID-PR-XL-NAV,Sommerkleid Print,XL,Navy,1,79.9,79.9,24.0
AB-2026-14735,2026-03-04,Eigener Shop,K-18096,PayPal,HOOD-ZP-L-SCH,Zip-Hoodie Heavy,L,Schwarz,1,89.9,89.9,28.0
AB-2026-14736,2026-06-29,Eigener Shop,K-17394,Vorkasse,SOCK-3P-XL-NAV,Sneaker Socken 3er-Pack,XL,Navy,1,19.9,19.9,4.8
AB-2026-14736,2026-06-29,Eigener Shop,K-17394,Vorkasse,HOOD-ZP-XL-SCH,Zip-Hoodie Heavy,XL,Schwarz,1,89.9,89.9,28.0
AB-2026-14737,2026-04-01,Eigener Shop,K-14900,Kreditkarte,TEE-BAS-L-NAV,T-Shirt Basic,L,Navy,1,29.9,29.9,7.5
AB-2026-14737,2026-04-01,Eigener Shop,K-14900,Kreditkarte,TEE-BAS-S-OLI,T-Shirt Basic,S,Oliv,1,29.9,29.9,7.5
AB-2026-14737,2026-04-01,Eigener Shop,K-14900,Kreditkarte,HOOD-ZP-XL-WEI,Zip-Hoodie Heavy,XL,Weiss,1,89.9,89.9,28.0
AB-2026-14738,2026-03-29,Eigener Shop,K-10393,Kreditkarte,SOCK-3P-XS-WEI,Sneaker Socken 3er-Pack,XS,Weiss,1,19.9,19.9,4.8
AB-2026-14739,2026-03-16,Eigener Shop,K-11358,Kreditkarte,HOOD-ZP-XL-WEI,Zip-Hoodie Heavy,XL,Weiss,1,89.9,89.9,28.0
AB-2026-14740,2026-05-17,Amazon,K-14220,PayPal,HOOD-CL-XL-SCH,Hoodie Classic,XL,Schwarz,1,69.9,69.9,21.0
AB-2026-14741,2026-01-28,Zalando,K-14379,Kreditkarte,HOOD-ZP-XL-SCH,Zip-Hoodie Heavy,XL,Schwarz,1,89.9,89.9,28.0
AB-2026-14741,2026-01-28,Zalando,K-14379,Kreditkarte,SOCK-3P-XS-OLI,Sneaker Socken 3er-Pack,XS,Oliv,1,19.9,19.9,4.8
AB-2026-14742,2026-04-09,Eigener Shop,K-10423,Kreditkarte,HOOD-CL-S-NAV,Hoodie Classic,S,Navy,1,69.9,69.9,21.0
AB-2026-14742,2026-04-09,Eigener Shop,K-10423,Kreditkarte,HOOD-ZP-M-SCH,Zip-Hoodie Heavy,M,Schwarz,1,89.9,89.9,28.0
AB-2026-14742,2026-04-09,Eigener Shop,K-10423,Kreditkarte,SOCK-3P-S-WEI,Sneaker Socken 3er-Pack,S,Weiss,1,19.9,19.9,4.8
AB-2026-14743,2026-06-27,Amazon,K-10720,Kreditkarte,JOG-CL-M-NAV,Jogger Classic,M,Navy,1,64.9,64.9,19.5
AB-2026-14744,2026-02-28,Eigener Shop,K-11958,PayPal,HOOD-ZP-XS-WEI,Zip-Hoodie Heavy,XS,Weiss,1,89.9,89.9,28.0
AB-2026-14744,2026-02-28,Eigener Shop,K-11958,PayPal,TEE-OVS-M-SCH,T-Shirt Oversized,M,Schwarz,1,34.9,34.9,9.0
AB-2026-14744,2026-02-28,Eigener Shop,K-11958,PayPal,HOOD-ZP-L-SCH,Zip-Hoodie Heavy,L,Schwarz,1,89.9,89.9,28.0
AB-2026-14745,2026-01-25,Zalando,K-16731,PayPal,JKT-RN-XS-SCH,Regenjacke Tech,XS,Schwarz,1,119.9,119.9,84.0
AB-2026-14746,2026-05-03,Eigener Shop,K-19333,Kreditkarte,JKT-RN-L-WEI,Regenjacke Tech,L,Weiss,1,119.9,119.9,84.0
AB-2026-14747,2026-01-02,Eigener Shop,K-12359,Rechnungskauf,JOG-CL-S-NAV,Jogger Classic,S,Navy,1,64.9,64.9,19.5
AB-2026-14748,2026-01-06,Zalando,K-12001,Rechnungskauf,HOOD-ZP-L-SCH,Zip-Hoodie Heavy,L,Schwarz,1,89.9,89.9,28.0
AB-2026-14749,2026-03-25,Eigener Shop,K-14905,Rechnungskauf,KLEID-PR-XS-WEI,Sommerkleid Print,XS,Weiss,1,79.9,79.9,24.0
AB-2026-14750,2026-01-15,Eigener Shop,K-18183,Rechnungskauf,TEE-BAS-M-NAV,T-Shirt Basic,M,Navy,1,29.9,29.9,7.5
AB-2026-14750,2026-01-15,Eigener Shop,K-18183,Rechnungskauf,SOCK-3P-L-SCH,Sneaker Socken 3er-Pack,L,Schwarz,1,19.9,19.9,4.8
AB-2026-14751,2026-06-24,Eigener Shop,K-14820,Kreditkarte,SOCK-3P-L-OLI,Sneaker Socken 3er-Pack,L,Oliv,1,19.9,19.9,4.8
AB-2026-14751,2026-06-24,Eigener Shop,K-14820,Kreditkarte,JOG-CL-XL-OLI,Jogger Classic,XL,Oliv,1,64.9,64.9,19.5
AB-2026-14752,2026-04-13,Amazon,K-17581,Rechnungskauf,HOOD-ZP-XL-SCH,Zip-Hoodie Heavy,XL,Schwarz,1,89.9,89.9,28.0
AB-2026-14752,2026-04-13,Amazon,K-17581,Rechnungskauf,HOOD-ZP-XL-WEI,Zip-Hoodie Heavy,XL,Weiss,1,89.9,89.9,28.0
AB-2026-14753,2026-04-05,Amazon,K-11778,Rechnungskauf,KLEID-PR-XL-SCH,Sommerkleid Print,XL,Schwarz,1,79.9,79.9,24.0
AB-2026-14754,2026-03-01,Eigener Shop,K-15754,Kreditkarte,HOOD-ZP-M-SCH,Zip-Hoodie Heavy,M,Schwarz,1,89.9,89.9,28.0
AB-2026-14754,2026-03-01,Eigener Shop,K-15754,Kreditkarte,JOG-CL-XL-NAV,Jogger Classic,XL,Navy,1,64.9,64.9,19.5
AB-2026-14755,2026-06-29,Eigener Shop,K-11981,Rechnungskauf,HOOD-ZP-S-WEI,Zip-Hoodie Heavy,S,Weiss,1,89.9,89.9,28.0
AB-2026-14756,2026-05-12,Eigener Shop,K-10699,Rechnungskauf,CAP-LG-XL-WEI,Cap Logo,XL,Weiss,1,24.9,24.9,6.0
AB-2026-14757,2026-03-21,Eigener Shop,K-12057,Rechnungskauf,JKT-RN-S-WEI,Regenjacke Tech,S,Weiss,1,119.9,119.9,84.0
AB-2026-14758,2026-03-07,Eigener Shop,K-13442,Rechnungskauf,JKT-RN-S-SCH,Regenjacke Tech,S,Schwarz,1,119.9,119.9,84.0
AB-2026-14759,2026-06-29,Eigener Shop,K-15321,PayPal,HOOD-ZP-L-SCH,Zip-Hoodie Heavy,L,Schwarz,1,89.9,89.9,28.0
AB-2026-14760,2026-05-29,Eigener Shop,K-14009,Rechnungskauf,JKT-RN-XS-SCH,Regenjacke Tech,XS,Schwarz,1,119.9,119.9,84.0
AB-2026-14761,2026-05-05,Amazon,K-19942,Rechnungskauf,TEE-BAS-M-WEI,T-Shirt Basic,M,Weiss,1,29.9,29.9,7.5
AB-2026-14761,2026-05-05,Amazon,K-19942,Rechnungskauf,JOG-CL-XL-NAV,Jogger Classic,XL,Navy,1,64.9,64.9,19.5
AB-2026-14761,2026-05-05,Amazon,K-19942,Rechnungskauf,KLEID-PR-S-OLI,Sommerkleid Print,S,Oliv,1,79.9,79.9,24.0
AB-2026-14762,2026-03-29,Zalando,K-15742,PayPal,TEE-BAS-XL-NAV,T-Shirt Basic,XL,Navy,1,29.9,29.9,7.5
AB-2026-14763,2026-02-23,Eigener Shop,K-14632,Kreditkarte,TEE-BAS-XS-NAV,T-Shirt Basic,XS,Navy,1,29.9,29.9,7.5
AB-2026-14763,2026-02-23,Eigener Shop,K-14632,Kreditkarte,JOG-CL-S-WEI,Jogger Classic,S,Weiss,1,64.9,64.9,19.5
AB-2026-14764,2026-04-20,Eigener Shop,K-11694,Vorkasse,JOG-CL-XS-SCH,Jogger Classic,XS,Schwarz,1,64.9,64.9,19.5
AB-2026-14764,2026-04-20,Eigener Shop,K-11694,Vorkasse,KLEID-PR-M-NAV,Sommerkleid Print,M,Navy,1,79.9,79.9,24.0
AB-2026-14765,2026-04-23,Eigener Shop,K-15889,Rechnungskauf,JOG-CL-L-SCH,Jogger Classic,L,Schwarz,1,64.9,64.9,19.5
AB-2026-14766,2026-06-07,Zalando,K-15933,Vorkasse,TEE-OVS-M-SCH,T-Shirt Oversized,M,Schwarz,1,34.9,34.9,9.0
AB-2026-14767,2026-04-26,Eigener Shop,K-10340,Rechnungskauf,HOOD-ZP-S-SCH,Zip-Hoodie Heavy,S,Schwarz,1,89.9,89.9,28.0
AB-2026-14768,2026-04-09,Eigener Shop,K-14231,Kreditkarte,HOOD-ZP-XS-WEI,Zip-Hoodie Heavy,XS,Weiss,1,89.9,89.9,28.0
AB-2026-14769,2026-01-23,Eigener Shop,K-16863,Rechnungskauf,TEE-BAS-L-OLI,T-Shirt Basic,L,Oliv,1,29.9,29.9,7.5
AB-2026-14769,2026-01-23,Eigener Shop,K-16863,Rechnungskauf,HOOD-ZP-L-SCH,Zip-Hoodie Heavy,L,Schwarz,1,89.9,89.9,28.0
AB-2026-14770,2026-05-20,Eigener Shop,K-17145,PayPal,HOOD-ZP-S-WEI,Zip-Hoodie Heavy,S,Weiss,1,89.9,89.9,28.0
AB-2026-14771,2026-02-21,Eigener Shop,K-11628,Rechnungskauf,TEE-OVS-XL-WEI,T-Shirt Oversized,XL,Weiss,1,34.9,34.9,9.0
AB-2026-14772,2026-03-12,Zalando,K-10712,Vorkasse,HOOD-ZP-S-SCH,Zip-Hoodie Heavy,S,Schwarz,1,89.9,89.9,28.0
AB-2026-14772,2026-03-12,Zalando,K-10712,Vorkasse,HOOD-ZP-XS-SCH,Zip-Hoodie Heavy,XS,Schwarz,1,89.9,89.9,28.0
AB-2026-14773,2026-05-05,Amazon,K-10611,PayPal,TEE-OVS-XL-NAV,T-Shirt Oversized,XL,Navy,1,34.9,34.9,9.0
AB-2026-14774,2026-03-18,Amazon,K-17620,Rechnungskauf,TEE-BAS-XL-SCH,T-Shirt Basic,XL,Schwarz,1,29.9,29.9,7.5
AB-2026-14775,2026-02-07,Amazon,K-12333,PayPal,JOG-CL-XL-SCH,Jogger Classic,XL,Schwarz,1,64.9,64.9,19.5
AB-2026-14775,2026-02-07,Amazon,K-12333,PayPal,TEE-OVS-M-NAV,T-Shirt Oversized,M,Navy,1,34.9,34.9,9.0
AB-2026-14776,2026-02-19,Zalando,K-10155,Kreditkarte,HOOD-ZP-XL-SCH,Zip-Hoodie Heavy,XL,Schwarz,1,89.9,89.9,28.0
AB-2026-14776,2026-02-19,Zalando,K-10155,Kreditkarte,JKT-RN-S-WEI,Regenjacke Tech,S,Weiss,1,119.9,119.9,84.0
AB-2026-14776,2026-02-19,Zalando,K-10155,Kreditkarte,KLEID-PR-M-WEI,Sommerkleid Print,M,Weiss,1,79.9,79.9,24.0
AB-2026-14777,2026-02-01,Amazon,K-14992,Vorkasse,TEE-OVS-S-WEI,T-Shirt Oversized,S,Weiss,1,34.9,34.9,9.0
AB-2026-14778,2026-06-19,Amazon,K-17145,Rechnungskauf,JKT-RN-XL-SCH,Regenjacke Tech,XL,Schwarz,1,119.9,119.9,84.0
AB-2026-14778,2026-06-19,Amazon,K-17145,Rechnungskauf,TEE-BAS-S-OLI,T-Shirt Basic,S,Oliv,1,29.9,29.9,7.5
AB-2026-14779,2026-05-02,Eigener Shop,K-18901,Rechnungskauf,JOG-CL-XL-WEI,Jogger Classic,XL,Weiss,1,64.9,64.9,19.5
AB-2026-14779,2026-05-02,Eigener Shop,K-18901,Rechnungskauf,HOOD-ZP-XL-SCH,Zip-Hoodie Heavy,XL,Schwarz,1,89.9,89.9,28.0
AB-2026-14780,2026-04-05,Eigener Shop,K-19569,Kreditkarte,JKT-RN-XS-SCH,Regenjacke Tech,XS,Schwarz,1,119.9,119.9,84.0
AB-2026-14781,2026-02-26,Zalando,K-15205,Kreditkarte,TEE-OVS-XS-NAV,T-Shirt Oversized,XS,Navy,1,34.9,34.9,9.0
AB-2026-14782,2026-06-05,Amazon,K-17405,PayPal,JKT-RN-S-WEI,Regenjacke Tech,S,Weiss,1,119.9,119.9,84.0
AB-2026-14783,2026-05-19,Eigener Shop,K-11043,Rechnungskauf,SOCK-3P-XS-WEI,Sneaker Socken 3er-Pack,XS,Weiss,1,19.9,19.9,4.8
AB-2026-14783,2026-05-19,Eigener Shop,K-11043,Rechnungskauf,JOG-CL-S-OLI,Jogger Classic,S,Oliv,1,64.9,64.9,19.5
AB-2026-14784,2026-03-06,Eigener Shop,K-18677,PayPal,HOOD-CL-L-OLI,Hoodie Classic,L,Oliv,1,69.9,69.9,21.0
AB-2026-14785,2026-03-16,Amazon,K-13786,PayPal,JOG-CL-XL-SCH,Jogger Classic,XL,Schwarz,1,64.9,64.9,19.5
AB-2026-14785,2026-03-16,Amazon,K-13786,PayPal,CAP-LG-XL-WEI,Cap Logo,XL,Weiss,1,24.9,24.9,6.0
AB-2026-14786,2026-03-15,Zalando,K-11242,Vorkasse,HOOD-ZP-XL-SCH,Zip-Hoodie Heavy,XL,Schwarz,1,89.9,89.9,28.0
AB-2026-14787,2026-06-05,Eigener Shop,K-18844,Vorkasse,JOG-CL-XL-NAV,Jogger Classic,XL,Navy,1,64.9,64.9,19.5
AB-2026-14787,2026-06-05,Eigener Shop,K-18844,Vorkasse,JOG-CL-M-NAV,Jogger Classic,M,Navy,1,64.9,64.9,19.5
AB-2026-14788,2026-03-02,Amazon,K-15877,PayPal,HOOD-ZP-XL-SCH,Zip-Hoodie Heavy,XL,Schwarz,1,89.9,89.9,28.0
AB-2026-14788,2026-03-02,Amazon,K-15877,PayPal,KLEID-PR-XL-WEI,Sommerkleid Print,XL,Weiss,1,79.9,79.9,24.0
AB-2026-14789,2026-05-18,Eigener Shop,K-11899,PayPal,JOG-CL-L-NAV,Jogger Classic,L,Navy,1,64.9,64.9,19.5
AB-2026-14789,2026-05-18,Eigener Shop,K-11899,PayPal,TEE-BAS-XL-SCH,T-Shirt Basic,XL,Schwarz,1,29.9,29.9,7.5
AB-2026-14790,2026-06-15,Amazon,K-16319,Kreditkarte,TEE-OVS-S-OLI,T-Shirt Oversized,S,Oliv,1,34.9,34.9,9.0
AB-2026-14790,2026-06-15,Amazon,K-16319,Kreditkarte,HOOD-ZP-XS-SCH,Zip-Hoodie Heavy,XS,Schwarz,1,89.9,89.9,28.0
AB-2026-14791,2026-01-20,Eigener Shop,K-10644,Rechnungskauf,HOOD-ZP-L-WEI,Zip-Hoodie Heavy,L,Weiss,1,89.9,89.9,28.0
AB-2026-14792,2026-03-01,Eigener Shop,K-11846,Rechnungskauf,HOOD-ZP-M-SCH,Zip-Hoodie Heavy,M,Schwarz,1,89.9,89.9,28.0
AB-2026-14793,2026-05-30,Eigener Shop,K-16310,PayPal,KLEID-PR-S-SCH,Sommerkleid Print,S,Schwarz,1,79.9,79.9,24.0
AB-2026-14794,2026-02-15,Eigener Shop,K-18788,Kreditkarte,HOOD-ZP-L-WEI,Zip-Hoodie Heavy,L,Weiss,1,89.9,89.9,28.0
AB-2026-14795,2026-06-11,Eigener Shop,K-10293,Vorkasse,CAP-LG-M-SCH,Cap Logo,M,Schwarz,1,24.9,24.9,6.0
AB-2026-14796,2026-04-02,Eigener Shop,K-10930,Vorkasse,SOCK-3P-S-WEI,Sneaker Socken 3er-Pack,S,Weiss,1,19.9,19.9,4.8
AB-2026-14797,2026-04-05,Eigener Shop,K-15013,PayPal,KLEID-PR-XS-SCH,Sommerkleid Print,XS,Schwarz,1,79.9,79.9,24.0
AB-2026-14797,2026-04-05,Eigener Shop,K-15013,PayPal,HOOD-ZP-XL-SCH,Zip-Hoodie Heavy,XL,Schwarz,1,89.9,89.9,28.0
AB-2026-14798,2026-04-03,Eigener Shop,K-11689,Rechnungskauf,SOCK-3P-XS-OLI,Sneaker Socken 3er-Pack,XS,Oliv,1,19.9,19.9,4.8
AB-2026-14799,2026-02-05,Eigener Shop,K-13788,Rechnungskauf,HOOD-CL-L-SCH,Hoodie Classic,L,Schwarz,1,69.9,69.9,21.0
AB-2026-14800,2026-05-16,Eigener Shop,K-13293,Kreditkarte,HOOD-ZP-S-WEI,Zip-Hoodie Heavy,S,Weiss,1,89.9,89.9,28.0
AB-2026-14801,2026-02-03,Eigener Shop,K-18337,Rechnungskauf,HOOD-ZP-S-SCH,Zip-Hoodie Heavy,S,Schwarz,1,89.9,89.9,28.0
AB-2026-14801,2026-02-03,Eigener Shop,K-18337,Rechnungskauf,HOOD-CL-XL-NAV,Hoodie Classic,XL,Navy,1,69.9,69.9,21.0
AB-2026-14802,2026-02-02,Eigener Shop,K-16759,Rechnungskauf,JOG-CL-S-SCH,Jogger Classic,S,Schwarz,1,64.9,64.9,19.5
AB-2026-14803,2026-05-28,Eigener Shop,K-11197,Rechnungskauf,KLEID-PR-XL-SCH,Sommerkleid Print,XL,Schwarz,1,79.9,79.9,24.0
AB-2026-14803,2026-05-28,Eigener Shop,K-11197,Rechnungskauf,HOOD-ZP-L-SCH,Zip-Hoodie Heavy,L,Schwarz,1,89.9,89.9,28.0
AB-2026-14803,2026-05-28,Eigener Shop,K-11197,Rechnungskauf,CAP-LG-XL-SCH,Cap Logo,XL,Schwarz,1,24.9,24.9,6.0
AB-2026-14804,2026-05-28,Eigener Shop,K-15878,Kreditkarte,KLEID-PR-S-NAV,Sommerkleid Print,S,Navy,1,79.9,79.9,24.0
AB-2026-14805,2026-04-06,Amazon,K-13453,Kreditkarte,TEE-BAS-XL-WEI,T-Shirt Basic,XL,Weiss,1,29.9,29.9,7.5
AB-2026-14806,2026-05-18,Amazon,K-13072,PayPal,SOCK-3P-XS-OLI,Sneaker Socken 3er-Pack,XS,Oliv,1,19.9,19.9,4.8
AB-2026-14806,2026-05-18,Amazon,K-13072,PayPal,HOOD-ZP-M-SCH,Zip-Hoodie Heavy,M,Schwarz,1,89.9,89.9,28.0
AB-2026-14806,2026-05-18,Amazon,K-13072,PayPal,CAP-LG-M-WEI,Cap Logo,M,Weiss,1,24.9,24.9,6.0
AB-2026-14807,2026-06-13,Amazon,K-13198,Kreditkarte,HOOD-CL-XS-OLI,Hoodie Classic,XS,Oliv,1,69.9,69.9,21.0
AB-2026-14807,2026-06-13,Amazon,K-13198,Kreditkarte,JKT-RN-XS-SCH,Regenjacke Tech,XS,Schwarz,1,119.9,119.9,84.0
AB-2026-14807,2026-06-13,Amazon,K-13198,Kreditkarte,JOG-CL-S-OLI,Jogger Classic,S,Oliv,1,64.9,64.9,19.5
AB-2026-14808,2026-01-09,Eigener Shop,K-17501,PayPal,HOOD-CL-XL-WEI,Hoodie Classic,XL,Weiss,1,69.9,69.9,21.0
AB-2026-14809,2026-04-02,Eigener Shop,K-11666,PayPal,KLEID-PR-XL-SCH,Sommerkleid Print,XL,Schwarz,1,79.9,79.9,24.0
AB-2026-14809,2026-04-02,Eigener Shop,K-11666,PayPal,SOCK-3P-XS-NAV,Sneaker Socken 3er-Pack,XS,Navy,1,19.9,19.9,4.8
AB-2026-14809,2026-04-02,Eigener Shop,K-11666,PayPal,JOG-CL-XS-OLI,Jogger Classic,XS,Oliv,1,64.9,64.9,19.5
AB-2026-14810,2026-06-12,Eigener Shop,K-12924,Vorkasse,TEE-BAS-M-OLI,T-Shirt Basic,M,Oliv,1,29.9,29.9,7.5
AB-2026-14811,2026-06-21,Eigener Shop,K-19840,Rechnungskauf,JKT-RN-XL-SCH,Regenjacke Tech,XL,Schwarz,1,119.9,119.9,84.0
AB-2026-14812,2026-05-13,Eigener Shop,K-17053,Rechnungskauf,HOOD-ZP-S-WEI,Zip-Hoodie Heavy,S,Weiss,1,89.9,89.9,28.0
AB-2026-14813,2026-03-10,Amazon,K-13845,Rechnungskauf,CAP-LG-S-OLI,Cap Logo,S,Oliv,1,24.9,24.9,6.0
AB-2026-14813,2026-03-10,Amazon,K-13845,Rechnungskauf,HOOD-ZP-XS-SCH,Zip-Hoodie Heavy,XS,Schwarz,1,89.9,89.9,28.0
AB-2026-14813,2026-03-10,Amazon,K-13845,Rechnungskauf,JKT-RN-S-SCH,Regenjacke Tech,S,Schwarz,1,119.9,119.9,84.0
AB-2026-14814,2026-06-11,Eigener Shop,K-12251,Kreditkarte,TEE-BAS-S-OLI,T-Shirt Basic,S,Oliv,1,29.9,29.9,7.5
AB-2026-14815,2026-06-12,Amazon,K-15225,PayPal,HOOD-ZP-M-SCH,Zip-Hoodie Heavy,M,Schwarz,1,89.9,89.9,28.0
AB-2026-14816,2026-05-26,Zalando,K-18381,PayPal,KLEID-PR-M-OLI,Sommerkleid Print,M,Oliv,1,79.9,79.9,24.0
AB-2026-14817,2026-01-26,Eigener Shop,K-10399,Kreditkarte,KLEID-PR-XL-WEI,Sommerkleid Print,XL,Weiss,1,79.9,79.9,24.0
AB-2026-14817,2026-01-26,Eigener Shop,K-10399,Kreditkarte,KLEID-PR-L-WEI,Sommerkleid Print,L,Weiss,1,79.9,79.9,24.0
AB-2026-14818,2026-01-01,Eigener Shop,K-15201,PayPal,HOOD-ZP-XS-SCH,Zip-Hoodie Heavy,XS,Schwarz,1,89.9,89.9,28.0
AB-2026-14819,2026-04-12,Eigener Shop,K-19000,Kreditkarte,SOCK-3P-XS-WEI,Sneaker Socken 3er-Pack,XS,Weiss,1,19.9,19.9,4.8
AB-2026-14819,2026-04-12,Eigener Shop,K-19000,Kreditkarte,SOCK-3P-S-SCH,Sneaker Socken 3er-Pack,S,Schwarz,1,19.9,19.9,4.8
AB-2026-14820,2026-03-12,Amazon,K-17671,Vorkasse,KLEID-PR-L-OLI,Sommerkleid Print,L,Oliv,1,79.9,79.9,24.0
AB-2026-14820,2026-03-12,Amazon,K-17671,Vorkasse,KLEID-PR-L-SCH,Sommerkleid Print,L,Schwarz,1,79.9,79.9,24.0
AB-2026-14821,2026-05-07,Eigener Shop,K-17426,PayPal,HOOD-ZP-S-SCH,Zip-Hoodie Heavy,S,Schwarz,1,89.9,89.9,28.0
AB-2026-14822,2026-01-10,Amazon,K-13426,Kreditkarte,TEE-BAS-M-OLI,T-Shirt Basic,M,Oliv,1,29.9,29.9,7.5
AB-2026-14822,2026-01-10,Amazon,K-13426,Kreditkarte,JKT-RN-XS-WEI,Regenjacke Tech,XS,Weiss,1,119.9,119.9,84.0
AB-2026-14823,2026-03-09,Zalando,K-10192,Vorkasse,HOOD-ZP-S-SCH,Zip-Hoodie Heavy,S,Schwarz,1,89.9,89.9,28.0
AB-2026-14823,2026-03-09,Zalando,K-10192,Vorkasse,HOOD-ZP-XS-SCH,Zip-Hoodie Heavy,XS,Schwarz,1,89.9,89.9,28.0
AB-2026-14823,2026-03-09,Zalando,K-10192,Vorkasse,HOOD-ZP-XL-WEI,Zip-Hoodie Heavy,XL,Weiss,1,89.9,89.9,28.0
AB-2026-14823,2026-03-09,Zalando,K-10192,Vorkasse,HOOD-ZP-XS-WEI,Zip-Hoodie Heavy,XS,Weiss,1,89.9,89.9,28.0
AB-2026-14824,2026-05-24,Amazon,K-18169,Rechnungskauf,TEE-BAS-M-NAV,T-Shirt Basic,M,Navy,1,29.9,29.9,7.5
AB-2026-14825,2026-01-08,Eigener Shop,K-18131,Rechnungskauf,TEE-BAS-M-OLI,T-Shirt Basic,M,Oliv,1,29.9,29.9,7.5
AB-2026-14825,2026-01-08,Eigener Shop,K-18131,Rechnungskauf,JOG-CL-L-WEI,Jogger Classic,L,Weiss,1,64.9,64.9,19.5
AB-2026-14825,2026-01-08,Eigener Shop,K-18131,Rechnungskauf,JOG-CL-M-WEI,Jogger Classic,M,Weiss,1,64.9,64.9,19.5
AB-2026-14826,2026-04-06,Zalando,K-10308,PayPal,HOOD-CL-XL-SCH,Hoodie Classic,XL,Schwarz,1,69.9,69.9,21.0
AB-2026-14826,2026-04-06,Zalando,K-10308,PayPal,CAP-LG-S-NAV,Cap Logo,S,Navy,1,24.9,24.9,6.0
AB-2026-14827,2026-01-31,Amazon,K-16131,Kreditkarte,JOG-CL-M-WEI,Jogger Classic,M,Weiss,1,64.9,64.9,19.5
AB-2026-14828,2026-01-09,Zalando,K-18005,Vorkasse,KLEID-PR-M-SCH,Sommerkleid Print,M,Schwarz,1,79.9,79.9,24.0
AB-2026-14828,2026-01-09,Zalando,K-18005,Vorkasse,HOOD-ZP-L-WEI,Zip-Hoodie Heavy,L,Weiss,1,89.9,89.9,28.0
AB-2026-14829,2026-04-23,Eigener Shop,K-13521,Kreditkarte,SOCK-3P-M-SCH,Sneaker Socken 3er-Pack,M,Schwarz,1,19.9,19.9,4.8
AB-2026-14829,2026-04-23,Eigener Shop,K-13521,Kreditkarte,TEE-OVS-L-WEI,T-Shirt Oversized,L,Weiss,1,34.9,34.9,9.0
AB-2026-14829,2026-04-23,Eigener Shop,K-13521,Kreditkarte,TEE-BAS-XL-WEI,T-Shirt Basic,XL,Weiss,1,29.9,29.9,7.5
AB-2026-14830,2026-06-27,Eigener Shop,K-14375,Kreditkarte,JKT-RN-L-SCH,Regenjacke Tech,L,Schwarz,1,119.9,119.9,84.0
AB-2026-14830,2026-06-27,Eigener Shop,K-14375,Kreditkarte,CAP-LG-XS-NAV,Cap Logo,XS,Navy,1,24.9,24.9,6.0
AB-2026-14830,2026-06-27,Eigener Shop,K-14375,Kreditkarte,TEE-BAS-M-OLI,T-Shirt Basic,M,Oliv,1,29.9,29.9,7.5
AB-2026-14831,2026-06-04,Amazon,K-16348,Vorkasse,JKT-RN-L-SCH,Regenjacke Tech,L,Schwarz,1,119.9,119.9,84.0
AB-2026-14832,2026-06-12,Eigener Shop,K-15920,Rechnungskauf,HOOD-ZP-S-SCH,Zip-Hoodie Heavy,S,Schwarz,1,89.9,89.9,28.0
AB-2026-14833,2026-01-04,Eigener Shop,K-10910,Rechnungskauf,HOOD-ZP-M-WEI,Zip-Hoodie Heavy,M,Weiss,1,89.9,89.9,28.0
AB-2026-14833,2026-01-04,Eigener Shop,K-10910,Rechnungskauf,HOOD-ZP-XS-WEI,Zip-Hoodie Heavy,XS,Weiss,1,89.9,89.9,28.0
AB-2026-14834,2026-01-24,Zalando,K-14016,PayPal,JKT-RN-M-WEI,Regenjacke Tech,M,Weiss,1,119.9,119.9,84.0
AB-2026-14835,2026-06-30,Eigener Shop,K-14899,Rechnungskauf,HOOD-ZP-XL-SCH,Zip-Hoodie Heavy,XL,Schwarz,1,89.9,89.9,28.0
AB-2026-14835,2026-06-30,Eigener Shop,K-14899,Rechnungskauf,KLEID-PR-XS-NAV,Sommerkleid Print,XS,Navy,1,79.9,79.9,24.0
AB-2026-14836,2026-05-11,Eigener Shop,K-10722,PayPal,HOOD-ZP-M-WEI,Zip-Hoodie Heavy,M,Weiss,1,89.9,89.9,28.0
AB-2026-14837,2026-01-19,Eigener Shop,K-19962,PayPal,KLEID-PR-S-SCH,Sommerkleid Print,S,Schwarz,1,79.9,79.9,24.0
AB-2026-14837,2026-01-19,Eigener Shop,K-19962,PayPal,KLEID-PR-M-OLI,Sommerkleid Print,M,Oliv,1,79.9,79.9,24.0
AB-2026-14838,2026-05-30,Amazon,K-13307,Kreditkarte,TEE-BAS-XL-NAV,T-Shirt Basic,XL,Navy,1,29.9,29.9,7.5
AB-2026-14839,2026-06-19,Eigener Shop,K-16488,PayPal,HOOD-ZP-L-SCH,Zip-Hoodie Heavy,L,Schwarz,1,89.9,89.9,28.0
AB-2026-14840,2026-03-25,Eigener Shop,K-18385,Kreditkarte,HOOD-ZP-XS-SCH,Zip-Hoodie Heavy,XS,Schwarz,1,89.9,89.9,28.0
AB-2026-14841,2026-02-11,Eigener Shop,K-11627,Kreditkarte,KLEID-PR-XS-SCH,Sommerkleid Print,XS,Schwarz,1,79.9,79.9,24.0
AB-2026-14841,2026-02-11,Eigener Shop,K-11627,Kreditkarte,HOOD-ZP-M-WEI,Zip-Hoodie Heavy,M,Weiss,1,89.9,89.9,28.0
AB-2026-14842,2026-02-06,Eigener Shop,K-10204,Vorkasse,HOOD-ZP-S-WEI,Zip-Hoodie Heavy,S,Weiss,1,89.9,89.9,28.0
AB-2026-14843,2026-04-01,Eigener Shop,K-14079,Rechnungskauf,KLEID-PR-XS-SCH,Sommerkleid Print,XS,Schwarz,1,79.9,79.9,24.0
AB-2026-14843,2026-04-01,Eigener Shop,K-14079,Rechnungskauf,HOOD-ZP-S-WEI,Zip-Hoodie Heavy,S,Weiss,1,89.9,89.9,28.0
AB-2026-14843,2026-04-01,Eigener Shop,K-14079,Rechnungskauf,HOOD-ZP-L-SCH,Zip-Hoodie Heavy,L,Schwarz,1,89.9,89.9,28.0
AB-2026-14844,2026-06-24,Eigener Shop,K-15345,PayPal,SOCK-3P-S-SCH,Sneaker Socken 3er-Pack,S,Schwarz,1,19.9,19.9,4.8
AB-2026-14844,2026-06-24,Eigener Shop,K-15345,PayPal,TEE-OVS-L-WEI,T-Shirt Oversized,L,Weiss,1,34.9,34.9,9.0
AB-2026-14845,2026-01-13,Amazon,K-13336,Vorkasse,TEE-BAS-XS-NAV,T-Shirt Basic,XS,Navy,1,29.9,29.9,7.5
AB-2026-14846,2026-02-14,Eigener Shop,K-15154,Vorkasse,HOOD-CL-XS-SCH,Hoodie Classic,XS,Schwarz,1,69.9,69.9,21.0
AB-2026-14846,2026-02-14,Eigener Shop,K-15154,Vorkasse,SOCK-3P-M-NAV,Sneaker Socken 3er-Pack,M,Navy,1,19.9,19.9,4.8
AB-2026-14847,2026-03-04,Amazon,K-18451,PayPal,TEE-BAS-XL-NAV,T-Shirt Basic,XL,Navy,1,29.9,29.9,7.5
AB-2026-14848,2026-05-19,Eigener Shop,K-13015,Kreditkarte,JOG-CL-XS-OLI,Jogger Classic,XS,Oliv,1,64.9,64.9,19.5
AB-2026-14849,2026-04-09,Eigener Shop,K-14686,PayPal,JKT-RN-XS-WEI,Regenjacke Tech,XS,Weiss,1,119.9,119.9,84.0
AB-2026-14849,2026-04-09,Eigener Shop,K-14686,PayPal,SOCK-3P-M-WEI,Sneaker Socken 3er-Pack,M,Weiss,1,19.9,19.9,4.8
AB-2026-14849,2026-04-09,Eigener Shop,K-14686,PayPal,HOOD-ZP-XS-WEI,Zip-Hoodie Heavy,XS,Weiss,1,89.9,89.9,28.0
AB-2026-14850,2026-03-29,Eigener Shop,K-18802,PayPal,KLEID-PR-XL-NAV,Sommerkleid Print,XL,Navy,1,79.9,79.9,24.0
AB-2026-14851,2026-05-26,Zalando,K-17064,Kreditkarte,JKT-RN-L-WEI,Regenjacke Tech,L,Weiss,1,119.9,119.9,84.0
AB-2026-14852,2026-04-12,Eigener Shop,K-14524,Vorkasse,JOG-CL-S-OLI,Jogger Classic,S,Oliv,1,64.9,64.9,19.5
AB-2026-14853,2026-05-24,Eigener Shop,K-14557,Vorkasse,KLEID-PR-XS-WEI,Sommerkleid Print,XS,Weiss,1,79.9,79.9,24.0
AB-2026-14854,2026-05-14,Eigener Shop,K-10646,PayPal,SOCK-3P-S-NAV,Sneaker Socken 3er-Pack,S,Navy,1,19.9,19.9,4.8
AB-2026-14855,2026-05-28,Eigener Shop,K-19186,Rechnungskauf,TEE-BAS-XL-SCH,T-Shirt Basic,XL,Schwarz,1,29.9,29.9,7.5
AB-2026-14856,2026-02-06,Eigener Shop,K-17182,Kreditkarte,KLEID-PR-XS-WEI,Sommerkleid Print,XS,Weiss,1,79.9,79.9,24.0
AB-2026-14857,2026-05-06,Zalando,K-11652,PayPal,SOCK-3P-XL-SCH,Sneaker Socken 3er-Pack,XL,Schwarz,1,19.9,19.9,4.8
AB-2026-14857,2026-05-06,Zalando,K-11652,PayPal,HOOD-CL-S-OLI,Hoodie Classic,S,Oliv,1,69.9,69.9,21.0
AB-2026-14858,2026-03-02,Eigener Shop,K-18716,Rechnungskauf,SOCK-3P-L-NAV,Sneaker Socken 3er-Pack,L,Navy,1,19.9,19.9,4.8
AB-2026-14858,2026-03-02,Eigener Shop,K-18716,Rechnungskauf,CAP-LG-M-OLI,Cap Logo,M,Oliv,1,24.9,24.9,6.0
AB-2026-14859,2026-04-10,Zalando,K-11176,Rechnungskauf,TEE-BAS-XL-OLI,T-Shirt Basic,XL,Oliv,1,29.9,29.9,7.5
AB-2026-14859,2026-04-10,Zalando,K-11176,Rechnungskauf,HOOD-ZP-M-WEI,Zip-Hoodie Heavy,M,Weiss,1,89.9,89.9,28.0
AB-2026-14860,2026-04-24,Amazon,K-16459,Rechnungskauf,JOG-CL-XS-NAV,Jogger Classic,XS,Navy,1,64.9,64.9,19.5
AB-2026-14860,2026-04-24,Amazon,K-16459,Rechnungskauf,HOOD-CL-S-OLI,Hoodie Classic,S,Oliv,1,69.9,69.9,21.0
AB-2026-14861,2026-03-20,Amazon,K-14036,Rechnungskauf,TEE-OVS-XS-NAV,T-Shirt Oversized,XS,Navy,1,34.9,34.9,9.0
AB-2026-14861,2026-03-20,Amazon,K-14036,Rechnungskauf,CAP-LG-XS-SCH,Cap Logo,XS,Schwarz,1,24.9,24.9,6.0
AB-2026-14861,2026-03-20,Amazon,K-14036,Rechnungskauf,SOCK-3P-S-WEI,Sneaker Socken 3er-Pack,S,Weiss,1,19.9,19.9,4.8
AB-2026-14862,2026-01-23,Amazon,K-13831,PayPal,HOOD-CL-XS-NAV,Hoodie Classic,XS,Navy,1,69.9,69.9,21.0
AB-2026-14862,2026-01-23,Amazon,K-13831,PayPal,HOOD-CL-S-NAV,Hoodie Classic,S,Navy,1,69.9,69.9,21.0
AB-2026-14862,2026-01-23,Amazon,K-13831,PayPal,JKT-RN-L-WEI,Regenjacke Tech,L,Weiss,1,119.9,119.9,84.0
AB-2026-14862,2026-01-23,Amazon,K-13831,PayPal,JKT-RN-S-WEI,Regenjacke Tech,S,Weiss,1,119.9,119.9,84.0
AB-2026-14863,2026-01-01,Eigener Shop,K-19580,PayPal,TEE-BAS-S-WEI,T-Shirt Basic,S,Weiss,1,29.9,29.9,7.5
AB-2026-14863,2026-01-01,Eigener Shop,K-19580,PayPal,HOOD-CL-XS-WEI,Hoodie Classic,XS,Weiss,1,69.9,69.9,21.0
AB-2026-14864,2026-06-20,Eigener Shop,K-18702,Kreditkarte,TEE-OVS-XL-OLI,T-Shirt Oversized,XL,Oliv,1,34.9,34.9,9.0
AB-2026-14865,2026-03-20,Eigener Shop,K-12281,Rechnungskauf,JOG-CL-M-SCH,Jogger Classic,M,Schwarz,1,64.9,64.9,19.5
AB-2026-14866,2026-03-26,Eigener Shop,K-12094,Kreditkarte,SOCK-3P-L-SCH,Sneaker Socken 3er-Pack,L,Schwarz,1,19.9,19.9,4.8
AB-2026-14867,2026-06-16,Eigener Shop,K-13871,PayPal,TEE-OVS-XL-OLI,T-Shirt Oversized,XL,Oliv,1,34.9,34.9,9.0
AB-2026-14868,2026-01-08,Amazon,K-14697,Vorkasse,TEE-BAS-M-OLI,T-Shirt Basic,M,Oliv,1,29.9,29.9,7.5
AB-2026-14869,2026-06-05,Eigener Shop,K-19171,PayPal,CAP-LG-L-WEI,Cap Logo,L,Weiss,1,24.9,24.9,6.0
AB-2026-14869,2026-06-05,Eigener Shop,K-19171,PayPal,JKT-RN-XL-WEI,Regenjacke Tech,XL,Weiss,1,119.9,119.9,84.0
AB-2026-14870,2026-03-23,Eigener Shop,K-10474,Rechnungskauf,TEE-BAS-XS-OLI,T-Shirt Basic,XS,Oliv,1,29.9,29.9,7.5
AB-2026-14871,2026-02-04,Eigener Shop,K-19762,Rechnungskauf,HOOD-ZP-L-SCH,Zip-Hoodie Heavy,L,Schwarz,1,89.9,89.9,28.0
AB-2026-14871,2026-02-04,Eigener Shop,K-19762,Rechnungskauf,SOCK-3P-XS-OLI,Sneaker Socken 3er-Pack,XS,Oliv,1,19.9,19.9,4.8
AB-2026-14872,2026-03-30,Eigener Shop,K-13927,Rechnungskauf,HOOD-ZP-L-SCH,Zip-Hoodie Heavy,L,Schwarz,1,89.9,89.9,28.0
AB-2026-14872,2026-03-30,Eigener Shop,K-13927,Rechnungskauf,HOOD-ZP-XS-WEI,Zip-Hoodie Heavy,XS,Weiss,1,89.9,89.9,28.0
AB-2026-14873,2026-05-02,Amazon,K-11874,Rechnungskauf,CAP-LG-S-WEI,Cap Logo,S,Weiss,1,24.9,24.9,6.0
AB-2026-14874,2026-02-10,Eigener Shop,K-16956,PayPal,KLEID-PR-XL-SCH,Sommerkleid Print,XL,Schwarz,1,79.9,79.9,24.0
AB-2026-14874,2026-02-10,Eigener Shop,K-16956,PayPal,HOOD-ZP-M-SCH,Zip-Hoodie Heavy,M,Schwarz,1,89.9,89.9,28.0
AB-2026-14875,2026-01-05,Eigener Shop,K-16562,Rechnungskauf,CAP-LG-XS-NAV,Cap Logo,XS,Navy,1,24.9,24.9,6.0
AB-2026-14875,2026-01-05,Eigener Shop,K-16562,Rechnungskauf,CAP-LG-XL-NAV,Cap Logo,XL,Navy,1,24.9,24.9,6.0
AB-2026-14875,2026-01-05,Eigener Shop,K-16562,Rechnungskauf,JOG-CL-XS-NAV,Jogger Classic,XS,Navy,1,64.9,64.9,19.5
AB-2026-14875,2026-01-05,Eigener Shop,K-16562,Rechnungskauf,JOG-CL-M-NAV,Jogger Classic,M,Navy,1,64.9,64.9,19.5
AB-2026-14876,2026-03-13,Eigener Shop,K-18986,Vorkasse,JOG-CL-XS-NAV,Jogger Classic,XS,Navy,1,64.9,64.9,19.5
AB-2026-14877,2026-06-17,Eigener Shop,K-16318,Rechnungskauf,HOOD-ZP-L-SCH,Zip-Hoodie Heavy,L,Schwarz,1,89.9,89.9,28.0
AB-2026-14878,2026-06-17,Amazon,K-19782,PayPal,KLEID-PR-S-NAV,Sommerkleid Print,S,Navy,1,79.9,79.9,24.0
AB-2026-14878,2026-06-17,Amazon,K-19782,PayPal,HOOD-CL-M-SCH,Hoodie Classic,M,Schwarz,1,69.9,69.9,21.0
AB-2026-14878,2026-06-17,Amazon,K-19782,PayPal,HOOD-CL-L-NAV,Hoodie Classic,L,Navy,1,69.9,69.9,21.0
AB-2026-14879,2026-04-28,Eigener Shop,K-10827,Vorkasse,HOOD-CL-XL-SCH,Hoodie Classic,XL,Schwarz,1,69.9,69.9,21.0
AB-2026-14880,2026-03-15,Amazon,K-14820,Rechnungskauf,TEE-BAS-XS-NAV,T-Shirt Basic,XS,Navy,1,29.9,29.9,7.5
AB-2026-14881,2026-06-22,Amazon,K-13135,Rechnungskauf,HOOD-CL-XL-NAV,Hoodie Classic,XL,Navy,1,69.9,69.9,21.0
AB-2026-14882,2026-03-26,Eigener Shop,K-14897,Rechnungskauf,JOG-CL-S-SCH,Jogger Classic,S,Schwarz,1,64.9,64.9,19.5
AB-2026-14882,2026-03-26,Eigener Shop,K-14897,Rechnungskauf,SOCK-3P-M-OLI,Sneaker Socken 3er-Pack,M,Oliv,1,19.9,19.9,4.8
AB-2026-14883,2026-06-07,Eigener Shop,K-19598,Vorkasse,KLEID-PR-L-OLI,Sommerkleid Print,L,Oliv,1,79.9,79.9,24.0
AB-2026-14884,2026-01-01,Zalando,K-19374,Rechnungskauf,JKT-RN-L-WEI,Regenjacke Tech,L,Weiss,1,119.9,119.9,84.0
AB-2026-14885,2026-02-08,Amazon,K-10147,Vorkasse,HOOD-ZP-S-WEI,Zip-Hoodie Heavy,S,Weiss,1,89.9,89.9,28.0
AB-2026-14886,2026-05-14,Eigener Shop,K-17491,Rechnungskauf,SOCK-3P-L-SCH,Sneaker Socken 3er-Pack,L,Schwarz,1,19.9,19.9,4.8
AB-2026-14886,2026-05-14,Eigener Shop,K-17491,Rechnungskauf,JOG-CL-M-OLI,Jogger Classic,M,Oliv,1,64.9,64.9,19.5
AB-2026-14887,2026-05-16,Amazon,K-15722,Rechnungskauf,TEE-OVS-XS-NAV,T-Shirt Oversized,XS,Navy,1,34.9,34.9,9.0
AB-2026-14887,2026-05-16,Amazon,K-15722,Rechnungskauf,TEE-BAS-M-WEI,T-Shirt Basic,M,Weiss,1,29.9,29.9,7.5
AB-2026-14887,2026-05-16,Amazon,K-15722,Rechnungskauf,TEE-BAS-XL-NAV,T-Shirt Basic,XL,Navy,1,29.9,29.9,7.5
AB-2026-14888,2026-03-23,Zalando,K-10442,Rechnungskauf,CAP-LG-XS-NAV,Cap Logo,XS,Navy,1,24.9,24.9,6.0
AB-2026-14888,2026-03-23,Zalando,K-10442,Rechnungskauf,CAP-LG-M-NAV,Cap Logo,M,Navy,1,24.9,24.9,6.0
AB-2026-14889,2026-06-19,Eigener Shop,K-12356,Rechnungskauf,KLEID-PR-XL-NAV,Sommerkleid Print,XL,Navy,1,79.9,79.9,24.0
AB-2026-14889,2026-06-19,Eigener Shop,K-12356,Rechnungskauf,HOOD-ZP-M-WEI,Zip-Hoodie Heavy,M,Weiss,1,89.9,89.9,28.0
AB-2026-14890,2026-04-19,Eigener Shop,K-19701,Kreditkarte,JKT-RN-S-SCH,Regenjacke Tech,S,Schwarz,1,119.9,119.9,84.0
AB-2026-14891,2026-01-16,Eigener Shop,K-15519,PayPal,CAP-LG-XS-SCH,Cap Logo,XS,Schwarz,1,24.9,24.9,6.0
AB-2026-14892,2026-05-03,Eigener Shop,K-18778,Kreditkarte,TEE-OVS-L-OLI,T-Shirt Oversized,L,Oliv,1,34.9,34.9,9.0
AB-2026-14892,2026-05-03,Eigener Shop,K-18778,Kreditkarte,HOOD-CL-XS-OLI,Hoodie Classic,XS,Oliv,1,69.9,69.9,21.0
AB-2026-14893,2026-01-16,Eigener Shop,K-13657,Rechnungskauf,SOCK-3P-L-NAV,Sneaker Socken 3er-Pack,L,Navy,1,19.9,19.9,4.8
AB-2026-14893,2026-01-16,Eigener Shop,K-13657,Rechnungskauf,HOOD-ZP-XL-WEI,Zip-Hoodie Heavy,XL,Weiss,1,89.9,89.9,28.0
AB-2026-14894,2026-01-27,Eigener Shop,K-11657,PayPal,TEE-BAS-S-WEI,T-Shirt Basic,S,Weiss,1,29.9,29.9,7.5
AB-2026-14895,2026-05-14,Eigener Shop,K-14011,Rechnungskauf,JKT-RN-XS-WEI,Regenjacke Tech,XS,Weiss,1,119.9,119.9,84.0
AB-2026-14896,2026-02-24,Amazon,K-14789,PayPal,HOOD-ZP-S-SCH,Zip-Hoodie Heavy,S,Schwarz,1,89.9,89.9,28.0
AB-2026-14896,2026-02-24,Amazon,K-14789,PayPal,HOOD-ZP-M-SCH,Zip-Hoodie Heavy,M,Schwarz,1,89.9,89.9,28.0
AB-2026-14896,2026-02-24,Amazon,K-14789,PayPal,HOOD-ZP-S-SCH,Zip-Hoodie Heavy,S,Schwarz,1,89.9,89.9,28.0
AB-2026-14896,2026-02-24,Amazon,K-14789,PayPal,HOOD-ZP-XS-SCH,Zip-Hoodie Heavy,XS,Schwarz,1,89.9,89.9,28.0
AB-2026-14897,2026-02-23,Eigener Shop,K-16719,Rechnungskauf,JKT-RN-M-WEI,Regenjacke Tech,M,Weiss,1,119.9,119.9,84.0
AB-2026-14897,2026-02-23,Eigener Shop,K-16719,Rechnungskauf,SOCK-3P-L-SCH,Sneaker Socken 3er-Pack,L,Schwarz,1,19.9,19.9,4.8
AB-2026-14898,2026-05-28,Eigener Shop,K-17569,Rechnungskauf,HOOD-ZP-S-SCH,Zip-Hoodie Heavy,S,Schwarz,1,89.9,89.9,28.0
AB-2026-14898,2026-05-28,Eigener Shop,K-17569,Rechnungskauf,HOOD-ZP-L-SCH,Zip-Hoodie Heavy,L,Schwarz,1,89.9,89.9,28.0
AB-2026-14899,2026-03-16,Eigener Shop,K-19296,Kreditkarte,SOCK-3P-M-SCH,Sneaker Socken 3er-Pack,M,Schwarz,1,19.9,19.9,4.8
AB-2026-14899,2026-03-16,Eigener Shop,K-19296,Kreditkarte,CAP-LG-L-WEI,Cap Logo,L,Weiss,1,24.9,24.9,6.0
AB-2026-14900,2026-06-30,Eigener Shop,K-15688,PayPal,JKT-RN-M-WEI,Regenjacke Tech,M,Weiss,1,119.9,119.9,84.0
AB-2026-14901,2026-01-20,Eigener Shop,K-13883,Rechnungskauf,SOCK-3P-XL-SCH,Sneaker Socken 3er-Pack,XL,Schwarz,1,19.9,19.9,4.8
AB-2026-14902,2026-02-06,Eigener Shop,K-17918,Kreditkarte,TEE-BAS-XS-SCH,T-Shirt Basic,XS,Schwarz,1,29.9,29.9,7.5
AB-2026-14903,2026-06-02,Amazon,K-16820,PayPal,JKT-RN-L-WEI,Regenjacke Tech,L,Weiss,1,119.9,119.9,84.0
AB-2026-14904,2026-06-21,Eigener Shop,K-16297,PayPal,CAP-LG-M-WEI,Cap Logo,M,Weiss,1,24.9,24.9,6.0
AB-2026-14905,2026-02-27,Eigener Shop,K-12461,PayPal,JKT-RN-M-SCH,Regenjacke Tech,M,Schwarz,1,119.9,119.9,84.0
AB-2026-14906,2026-01-02,Amazon,K-19567,Vorkasse,JKT-RN-XS-SCH,Regenjacke Tech,XS,Schwarz,1,119.9,119.9,84.0
AB-2026-14906,2026-01-02,Amazon,K-19567,Vorkasse,JKT-RN-L-SCH,Regenjacke Tech,L,Schwarz,1,119.9,119.9,84.0
AB-2026-14907,2026-03-17,Eigener Shop,K-16935,Kreditkarte,HOOD-ZP-S-SCH,Zip-Hoodie Heavy,S,Schwarz,1,89.9,89.9,28.0
AB-2026-14908,2026-02-19,Eigener Shop,K-15610,PayPal,SOCK-3P-XS-SCH,Sneaker Socken 3er-Pack,XS,Schwarz,1,19.9,19.9,4.8
AB-2026-14909,2026-06-09,Eigener Shop,K-18845,PayPal,SOCK-3P-XL-OLI,Sneaker Socken 3er-Pack,XL,Oliv,1,19.9,19.9,4.8
AB-2026-14909,2026-06-09,Eigener Shop,K-18845,PayPal,HOOD-ZP-XS-WEI,Zip-Hoodie Heavy,XS,Weiss,1,89.9,89.9,28.0
AB-2026-14910,2026-05-16,Eigener Shop,K-14144,PayPal,SOCK-3P-S-SCH,Sneaker Socken 3er-Pack,S,Schwarz,1,19.9,19.9,4.8
AB-2026-14910,2026-05-16,Eigener Shop,K-14144,PayPal,HOOD-ZP-M-WEI,Zip-Hoodie Heavy,M,Weiss,1,89.9,89.9,28.0
AB-2026-14911,2026-01-26,Eigener Shop,K-13206,PayPal,TEE-BAS-XS-OLI,T-Shirt Basic,XS,Oliv,1,29.9,29.9,7.5
AB-2026-14912,2026-03-06,Amazon,K-12956,Rechnungskauf,HOOD-ZP-XL-SCH,Zip-Hoodie Heavy,XL,Schwarz,1,89.9,89.9,28.0
AB-2026-14913,2026-04-24,Amazon,K-15140,Vorkasse,HOOD-ZP-XS-WEI,Zip-Hoodie Heavy,XS,Weiss,1,89.9,89.9,28.0
AB-2026-14913,2026-04-24,Amazon,K-15140,Vorkasse,HOOD-ZP-XL-WEI,Zip-Hoodie Heavy,XL,Weiss,1,89.9,89.9,28.0
AB-2026-14914,2026-01-03,Eigener Shop,K-13554,PayPal,TEE-OVS-XS-SCH,T-Shirt Oversized,XS,Schwarz,1,34.9,34.9,9.0
AB-2026-14914,2026-01-03,Eigener Shop,K-13554,PayPal,JOG-CL-M-NAV,Jogger Classic,M,Navy,1,64.9,64.9,19.5
AB-2026-14914,2026-01-03,Eigener Shop,K-13554,PayPal,HOOD-ZP-XS-WEI,Zip-Hoodie Heavy,XS,Weiss,1,89.9,89.9,28.0
AB-2026-14915,2026-02-10,Amazon,K-13089,PayPal,TEE-OVS-S-WEI,T-Shirt Oversized,S,Weiss,1,34.9,34.9,9.0
AB-2026-14916,2026-01-01,Amazon,K-18980,PayPal,HOOD-ZP-M-SCH,Zip-Hoodie Heavy,M,Schwarz,1,89.9,89.9,28.0
AB-2026-14916,2026-01-01,Amazon,K-18980,PayPal,TEE-BAS-XL-SCH,T-Shirt Basic,XL,Schwarz,1,29.9,29.9,7.5
AB-2026-14917,2026-06-04,Eigener Shop,K-11009,Kreditkarte,KLEID-PR-M-OLI,Sommerkleid Print,M,Oliv,1,79.9,79.9,24.0
AB-2026-14917,2026-06-04,Eigener Shop,K-11009,Kreditkarte,KLEID-PR-XL-OLI,Sommerkleid Print,XL,Oliv,1,79.9,79.9,24.0
AB-2026-14917,2026-06-04,Eigener Shop,K-11009,Kreditkarte,HOOD-ZP-M-WEI,Zip-Hoodie Heavy,M,Weiss,1,89.9,89.9,28.0
AB-2026-14917,2026-06-04,Eigener Shop,K-11009,Kreditkarte,HOOD-ZP-L-WEI,Zip-Hoodie Heavy,L,Weiss,1,89.9,89.9,28.0
AB-2026-14918,2026-02-19,Amazon,K-10439,PayPal,HOOD-CL-XS-WEI,Hoodie Classic,XS,Weiss,1,69.9,69.9,21.0
AB-2026-14918,2026-02-19,Amazon,K-10439,PayPal,TEE-OVS-M-OLI,T-Shirt Oversized,M,Oliv,1,34.9,34.9,9.0
AB-2026-14918,2026-02-19,Amazon,K-10439,PayPal,JKT-RN-S-WEI,Regenjacke Tech,S,Weiss,1,119.9,119.9,84.0
AB-2026-14919,2026-03-27,Eigener Shop,K-10789,PayPal,CAP-LG-M-OLI,Cap Logo,M,Oliv,1,24.9,24.9,6.0
AB-2026-14919,2026-03-27,Eigener Shop,K-10789,PayPal,CAP-LG-S-OLI,Cap Logo,S,Oliv,1,24.9,24.9,6.0
AB-2026-14920,2026-03-10,Eigener Shop,K-16826,PayPal,HOOD-CL-XS-SCH,Hoodie Classic,XS,Schwarz,1,69.9,69.9,21.0
AB-2026-14920,2026-03-10,Eigener Shop,K-16826,PayPal,HOOD-ZP-S-SCH,Zip-Hoodie Heavy,S,Schwarz,1,89.9,89.9,28.0
AB-2026-14921,2026-01-12,Amazon,K-19311,Kreditkarte,HOOD-ZP-L-WEI,Zip-Hoodie Heavy,L,Weiss,1,89.9,89.9,28.0
AB-2026-14921,2026-01-12,Amazon,K-19311,Kreditkarte,JOG-CL-M-SCH,Jogger Classic,M,Schwarz,1,64.9,64.9,19.5
AB-2026-14921,2026-01-12,Amazon,K-19311,Kreditkarte,JOG-CL-XS-OLI,Jogger Classic,XS,Oliv,1,64.9,64.9,19.5
AB-2026-14922,2026-03-27,Amazon,K-18454,Kreditkarte,HOOD-CL-S-NAV,Hoodie Classic,S,Navy,1,69.9,69.9,21.0
AB-2026-14923,2026-02-17,Amazon,K-17987,Vorkasse,HOOD-ZP-S-SCH,Zip-Hoodie Heavy,S,Schwarz,1,89.9,89.9,28.0
AB-2026-14924,2026-02-21,Amazon,K-11506,Rechnungskauf,CAP-LG-XL-NAV,Cap Logo,XL,Navy,1,24.9,24.9,6.0
AB-2026-14925,2026-03-28,Eigener Shop,K-11454,Kreditkarte,SOCK-3P-XL-NAV,Sneaker Socken 3er-Pack,XL,Navy,1,19.9,19.9,4.8
AB-2026-14925,2026-03-28,Eigener Shop,K-11454,Kreditkarte,SOCK-3P-XS-NAV,Sneaker Socken 3er-Pack,XS,Navy,1,19.9,19.9,4.8
AB-2026-14925,2026-03-28,Eigener Shop,K-11454,Kreditkarte,JOG-CL-S-NAV,Jogger Classic,S,Navy,1,64.9,64.9,19.5
AB-2026-14925,2026-03-28,Eigener Shop,K-11454,Kreditkarte,JOG-CL-XS-NAV,Jogger Classic,XS,Navy,1,64.9,64.9,19.5
AB-2026-14925,2026-03-28,Eigener Shop,K-11454,Kreditkarte,JKT-RN-XL-SCH,Regenjacke Tech,XL,Schwarz,1,119.9,119.9,84.0
AB-2026-14925,2026-03-28,Eigener Shop,K-11454,Kreditkarte,JKT-RN-XS-SCH,Regenjacke Tech,XS,Schwarz,1,119.9,119.9,84.0
AB-2026-14926,2026-04-03,Eigener Shop,K-15412,PayPal,SOCK-3P-S-WEI,Sneaker Socken 3er-Pack,S,Weiss,1,19.9,19.9,4.8
AB-2026-14927,2026-06-12,Amazon,K-10101,Kreditkarte,CAP-LG-XS-SCH,Cap Logo,XS,Schwarz,1,24.9,24.9,6.0
AB-2026-14928,2026-04-26,Amazon,K-10651,Kreditkarte,HOOD-ZP-M-SCH,Zip-Hoodie Heavy,M,Schwarz,1,89.9,89.9,28.0
AB-2026-14928,2026-04-26,Amazon,K-10651,Kreditkarte,HOOD-ZP-S-WEI,Zip-Hoodie Heavy,S,Weiss,1,89.9,89.9,28.0
AB-2026-14929,2026-02-02,Zalando,K-16549,PayPal,TEE-BAS-S-WEI,T-Shirt Basic,S,Weiss,1,29.9,29.9,7.5
AB-2026-14929,2026-02-02,Zalando,K-16549,PayPal,JKT-RN-M-SCH,Regenjacke Tech,M,Schwarz,1,119.9,119.9,84.0
AB-2026-14930,2026-02-23,Zalando,K-15218,Rechnungskauf,TEE-BAS-XS-SCH,T-Shirt Basic,XS,Schwarz,1,29.9,29.9,7.5
AB-2026-14930,2026-02-23,Zalando,K-15218,Rechnungskauf,TEE-OVS-L-SCH,T-Shirt Oversized,L,Schwarz,1,34.9,34.9,9.0
AB-2026-14931,2026-03-16,Eigener Shop,K-11689,Vorkasse,JKT-RN-L-WEI,Regenjacke Tech,L,Weiss,1,119.9,119.9,84.0
AB-2026-14932,2026-06-19,Eigener Shop,K-16271,Rechnungskauf,JKT-RN-M-SCH,Regenjacke Tech,M,Schwarz,1,119.9,119.9,84.0
AB-2026-14933,2026-04-01,Eigener Shop,K-18430,PayPal,SOCK-3P-XS-SCH,Sneaker Socken 3er-Pack,XS,Schwarz,1,19.9,19.9,4.8
AB-2026-14934,2026-01-27,Eigener Shop,K-15768,PayPal,KLEID-PR-L-SCH,Sommerkleid Print,L,Schwarz,1,79.9,79.9,24.0
AB-2026-14935,2026-04-11,Amazon,K-11926,Rechnungskauf,CAP-LG-S-NAV,Cap Logo,S,Navy,1,24.9,24.9,6.0
AB-2026-14936,2026-04-30,Eigener Shop,K-13647,Vorkasse,HOOD-ZP-L-SCH,Zip-Hoodie Heavy,L,Schwarz,1,89.9,89.9,28.0
AB-2026-14936,2026-04-30,Eigener Shop,K-13647,Vorkasse,KLEID-PR-XL-WEI,Sommerkleid Print,XL,Weiss,1,79.9,79.9,24.0
AB-2026-14937,2026-03-03,Amazon,K-19731,PayPal,KLEID-PR-XL-SCH,Sommerkleid Print,XL,Schwarz,1,79.9,79.9,24.0
AB-2026-14937,2026-03-03,Amazon,K-19731,PayPal,SOCK-3P-M-WEI,Sneaker Socken 3er-Pack,M,Weiss,1,19.9,19.9,4.8
AB-2026-14938,2026-04-20,Eigener Shop,K-14220,PayPal,KLEID-PR-XL-WEI,Sommerkleid Print,XL,Weiss,1,79.9,79.9,24.0
AB-2026-14939,2026-03-04,Zalando,K-11680,Rechnungskauf,JKT-RN-L-WEI,Regenjacke Tech,L,Weiss,1,119.9,119.9,84.0
AB-2026-14939,2026-03-04,Zalando,K-11680,Rechnungskauf,TEE-OVS-L-NAV,T-Shirt Oversized,L,Navy,1,34.9,34.9,9.0
AB-2026-14940,2026-01-04,Amazon,K-14811,Rechnungskauf,HOOD-ZP-XS-WEI,Zip-Hoodie Heavy,XS,Weiss,1,89.9,89.9,28.0
AB-2026-14941,2026-03-20,Amazon,K-16337,Kreditkarte,JOG-CL-S-NAV,Jogger Classic,S,Navy,1,64.9,64.9,19.5
AB-2026-14942,2026-02-28,Zalando,K-11095,Vorkasse,TEE-BAS-S-OLI,T-Shirt Basic,S,Oliv,1,29.9,29.9,7.5
AB-2026-14943,2026-01-25,Eigener Shop,K-19436,Vorkasse,CAP-LG-XS-OLI,Cap Logo,XS,Oliv,1,24.9,24.9,6.0
AB-2026-14944,2026-04-05,Eigener Shop,K-18704,PayPal,HOOD-CL-S-NAV,Hoodie Classic,S,Navy,1,69.9,69.9,21.0
AB-2026-14944,2026-04-05,Eigener Shop,K-18704,PayPal,HOOD-CL-M-NAV,Hoodie Classic,M,Navy,1,69.9,69.9,21.0
AB-2026-14945,2026-02-14,Eigener Shop,K-10595,PayPal,JOG-CL-XS-NAV,Jogger Classic,XS,Navy,1,64.9,64.9,19.5
AB-2026-14945,2026-02-14,Eigener Shop,K-10595,PayPal,KLEID-PR-L-NAV,Sommerkleid Print,L,Navy,1,79.9,79.9,24.0
AB-2026-14945,2026-02-14,Eigener Shop,K-10595,PayPal,TEE-OVS-S-SCH,T-Shirt Oversized,S,Schwarz,1,34.9,34.9,9.0
AB-2026-14946,2026-06-25,Amazon,K-18836,Vorkasse,KLEID-PR-S-NAV,Sommerkleid Print,S,Navy,1,79.9,79.9,24.0
AB-2026-14947,2026-06-01,Eigener Shop,K-12394,Vorkasse,HOOD-CL-L-NAV,Hoodie Classic,L,Navy,1,69.9,69.9,21.0
AB-2026-14948,2026-03-16,Amazon,K-18594,PayPal,KLEID-PR-XL-SCH,Sommerkleid Print,XL,Schwarz,1,79.9,79.9,24.0
AB-2026-14949,2026-05-17,Eigener Shop,K-12339,PayPal,KLEID-PR-XS-OLI,Sommerkleid Print,XS,Oliv,1,79.9,79.9,24.0
AB-2026-14950,2026-01-03,Eigener Shop,K-10402,Rechnungskauf,TEE-OVS-XS-WEI,T-Shirt Oversized,XS,Weiss,1,34.9,34.9,9.0
AB-2026-14950,2026-01-03,Eigener Shop,K-10402,Rechnungskauf,TEE-OVS-M-OLI,T-Shirt Oversized,M,Oliv,1,34.9,34.9,9.0
AB-2026-14951,2026-05-08,Zalando,K-14546,PayPal,JOG-CL-L-WEI,Jogger Classic,L,Weiss,1,64.9,64.9,19.5
AB-2026-14951,2026-05-08,Zalando,K-14546,PayPal,HOOD-CL-XL-NAV,Hoodie Classic,XL,Navy,1,69.9,69.9,21.0
AB-2026-14952,2026-05-11,Amazon,K-12204,Kreditkarte,HOOD-ZP-L-SCH,Zip-Hoodie Heavy,L,Schwarz,1,89.9,89.9,28.0
AB-2026-14952,2026-05-11,Amazon,K-12204,Kreditkarte,HOOD-ZP-XS-SCH,Zip-Hoodie Heavy,XS,Schwarz,1,89.9,89.9,28.0
AB-2026-14953,2026-03-04,Eigener Shop,K-17160,Vorkasse,HOOD-CL-XS-NAV,Hoodie Classic,XS,Navy,1,69.9,69.9,21.0
AB-2026-14954,2026-01-02,Amazon,K-12011,Rechnungskauf,JOG-CL-L-NAV,Jogger Classic,L,Navy,1,64.9,64.9,19.5
AB-2026-14955,2026-05-17,Amazon,K-17316,Rechnungskauf,JKT-RN-XL-WEI,Regenjacke Tech,XL,Weiss,1,119.9,119.9,84.0
AB-2026-14955,2026-05-17,Amazon,K-17316,Rechnungskauf,HOOD-ZP-M-WEI,Zip-Hoodie Heavy,M,Weiss,1,89.9,89.9,28.0
AB-2026-14955,2026-05-17,Amazon,K-17316,Rechnungskauf,HOOD-ZP-S-SCH,Zip-Hoodie Heavy,S,Schwarz,1,89.9,89.9,28.0
AB-2026-14956,2026-06-18,Eigener Shop,K-11301,PayPal,HOOD-ZP-L-SCH,Zip-Hoodie Heavy,L,Schwarz,1,89.9,89.9,28.0
AB-2026-14956,2026-06-18,Eigener Shop,K-11301,PayPal,HOOD-ZP-L-SCH,Zip-Hoodie Heavy,L,Schwarz,1,89.9,89.9,28.0
AB-2026-14957,2026-04-09,Zalando,K-16439,Rechnungskauf,CAP-LG-M-OLI,Cap Logo,M,Oliv,1,24.9,24.9,6.0
AB-2026-14958,2026-01-23,Eigener Shop,K-15133,Kreditkarte,HOOD-ZP-M-SCH,Zip-Hoodie Heavy,M,Schwarz,1,89.9,89.9,28.0
AB-2026-14959,2026-06-02,Eigener Shop,K-15764,Kreditkarte,SOCK-3P-XL-NAV,Sneaker Socken 3er-Pack,XL,Navy,1,19.9,19.9,4.8
AB-2026-14960,2026-04-02,Amazon,K-15856,Rechnungskauf,TEE-BAS-XL-SCH,T-Shirt Basic,XL,Schwarz,1,29.9,29.9,7.5
AB-2026-14961,2026-03-04,Eigener Shop,K-15159,PayPal,KLEID-PR-M-WEI,Sommerkleid Print,M,Weiss,1,79.9,79.9,24.0
AB-2026-14962,2026-02-02,Eigener Shop,K-16154,Vorkasse,HOOD-ZP-L-SCH,Zip-Hoodie Heavy,L,Schwarz,1,89.9,89.9,28.0
AB-2026-14963,2026-06-08,Amazon,K-13989,Rechnungskauf,TEE-BAS-S-OLI,T-Shirt Basic,S,Oliv,1,29.9,29.9,7.5
AB-2026-14963,2026-06-08,Amazon,K-13989,Rechnungskauf,TEE-OVS-XL-NAV,T-Shirt Oversized,XL,Navy,1,34.9,34.9,9.0
AB-2026-14964,2026-05-31,Amazon,K-17160,PayPal,JOG-CL-S-NAV,Jogger Classic,S,Navy,1,64.9,64.9,19.5
AB-2026-14965,2026-04-20,Eigener Shop,K-16089,Vorkasse,TEE-OVS-XL-WEI,T-Shirt Oversized,XL,Weiss,1,34.9,34.9,9.0
AB-2026-14966,2026-04-02,Eigener Shop,K-14071,Vorkasse,JKT-RN-XS-WEI,Regenjacke Tech,XS,Weiss,1,119.9,119.9,84.0
AB-2026-14966,2026-04-02,Eigener Shop,K-14071,Vorkasse,JOG-CL-XS-SCH,Jogger Classic,XS,Schwarz,1,64.9,64.9,19.5
AB-2026-14966,2026-04-02,Eigener Shop,K-14071,Vorkasse,HOOD-CL-M-SCH,Hoodie Classic,M,Schwarz,1,69.9,69.9,21.0
AB-2026-14967,2026-04-30,Amazon,K-15842,Rechnungskauf,JOG-CL-L-WEI,Jogger Classic,L,Weiss,1,64.9,64.9,19.5
AB-2026-14968,2026-02-02,Zalando,K-15432,PayPal,TEE-BAS-L-OLI,T-Shirt Basic,L,Oliv,1,29.9,29.9,7.5
AB-2026-14969,2026-06-06,Eigener Shop,K-11143,PayPal,TEE-BAS-M-WEI,T-Shirt Basic,M,Weiss,1,29.9,29.9,7.5
AB-2026-14970,2026-06-21,Amazon,K-19922,Kreditkarte,SOCK-3P-XS-WEI,Sneaker Socken 3er-Pack,XS,Weiss,1,19.9,19.9,4.8
AB-2026-14971,2026-01-17,Zalando,K-19735,Kreditkarte,TEE-BAS-M-SCH,T-Shirt Basic,M,Schwarz,1,29.9,29.9,7.5
AB-2026-14972,2026-05-13,Zalando,K-18474,PayPal,JKT-RN-XS-SCH,Regenjacke Tech,XS,Schwarz,1,119.9,119.9,84.0
AB-2026-14973,2026-04-20,Eigener Shop,K-10518,Kreditkarte,TEE-BAS-XL-NAV,T-Shirt Basic,XL,Navy,1,29.9,29.9,7.5
AB-2026-14974,2026-03-16,Amazon,K-13810,Vorkasse,HOOD-ZP-M-SCH,Zip-Hoodie Heavy,M,Schwarz,1,89.9,89.9,28.0
AB-2026-14975,2026-05-09,Eigener Shop,K-16384,Vorkasse,HOOD-ZP-XL-WEI,Zip-Hoodie Heavy,XL,Weiss,1,89.9,89.9,28.0
AB-2026-14975,2026-05-09,Eigener Shop,K-16384,Vorkasse,JKT-RN-S-SCH,Regenjacke Tech,S,Schwarz,1,119.9,119.9,84.0
AB-2026-14975,2026-05-09,Eigener Shop,K-16384,Vorkasse,HOOD-ZP-XS-SCH,Zip-Hoodie Heavy,XS,Schwarz,1,89.9,89.9,28.0
AB-2026-14976,2026-01-15,Eigener Shop,K-11178,Vorkasse,CAP-LG-XS-SCH,Cap Logo,XS,Schwarz,1,24.9,24.9,6.0
AB-2026-14976,2026-01-15,Eigener Shop,K-11178,Vorkasse,JKT-RN-S-WEI,Regenjacke Tech,S,Weiss,1,119.9,119.9,84.0
AB-2026-14976,2026-01-15,Eigener Shop,K-11178,Vorkasse,SOCK-3P-XS-OLI,Sneaker Socken 3er-Pack,XS,Oliv,1,19.9,19.9,4.8
AB-2026-14977,2026-01-14,Eigener Shop,K-15482,Kreditkarte,TEE-BAS-XS-NAV,T-Shirt Basic,XS,Navy,1,29.9,29.9,7.5
AB-2026-14977,2026-01-14,Eigener Shop,K-15482,Kreditkarte,HOOD-CL-L-NAV,Hoodie Classic,L,Navy,1,69.9,69.9,21.0
AB-2026-14978,2026-06-23,Eigener Shop,K-10804,PayPal,HOOD-CL-XL-NAV,Hoodie Classic,XL,Navy,1,69.9,69.9,21.0
AB-2026-14978,2026-06-23,Eigener Shop,K-10804,PayPal,TEE-BAS-L-WEI,T-Shirt Basic,L,Weiss,1,29.9,29.9,7.5
AB-2026-14979,2026-03-03,Eigener Shop,K-15701,Kreditkarte,HOOD-ZP-L-WEI,Zip-Hoodie Heavy,L,Weiss,1,89.9,89.9,28.0
AB-2026-14979,2026-03-03,Eigener Shop,K-15701,Kreditkarte,HOOD-ZP-L-SCH,Zip-Hoodie Heavy,L,Schwarz,1,89.9,89.9,28.0
AB-2026-14980,2026-01-30,Eigener Shop,K-11668,Vorkasse,HOOD-ZP-L-SCH,Zip-Hoodie Heavy,L,Schwarz,1,89.9,89.9,28.0
AB-2026-14981,2026-03-03,Amazon,K-18392,Kreditkarte,KLEID-PR-XS-NAV,Sommerkleid Print,XS,Navy,1,79.9,79.9,24.0
AB-2026-14981,2026-03-03,Amazon,K-18392,Kreditkarte,HOOD-ZP-S-SCH,Zip-Hoodie Heavy,S,Schwarz,1,89.9,89.9,28.0
AB-2026-14982,2026-03-04,Amazon,K-15035,Kreditkarte,HOOD-ZP-XS-WEI,Zip-Hoodie Heavy,XS,Weiss,1,89.9,89.9,28.0
AB-2026-14983,2026-01-14,Amazon,K-10642,Rechnungskauf,KLEID-PR-S-NAV,Sommerkleid Print,S,Navy,1,79.9,79.9,24.0
AB-2026-14983,2026-01-14,Amazon,K-10642,Rechnungskauf,KLEID-PR-M-OLI,Sommerkleid Print,M,Oliv,1,79.9,79.9,24.0
AB-2026-14984,2026-06-04,Zalando,K-11573,Kreditkarte,HOOD-ZP-M-SCH,Zip-Hoodie Heavy,M,Schwarz,1,89.9,89.9,28.0
AB-2026-14985,2026-01-09,Zalando,K-12882,Rechnungskauf,HOOD-ZP-L-WEI,Zip-Hoodie Heavy,L,Weiss,1,89.9,89.9,28.0
AB-2026-14986,2026-05-22,Eigener Shop,K-10983,Kreditkarte,HOOD-ZP-S-SCH,Zip-Hoodie Heavy,S,Schwarz,1,89.9,89.9,28.0
AB-2026-14987,2026-04-03,Eigener Shop,K-11247,Kreditkarte,HOOD-CL-XL-NAV,Hoodie Classic,XL,Navy,1,69.9,69.9,21.0
AB-2026-14988,2026-01-21,Eigener Shop,K-15249,Rechnungskauf,SOCK-3P-S-SCH,Sneaker Socken 3er-Pack,S,Schwarz,1,19.9,19.9,4.8
AB-2026-14989,2026-01-08,Zalando,K-14998,Kreditkarte,HOOD-CL-S-OLI,Hoodie Classic,S,Oliv,1,69.9,69.9,21.0
AB-2026-14989,2026-01-08,Zalando,K-14998,Kreditkarte,HOOD-CL-S-SCH,Hoodie Classic,S,Schwarz,1,69.9,69.9,21.0
AB-2026-14990,2026-03-22,Eigener Shop,K-14173,Vorkasse,HOOD-CL-XL-OLI,Hoodie Classic,XL,Oliv,1,69.9,69.9,21.0
AB-2026-14990,2026-03-22,Eigener Shop,K-14173,Vorkasse,SOCK-3P-XS-WEI,Sneaker Socken 3er-Pack,XS,Weiss,1,19.9,19.9,4.8
AB-2026-14991,2026-06-28,Eigener Shop,K-18854,Rechnungskauf,CAP-LG-XL-NAV,Cap Logo,XL,Navy,1,24.9,24.9,6.0
AB-2026-14991,2026-06-28,Eigener Shop,K-18854,Rechnungskauf,HOOD-ZP-XL-WEI,Zip-Hoodie Heavy,XL,Weiss,1,89.9,89.9,28.0
AB-2026-14991,2026-06-28,Eigener Shop,K-18854,Rechnungskauf,HOOD-CL-XL-OLI,Hoodie Classic,XL,Oliv,1,69.9,69.9,21.0
AB-2026-14992,2026-03-12,Eigener Shop,K-10920,PayPal,TEE-BAS-XS-WEI,T-Shirt Basic,XS,Weiss,1,29.9,29.9,7.5
AB-2026-14993,2026-02-10,Eigener Shop,K-11470,Kreditkarte,HOOD-ZP-XS-SCH,Zip-Hoodie Heavy,XS,Schwarz,1,89.9,89.9,28.0
AB-2026-14994,2026-06-01,Zalando,K-18665,PayPal,SOCK-3P-XS-OLI,Sneaker Socken 3er-Pack,XS,Oliv,1,19.9,19.9,4.8
AB-2026-14994,2026-06-01,Zalando,K-18665,PayPal,HOOD-ZP-XS-WEI,Zip-Hoodie Heavy,XS,Weiss,1,89.9,89.9,28.0
AB-2026-14995,2026-06-07,Amazon,K-13602,PayPal,JOG-CL-XL-SCH,Jogger Classic,XL,Schwarz,1,64.9,64.9,19.5
AB-2026-14995,2026-06-07,Amazon,K-13602,PayPal,HOOD-ZP-S-SCH,Zip-Hoodie Heavy,S,Schwarz,1,89.9,89.9,28.0
AB-2026-14996,2026-04-03,Eigener Shop,K-17074,Rechnungskauf,JOG-CL-M-WEI,Jogger Classic,M,Weiss,1,64.9,64.9,19.5
AB-2026-14997,2026-01-31,Eigener Shop,K-16328,Kreditkarte,HOOD-ZP-L-SCH,Zip-Hoodie Heavy,L,Schwarz,1,89.9,89.9,28.0
AB-2026-14997,2026-01-31,Eigener Shop,K-16328,Kreditkarte,HOOD-ZP-M-SCH,Zip-Hoodie Heavy,M,Schwarz,1,89.9,89.9,28.0
AB-2026-14998,2026-03-07,Amazon,K-15501,Vorkasse,HOOD-ZP-XS-WEI,Zip-Hoodie Heavy,XS,Weiss,1,89.9,89.9,28.0
AB-2026-14999,2026-04-06,Eigener Shop,K-16396,PayPal,SOCK-3P-L-SCH,Sneaker Socken 3er-Pack,L,Schwarz,1,19.9,19.9,4.8
AB-2026-14999,2026-04-06,Eigener Shop,K-16396,PayPal,KLEID-PR-M-SCH,Sommerkleid Print,M,Schwarz,1,79.9,79.9,24.0
AB-2026-14999,2026-04-06,Eigener Shop,K-16396,PayPal,HOOD-CL-L-NAV,Hoodie Classic,L,Navy,1,69.9,69.9,21.0
AB-2026-15000,2026-06-24,Amazon,K-19597,Kreditkarte,HOOD-CL-XL-SCH,Hoodie Classic,XL,Schwarz,1,69.9,69.9,21.0
AB-2026-15000,2026-06-24,Amazon,K-19597,Kreditkarte,HOOD-CL-S-WEI,Hoodie Classic,S,Weiss,1,69.9,69.9,21.0
AB-2026-15000,2026-06-24,Amazon,K-19597,Kreditkarte,HOOD-ZP-L-WEI,Zip-Hoodie Heavy,L,Weiss,1,89.9,89.9,28.0
AB-2026-15001,2026-06-18,Amazon,K-13143,PayPal,JOG-CL-S-NAV,Jogger Classic,S,Navy,1,64.9,64.9,19.5
AB-2026-15001,2026-06-18,Amazon,K-13143,PayPal,HOOD-ZP-L-SCH,Zip-Hoodie Heavy,L,Schwarz,1,89.9,89.9,28.0
AB-2026-15002,2026-01-08,Eigener Shop,K-16059,Rechnungskauf,HOOD-CL-M-WEI,Hoodie Classic,M,Weiss,1,69.9,69.9,21.0
AB-2026-15003,2026-01-31,Amazon,K-13634,Vorkasse,TEE-BAS-S-NAV,T-Shirt Basic,S,Navy,1,29.9,29.9,7.5
AB-2026-15004,2026-03-16,Zalando,K-15341,Kreditkarte,TEE-OVS-XL-OLI,T-Shirt Oversized,XL,Oliv,1,34.9,34.9,9.0
AB-2026-15004,2026-03-16,Zalando,K-15341,Kreditkarte,TEE-OVS-L-OLI,T-Shirt Oversized,L,Oliv,1,34.9,34.9,9.0
AB-2026-15005,2026-05-02,Eigener Shop,K-19846,PayPal,SOCK-3P-XS-WEI,Sneaker Socken 3er-Pack,XS,Weiss,1,19.9,19.9,4.8
AB-2026-15005,2026-05-02,Eigener Shop,K-19846,PayPal,TEE-BAS-XS-SCH,T-Shirt Basic,XS,Schwarz,1,29.9,29.9,7.5
AB-2026-15005,2026-05-02,Eigener Shop,K-19846,PayPal,HOOD-ZP-M-SCH,Zip-Hoodie Heavy,M,Schwarz,1,89.9,89.9,28.0
AB-2026-15006,2026-05-08,Eigener Shop,K-12880,Kreditkarte,TEE-BAS-L-SCH,T-Shirt Basic,L,Schwarz,1,29.9,29.9,7.5
AB-2026-15006,2026-05-08,Eigener Shop,K-12880,Kreditkarte,TEE-BAS-L-SCH,T-Shirt Basic,L,Schwarz,1,29.9,29.9,7.5
AB-2026-15006,2026-05-08,Eigener Shop,K-12880,Kreditkarte,JOG-CL-XS-OLI,Jogger Classic,XS,Oliv,1,64.9,64.9,19.5
AB-2026-15007,2026-03-16,Zalando,K-18115,PayPal,HOOD-ZP-M-SCH,Zip-Hoodie Heavy,M,Schwarz,1,89.9,89.9,28.0
AB-2026-15007,2026-03-16,Zalando,K-18115,PayPal,JOG-CL-S-OLI,Jogger Classic,S,Oliv,1,64.9,64.9,19.5
AB-2026-15008,2026-04-04,Zalando,K-12024,PayPal,HOOD-ZP-XS-WEI,Zip-Hoodie Heavy,XS,Weiss,1,89.9,89.9,28.0
AB-2026-15008,2026-04-04,Zalando,K-12024,PayPal,HOOD-ZP-M-WEI,Zip-Hoodie Heavy,M,Weiss,1,89.9,89.9,28.0
AB-2026-15008,2026-04-04,Zalando,K-12024,PayPal,CAP-LG-S-NAV,Cap Logo,S,Navy,1,24.9,24.9,6.0
AB-2026-15008,2026-04-04,Zalando,K-12024,PayPal,CAP-LG-M-NAV,Cap Logo,M,Navy,1,24.9,24.9,6.0
AB-2026-15009,2026-03-25,Eigener Shop,K-14203,PayPal,KLEID-PR-S-SCH,Sommerkleid Print,S,Schwarz,1,79.9,79.9,24.0
AB-2026-15009,2026-03-25,Eigener Shop,K-14203,PayPal,KLEID-PR-S-NAV,Sommerkleid Print,S,Navy,1,79.9,79.9,24.0
AB-2026-15010,2026-01-23,Eigener Shop,K-13781,Vorkasse,TEE-BAS-L-NAV,T-Shirt Basic,L,Navy,1,29.9,29.9,7.5
AB-2026-15010,2026-01-23,Eigener Shop,K-13781,Vorkasse,KLEID-PR-S-NAV,Sommerkleid Print,S,Navy,1,79.9,79.9,24.0
AB-2026-15010,2026-01-23,Eigener Shop,K-13781,Vorkasse,HOOD-CL-XL-SCH,Hoodie Classic,XL,Schwarz,1,69.9,69.9,21.0
AB-2026-15011,2026-06-12,Eigener Shop,K-15554,Kreditkarte,SOCK-3P-XL-NAV,Sneaker Socken 3er-Pack,XL,Navy,1,19.9,19.9,4.8
AB-2026-15011,2026-06-12,Eigener Shop,K-15554,Kreditkarte,KLEID-PR-L-OLI,Sommerkleid Print,L,Oliv,1,79.9,79.9,24.0
AB-2026-15012,2026-03-16,Zalando,K-19357,Rechnungskauf,HOOD-ZP-L-WEI,Zip-Hoodie Heavy,L,Weiss,1,89.9,89.9,28.0
AB-2026-15012,2026-03-16,Zalando,K-19357,Rechnungskauf,CAP-LG-M-SCH,Cap Logo,M,Schwarz,1,24.9,24.9,6.0
AB-2026-15013,2026-01-22,Eigener Shop,K-16656,Rechnungskauf,TEE-BAS-XS-NAV,T-Shirt Basic,XS,Navy,1,29.9,29.9,7.5
AB-2026-15013,2026-01-22,Eigener Shop,K-16656,Rechnungskauf,TEE-BAS-L-NAV,T-Shirt Basic,L,Navy,1,29.9,29.9,7.5
AB-2026-15014,2026-02-25,Eigener Shop,K-12262,Kreditkarte,TEE-BAS-S-OLI,T-Shirt Basic,S,Oliv,1,29.9,29.9,7.5
AB-2026-15014,2026-02-25,Eigener Shop,K-12262,Kreditkarte,HOOD-ZP-M-SCH,Zip-Hoodie Heavy,M,Schwarz,1,89.9,89.9,28.0
AB-2026-15014,2026-02-25,Eigener Shop,K-12262,Kreditkarte,KLEID-PR-XL-SCH,Sommerkleid Print,XL,Schwarz,1,79.9,79.9,24.0
AB-2026-15015,2026-03-10,Eigener Shop,K-11842,PayPal,HOOD-CL-M-SCH,Hoodie Classic,M,Schwarz,1,69.9,69.9,21.0
AB-2026-15016,2026-06-14,Eigener Shop,K-19735,Rechnungskauf,HOOD-CL-XL-SCH,Hoodie Classic,XL,Schwarz,1,69.9,69.9,21.0
AB-2026-15017,2026-04-27,Eigener Shop,K-13376,Vorkasse,TEE-OVS-S-OLI,T-Shirt Oversized,S,Oliv,1,34.9,34.9,9.0
AB-2026-15017,2026-04-27,Eigener Shop,K-13376,Vorkasse,TEE-OVS-XL-OLI,T-Shirt Oversized,XL,Oliv,1,34.9,34.9,9.0
AB-2026-15018,2026-06-19,Eigener Shop,K-15616,Vorkasse,CAP-LG-XS-WEI,Cap Logo,XS,Weiss,1,24.9,24.9,6.0
AB-2026-15019,2026-04-13,Eigener Shop,K-14913,Kreditkarte,JKT-RN-S-WEI,Regenjacke Tech,S,Weiss,1,119.9,119.9,84.0
AB-2026-15020,2026-05-05,Amazon,K-15947,PayPal,HOOD-CL-S-OLI,Hoodie Classic,S,Oliv,1,69.9,69.9,21.0
AB-2026-15021,2026-06-06,Zalando,K-13778,Vorkasse,HOOD-CL-XS-WEI,Hoodie Classic,XS,Weiss,1,69.9,69.9,21.0
AB-2026-15021,2026-06-06,Zalando,K-13778,Vorkasse,CAP-LG-XS-SCH,Cap Logo,XS,Schwarz,1,24.9,24.9,6.0
AB-2026-15022,2026-04-15,Eigener Shop,K-10000,Vorkasse,CAP-LG-M-OLI,Cap Logo,M,Oliv,1,24.9,24.9,6.0
AB-2026-15022,2026-04-15,Eigener Shop,K-10000,Vorkasse,JKT-RN-L-WEI,Regenjacke Tech,L,Weiss,1,119.9,119.9,84.0
AB-2026-15023,2026-06-27,Zalando,K-18395,Kreditkarte,TEE-BAS-S-OLI,T-Shirt Basic,S,Oliv,1,29.9,29.9,7.5
AB-2026-15024,2026-02-10,Eigener Shop,K-10320,Vorkasse,HOOD-ZP-S-WEI,Zip-Hoodie Heavy,S,Weiss,1,89.9,89.9,28.0
AB-2026-15025,2026-02-18,Amazon,K-12401,Rechnungskauf,HOOD-ZP-XS-SCH,Zip-Hoodie Heavy,XS,Schwarz,1,89.9,89.9,28.0
AB-2026-15026,2026-02-26,Zalando,K-16581,PayPal,SOCK-3P-XS-WEI,Sneaker Socken 3er-Pack,XS,Weiss,1,19.9,19.9,4.8
AB-2026-15026,2026-02-26,Zalando,K-16581,PayPal,TEE-OVS-XL-WEI,T-Shirt Oversized,XL,Weiss,1,34.9,34.9,9.0
AB-2026-15027,2026-02-18,Amazon,K-19775,Kreditkarte,TEE-OVS-S-WEI,T-Shirt Oversized,S,Weiss,1,34.9,34.9,9.0
AB-2026-15028,2026-03-02,Eigener Shop,K-16983,PayPal,SOCK-3P-M-NAV,Sneaker Socken 3er-Pack,M,Navy,1,19.9,19.9,4.8
AB-2026-15029,2026-02-03,Eigener Shop,K-19158,Rechnungskauf,HOOD-CL-XL-NAV,Hoodie Classic,XL,Navy,1,69.9,69.9,21.0
AB-2026-15030,2026-06-15,Eigener Shop,K-14014,PayPal,HOOD-ZP-M-WEI,Zip-Hoodie Heavy,M,Weiss,1,89.9,89.9,28.0
AB-2026-15031,2026-06-01,Eigener Shop,K-10361,PayPal,TEE-BAS-S-WEI,T-Shirt Basic,S,Weiss,1,29.9,29.9,7.5
AB-2026-15032,2026-06-25,Amazon,K-11926,Kreditkarte,CAP-LG-XL-SCH,Cap Logo,XL,Schwarz,1,24.9,24.9,6.0
AB-2026-15032,2026-06-25,Amazon,K-11926,Kreditkarte,SOCK-3P-S-WEI,Sneaker Socken 3er-Pack,S,Weiss,1,19.9,19.9,4.8
AB-2026-15033,2026-04-30,Eigener Shop,K-16824,Rechnungskauf,HOOD-CL-L-SCH,Hoodie Classic,L,Schwarz,1,69.9,69.9,21.0
AB-2026-15033,2026-04-30,Eigener Shop,K-16824,Rechnungskauf,TEE-OVS-XS-SCH,T-Shirt Oversized,XS,Schwarz,1,34.9,34.9,9.0
AB-2026-15033,2026-04-30,Eigener Shop,K-16824,Rechnungskauf,JOG-CL-XL-NAV,Jogger Classic,XL,Navy,1,64.9,64.9,19.5
AB-2026-15034,2026-02-04,Eigener Shop,K-18287,Kreditkarte,TEE-OVS-M-WEI,T-Shirt Oversized,M,Weiss,1,34.9,34.9,9.0
AB-2026-15035,2026-01-18,Amazon,K-12962,Rechnungskauf,JKT-RN-M-WEI,Regenjacke Tech,M,Weiss,1,119.9,119.9,84.0
AB-2026-15036,2026-01-24,Eigener Shop,K-11219,PayPal,TEE-BAS-S-WEI,T-Shirt Basic,S,Weiss,1,29.9,29.9,7.5
AB-2026-15036,2026-01-24,Eigener Shop,K-11219,PayPal,SOCK-3P-S-NAV,Sneaker Socken 3er-Pack,S,Navy,1,19.9,19.9,4.8
AB-2026-15037,2026-05-13,Amazon,K-18124,PayPal,JKT-RN-L-SCH,Regenjacke Tech,L,Schwarz,1,119.9,119.9,84.0
AB-2026-15037,2026-05-13,Amazon,K-18124,PayPal,KLEID-PR-M-OLI,Sommerkleid Print,M,Oliv,1,79.9,79.9,24.0
AB-2026-15038,2026-01-11,Eigener Shop,K-14502,Vorkasse,JKT-RN-L-WEI,Regenjacke Tech,L,Weiss,1,119.9,119.9,84.0
AB-2026-15039,2026-02-18,Zalando,K-17755,PayPal,TEE-BAS-XL-SCH,T-Shirt Basic,XL,Schwarz,1,29.9,29.9,7.5
AB-2026-15040,2026-06-25,Amazon,K-11715,PayPal,HOOD-ZP-M-SCH,Zip-Hoodie Heavy,M,Schwarz,1,89.9,89.9,28.0
AB-2026-15040,2026-06-25,Amazon,K-11715,PayPal,TEE-OVS-L-NAV,T-Shirt Oversized,L,Navy,1,34.9,34.9,9.0
AB-2026-15041,2026-06-12,Eigener Shop,K-12339,PayPal,KLEID-PR-S-NAV,Sommerkleid Print,S,Navy,1,79.9,79.9,24.0
AB-2026-15042,2026-02-13,Amazon,K-15873,Kreditkarte,SOCK-3P-S-OLI,Sneaker Socken 3er-Pack,S,Oliv,1,19.9,19.9,4.8
AB-2026-15042,2026-02-13,Amazon,K-15873,Kreditkarte,TEE-OVS-S-OLI,T-Shirt Oversized,S,Oliv,1,34.9,34.9,9.0
AB-2026-15042,2026-02-13,Amazon,K-15873,Kreditkarte,JKT-RN-L-SCH,Regenjacke Tech,L,Schwarz,1,119.9,119.9,84.0
AB-2026-15043,2026-03-25,Amazon,K-10602,Rechnungskauf,TEE-BAS-S-OLI,T-Shirt Basic,S,Oliv,1,29.9,29.9,7.5
AB-2026-15044,2026-05-11,Eigener Shop,K-14564,Vorkasse,JKT-RN-M-WEI,Regenjacke Tech,M,Weiss,1,119.9,119.9,84.0
AB-2026-15044,2026-05-11,Eigener Shop,K-14564,Vorkasse,JKT-RN-L-WEI,Regenjacke Tech,L,Weiss,1,119.9,119.9,84.0
AB-2026-15044,2026-05-11,Eigener Shop,K-14564,Vorkasse,TEE-BAS-XS-OLI,T-Shirt Basic,XS,Oliv,1,29.9,29.9,7.5
AB-2026-15044,2026-05-11,Eigener Shop,K-14564,Vorkasse,TEE-BAS-L-OLI,T-Shirt Basic,L,Oliv,1,29.9,29.9,7.5
AB-2026-15045,2026-05-24,Eigener Shop,K-16618,Rechnungskauf,TEE-OVS-L-WEI,T-Shirt Oversized,L,Weiss,1,34.9,34.9,9.0
AB-2026-15046,2026-01-03,Eigener Shop,K-14626,PayPal,HOOD-ZP-S-WEI,Zip-Hoodie Heavy,S,Weiss,1,89.9,89.9,28.0
AB-2026-15047,2026-06-21,Amazon,K-14129,Rechnungskauf,HOOD-ZP-M-WEI,Zip-Hoodie Heavy,M,Weiss,1,89.9,89.9,28.0
AB-2026-15047,2026-06-21,Amazon,K-14129,Rechnungskauf,KLEID-PR-S-NAV,Sommerkleid Print,S,Navy,1,79.9,79.9,24.0
AB-2026-15048,2026-04-29,Eigener Shop,K-16095,Kreditkarte,KLEID-PR-S-OLI,Sommerkleid Print,S,Oliv,1,79.9,79.9,24.0
AB-2026-15049,2026-04-14,Eigener Shop,K-12947,PayPal,JKT-RN-S-WEI,Regenjacke Tech,S,Weiss,1,119.9,119.9,84.0
AB-2026-15049,2026-04-14,Eigener Shop,K-12947,PayPal,KLEID-PR-M-WEI,Sommerkleid Print,M,Weiss,1,79.9,79.9,24.0
AB-2026-15050,2026-05-16,Amazon,K-15015,Rechnungskauf,JKT-RN-S-SCH,Regenjacke Tech,S,Schwarz,1,119.9,119.9,84.0
AB-2026-15050,2026-05-16,Amazon,K-15015,Rechnungskauf,TEE-BAS-M-OLI,T-Shirt Basic,M,Oliv,1,29.9,29.9,7.5
AB-2026-15051,2026-04-26,Amazon,K-18662,Rechnungskauf,HOOD-CL-M-NAV,Hoodie Classic,M,Navy,1,69.9,69.9,21.0
AB-2026-15052,2026-03-17,Zalando,K-12307,Vorkasse,KLEID-PR-XS-NAV,Sommerkleid Print,XS,Navy,1,79.9,79.9,24.0
AB-2026-15053,2026-02-18,Eigener Shop,K-12351,Kreditkarte,JOG-CL-M-WEI,Jogger Classic,M,Weiss,1,64.9,64.9,19.5
AB-2026-15053,2026-02-18,Eigener Shop,K-12351,Kreditkarte,TEE-OVS-XS-NAV,T-Shirt Oversized,XS,Navy,1,34.9,34.9,9.0
AB-2026-15054,2026-05-26,Amazon,K-18763,PayPal,CAP-LG-XS-WEI,Cap Logo,XS,Weiss,1,24.9,24.9,6.0
AB-2026-15055,2026-02-02,Zalando,K-14285,Rechnungskauf,TEE-OVS-XL-NAV,T-Shirt Oversized,XL,Navy,1,34.9,34.9,9.0
AB-2026-15056,2026-04-29,Amazon,K-10196,Kreditkarte,JKT-RN-L-WEI,Regenjacke Tech,L,Weiss,1,119.9,119.9,84.0
AB-2026-15056,2026-04-29,Amazon,K-10196,Kreditkarte,JKT-RN-M-WEI,Regenjacke Tech,M,Weiss,1,119.9,119.9,84.0
AB-2026-15057,2026-01-23,Eigener Shop,K-15731,Rechnungskauf,HOOD-ZP-M-SCH,Zip-Hoodie Heavy,M,Schwarz,1,89.9,89.9,28.0
AB-2026-15058,2026-06-27,Eigener Shop,K-10886,PayPal,TEE-BAS-XS-SCH,T-Shirt Basic,XS,Schwarz,1,29.9,29.9,7.5
AB-2026-15059,2026-05-19,Eigener Shop,K-15827,Vorkasse,HOOD-CL-M-OLI,Hoodie Classic,M,Oliv,1,69.9,69.9,21.0
AB-2026-15060,2026-01-16,Eigener Shop,K-10590,Rechnungskauf,HOOD-ZP-M-SCH,Zip-Hoodie Heavy,M,Schwarz,1,89.9,89.9,28.0
AB-2026-15061,2026-05-12,Eigener Shop,K-18071,Vorkasse,CAP-LG-XL-WEI,Cap Logo,XL,Weiss,1,24.9,24.9,6.0
AB-2026-15062,2026-03-28,Amazon,K-17904,Rechnungskauf,TEE-OVS-L-SCH,T-Shirt Oversized,L,Schwarz,1,34.9,34.9,9.0
AB-2026-15062,2026-03-28,Amazon,K-17904,Rechnungskauf,TEE-OVS-XS-SCH,T-Shirt Oversized,XS,Schwarz,1,34.9,34.9,9.0
AB-2026-15062,2026-03-28,Amazon,K-17904,Rechnungskauf,HOOD-ZP-L-SCH,Zip-Hoodie Heavy,L,Schwarz,1,89.9,89.9,28.0
AB-2026-15062,2026-03-28,Amazon,K-17904,Rechnungskauf,HOOD-ZP-XL-SCH,Zip-Hoodie Heavy,XL,Schwarz,1,89.9,89.9,28.0
AB-2026-15062,2026-03-28,Amazon,K-17904,Rechnungskauf,TEE-BAS-L-WEI,T-Shirt Basic,L,Weiss,1,29.9,29.9,7.5
AB-2026-15062,2026-03-28,Amazon,K-17904,Rechnungskauf,TEE-BAS-M-WEI,T-Shirt Basic,M,Weiss,1,29.9,29.9,7.5
AB-2026-15063,2026-04-06,Zalando,K-19071,Rechnungskauf,HOOD-ZP-L-WEI,Zip-Hoodie Heavy,L,Weiss,1,89.9,89.9,28.0
AB-2026-15063,2026-04-06,Zalando,K-19071,Rechnungskauf,JKT-RN-L-SCH,Regenjacke Tech,L,Schwarz,1,119.9,119.9,84.0
AB-2026-15064,2026-05-30,Amazon,K-12081,Rechnungskauf,SOCK-3P-S-WEI,Sneaker Socken 3er-Pack,S,Weiss,1,19.9,19.9,4.8
AB-2026-15064,2026-05-30,Amazon,K-12081,Rechnungskauf,KLEID-PR-XL-OLI,Sommerkleid Print,XL,Oliv,1,79.9,79.9,24.0
AB-2026-15065,2026-06-25,Zalando,K-18794,PayPal,JOG-CL-L-WEI,Jogger Classic,L,Weiss,1,64.9,64.9,19.5
AB-2026-15065,2026-06-25,Zalando,K-18794,PayPal,TEE-BAS-XS-OLI,T-Shirt Basic,XS,Oliv,1,29.9,29.9,7.5
AB-2026-15066,2026-01-18,Eigener Shop,K-15996,Vorkasse,HOOD-ZP-XS-SCH,Zip-Hoodie Heavy,XS,Schwarz,1,89.9,89.9,28.0
AB-2026-15067,2026-05-21,Eigener Shop,K-16655,Kreditkarte,HOOD-CL-L-OLI,Hoodie Classic,L,Oliv,1,69.9,69.9,21.0
AB-2026-15067,2026-05-21,Eigener Shop,K-16655,Kreditkarte,JKT-RN-XL-WEI,Regenjacke Tech,XL,Weiss,1,119.9,119.9,84.0
AB-2026-15068,2026-05-31,Eigener Shop,K-18598,Vorkasse,CAP-LG-M-OLI,Cap Logo,M,Oliv,1,24.9,24.9,6.0
AB-2026-15068,2026-05-31,Eigener Shop,K-18598,Vorkasse,KLEID-PR-S-WEI,Sommerkleid Print,S,Weiss,1,79.9,79.9,24.0
AB-2026-15068,2026-05-31,Eigener Shop,K-18598,Vorkasse,HOOD-ZP-M-WEI,Zip-Hoodie Heavy,M,Weiss,1,89.9,89.9,28.0
AB-2026-15069,2026-05-21,Eigener Shop,K-14035,Vorkasse,SOCK-3P-M-NAV,Sneaker Socken 3er-Pack,M,Navy,1,19.9,19.9,4.8
AB-2026-15070,2026-05-15,Eigener Shop,K-18612,Kreditkarte,HOOD-CL-XL-NAV,Hoodie Classic,XL,Navy,1,69.9,69.9,21.0
AB-2026-15071,2026-01-04,Eigener Shop,K-17876,Kreditkarte,HOOD-ZP-XS-SCH,Zip-Hoodie Heavy,XS,Schwarz,1,89.9,89.9,28.0
AB-2026-15072,2026-04-14,Amazon,K-19105,Kreditkarte,CAP-LG-XL-SCH,Cap Logo,XL,Schwarz,1,24.9,24.9,6.0
AB-2026-15073,2026-02-20,Amazon,K-18507,Vorkasse,JOG-CL-M-SCH,Jogger Classic,M,Schwarz,1,64.9,64.9,19.5
AB-2026-15074,2026-06-19,Amazon,K-15807,Rechnungskauf,SOCK-3P-L-WEI,Sneaker Socken 3er-Pack,L,Weiss,1,19.9,19.9,4.8
AB-2026-15074,2026-06-19,Amazon,K-15807,Rechnungskauf,HOOD-CL-XS-OLI,Hoodie Classic,XS,Oliv,1,69.9,69.9,21.0
AB-2026-15075,2026-04-21,Eigener Shop,K-17811,PayPal,JKT-RN-L-SCH,Regenjacke Tech,L,Schwarz,1,119.9,119.9,84.0
AB-2026-15076,2026-04-06,Amazon,K-16723,PayPal,HOOD-CL-XL-OLI,Hoodie Classic,XL,Oliv,1,69.9,69.9,21.0
AB-2026-15076,2026-04-06,Amazon,K-16723,PayPal,HOOD-CL-XS-OLI,Hoodie Classic,XS,Oliv,1,69.9,69.9,21.0
AB-2026-15077,2026-05-23,Eigener Shop,K-16444,Rechnungskauf,TEE-OVS-XL-SCH,T-Shirt Oversized,XL,Schwarz,1,34.9,34.9,9.0
AB-2026-15077,2026-05-23,Eigener Shop,K-16444,Rechnungskauf,HOOD-CL-XS-NAV,Hoodie Classic,XS,Navy,1,69.9,69.9,21.0
AB-2026-15078,2026-04-25,Eigener Shop,K-12782,Rechnungskauf,HOOD-CL-L-SCH,Hoodie Classic,L,Schwarz,1,69.9,69.9,21.0
AB-2026-15078,2026-04-25,Eigener Shop,K-12782,Rechnungskauf,HOOD-ZP-S-WEI,Zip-Hoodie Heavy,S,Weiss,1,89.9,89.9,28.0
AB-2026-15079,2026-04-25,Eigener Shop,K-17637,PayPal,TEE-OVS-XS-SCH,T-Shirt Oversized,XS,Schwarz,1,34.9,34.9,9.0
AB-2026-15080,2026-04-29,Eigener Shop,K-11873,Kreditkarte,JOG-CL-L-NAV,Jogger Classic,L,Navy,1,64.9,64.9,19.5
AB-2026-15080,2026-04-29,Eigener Shop,K-11873,Kreditkarte,TEE-BAS-L-NAV,T-Shirt Basic,L,Navy,1,29.9,29.9,7.5
AB-2026-15080,2026-04-29,Eigener Shop,K-11873,Kreditkarte,HOOD-ZP-L-WEI,Zip-Hoodie Heavy,L,Weiss,1,89.9,89.9,28.0
AB-2026-15081,2026-02-14,Eigener Shop,K-11095,PayPal,HOOD-ZP-S-SCH,Zip-Hoodie Heavy,S,Schwarz,1,89.9,89.9,28.0
AB-2026-15081,2026-02-14,Eigener Shop,K-11095,PayPal,JKT-RN-L-WEI,Regenjacke Tech,L,Weiss,1,119.9,119.9,84.0
AB-2026-15081,2026-02-14,Eigener Shop,K-11095,PayPal,TEE-OVS-L-SCH,T-Shirt Oversized,L,Schwarz,1,34.9,34.9,9.0
AB-2026-15082,2026-04-14,Eigener Shop,K-18629,Rechnungskauf,HOOD-ZP-S-SCH,Zip-Hoodie Heavy,S,Schwarz,1,89.9,89.9,28.0
AB-2026-15083,2026-03-30,Eigener Shop,K-11323,PayPal,HOOD-ZP-L-SCH,Zip-Hoodie Heavy,L,Schwarz,1,89.9,89.9,28.0
AB-2026-15084,2026-06-09,Eigener Shop,K-15821,PayPal,KLEID-PR-XL-WEI,Sommerkleid Print,XL,Weiss,1,79.9,79.9,24.0
AB-2026-15085,2026-06-29,Eigener Shop,K-13353,Rechnungskauf,JKT-RN-XL-SCH,Regenjacke Tech,XL,Schwarz,1,119.9,119.9,84.0
AB-2026-15086,2026-05-11,Amazon,K-14821,Rechnungskauf,HOOD-ZP-XS-WEI,Zip-Hoodie Heavy,XS,Weiss,1,89.9,89.9,28.0
AB-2026-15086,2026-05-11,Amazon,K-14821,Rechnungskauf,HOOD-ZP-XL-WEI,Zip-Hoodie Heavy,XL,Weiss,1,89.9,89.9,28.0
AB-2026-15086,2026-05-11,Amazon,K-14821,Rechnungskauf,TEE-BAS-L-NAV,T-Shirt Basic,L,Navy,1,29.9,29.9,7.5
AB-2026-15086,2026-05-11,Amazon,K-14821,Rechnungskauf,TEE-BAS-M-NAV,T-Shirt Basic,M,Navy,1,29.9,29.9,7.5
AB-2026-15087,2026-01-10,Amazon,K-15264,PayPal,HOOD-ZP-L-WEI,Zip-Hoodie Heavy,L,Weiss,1,89.9,89.9,28.0
AB-2026-15088,2026-04-03,Eigener Shop,K-10942,Vorkasse,CAP-LG-S-WEI,Cap Logo,S,Weiss,1,24.9,24.9,6.0
AB-2026-15089,2026-05-05,Eigener Shop,K-19862,Rechnungskauf,JOG-CL-M-NAV,Jogger Classic,M,Navy,1,64.9,64.9,19.5
AB-2026-15090,2026-02-14,Eigener Shop,K-19235,PayPal,HOOD-ZP-M-SCH,Zip-Hoodie Heavy,M,Schwarz,1,89.9,89.9,28.0
AB-2026-15091,2026-02-20,Zalando,K-11222,Rechnungskauf,JOG-CL-XL-WEI,Jogger Classic,XL,Weiss,1,64.9,64.9,19.5
AB-2026-15091,2026-02-20,Zalando,K-11222,Rechnungskauf,JOG-CL-XS-WEI,Jogger Classic,XS,Weiss,1,64.9,64.9,19.5
AB-2026-15091,2026-02-20,Zalando,K-11222,Rechnungskauf,TEE-BAS-L-NAV,T-Shirt Basic,L,Navy,1,29.9,29.9,7.5
AB-2026-15091,2026-02-20,Zalando,K-11222,Rechnungskauf,TEE-BAS-S-NAV,T-Shirt Basic,S,Navy,1,29.9,29.9,7.5
AB-2026-15091,2026-02-20,Zalando,K-11222,Rechnungskauf,HOOD-ZP-M-WEI,Zip-Hoodie Heavy,M,Weiss,1,89.9,89.9,28.0
AB-2026-15091,2026-02-20,Zalando,K-11222,Rechnungskauf,HOOD-ZP-XS-WEI,Zip-Hoodie Heavy,XS,Weiss,1,89.9,89.9,28.0
AB-2026-15092,2026-06-16,Eigener Shop,K-14115,Rechnungskauf,TEE-OVS-M-NAV,T-Shirt Oversized,M,Navy,1,34.9,34.9,9.0
AB-2026-15093,2026-05-08,Amazon,K-12638,PayPal,TEE-OVS-XL-OLI,T-Shirt Oversized,XL,Oliv,1,34.9,34.9,9.0
AB-2026-15093,2026-05-08,Amazon,K-12638,PayPal,HOOD-CL-XS-WEI,Hoodie Classic,XS,Weiss,1,69.9,69.9,21.0
AB-2026-15094,2026-02-19,Amazon,K-10546,Rechnungskauf,JOG-CL-L-SCH,Jogger Classic,L,Schwarz,1,64.9,64.9,19.5
AB-2026-15094,2026-02-19,Amazon,K-10546,Rechnungskauf,TEE-BAS-L-OLI,T-Shirt Basic,L,Oliv,1,29.9,29.9,7.5
AB-2026-15095,2026-03-08,Zalando,K-13332,Rechnungskauf,SOCK-3P-L-WEI,Sneaker Socken 3er-Pack,L,Weiss,1,19.9,19.9,4.8
AB-2026-15095,2026-03-08,Zalando,K-13332,Rechnungskauf,CAP-LG-XS-NAV,Cap Logo,XS,Navy,1,24.9,24.9,6.0
AB-2026-15096,2026-03-29,Amazon,K-18851,PayPal,TEE-OVS-S-OLI,T-Shirt Oversized,S,Oliv,1,34.9,34.9,9.0
AB-2026-15097,2026-02-10,Eigener Shop,K-14900,PayPal,SOCK-3P-L-WEI,Sneaker Socken 3er-Pack,L,Weiss,1,19.9,19.9,4.8
AB-2026-15098,2026-06-30,Eigener Shop,K-17532,Rechnungskauf,TEE-BAS-S-OLI,T-Shirt Basic,S,Oliv,1,29.9,29.9,7.5
AB-2026-15099,2026-05-20,Amazon,K-10316,PayPal,SOCK-3P-L-WEI,Sneaker Socken 3er-Pack,L,Weiss,1,19.9,19.9,4.8
AB-2026-15100,2026-06-16,Amazon,K-11084,Vorkasse,KLEID-PR-XS-SCH,Sommerkleid Print,XS,Schwarz,1,79.9,79.9,24.0
AB-2026-15100,2026-06-16,Amazon,K-11084,Vorkasse,KLEID-PR-L-SCH,Sommerkleid Print,L,Schwarz,1,79.9,79.9,24.0
AB-2026-15100,2026-06-16,Amazon,K-11084,Vorkasse,HOOD-ZP-S-WEI,Zip-Hoodie Heavy,S,Weiss,1,89.9,89.9,28.0
AB-2026-15100,2026-06-16,Amazon,K-11084,Vorkasse,HOOD-ZP-L-WEI,Zip-Hoodie Heavy,L,Weiss,1,89.9,89.9,28.0
AB-2026-15101,2026-01-28,Zalando,K-11419,Kreditkarte,TEE-BAS-L-SCH,T-Shirt Basic,L,Schwarz,1,29.9,29.9,7.5
AB-2026-15102,2026-03-10,Eigener Shop,K-19525,Kreditkarte,TEE-BAS-M-NAV,T-Shirt Basic,M,Navy,1,29.9,29.9,7.5
AB-2026-15102,2026-03-10,Eigener Shop,K-19525,Kreditkarte,TEE-BAS-XL-NAV,T-Shirt Basic,XL,Navy,1,29.9,29.9,7.5
AB-2026-15102,2026-03-10,Eigener Shop,K-19525,Kreditkarte,SOCK-3P-XL-NAV,Sneaker Socken 3er-Pack,XL,Navy,1,19.9,19.9,4.8
AB-2026-15102,2026-03-10,Eigener Shop,K-19525,Kreditkarte,SOCK-3P-S-NAV,Sneaker Socken 3er-Pack,S,Navy,1,19.9,19.9,4.8
AB-2026-15102,2026-03-10,Eigener Shop,K-19525,Kreditkarte,TEE-BAS-M-SCH,T-Shirt Basic,M,Schwarz,1,29.9,29.9,7.5
AB-2026-15102,2026-03-10,Eigener Shop,K-19525,Kreditkarte,TEE-BAS-XS-SCH,T-Shirt Basic,XS,Schwarz,1,29.9,29.9,7.5
AB-2026-15103,2026-06-01,Eigener Shop,K-19302,PayPal,SOCK-3P-XL-OLI,Sneaker Socken 3er-Pack,XL,Oliv,1,19.9,19.9,4.8
AB-2026-15104,2026-05-25,Eigener Shop,K-16559,Kreditkarte,HOOD-ZP-M-WEI,Zip-Hoodie Heavy,M,Weiss,1,89.9,89.9,28.0
AB-2026-15105,2026-05-13,Eigener Shop,K-13079,Rechnungskauf,KLEID-PR-L-NAV,Sommerkleid Print,L,Navy,1,79.9,79.9,24.0
AB-2026-15105,2026-05-13,Eigener Shop,K-13079,Rechnungskauf,HOOD-ZP-L-WEI,Zip-Hoodie Heavy,L,Weiss,1,89.9,89.9,28.0
AB-2026-15105,2026-05-13,Eigener Shop,K-13079,Rechnungskauf,HOOD-CL-S-WEI,Hoodie Classic,S,Weiss,1,69.9,69.9,21.0
AB-2026-15106,2026-05-26,Zalando,K-19405,Vorkasse,HOOD-ZP-M-WEI,Zip-Hoodie Heavy,M,Weiss,1,89.9,89.9,28.0
AB-2026-15107,2026-06-17,Amazon,K-14835,Rechnungskauf,TEE-OVS-XL-OLI,T-Shirt Oversized,XL,Oliv,1,34.9,34.9,9.0
AB-2026-15108,2026-01-02,Eigener Shop,K-16323,Kreditkarte,HOOD-CL-XL-WEI,Hoodie Classic,XL,Weiss,1,69.9,69.9,21.0
AB-2026-15109,2026-05-27,Eigener Shop,K-18801,Kreditkarte,TEE-OVS-L-NAV,T-Shirt Oversized,L,Navy,1,34.9,34.9,9.0
AB-2026-15110,2026-03-04,Eigener Shop,K-19129,Rechnungskauf,TEE-OVS-M-SCH,T-Shirt Oversized,M,Schwarz,1,34.9,34.9,9.0
AB-2026-15111,2026-06-05,Eigener Shop,K-11578,Rechnungskauf,JKT-RN-L-SCH,Regenjacke Tech,L,Schwarz,1,119.9,119.9,84.0
AB-2026-15112,2026-06-05,Eigener Shop,K-16675,Vorkasse,KLEID-PR-S-WEI,Sommerkleid Print,S,Weiss,1,79.9,79.9,24.0
AB-2026-15113,2026-04-30,Zalando,K-17587,PayPal,HOOD-ZP-M-WEI,Zip-Hoodie Heavy,M,Weiss,1,89.9,89.9,28.0
AB-2026-15114,2026-01-09,Eigener Shop,K-12027,Kreditkarte,KLEID-PR-S-WEI,Sommerkleid Print,S,Weiss,1,79.9,79.9,24.0
AB-2026-15115,2026-04-02,Eigener Shop,K-14140,Rechnungskauf,HOOD-ZP-XL-SCH,Zip-Hoodie Heavy,XL,Schwarz,1,89.9,89.9,28.0
AB-2026-15115,2026-04-02,Eigener Shop,K-14140,Rechnungskauf,JOG-CL-XL-SCH,Jogger Classic,XL,Schwarz,1,64.9,64.9,19.5
AB-2026-15116,2026-05-31,Eigener Shop,K-12094,Rechnungskauf,JOG-CL-M-NAV,Jogger Classic,M,Navy,1,64.9,64.9,19.5
AB-2026-15116,2026-05-31,Eigener Shop,K-12094,Rechnungskauf,SOCK-3P-XL-SCH,Sneaker Socken 3er-Pack,XL,Schwarz,1,19.9,19.9,4.8
AB-2026-15117,2026-05-06,Eigener Shop,K-12545,Vorkasse,HOOD-ZP-L-SCH,Zip-Hoodie Heavy,L,Schwarz,1,89.9,89.9,28.0
AB-2026-15118,2026-04-21,Eigener Shop,K-15493,PayPal,CAP-LG-M-OLI,Cap Logo,M,Oliv,1,24.9,24.9,6.0
AB-2026-15118,2026-04-21,Eigener Shop,K-15493,PayPal,KLEID-PR-L-WEI,Sommerkleid Print,L,Weiss,1,79.9,79.9,24.0
AB-2026-15119,2026-03-01,Eigener Shop,K-18735,PayPal,CAP-LG-S-SCH,Cap Logo,S,Schwarz,1,24.9,24.9,6.0
AB-2026-15120,2026-06-18,Amazon,K-14003,Vorkasse,HOOD-ZP-S-SCH,Zip-Hoodie Heavy,S,Schwarz,1,89.9,89.9,28.0
AB-2026-15120,2026-06-18,Amazon,K-14003,Vorkasse,HOOD-ZP-XL-WEI,Zip-Hoodie Heavy,XL,Weiss,1,89.9,89.9,28.0
AB-2026-15121,2026-04-14,Amazon,K-11858,PayPal,HOOD-ZP-XS-SCH,Zip-Hoodie Heavy,XS,Schwarz,1,89.9,89.9,28.0
AB-2026-15122,2026-01-05,Zalando,K-18399,Kreditkarte,HOOD-CL-L-OLI,Hoodie Classic,L,Oliv,1,69.9,69.9,21.0
AB-2026-15123,2026-04-10,Eigener Shop,K-11225,Kreditkarte,JKT-RN-XL-SCH,Regenjacke Tech,XL,Schwarz,1,119.9,119.9,84.0
AB-2026-15123,2026-04-10,Eigener Shop,K-11225,Kreditkarte,JKT-RN-S-WEI,Regenjacke Tech,S,Weiss,1,119.9,119.9,84.0
AB-2026-15124,2026-05-13,Eigener Shop,K-11639,Vorkasse,KLEID-PR-L-SCH,Sommerkleid Print,L,Schwarz,1,79.9,79.9,24.0
AB-2026-15124,2026-05-13,Eigener Shop,K-11639,Vorkasse,KLEID-PR-XS-SCH,Sommerkleid Print,XS,Schwarz,1,79.9,79.9,24.0
AB-2026-15125,2026-06-11,Amazon,K-13962,Rechnungskauf,JOG-CL-M-OLI,Jogger Classic,M,Oliv,1,64.9,64.9,19.5
AB-2026-15125,2026-06-11,Amazon,K-13962,Rechnungskauf,JOG-CL-XL-OLI,Jogger Classic,XL,Oliv,1,64.9,64.9,19.5
AB-2026-15125,2026-06-11,Amazon,K-13962,Rechnungskauf,KLEID-PR-L-NAV,Sommerkleid Print,L,Navy,1,79.9,79.9,24.0
AB-2026-15125,2026-06-11,Amazon,K-13962,Rechnungskauf,KLEID-PR-XS-NAV,Sommerkleid Print,XS,Navy,1,79.9,79.9,24.0
AB-2026-15126,2026-02-27,Zalando,K-15427,PayPal,HOOD-ZP-XL-SCH,Zip-Hoodie Heavy,XL,Schwarz,1,89.9,89.9,28.0
AB-2026-15127,2026-06-12,Eigener Shop,K-16788,Vorkasse,TEE-OVS-S-SCH,T-Shirt Oversized,S,Schwarz,1,34.9,34.9,9.0
AB-2026-15127,2026-06-12,Eigener Shop,K-16788,Vorkasse,TEE-OVS-M-SCH,T-Shirt Oversized,M,Schwarz,1,34.9,34.9,9.0
AB-2026-15128,2026-02-02,Eigener Shop,K-15991,PayPal,KLEID-PR-XL-OLI,Sommerkleid Print,XL,Oliv,1,79.9,79.9,24.0
AB-2026-15129,2026-05-14,Eigener Shop,K-17883,Rechnungskauf,HOOD-CL-XL-WEI,Hoodie Classic,XL,Weiss,1,69.9,69.9,21.0
AB-2026-15129,2026-05-14,Eigener Shop,K-17883,Rechnungskauf,JOG-CL-XS-NAV,Jogger Classic,XS,Navy,1,64.9,64.9,19.5
AB-2026-15130,2026-03-26,Amazon,K-16085,Rechnungskauf,HOOD-CL-S-WEI,Hoodie Classic,S,Weiss,1,69.9,69.9,21.0
AB-2026-15130,2026-03-26,Amazon,K-16085,Rechnungskauf,TEE-BAS-M-NAV,T-Shirt Basic,M,Navy,1,29.9,29.9,7.5
AB-2026-15131,2026-04-15,Eigener Shop,K-19780,PayPal,SOCK-3P-XS-WEI,Sneaker Socken 3er-Pack,XS,Weiss,1,19.9,19.9,4.8
AB-2026-15131,2026-04-15,Eigener Shop,K-19780,PayPal,JOG-CL-XL-OLI,Jogger Classic,XL,Oliv,1,64.9,64.9,19.5
AB-2026-15131,2026-04-15,Eigener Shop,K-19780,PayPal,TEE-BAS-L-OLI,T-Shirt Basic,L,Oliv,1,29.9,29.9,7.5
AB-2026-15132,2026-01-16,Amazon,K-18542,Vorkasse,TEE-OVS-L-OLI,T-Shirt Oversized,L,Oliv,1,34.9,34.9,9.0
AB-2026-15132,2026-01-16,Amazon,K-18542,Vorkasse,TEE-BAS-XL-NAV,T-Shirt Basic,XL,Navy,1,29.9,29.9,7.5
AB-2026-15132,2026-01-16,Amazon,K-18542,Vorkasse,TEE-BAS-S-OLI,T-Shirt Basic,S,Oliv,1,29.9,29.9,7.5
AB-2026-15133,2026-05-11,Eigener Shop,K-10857,PayPal,TEE-BAS-XS-SCH,T-Shirt Basic,XS,Schwarz,1,29.9,29.9,7.5
AB-2026-15134,2026-02-02,Eigener Shop,K-17838,Vorkasse,CAP-LG-XL-NAV,Cap Logo,XL,Navy,1,24.9,24.9,6.0
AB-2026-15134,2026-02-02,Eigener Shop,K-17838,Vorkasse,SOCK-3P-L-OLI,Sneaker Socken 3er-Pack,L,Oliv,1,19.9,19.9,4.8
AB-2026-15135,2026-05-24,Zalando,K-15525,PayPal,HOOD-ZP-XS-WEI,Zip-Hoodie Heavy,XS,Weiss,1,89.9,89.9,28.0
AB-2026-15136,2026-01-15,Eigener Shop,K-18232,Vorkasse,TEE-BAS-XS-WEI,T-Shirt Basic,XS,Weiss,1,29.9,29.9,7.5
AB-2026-15136,2026-01-15,Eigener Shop,K-18232,Vorkasse,HOOD-CL-S-NAV,Hoodie Classic,S,Navy,1,69.9,69.9,21.0
AB-2026-15137,2026-01-11,Eigener Shop,K-12927,PayPal,TEE-BAS-L-NAV,T-Shirt Basic,L,Navy,1,29.9,29.9,7.5
AB-2026-15137,2026-01-11,Eigener Shop,K-12927,PayPal,CAP-LG-XL-SCH,Cap Logo,XL,Schwarz,1,24.9,24.9,6.0
AB-2026-15137,2026-01-11,Eigener Shop,K-12927,PayPal,CAP-LG-S-WEI,Cap Logo,S,Weiss,1,24.9,24.9,6.0
AB-2026-15138,2026-03-08,Zalando,K-11740,Rechnungskauf,TEE-BAS-M-SCH,T-Shirt Basic,M,Schwarz,1,29.9,29.9,7.5
AB-2026-15139,2026-06-27,Eigener Shop,K-13334,Vorkasse,SOCK-3P-S-OLI,Sneaker Socken 3er-Pack,S,Oliv,1,19.9,19.9,4.8
AB-2026-15140,2026-01-20,Eigener Shop,K-12720,Rechnungskauf,CAP-LG-XS-OLI,Cap Logo,XS,Oliv,1,24.9,24.9,6.0
AB-2026-15140,2026-01-20,Eigener Shop,K-12720,Rechnungskauf,TEE-OVS-XS-OLI,T-Shirt Oversized,XS,Oliv,1,34.9,34.9,9.0
AB-2026-15140,2026-01-20,Eigener Shop,K-12720,Rechnungskauf,HOOD-ZP-XS-WEI,Zip-Hoodie Heavy,XS,Weiss,1,89.9,89.9,28.0
AB-2026-15141,2026-01-19,Amazon,K-11247,Kreditkarte,KLEID-PR-S-WEI,Sommerkleid Print,S,Weiss,1,79.9,79.9,24.0
AB-2026-15141,2026-01-19,Amazon,K-11247,Kreditkarte,TEE-BAS-L-NAV,T-Shirt Basic,L,Navy,1,29.9,29.9,7.5
AB-2026-15142,2026-05-08,Amazon,K-18054,PayPal,HOOD-ZP-L-SCH,Zip-Hoodie Heavy,L,Schwarz,1,89.9,89.9,28.0
AB-2026-15142,2026-05-08,Amazon,K-18054,PayPal,HOOD-ZP-S-SCH,Zip-Hoodie Heavy,S,Schwarz,1,89.9,89.9,28.0
AB-2026-15143,2026-01-26,Zalando,K-14744,Kreditkarte,TEE-OVS-L-OLI,T-Shirt Oversized,L,Oliv,1,34.9,34.9,9.0
AB-2026-15144,2026-04-03,Zalando,K-16061,Rechnungskauf,KLEID-PR-XL-SCH,Sommerkleid Print,XL,Schwarz,1,79.9,79.9,24.0
AB-2026-15145,2026-02-26,Zalando,K-17688,Rechnungskauf,CAP-LG-S-SCH,Cap Logo,S,Schwarz,1,24.9,24.9,6.0
AB-2026-15145,2026-02-26,Zalando,K-17688,Rechnungskauf,TEE-BAS-XL-NAV,T-Shirt Basic,XL,Navy,1,29.9,29.9,7.5
AB-2026-15145,2026-02-26,Zalando,K-17688,Rechnungskauf,HOOD-ZP-M-WEI,Zip-Hoodie Heavy,M,Weiss,1,89.9,89.9,28.0
AB-2026-15146,2026-04-05,Zalando,K-17783,Vorkasse,HOOD-ZP-S-SCH,Zip-Hoodie Heavy,S,Schwarz,1,89.9,89.9,28.0
AB-2026-15146,2026-04-05,Zalando,K-17783,Vorkasse,TEE-OVS-M-NAV,T-Shirt Oversized,M,Navy,1,34.9,34.9,9.0
AB-2026-15147,2026-02-03,Eigener Shop,K-18815,PayPal,HOOD-ZP-M-WEI,Zip-Hoodie Heavy,M,Weiss,1,89.9,89.9,28.0
AB-2026-15147,2026-02-03,Eigener Shop,K-18815,PayPal,TEE-BAS-S-NAV,T-Shirt Basic,S,Navy,1,29.9,29.9,7.5
AB-2026-15148,2026-02-12,Zalando,K-12856,PayPal,TEE-OVS-XL-SCH,T-Shirt Oversized,XL,Schwarz,1,34.9,34.9,9.0
AB-2026-15149,2026-01-21,Eigener Shop,K-10336,PayPal,HOOD-ZP-M-SCH,Zip-Hoodie Heavy,M,Schwarz,1,89.9,89.9,28.0
AB-2026-15150,2026-05-15,Amazon,K-14599,PayPal,SOCK-3P-S-SCH,Sneaker Socken 3er-Pack,S,Schwarz,1,19.9,19.9,4.8
AB-2026-15151,2026-01-26,Eigener Shop,K-17240,Rechnungskauf,KLEID-PR-S-OLI,Sommerkleid Print,S,Oliv,1,79.9,79.9,24.0
AB-2026-15151,2026-01-26,Eigener Shop,K-17240,Rechnungskauf,TEE-BAS-L-OLI,T-Shirt Basic,L,Oliv,1,29.9,29.9,7.5
AB-2026-15151,2026-01-26,Eigener Shop,K-17240,Rechnungskauf,HOOD-ZP-M-WEI,Zip-Hoodie Heavy,M,Weiss,1,89.9,89.9,28.0
AB-2026-15152,2026-02-12,Eigener Shop,K-16973,Rechnungskauf,TEE-OVS-XL-SCH,T-Shirt Oversized,XL,Schwarz,1,34.9,34.9,9.0
AB-2026-15153,2026-06-11,Amazon,K-13907,PayPal,CAP-LG-S-WEI,Cap Logo,S,Weiss,1,24.9,24.9,6.0
AB-2026-15154,2026-02-10,Eigener Shop,K-11318,Kreditkarte,TEE-BAS-S-NAV,T-Shirt Basic,S,Navy,1,29.9,29.9,7.5
AB-2026-15155,2026-02-07,Amazon,K-17223,Rechnungskauf,TEE-OVS-M-WEI,T-Shirt Oversized,M,Weiss,1,34.9,34.9,9.0
AB-2026-15156,2026-01-07,Amazon,K-15465,Rechnungskauf,HOOD-ZP-M-SCH,Zip-Hoodie Heavy,M,Schwarz,1,89.9,89.9,28.0
AB-2026-15157,2026-02-09,Eigener Shop,K-15667,Kreditkarte,JKT-RN-L-SCH,Regenjacke Tech,L,Schwarz,1,119.9,119.9,84.0
AB-2026-15158,2026-03-22,Eigener Shop,K-13041,PayPal,KLEID-PR-XS-WEI,Sommerkleid Print,XS,Weiss,1,79.9,79.9,24.0
AB-2026-15158,2026-03-22,Eigener Shop,K-13041,PayPal,KLEID-PR-XL-WEI,Sommerkleid Print,XL,Weiss,1,79.9,79.9,24.0
AB-2026-15159,2026-04-24,Eigener Shop,K-19403,Kreditkarte,SOCK-3P-L-OLI,Sneaker Socken 3er-Pack,L,Oliv,1,19.9,19.9,4.8
AB-2026-15159,2026-04-24,Eigener Shop,K-19403,Kreditkarte,TEE-OVS-XS-SCH,T-Shirt Oversized,XS,Schwarz,1,34.9,34.9,9.0
AB-2026-15160,2026-03-28,Eigener Shop,K-19206,PayPal,JKT-RN-S-SCH,Regenjacke Tech,S,Schwarz,1,119.9,119.9,84.0
AB-2026-15160,2026-03-28,Eigener Shop,K-19206,PayPal,HOOD-ZP-M-WEI,Zip-Hoodie Heavy,M,Weiss,1,89.9,89.9,28.0
AB-2026-15161,2026-05-26,Eigener Shop,K-17693,PayPal,JOG-CL-S-WEI,Jogger Classic,S,Weiss,1,64.9,64.9,19.5
AB-2026-15161,2026-05-26,Eigener Shop,K-17693,PayPal,KLEID-PR-L-SCH,Sommerkleid Print,L,Schwarz,1,79.9,79.9,24.0
AB-2026-15162,2026-01-30,Eigener Shop,K-14379,PayPal,HOOD-ZP-XS-WEI,Zip-Hoodie Heavy,XS,Weiss,1,89.9,89.9,28.0
AB-2026-15163,2026-04-18,Zalando,K-16984,Kreditkarte,HOOD-ZP-S-WEI,Zip-Hoodie Heavy,S,Weiss,1,89.9,89.9,28.0
AB-2026-15163,2026-04-18,Zalando,K-16984,Kreditkarte,SOCK-3P-S-SCH,Sneaker Socken 3er-Pack,S,Schwarz,1,19.9,19.9,4.8
AB-2026-15163,2026-04-18,Zalando,K-16984,Kreditkarte,CAP-LG-S-SCH,Cap Logo,S,Schwarz,1,24.9,24.9,6.0
AB-2026-15164,2026-04-13,Eigener Shop,K-15946,Kreditkarte,SOCK-3P-L-WEI,Sneaker Socken 3er-Pack,L,Weiss,1,19.9,19.9,4.8
AB-2026-15165,2026-05-27,Eigener Shop,K-13446,Rechnungskauf,HOOD-ZP-XS-SCH,Zip-Hoodie Heavy,XS,Schwarz,1,89.9,89.9,28.0
AB-2026-15166,2026-01-29,Eigener Shop,K-16988,Rechnungskauf,JKT-RN-S-SCH,Regenjacke Tech,S,Schwarz,1,119.9,119.9,84.0
AB-2026-15167,2026-03-04,Eigener Shop,K-18615,PayPal,HOOD-ZP-XL-SCH,Zip-Hoodie Heavy,XL,Schwarz,1,89.9,89.9,28.0
AB-2026-15168,2026-03-27,Eigener Shop,K-10929,Kreditkarte,CAP-LG-XL-NAV,Cap Logo,XL,Navy,1,24.9,24.9,6.0
AB-2026-15168,2026-03-27,Eigener Shop,K-10929,Kreditkarte,TEE-OVS-S-NAV,T-Shirt Oversized,S,Navy,1,34.9,34.9,9.0
AB-2026-15169,2026-02-28,Eigener Shop,K-10266,Kreditkarte,JKT-RN-M-WEI,Regenjacke Tech,M,Weiss,1,119.9,119.9,84.0
AB-2026-15169,2026-02-28,Eigener Shop,K-10266,Kreditkarte,JKT-RN-L-WEI,Regenjacke Tech,L,Weiss,1,119.9,119.9,84.0
AB-2026-15170,2026-03-24,Eigener Shop,K-12032,PayPal,JKT-RN-XS-SCH,Regenjacke Tech,XS,Schwarz,1,119.9,119.9,84.0
AB-2026-15171,2026-03-05,Zalando,K-17647,Vorkasse,HOOD-CL-XS-SCH,Hoodie Classic,XS,Schwarz,1,69.9,69.9,21.0
AB-2026-15172,2026-01-12,Amazon,K-10152,PayPal,TEE-OVS-S-WEI,T-Shirt Oversized,S,Weiss,1,34.9,34.9,9.0
AB-2026-15173,2026-05-06,Eigener Shop,K-19844,Vorkasse,TEE-BAS-M-SCH,T-Shirt Basic,M,Schwarz,1,29.9,29.9,7.5
AB-2026-15173,2026-05-06,Eigener Shop,K-19844,Vorkasse,HOOD-ZP-M-WEI,Zip-Hoodie Heavy,M,Weiss,1,89.9,89.9,28.0
AB-2026-15174,2026-03-16,Amazon,K-16961,PayPal,SOCK-3P-XL-SCH,Sneaker Socken 3er-Pack,XL,Schwarz,1,19.9,19.9,4.8
AB-2026-15175,2026-01-15,Eigener Shop,K-16791,Kreditkarte,TEE-BAS-L-SCH,T-Shirt Basic,L,Schwarz,1,29.9,29.9,7.5
AB-2026-15176,2026-05-22,Amazon,K-11627,Rechnungskauf,CAP-LG-S-SCH,Cap Logo,S,Schwarz,1,24.9,24.9,6.0
AB-2026-15176,2026-05-22,Amazon,K-11627,Rechnungskauf,JOG-CL-XL-SCH,Jogger Classic,XL,Schwarz,1,64.9,64.9,19.5
AB-2026-15177,2026-03-02,Eigener Shop,K-19872,Vorkasse,JKT-RN-S-SCH,Regenjacke Tech,S,Schwarz,1,119.9,119.9,84.0
AB-2026-15178,2026-06-07,Eigener Shop,K-10768,PayPal,TEE-BAS-XL-NAV,T-Shirt Basic,XL,Navy,1,29.9,29.9,7.5
AB-2026-15178,2026-06-07,Eigener Shop,K-10768,PayPal,KLEID-PR-M-WEI,Sommerkleid Print,M,Weiss,1,79.9,79.9,24.0
AB-2026-15178,2026-06-07,Eigener Shop,K-10768,PayPal,TEE-BAS-L-OLI,T-Shirt Basic,L,Oliv,1,29.9,29.9,7.5
AB-2026-15179,2026-04-09,Eigener Shop,K-12915,Kreditkarte,HOOD-ZP-M-WEI,Zip-Hoodie Heavy,M,Weiss,1,89.9,89.9,28.0
AB-2026-15180,2026-03-26,Eigener Shop,K-17909,PayPal,HOOD-ZP-M-SCH,Zip-Hoodie Heavy,M,Schwarz,1,89.9,89.9,28.0
AB-2026-15180,2026-03-26,Eigener Shop,K-17909,PayPal,TEE-OVS-M-NAV,T-Shirt Oversized,M,Navy,1,34.9,34.9,9.0
AB-2026-15181,2026-02-22,Zalando,K-12877,Kreditkarte,TEE-BAS-M-SCH,T-Shirt Basic,M,Schwarz,1,29.9,29.9,7.5
AB-2026-15182,2026-04-06,Eigener Shop,K-10833,Rechnungskauf,TEE-BAS-XL-NAV,T-Shirt Basic,XL,Navy,1,29.9,29.9,7.5
AB-2026-15183,2026-06-05,Amazon,K-10150,Kreditkarte,TEE-OVS-S-NAV,T-Shirt Oversized,S,Navy,1,34.9,34.9,9.0
AB-2026-15184,2026-04-19,Eigener Shop,K-10146,PayPal,HOOD-ZP-M-SCH,Zip-Hoodie Heavy,M,Schwarz,1,89.9,89.9,28.0
AB-2026-15184,2026-04-19,Eigener Shop,K-10146,PayPal,TEE-OVS-S-OLI,T-Shirt Oversized,S,Oliv,1,34.9,34.9,9.0
AB-2026-15185,2026-05-14,Amazon,K-18178,Kreditkarte,SOCK-3P-S-WEI,Sneaker Socken 3er-Pack,S,Weiss,1,19.9,19.9,4.8
AB-2026-15186,2026-06-05,Eigener Shop,K-13354,Vorkasse,HOOD-ZP-L-WEI,Zip-Hoodie Heavy,L,Weiss,1,89.9,89.9,28.0
AB-2026-15187,2026-04-24,Eigener Shop,K-18122,Rechnungskauf,HOOD-CL-XL-SCH,Hoodie Classic,XL,Schwarz,1,69.9,69.9,21.0
AB-2026-15188,2026-04-06,Eigener Shop,K-17681,PayPal,TEE-BAS-S-SCH,T-Shirt Basic,S,Schwarz,1,29.9,29.9,7.5
AB-2026-15188,2026-04-06,Eigener Shop,K-17681,PayPal,KLEID-PR-XL-SCH,Sommerkleid Print,XL,Schwarz,1,79.9,79.9,24.0
AB-2026-15189,2026-05-31,Eigener Shop,K-13870,Kreditkarte,JOG-CL-XL-WEI,Jogger Classic,XL,Weiss,1,64.9,64.9,19.5
AB-2026-15189,2026-05-31,Eigener Shop,K-13870,Kreditkarte,JKT-RN-L-WEI,Regenjacke Tech,L,Weiss,1,119.9,119.9,84.0
AB-2026-15189,2026-05-31,Eigener Shop,K-13870,Kreditkarte,CAP-LG-M-SCH,Cap Logo,M,Schwarz,1,24.9,24.9,6.0
AB-2026-15190,2026-03-13,Eigener Shop,K-18675,Kreditkarte,CAP-LG-XL-OLI,Cap Logo,XL,Oliv,1,24.9,24.9,6.0
AB-2026-15191,2026-02-01,Eigener Shop,K-11191,Kreditkarte,JOG-CL-L-OLI,Jogger Classic,L,Oliv,1,64.9,64.9,19.5
AB-2026-15192,2026-05-31,Eigener Shop,K-14598,Rechnungskauf,SOCK-3P-XS-WEI,Sneaker Socken 3er-Pack,XS,Weiss,1,19.9,19.9,4.8
AB-2026-15192,2026-05-31,Eigener Shop,K-14598,Rechnungskauf,HOOD-ZP-XS-WEI,Zip-Hoodie Heavy,XS,Weiss,1,89.9,89.9,28.0
AB-2026-15193,2026-06-19,Eigener Shop,K-18518,Kreditkarte,HOOD-CL-XL-SCH,Hoodie Classic,XL,Schwarz,1,69.9,69.9,21.0
AB-2026-15193,2026-06-19,Eigener Shop,K-18518,Kreditkarte,TEE-OVS-S-SCH,T-Shirt Oversized,S,Schwarz,1,34.9,34.9,9.0
AB-2026-15194,2026-06-13,Eigener Shop,K-19524,Kreditkarte,HOOD-ZP-M-SCH,Zip-Hoodie Heavy,M,Schwarz,1,89.9,89.9,28.0
AB-2026-15195,2026-03-21,Eigener Shop,K-14082,Rechnungskauf,SOCK-3P-M-NAV,Sneaker Socken 3er-Pack,M,Navy,1,19.9,19.9,4.8
AB-2026-15196,2026-03-30,Amazon,K-14332,Kreditkarte,JKT-RN-XL-SCH,Regenjacke Tech,XL,Schwarz,1,119.9,119.9,84.0
AB-2026-15197,2026-02-14,Eigener Shop,K-11451,Kreditkarte,SOCK-3P-XS-WEI,Sneaker Socken 3er-Pack,XS,Weiss,1,19.9,19.9,4.8
AB-2026-15198,2026-03-13,Amazon,K-18846,Rechnungskauf,HOOD-ZP-XS-SCH,Zip-Hoodie Heavy,XS,Schwarz,1,89.9,89.9,28.0
AB-2026-15199,2026-06-07,Eigener Shop,K-15796,Vorkasse,HOOD-ZP-M-WEI,Zip-Hoodie Heavy,M,Weiss,1,89.9,89.9,28.0
AB-2026-15199,2026-06-07,Eigener Shop,K-15796,Vorkasse,HOOD-ZP-XL-SCH,Zip-Hoodie Heavy,XL,Schwarz,1,89.9,89.9,28.0
